address,label,sol_path,has_verified_source
0xe77d19f2b9cda69616d01e610595abc83725d3ce,0,raw_data/0xe77d19f2b9cda69616d01e610595abc83725d3ce/UserWallet.sol,1
0x78804f400c1b886ba72c7690d8476767fb4917eb,0,,0
0x8cf40b491c6ecce6ad869e2bff907ca2deac2608,0,raw_data/0x8cf40b491c6ecce6ad869e2bff907ca2deac2608/UserWallet.sol,1
0x98f777fb9139576902bf7f35956ca015ddc1569f,1,raw_data/0x98f777fb9139576902bf7f35956ca015ddc1569f/ETJ.sol,1
0x4437fb54bd465b94a7e6cd4796f2b1ada4c3cfe1,0,,0
0x00819c26fbd1c7b70b3270567a55af46d5ea5b08,1,raw_data/0x00819c26fbd1c7b70b3270567a55af46d5ea5b08/Connective_DAO.sol,1
0xc7c03b8a3fc5719066e185ea616e87b88eba44a3,1,raw_data/0xc7c03b8a3fc5719066e185ea616e87b88eba44a3/EligmaTokenContract.sol,1
0xd4c435f5b09f855c3317c8524cb1f586e42795fa,1,raw_data/0xd4c435f5b09f855c3317c8524cb1f586e42795fa/CND.sol,1
0x628d24dc82bd75259297438ef4c5284ecf43df27,1,raw_data/0x628d24dc82bd75259297438ef4c5284ecf43df27/Ti.sol,1
0xe8c28f284c75f826bef3198b239ac6f34907bf5d,1,raw_data/0xe8c28f284c75f826bef3198b239ac6f34907bf5d/NyanInu.sol,1
0x25febd7c860b50c79dd38815a451b08f74b7cee5,1,raw_data/0x25febd7c860b50c79dd38815a451b08f74b7cee5/CommunityNoTax.sol,1
0xbd53a4db4003c59070abbfa4e6c31afbf0b26843,1,raw_data/0xbd53a4db4003c59070abbfa4e6c31afbf0b26843/ETH_QUIZ.sol,1
0x5a61da190215faa56aed0489e9357c2f2713e340,0,raw_data/0x5a61da190215faa56aed0489e9357c2f2713e340/UserWallet.sol,1
0xe0cca1f686284f84b6ebb97bdf6b33a180d34cd8,0,,0
0x9f24fd67f51664b146571eedf103463543e91e7b,0,raw_data/0x9f24fd67f51664b146571eedf103463543e91e7b/UserWallet.sol,1
0xa25247f9102d02dc5f11792a57c757c5d62d9acf,1,raw_data/0xa25247f9102d02dc5f11792a57c757c5d62d9acf/FOMI.sol,1
0x25821e9b69ef4425a789c052522f2f0ad939fa80,1,raw_data/0x25821e9b69ef4425a789c052522f2f0ad939fa80/BabyStarLink.sol,1
0xd80aaa052fce83149862c60534f277a52b6a8d58,1,raw_data/0xd80aaa052fce83149862c60534f277a52b6a8d58/TrashCoin.sol,1
0x18205bdd8ccbe685af20d5517d2a20c03a1d4694,0,raw_data/0x18205bdd8ccbe685af20d5517d2a20c03a1d4694/UserWallet.sol,1
0x5bce985ab6c186d24f9a35db61c199737331ede0,0,,0
0x688115aebd883548b40c031dce1a0d0f0a4b9253,0,,0
0xa8bc1c89ba2ed4d6679796b99a3ea1660d916007,0,raw_data/0xa8bc1c89ba2ed4d6679796b99a3ea1660d916007/UserWallet.sol,1
0x5ecbaaba1baa0072047158685d001374dc6aef0b,0,raw_data/0x5ecbaaba1baa0072047158685d001374dc6aef0b/UserWallet.sol,1
0x63258cdbbb74ad2a82b78efa71911272722af4a3,0,,0
0xb302a8e5da35eb272c810333f1b991d458ae4c26,1,raw_data/0xb302a8e5da35eb272c810333f1b991d458ae4c26/Mivie.sol,1
0x5e03324661db476a88bbfd734d9425262d85ae8a,0,raw_data/0x5e03324661db476a88bbfd734d9425262d85ae8a/UserWallet.sol,1
0xf170e036250f2cad138d7b4dd6d19796504d0367,0,,0
0x5ac31dbade658cd5c8cfc78f555e829653b0a9b4,0,,0
0x4d8266eC8dEd77EdaC50A0Eefe3d6934B53663cD,1,raw_data/0x4d8266eC8dEd77EdaC50A0Eefe3d6934B53663cD/OEBStaking.sol,1
0x1f0c731ef12752efab9425fcaf941f3ef2940dc6,0,,0
0xea822d8a8c783fd7aa5975918a73c37cdff807e6,1,raw_data/0xea822d8a8c783fd7aa5975918a73c37cdff807e6/BONE.sol,1
0x3b38bab9289f00411bb34a28cebb53a2010483ec,1,raw_data/0x3b38bab9289f00411bb34a28cebb53a2010483ec/RedHerring.sol,1
0x209e9e4060ab423b2e9250c753bf5d3b54eb5856,1,raw_data/0x209e9e4060ab423b2e9250c753bf5d3b54eb5856/SuzumiyaInu.sol,1
0x8a9d0bfd0213db62233b1d533bfebff5f52c4c37,0,,0
0x2c46066f07be916c8d8e67c279ec4baa93b30ac6,0,,0
0x180d6c062b29bb2f4614a609ba0eb30ff1278b6b,1,raw_data/0x180d6c062b29bb2f4614a609ba0eb30ff1278b6b/TrustAI.sol,1
0xfcf0b158cdec95863930988452694f8de1fea681,0,,0
0xdc2431fd21b15e3854d41c4b9b122a3a39161c47,1,raw_data/0xdc2431fd21b15e3854d41c4b9b122a3a39161c47/Omicron.sol,1
0x53018f93f9240cf7e01301cdc4b3e45d25481f73,1,raw_data/0x53018f93f9240cf7e01301cdc4b3e45d25481f73/BRTH_GFT.sol,1
0xae935e042f1c6a52ef27c86fe4ab0676e97f5b51,0,,0
0x07938148948c39d8f7f61dff3615a960ee1d329b,1,raw_data/0x07938148948c39d8f7f61dff3615a960ee1d329b/OctopusProtocol.sol,1
0xce677df0f78e471aacd102d6465fc53312617eb6,1,raw_data/0xce677df0f78e471aacd102d6465fc53312617eb6/BONE.sol,1
0x74808c86c6f0bc6f59a3a1430ddfcd2e29952eac,1,raw_data/0x74808c86c6f0bc6f59a3a1430ddfcd2e29952eac/CryptoRoulette.sol,1
0x76db129415356b9a874c07faa10c7c027fdef580,0,raw_data/0x76db129415356b9a874c07faa10c7c027fdef580/UserWallet.sol,1
0x65e6149e098dd951b579da258c6ea6e3c15dffa1,1,raw_data/0x65e6149e098dd951b579da258c6ea6e3c15dffa1/ERC20.sol,1
0x86f2b0105ea819e11546713207405473c186cb91,1,raw_data/0x86f2b0105ea819e11546713207405473c186cb91/MFLOOR.sol,1
0x026d146d3c4515724998369da21de2ea912c73cc,1,raw_data/0x026d146d3c4515724998369da21de2ea912c73cc/CONV.sol,1
0x32f2f89b3927a7156f3fb34e82fc2ada64e57ab4,1,raw_data/0x32f2f89b3927a7156f3fb34e82fc2ada64e57ab4/EPIKPrime.sol,1
0xfdca9680cc72680e2bd4ec2ed5d12f532bd51958,0,,0
0x315d283def1de99025369870b132cb9a9373af02,0,raw_data/0x315d283def1de99025369870b132cb9a9373af02/UserWallet.sol,1
0x820fc3a3a5693f7bf275bdbab26d0b6d583acd0b,1,raw_data/0x820fc3a3a5693f7bf275bdbab26d0b6d583acd0b/MINISTARS.sol,1
0xa1b4a12ae2dd4469843730ce39ea61d643d5a9a9,1,raw_data/0xa1b4a12ae2dd4469843730ce39ea61d643d5a9a9/utsukushii.sol,1
0x60cd66add1f20b566f0fd246b3f2c2db634e371b,1,raw_data/0x60cd66add1f20b566f0fd246b3f2c2db634e371b/Boobahub.sol,1
0x7a1b3b2bfb687a26328e623441edaea69df3def5,1,raw_data/0x7a1b3b2bfb687a26328e623441edaea69df3def5/ICP.sol,1
0x8bce9d720745b93c58c505fc0d842a7d9cd59697,1,raw_data/0x8bce9d720745b93c58c505fc0d842a7d9cd59697/the_gift.sol,1
0xd40b9a795c157cab194d3df3f6fd46e658d721d9,0,raw_data/0xd40b9a795c157cab194d3df3f6fd46e658d721d9/UserWallet.sol,1
0x3e4e2299cbff968b425c6c312b64fa46f8be68ff,1,raw_data/0x3e4e2299cbff968b425c6c312b64fa46f8be68ff/UniswapExchange.sol,1
0x2f2d111e34681d7e9001263ee2f419b837bcc27b,0,raw_data/0x2f2d111e34681d7e9001263ee2f419b837bcc27b/UserWallet.sol,1
0x19d895f6ffa425b6a265cf16d8b8d03ec284d87d,1,raw_data/0x19d895f6ffa425b6a265cf16d8b8d03ec284d87d/MakeYouRich.sol,1
0xcfcb890bbbd810867c05bb5700c6da8d1933190e,0,,0
0x590d1d5ba0feb249d42c527ae21d12f2e5768a87,1,raw_data/0x590d1d5ba0feb249d42c527ae21d12f2e5768a87/Jeopardy.sol,1
0x65fcdbe1098bf6dd90d2e25c1edf96e347edba46,0,raw_data/0x65fcdbe1098bf6dd90d2e25c1edf96e347edba46/VoteProxy.sol,1
0x7fd3f7742ed93846b60ec078ebdedf2edbfbd6d5,0,raw_data/0x7fd3f7742ed93846b60ec078ebdedf2edbfbd6d5/UserWallet.sol,1
0x9d63fe41ab6faccc473898d3ee153a73c93b6227,1,raw_data/0x9d63fe41ab6faccc473898d3ee153a73c93b6227/KINTSUGI.sol,1
0xee6800457bb1f9eff9562659a6aad7471636a97d,0,raw_data/0xee6800457bb1f9eff9562659a6aad7471636a97d/SimpleChildToken.sol,1
0x9dd589253d1d74b07a44be9b9ed62e27c7dc5370,0,,0
0xcb4f28868ad0c08260b84de2601bbe4273b6e3ad,0,,0
0x69d0c380d5cf0668a66e4ea26adb0434b5a4c105,1,raw_data/0x69d0c380d5cf0668a66e4ea26adb0434b5a4c105/ConcaveToken.sol,1
0x0d92d342b31aa7c6b6fcfd144e472bee50778111,0,,0
0x3b5d785c2f230fb403767ae3c17d982d4b723952,1,raw_data/0x3b5d785c2f230fb403767ae3c17d982d4b723952/ERC20.sol,1
0x8dd65c382677ed7c286807b3a0bcef3a49baaba4,0,raw_data/0x8dd65c382677ed7c286807b3a0bcef3a49baaba4/UserWallet.sol,1
0x2b094db2efd1055225a675e74330f668fd888976,1,raw_data/0x2b094db2efd1055225a675e74330f668fd888976/Ethereum.sol,1
0x09ade3ab80b9f885eca960e8001a430d8021b591,1,raw_data/0x09ade3ab80b9f885eca960e8001a430d8021b591/SHIBASWAP.sol,1
0x8ec7740a73b1bf8d72d471dfe63a34f81f50a118,1,raw_data/0x8ec7740a73b1bf8d72d471dfe63a34f81f50a118/CoinWord.sol,1
0xcf354b859c4e62ba6eb5fc3803078db74bdd47ca,0,raw_data/0xcf354b859c4e62ba6eb5fc3803078db74bdd47ca/UserWallet.sol,1
0x67db838e08ed679451441187f78aea34be67593d,0,,0
0xba007ce10ec81bfdea5f095e83a05dacd5599bc1,1,raw_data/0xba007ce10ec81bfdea5f095e83a05dacd5599bc1/ERC20.sol,1
0x21df3b628c2594c18c6f488d22b574f5a33e3fb4,1,raw_data/0x21df3b628c2594c18c6f488d22b574f5a33e3fb4/N1Token.sol,1
0xd50ac47fdfbc6aada7e39211bd8e8919dde31d29,0,,0
0x8a0f020952bd114d6e87f16fdfa5f90c2805b83f,0,raw_data/0x8a0f020952bd114d6e87f16fdfa5f90c2805b83f/Forwarder.sol,1
0x3bedb591a417747513f1b528fa42e3c1e82b7ea4,1,raw_data/0x3bedb591a417747513f1b528fa42e3c1e82b7ea4/Pikachu.sol,1
0x21525e2d20064a789077cbc6453631bcb1f6488f,1,raw_data/0x21525e2d20064a789077cbc6453631bcb1f6488f/ShibaSwap.sol,1
0x20e4747eb302db56683f2eb206fabd56e50a07ff,1,raw_data/0x20e4747eb302db56683f2eb206fabd56e50a07ff/ChainLinkGovernance.sol,1
0xae0df888660b45a75ac20acc332a25ed462b9df6,0,,0
0xfdc509de0ca14b2c6e97b04c8b386da0260b1a0c,0,raw_data/0xfdc509de0ca14b2c6e97b04c8b386da0260b1a0c/CloneableWallet.sol,1
0x47efcc4b73f8451ae48d0771f588c9c8ffb43552,1,raw_data/0x47efcc4b73f8451ae48d0771f588c9c8ffb43552/CHAOS.sol,1
0xe02889ad55cbd30c95894fe038debe7314e68a1d,1,raw_data/0xe02889ad55cbd30c95894fe038debe7314e68a1d/SHIBASWAP.sol,1
0x9825fb0f06dd42474731a5bd00b77bf0f58256de,0,raw_data/0x9825fb0f06dd42474731a5bd00b77bf0f58256de/UserWallet.sol,1
0xc7e4a9147601fdbc7d1c2fb8b6c2ffcb2469f293,1,raw_data/0xc7e4a9147601fdbc7d1c2fb8b6c2ffcb2469f293/GuessTheNumber.sol,1
0x55cff98813253fec16e2922a1eaa718f22df5087,0,raw_data/0x55cff98813253fec16e2922a1eaa718f22df5087/UserWallet.sol,1
0xf9257d44ec319f2fb2c94061501aac9b8e5e003e,0,,0
0x71b7ecd719612fb89717c588683814b86bc27637,1,raw_data/0x71b7ecd719612fb89717c588683814b86bc27637/TokenContract.sol,1
0x415c8456913aee440a4e3f9dc3f70b877de93ff3,0,,0
0x7840c9dde49af3e62063a198580ff3d6795b51ef,1,raw_data/0x7840c9dde49af3e62063a198580ff3d6795b51ef/Corol.sol,1
0x2fe321bbb468d71cc392dd95082efef181df2038,1,raw_data/0x2fe321bbb468d71cc392dd95082efef181df2038/private_TRANSFER.sol,1
0xe2c38691cab968f2b9f893350a14491649dfbc2c,1,raw_data/0xe2c38691cab968f2b9f893350a14491649dfbc2c/Niftys.sol,1
0x188ec11079233f91b97db9e6fa4cc1dd8fc7ba90,0,raw_data/0x188ec11079233f91b97db9e6fa4cc1dd8fc7ba90/UserWallet.sol,1
0x58c80fedcbc3662bbf3ffefb48e15cd7dc473d89,0,,0
0x1adb2162d1f66aab6aec6e567838e0b0720a912d,1,raw_data/0x1adb2162d1f66aab6aec6e567838e0b0720a912d/UniswapExchange.sol,1
0x4f2c4dffa2f1b0c8695057d3a66b8e1a462f5834,1,raw_data/0x4f2c4dffa2f1b0c8695057d3a66b8e1a462f5834/RVC.sol,1
0x234f256ce43bbec4ab5c208360902aa12e97a6a8,0,raw_data/0x234f256ce43bbec4ab5c208360902aa12e97a6a8/UserWallet.sol,1
0x99dab0ae4f82fb792c780515c7e9036240e8e627,1,raw_data/0x99dab0ae4f82fb792c780515c7e9036240e8e627/ERC20.sol,1
0x559be9a89db88794645abb93e3bfc1af2ee0be40,1,raw_data/0x559be9a89db88794645abb93e3bfc1af2ee0be40/CryptoRoulette.sol,1
0x3c87354cbe11609d33e1ce8239b9c89605db0385,0,,0
0x1a38a99bde83bf20cdc9d57026083c5aadfccfe7,0,raw_data/0x1a38a99bde83bf20cdc9d57026083c5aadfccfe7/Forwarder.sol,1
0x31e197f4f6e1cd7f4247530055838784c78a3bf5,0,raw_data/0x31e197f4f6e1cd7f4247530055838784c78a3bf5/UserWallet.sol,1
0x3d19f9da9d57cc0868b5107c4c6b26d9384772c2,0,raw_data/0x3d19f9da9d57cc0868b5107c4c6b26d9384772c2/UserWallet.sol,1
0x2BDAE8DE01684b14AB9e5aA746D68fF27172d9B5,1,raw_data/0x2BDAE8DE01684b14AB9e5aA746D68fF27172d9B5/GFY.sol,1
0xbc272b58e7cd0a6002c95afd1f208898d756c580,1,raw_data/0xbc272b58e7cd0a6002c95afd1f208898d756c580/DEDI_GI.sol,1
0x9a718a0a3090be2085fb850f4e48c0d70464914f,1,raw_data/0x9a718a0a3090be2085fb850f4e48c0d70464914f/decanect.sol,1
0xda11a45f0e259cc1253a5a501978f0af2bc8aba6,1,raw_data/0xda11a45f0e259cc1253a5a501978f0af2bc8aba6/BabyStarLink.sol,1
0x458f3b8f88ad32b0c8cf41ac39259c28926aa755,0,,0
0x368b0f54a45703ca16b688ebf826de0e0fb9716c,0,,0
0x81f5807324e17552190da9ce51a25092aaef5e21,0,,0
0x20738c1633f56d0d8471acaba784af988930acbf,1,raw_data/0x20738c1633f56d0d8471acaba784af988930acbf/SIMPSONDAO.sol,1
0x430a03250225de14d46a2f575386416450325ead,0,raw_data/0x430a03250225de14d46a2f575386416450325ead/UserWallet.sol,1
0xc78f0fdfb708689cbe6629175b66958eaa89e7d0,1,raw_data/0xc78f0fdfb708689cbe6629175b66958eaa89e7d0/guess_and_get_the_money.sol,1
0xbf799a2f71d020a4a8c10e7406e2bf970b3d734b,1,raw_data/0xbf799a2f71d020a4a8c10e7406e2bf970b3d734b/W12Token.sol,1
0x0e8f2803fa16492b948bc470c69e99460942db2b,1,raw_data/0x0e8f2803fa16492b948bc470c69e99460942db2b/QuizGameTest1.sol,1
0x12735da0efac7d82981d7de4356287fb8480151d,0,raw_data/0x12735da0efac7d82981d7de4356287fb8480151d/UserWallet.sol,1
0x268d6aebd62cf760b42fb60e339ba3078ece0241,0,raw_data/0x268d6aebd62cf760b42fb60e339ba3078ece0241/LockToken.sol,1
0x56976cc8da9c768640b746ef62e08297fef93b5a,1,raw_data/0x56976cc8da9c768640b746ef62e08297fef93b5a/ERC20.sol,1
0xf6c01343020a7f37f9a9bdc2c1a5dbe8604de62c,0,raw_data/0xf6c01343020a7f37f9a9bdc2c1a5dbe8604de62c/E3WToken.sol,1
0x829cef8bf3a110b73c33246b600a9ff6159184c7,1,raw_data/0x829cef8bf3a110b73c33246b600a9ff6159184c7/DOG.sol,1
0xea848cf9ae6f232f9534ba1b433cbbd259bc7764,0,raw_data/0xea848cf9ae6f232f9534ba1b433cbbd259bc7764/UserWallet.sol,1
0x2ce47cd60be8a6e5828ed06f233819f697002df4,1,raw_data/0x2ce47cd60be8a6e5828ed06f233819f697002df4/SAVEN.sol,1
0x2c694809a5115ed74f98ebb91e4687883610b0c9,0,raw_data/0x2c694809a5115ed74f98ebb91e4687883610b0c9/UserWallet.sol,1
0xe88b2dc1f6cbe984d3b5a782012d0e5f00546207,0,raw_data/0xe88b2dc1f6cbe984d3b5a782012d0e5f00546207/UserWallet.sol,1
0xc840599efe25f9849375e2119fb6945035f70115,1,raw_data/0xc840599efe25f9849375e2119fb6945035f70115/JINGLE.sol,1
0x80270d569a0a0b23f7e0c9f1dfcf471a87d22678,1,raw_data/0x80270d569a0a0b23f7e0c9f1dfcf471a87d22678/HOKUSAI.sol,1
0xef75f477126d05519d965d116fc9606e60fc70a8,1,raw_data/0xef75f477126d05519d965d116fc9606e60fc70a8/GIFT_FOR_FRIENDS.sol,1
0xb0279122f1254e78c1cf2babdd48fc78d2cfded4,0,,0
0x795f0d5e32a3eb7dc165572fd31485ad023b2588,0,,0
0x0ab464108da4d7dd5da68e598797f9e10fe2b595,0,,0
0x0b275ded22f0484577f47883c722f0aea1216bf5,0,raw_data/0x0b275ded22f0484577f47883c722f0aea1216bf5/Forwarder.sol,1
0x5f3c1828a1df9863ff4bdc1493ca41a69c82d993,1,raw_data/0x5f3c1828a1df9863ff4bdc1493ca41a69c82d993/BONE.sol,1
0xa3e6ddeb48dacafc805625fb31f3791ee8fa8a4a,1,raw_data/0xa3e6ddeb48dacafc805625fb31f3791ee8fa8a4a/MINT.sol,1
0xdf77e4a81fba17e0cc39dba521aa4167f388ed7c,1,raw_data/0xdf77e4a81fba17e0cc39dba521aa4167f388ed7c/Multiplicator.sol,1
0x4e5d1273ed959374d6d77a9a712c35e13e95e065,0,,0
0x7c720d67b2b68cf96ba715844cd592432f844eef,1,raw_data/0x7c720d67b2b68cf96ba715844cd592432f844eef/BidirectionalInteractions.sol,1
0xc6b7f07133e9a72dfe2c76c53df120f331825e9e,1,raw_data/0xc6b7f07133e9a72dfe2c76c53df120f331825e9e/BiconomyTokenContract.sol,1
0x05f2189e97df2a8970955405b55ec624872bd7d9,0,raw_data/0x05f2189e97df2a8970955405b55ec624872bd7d9/UserWallet.sol,1
0x101ec3aeca350356123bda3bf2862a0ff55c9b47,1,raw_data/0x101ec3aeca350356123bda3bf2862a0ff55c9b47/GalacticApeS.sol,1
0x0cb8d0b37c7487b11d57f1f33defa2b1d3cfccfe,1,raw_data/0x0cb8d0b37c7487b11d57f1f33defa2b1d3cfccfe/DankToken.sol,1
0xcc030603c4e0692e88b2614f3e235f7cffd776e3,0,,0
0x381beac50b9a5ea06a320a72592f7460c49a2b48,1,raw_data/0x381beac50b9a5ea06a320a72592f7460c49a2b48/SCCToken.sol,1
0xc37ecae209927cd0cd6440efa56cac1c9cfe8859,1,raw_data/0xc37ecae209927cd0cd6440efa56cac1c9cfe8859/CRWNY.sol,1
0x253adaaa3667c89b7256ef8a8eb686506ee46f51,0,raw_data/0x253adaaa3667c89b7256ef8a8eb686506ee46f51/LockToken.sol,1
0x4d5765e62526e8ec2a84b33b3c36317e14acd6d4,0,raw_data/0x4d5765e62526e8ec2a84b33b3c36317e14acd6d4/UserWallet.sol,1
0x6a2b7c554daad03aa1c99da6c49fdc3561ab0afa,0,raw_data/0x6a2b7c554daad03aa1c99da6c49fdc3561ab0afa/UserWallet.sol,1
0xe5b5c968bf30d1d36d0de4f7da2193123d254d7c,0,raw_data/0xe5b5c968bf30d1d36d0de4f7da2193123d254d7c/UserWallet.sol,1
0x42d89ba81f3aafafce29620df663055b4c070617,1,raw_data/0x42d89ba81f3aafafce29620df663055b4c070617/SpiritAway.sol,1
0x7da8f83c6ee8d48840ecc724b1d2ed8e04da2979,1,raw_data/0x7da8f83c6ee8d48840ecc724b1d2ed8e04da2979/FLOKI.sol,1
0x4c1cdef065c27dd08037d693c512bb7ed4c38f17,1,raw_data/0x4c1cdef065c27dd08037d693c512bb7ed4c38f17/AGGToken.sol,1
0x1e89ed298f830c4824b1836e69878b621d5881b0,1,raw_data/0x1e89ed298f830c4824b1836e69878b621d5881b0/BullDoge.sol,1
0x083fa1a4b9e74ac3d8452078801fbac9a9eed725,1,raw_data/0x083fa1a4b9e74ac3d8452078801fbac9a9eed725/PyramidInu.sol,1
0xd816138aae63826f29217902a660d15f1dca3942,0,raw_data/0xd816138aae63826f29217902a660d15f1dca3942/UserWallet.sol,1
0x72735a7d1eb69f3238aee15fa07e77d5d139cc0f,1,raw_data/0x72735a7d1eb69f3238aee15fa07e77d5d139cc0f/SolaSystem.sol,1
0x5144d9e89faae4edee1f76d6f9a5d3f6f82d40c9,1,raw_data/0x5144d9e89faae4edee1f76d6f9a5d3f6f82d40c9/Normy.sol,1
0x03743318ce387528bf31f821faf822dc98da31d5,0,raw_data/0x03743318ce387528bf31f821faf822dc98da31d5/UserWallet.sol,1
0x504827503f699152d83fd6329a38a883568e836a,0,,0
0xfaa8a92ad07b072b6cb0f05d0afac213b80192b6,0,raw_data/0xfaa8a92ad07b072b6cb0f05d0afac213b80192b6/etherUSA.sol,1
0x3b31c762ac2831737c2b8a512890f5a6817c6fd3,0,,0
0xd53f7b2354b473011d55c40598878586e42c8679,0,raw_data/0xd53f7b2354b473011d55c40598878586e42c8679/Forwarder.sol,1
0xdb1c55f6926e7d847ddf8678905ad871a68199d2,1,raw_data/0xdb1c55f6926e7d847ddf8678905ad871a68199d2/FreeEth.sol,1
0xc3b1ff77e7970dd66755bb58ec9ea823f79a8942,0,,0
0x7999e16cbbb13eb01661be670028a5a97a3dc27e,0,raw_data/0x7999e16cbbb13eb01661be670028a5a97a3dc27e/UserWallet.sol,1
0xfdf36b68b510cc9e49f4f413624f23bd087e5a23,1,raw_data/0xfdf36b68b510cc9e49f4f413624f23bd087e5a23/BONE.sol,1
0x9e6708d47aa3aefee550d103732e6d34327de5a1,0,raw_data/0x9e6708d47aa3aefee550d103732e6d34327de5a1/UserWallet.sol,1
0x3e2275a5c792106c80e5fc079b98881c9d2e002b,1,raw_data/0x3e2275a5c792106c80e5fc079b98881c9d2e002b/rarity.sol,1
0x19c4ce8f77b3a4c8fdc46547fde3d387f968bca0,1,raw_data/0x19c4ce8f77b3a4c8fdc46547fde3d387f968bca0/NFTS.sol,1
0x5433c0a0c7969cc8d90810c4f333d372b71724c9,1,raw_data/0x5433c0a0c7969cc8d90810c4f333d372b71724c9/CurvanceComToken.sol,1
0x77a212bc80f3b50a084c23e8b121aee9e6c26602,1,raw_data/0x77a212bc80f3b50a084c23e8b121aee9e6c26602/SHOPX.sol,1
0x20ae6e8298b2424dfb96997b936394c70217ac91,0,,0
0xfa23661060bf6ef93e31aaf0447989e3c6d35022,1,raw_data/0xfa23661060bf6ef93e31aaf0447989e3c6d35022/Arbitrum.sol,1
0x26eb2f9ce844461852e9aa55727c99ac5a7ffd24,1,raw_data/0x26eb2f9ce844461852e9aa55727c99ac5a7ffd24/ERC20.sol,1
0x791dd7e8c2d03c13e980108041e9c85112f35059,1,raw_data/0x791dd7e8c2d03c13e980108041e9c85112f35059/FOC.sol,1
0x560a6aa38534069c100dbe4d06b263a2232f5daf,0,,0
0x62910175e9069cc28e902f5fba83e228482a221c,1,raw_data/0x62910175e9069cc28e902f5fba83e228482a221c/ERC20.sol,1
0x99bc08db67f52010f2d6017b7ad968808113db10,1,raw_data/0x99bc08db67f52010f2d6017b7ad968808113db10/ApodTokenContract.sol,1
0x1d86bcc63e2cea3a5d95700fa6d1d3f3840dbe89,0,raw_data/0x1d86bcc63e2cea3a5d95700fa6d1d3f3840dbe89/UserWallet.sol,1
0x2d490d5f87fe23de38ebfb2379c9c1a2f9ad4864,1,raw_data/0x2d490d5f87fe23de38ebfb2379c9c1a2f9ad4864/ERC20.sol,1
0xe0a26dc6955d0d39fa1cacf12d842989ef47e057,0,raw_data/0xe0a26dc6955d0d39fa1cacf12d842989ef47e057/CloneableWallet.sol,1
0x0c2f204d6ce6840e41101afbb93b15f4a532e626,0,,0
0x6c5dc1dcda3d309a6e919e6d0965f197e0fc1913,0,raw_data/0x6c5dc1dcda3d309a6e919e6d0965f197e0fc1913/LegendaryPackTwo.sol,1
0x2101be1b2db5630e5cd3c22a8ccd4519a2b7dca1,0,,0
0xcd85cf6d4eaaed453db4b54a42951eea36a55812,0,raw_data/0xcd85cf6d4eaaed453db4b54a42951eea36a55812/HumanStandardToken.sol,1
0x74a17d86e7b60ba3944967dce8d0a4551719d18f,1,raw_data/0x74a17d86e7b60ba3944967dce8d0a4551719d18f/MayoOcho.sol,1
0xa133be32d846d26daf836b648ffff856c32e20c4,1,raw_data/0xa133be32d846d26daf836b648ffff856c32e20c4/ERC20.sol,1
0xad41db34d310b4803def4ab7fd24b4524459b159,0,raw_data/0xad41db34d310b4803def4ab7fd24b4524459b159/UserWallet.sol,1
0x0ba3591fcef27b28986afbe02bf0a4d93c1c514d,0,raw_data/0x0ba3591fcef27b28986afbe02bf0a4d93c1c514d/Forwarder.sol,1
0xa8ee4c625ca9a083b486f7f688f51327706321bf,0,,0
0x7f6652e5b6ce6d28d835bc147bd5730efce3f48b,0,,0
0x73c0f542fdc989f7203701401b9ab988591f4090,1,raw_data/0x73c0f542fdc989f7203701401b9ab988591f4090/IAGON.sol,1
0xacda08cc4c6696a22f9fddabe9da81bd0c76f60c,0,raw_data/0xacda08cc4c6696a22f9fddabe9da81bd0c76f60c/UserWallet.sol,1
0xab5aa69e8e0446fca3b48122c15a464ec7c38241,1,raw_data/0xab5aa69e8e0446fca3b48122c15a464ec7c38241/JIAOZI.sol,1
0x3c6c3c256f8d7edf2b558bab747a3a01833e4c6e,1,raw_data/0x3c6c3c256f8d7edf2b558bab747a3a01833e4c6e/SHIBASWAP.sol,1
0xd9113e8286ec2d7697399a1843bcd63272838284,1,raw_data/0xd9113e8286ec2d7697399a1843bcd63272838284/UniswapExchange.sol,1
0x1773e25bfecf7f7109295106df630dfee41f6aab,0,raw_data/0x1773e25bfecf7f7109295106df630dfee41f6aab/UserWallet.sol,1
0x67e0b8472fe3b5a593f81156a0bd94f4f1731bf3,0,raw_data/0x67e0b8472fe3b5a593f81156a0bd94f4f1731bf3/UserWallet.sol,1
0xee1fb106b0c794205f05c108b1d0b1576e9feb75,1,raw_data/0xee1fb106b0c794205f05c108b1d0b1576e9feb75/Raijin.sol,1
0xf8b6dc7cccee4123a7c86a6816ac5011e2f60ca1,0,,0
0xf5338ac7847a379923fa1fb30a21f949304ec9b2,0,,0
0x1c598adb96a42abb3a650c13f23d55e128d1aad9,0,,0
0x46ada6f0e878287e30982458a290ee7cf3a25764,0,,0
0x7be504430fbdcba3a59d6e7034543e3b8492989b,1,raw_data/0x7be504430fbdcba3a59d6e7034543e3b8492989b/SHIBASWAP.sol,1
0x340d7167677b6f14b7a5b7c3be24ddd5abefdad1,0,,0
0x3ef404bfaffc7a499da17623152105ae9395eef0,1,raw_data/0x3ef404bfaffc7a499da17623152105ae9395eef0/SnoopDoge.sol,1
0x0e98c167cd66173eb460b564afb3f06351514bb0,0,,0
0xa940d5aacbc0cba1a59d761b3dba16ebf2ee0510,1,raw_data/0xa940d5aacbc0cba1a59d761b3dba16ebf2ee0510/SFLOKI.sol,1
0x365f7d8ddf5a513649e79a39a1ac18687bef7b12,0,,0
0xa886073a93da86c9814ce4be202e24859636bbf2,1,raw_data/0xa886073a93da86c9814ce4be202e24859636bbf2/Adenor.sol,1
0xd6bc92a0f5a2bc17207283679c5ddcc108fd3710,1,raw_data/0xd6bc92a0f5a2bc17207283679c5ddcc108fd3710/Gift_1_ETH.sol,1
0x8296bbfd4a8c60edc484cd0e4610ce2e12718c16,1,raw_data/0x8296bbfd4a8c60edc484cd0e4610ce2e12718c16/TokenBEP20.sol,1
0x4f924e3c35a1164590db76f813176f931978079e,0,,0
0x4488f24ca1d5d35878d143678560f791981211b9,1,raw_data/0x4488f24ca1d5d35878d143678560f791981211b9/CIMBO.sol,1
0xad0016e5e2bd5558e9994d1250b5068aaf16c457,1,raw_data/0xad0016e5e2bd5558e9994d1250b5068aaf16c457/SBP.sol,1
0xefbfc3f373c9cc5c0375403177d71bcc387d3597,1,raw_data/0xefbfc3f373c9cc5c0375403177d71bcc387d3597/ETH_GIFT.sol,1
0xb290ffcc876772c14b74e49ece970c821ea30e97,0,,0
0xb8d4b2a3d20cccbd33e8f11d80274b150c37e6b1,0,,0
0x66ddee10520569d3d10b26010c0d2e92c6901284,1,raw_data/0x66ddee10520569d3d10b26010c0d2e92c6901284/GODS.sol,1
0x84de7484a5fc254871096026024651041a53596f,0,,0
0x0d125433ac3353c421c7eab9149ab09b51520ae8,1,raw_data/0x0d125433ac3353c421c7eab9149ab09b51520ae8/Tsukumogami.sol,1
0xb14d523e7e77b91426374085e49e84ed42555a77,0,raw_data/0xb14d523e7e77b91426374085e49e84ed42555a77/UserWallet.sol,1
0xda7a2d0e8a8f3114080d6f7ff4bdd3b38d84cd28,1,raw_data/0xda7a2d0e8a8f3114080d6f7ff4bdd3b38d84cd28/Odin.sol,1
0x1b0d5295ffe7b7138a27bc08983b8ac5e3576248,1,raw_data/0x1b0d5295ffe7b7138a27bc08983b8ac5e3576248/ERC20.sol,1
0xb9f0b7e1d518f0e213441a804fed84c2858c5d88,0,raw_data/0xb9f0b7e1d518f0e213441a804fed84c2858c5d88/XCoinMachines.sol,1
0x01bcc88d1b62e97f9bd6a058d1f442226a234ea3,1,raw_data/0x01bcc88d1b62e97f9bd6a058d1f442226a234ea3/MrMr.sol,1
0x276dcb76143b91df8bec4ded419c286e075e0929,1,raw_data/0x276dcb76143b91df8bec4ded419c286e075e0929/Sollet.sol,1
0x685e746c564934fecdac6d6ccaadbb53438ed0c9,1,raw_data/0x685e746c564934fecdac6d6ccaadbb53438ed0c9/CHOWCHOW.sol,1
0x54d0792640766972ffbddb458a53b91066707a45,0,raw_data/0x54d0792640766972ffbddb458a53b91066707a45/UserWallet.sol,1
0x6682195e2a0048ce38b727a3711802d58244606e,1,raw_data/0x6682195e2a0048ce38b727a3711802d58244606e/BKchain.sol,1
0xa244a2893c32be1c3de39b4179c0e3a6a790d1e5,1,raw_data/0xa244a2893c32be1c3de39b4179c0e3a6a790d1e5/NinjShib.sol,1
0x9d99635c36e8204bf119e77477cbf0c01cc97a41,0,,0
0x836213f4021f67d04ec0b599343ac345f433701a,1,raw_data/0x836213f4021f67d04ec0b599343ac345f433701a/SATURNALIA.sol,1
0xd042ef815e12d3564ecbb37117d1ea00c0905e36,1,raw_data/0xd042ef815e12d3564ecbb37117d1ea00c0905e36/ISP.sol,1
0x4badd63f691927933f7178ef61a89c3d0ea40a5a,0,,0
0xe6f0d54596bf5152b2237605826935a268add515,0,,0
0x2735c5de2b954c433e86baf0c5364a91633991de,1,raw_data/0x2735c5de2b954c433e86baf0c5364a91633991de/Sakura.sol,1
0x92e63be3a88df80f64ba4f829dd7ddf97e8b750b,1,raw_data/0x92e63be3a88df80f64ba4f829dd7ddf97e8b750b/Simpson.sol,1
0x68c525a7574509659ba27c38a1e4e5550f6711c4,1,raw_data/0x68c525a7574509659ba27c38a1e4e5550f6711c4/Gaslit.sol,1
0x9a2b3721331267c17d171bb4b5b6d50e30484d16,0,,0
0x5b23663c2a57468893194bac525fab994fac7dc2,1,raw_data/0x5b23663c2a57468893194bac525fab994fac7dc2/BONE.sol,1
0xf5bd484ee6790b297520bca0e09812a6836a9da9,1,raw_data/0xf5bd484ee6790b297520bca0e09812a6836a9da9/KFT.sol,1
0x6ce3fef99a6a4a8d1cc55d980966459854b3b021,1,raw_data/0x6ce3fef99a6a4a8d1cc55d980966459854b3b021/GIFT_CARD.sol,1
0xff82fa444b9253597cb04406aa5e90d571b8c266,0,raw_data/0xff82fa444b9253597cb04406aa5e90d571b8c266/Forwarder.sol,1
0x85044611b5954739dbde0ccb9aae6bb18e38e38b,1,raw_data/0x85044611b5954739dbde0ccb9aae6bb18e38e38b/QUIZ_FF.sol,1
0xf1084aaff167d3430af1d63fbf3974a2211db26d,0,,0
0xa5adb7e730fec0e2c8d160a3ef259bc54553e223,0,,0
0x90d87332acf65f613640b1ac8de7a3c353e8560f,1,raw_data/0x90d87332acf65f613640b1ac8de7a3c353e8560f/ORG.sol,1
0xf3e37055817d285d868b4094b737159edf7ad6cd,1,raw_data/0xf3e37055817d285d868b4094b737159edf7ad6cd/HereWeGoAgain.sol,1
0xc417aa697940fb5cab5c8ef859b4e7d55d72d709,0,,0
0xbca395440884e1b297a99f105b8f3bed10ee7263,1,raw_data/0xbca395440884e1b297a99f105b8f3bed10ee7263/DOP.sol,1
0x16e0d4494c6538fa5a461ed086dd44b15d708461,0,raw_data/0x16e0d4494c6538fa5a461ed086dd44b15d708461/TokenERC20.sol,1
0xac6184dfc6d3c50c4fc023f4443eed9ec85ec01c,0,raw_data/0xac6184dfc6d3c50c4fc023f4443eed9ec85ec01c/UserWallet.sol,1
0xf934e664c61fb6e05514d6353e3641a3d2496bc0,0,raw_data/0xf934e664c61fb6e05514d6353e3641a3d2496bc0/UserWallet.sol,1
0x93c564d4cc593867daae181eb3b494a2362b1ec5,1,raw_data/0x93c564d4cc593867daae181eb3b494a2362b1ec5/NormalToken.sol,1
0xf51e0ec94819a954d1b206367eaf6bbb7150378a,1,raw_data/0xf51e0ec94819a954d1b206367eaf6bbb7150378a/Dopex.sol,1
0x540da267dec95da2094fd544a9d1251d4a1985d4,1,raw_data/0x540da267dec95da2094fd544a9d1251d4a1985d4/SAFU.sol,1
0x611ae0be21a9c0ab284a4a68c8c44843330072a7,1,raw_data/0x611ae0be21a9c0ab284a4a68c8c44843330072a7/R.sol,1
0x51ea5526e47b7b7668f3088906acbd3552970fdb,1,raw_data/0x51ea5526e47b7b7668f3088906acbd3552970fdb/AKITASWAP.sol,1
0xef954b6552919786b10350f5e8e48fdb9f735ac0,1,raw_data/0xef954b6552919786b10350f5e8e48fdb9f735ac0/SAISHO.sol,1
0x20681d5bb98427ce4ac93d7e4eccfc6576f0038b,0,,0
0xae6eb6c29fdd1f077f917d45552ddb518eed83f6,0,raw_data/0xae6eb6c29fdd1f077f917d45552ddb518eed83f6/UserWallet.sol,1
0x9f454f93d4a45ff5e1fdbfc875b7b9f2b6e73a34,1,raw_data/0x9f454f93d4a45ff5e1fdbfc875b7b9f2b6e73a34/MOZAIC.sol,1
0x64c22ffea64e9f4dede1b7d730b5e0bfdbc7890b,0,,0
0xf024d5892158b2ffb0822848960d184abfad729d,0,raw_data/0xf024d5892158b2ffb0822848960d184abfad729d/UserWallet.sol,1
0x7fe7bde68203a0aa16886029c4312bb22a0b33f5,1,raw_data/0x7fe7bde68203a0aa16886029c4312bb22a0b33f5/WHACKD.sol,1
0xa9f6b52c35c675e3a22d9bef5a86d071264f2532,0,,0
0xa257be1b01b09abe85f8b7c33334c343fb9bde9f,1,raw_data/0xa257be1b01b09abe85f8b7c33334c343fb9bde9f/ERC20.sol,1
0x88caaf61f16735564b2e21969ca7949cf0a4f5e9,1,raw_data/0x88caaf61f16735564b2e21969ca7949cf0a4f5e9/Government.sol,1
0x907000d922c21761f9156a379516b6556ef92676,0,raw_data/0x907000d922c21761f9156a379516b6556ef92676/UserWallet.sol,1
0x35c3668e230b865b9816a29b0ff3d0d3e417b6bc,1,raw_data/0x35c3668e230b865b9816a29b0ff3d0d3e417b6bc/eELON.sol,1
0x0f4da8af8fc5cc2aee5649bf752172912ae83d24,1,raw_data/0x0f4da8af8fc5cc2aee5649bf752172912ae83d24/KPRVERSE.sol,1
0xb412e00fd262e6f26f01e36fcc5f74df98dee654,0,raw_data/0xb412e00fd262e6f26f01e36fcc5f74df98dee654/testc.sol,1
0xee28e387b3468077c74d09ebfe9c1531e6d80212,1,raw_data/0xee28e387b3468077c74d09ebfe9c1531e6d80212/blxv2.sol,1
0x631f4ee65c42e2d745d83cb667a956ac049f6adf,1,raw_data/0x631f4ee65c42e2d745d83cb667a956ac049f6adf/Omaum.sol,1
0x2075d158924f5030aece55179848c2bd7ec5833f,1,raw_data/0x2075d158924f5030aece55179848c2bd7ec5833f/AddressLottery.sol,1
0xbcac3c89e8371157e11c62da83f63ca65fec19a2,0,raw_data/0xbcac3c89e8371157e11c62da83f63ca65fec19a2/UserWallet.sol,1
0xdc53b20a0c94612f02183cc7605283b8654c0e8f,0,raw_data/0xdc53b20a0c94612f02183cc7605283b8654c0e8f/UserWallet.sol,1
0x842f85bf6f5ababee18870741b4334985d610192,1,raw_data/0x842f85bf6f5ababee18870741b4334985d610192/ERC20.sol,1
0x9eec65e5b998db6845321baa915ec3338b1a469b,1,raw_data/0x9eec65e5b998db6845321baa915ec3338b1a469b/MyAdvancedToken.sol,1
0x6a7560d4bd776d79e2a66a7822112b0eb4b36e3b,0,,0
0x3848f913fff512f941708c9af7a49969d3ce2895,0,,0
0x2506f8a02daae8a2d53c05695c3a7436e7ca0a9d,0,raw_data/0x2506f8a02daae8a2d53c05695c3a7436e7ca0a9d/UserWallet.sol,1
0x907330d12ab5b385c4765d782ddf4f0a37796f92,0,,0
0xae4d070b8de18b61dab391af30dcdadc56560486,1,raw_data/0xae4d070b8de18b61dab391af30dcdadc56560486/ArGoApp.sol,1
0xa1a46a0c80e97ed75461661c56f28061242782aa,0,,0
0xcf6be57d332c5c5ca2f2929db5f5684fb07e5a33,1,raw_data/0xcf6be57d332c5c5ca2f2929db5f5684fb07e5a33/Safu_Chain.sol,1
0xbc2faad1ec407571249b0e874a9abd840111389b,1,raw_data/0xbc2faad1ec407571249b0e874a9abd840111389b/BFXToken.sol,1
0xc219c84492b2f041c839504a8c74c477b7088bb4,0,raw_data/0xc219c84492b2f041c839504a8c74c477b7088bb4/UserWallet.sol,1
0x5b2028602af2693d50b4157f4acf84d632ec8208,1,raw_data/0x5b2028602af2693d50b4157f4acf84d632ec8208/Savings.sol,1
0xba5bf3fbc05cb205407ca0ab3255bd8de0f96c84,1,raw_data/0xba5bf3fbc05cb205407ca0ab3255bd8de0f96c84/BinanceTradingFees.sol,1
0x36b51b5319839ec24651ffd365595a3f325987c9,0,,0
0xa837efd4500966a45148073f57fa855205597612,1,raw_data/0xa837efd4500966a45148073f57fa855205597612/Yearn.sol,1
0x253101757a84054b68a0460b6c77ca2b0e2c4291,1,raw_data/0x253101757a84054b68a0460b6c77ca2b0e2c4291/muskscontract.sol,1
0xd4100a3ff7ce3a67fb26fb4c59dd9263b9f59eb3,0,raw_data/0xd4100a3ff7ce3a67fb26fb4c59dd9263b9f59eb3/Wallet.sol,1
0x86f3cb2434ee1e24f2da7397ea54fbbd4a2651c1,0,,0
0xaa8c1ed9ca3fb92ca17794d948c95b1fc55880ef,0,,0
0x9ca106bd993ee8dbd3ed0f3e60640409c9188894,0,raw_data/0x9ca106bd993ee8dbd3ed0f3e60640409c9188894/Forwarder.sol,1
0xc094cd0717a7de42c2ed77d7ef8bcd65e3dce8b7,0,,0
0xc0c7d89e4968775931e53e9510ebad43644b0866,1,raw_data/0xc0c7d89e4968775931e53e9510ebad43644b0866/joojinta.sol,1
0x63ecda6ec90b1b95ab550bef67db909275b7d9aa,1,raw_data/0x63ecda6ec90b1b95ab550bef67db909275b7d9aa/Tweet.sol,1
0x399d1efdb35b2324df86d9583b920bea9fa56c62,1,raw_data/0x399d1efdb35b2324df86d9583b920bea9fa56c62/GreenEyedMonster.sol,1
0x3e49b1019c64ae87a0c6e9cef21cc203029c5e0d,1,raw_data/0x3e49b1019c64ae87a0c6e9cef21cc203029c5e0d/ERC20.sol,1
0x3d9e306aefcecc0b579b7bf43c0d6925b93f677b,1,raw_data/0x3d9e306aefcecc0b579b7bf43c0d6925b93f677b/ERC20.sol,1
0xb6dfa6d30a2efbadcabd1fa78a8c14fd90984afe,1,raw_data/0xb6dfa6d30a2efbadcabd1fa78a8c14fd90984afe/JAYZ.sol,1
0xb91a6c5c6362b10db6440d690e5391bb1eabe591,1,raw_data/0xb91a6c5c6362b10db6440d690e5391bb1eabe591/Gift.sol,1
0xd5c966437d07190b58dffb3595790b7fe3c6211c,0,,0
0xd7b2ad97aa196d92e60d8d82e34bbbaa13335676,0,,0
0x6381ad02b6881f90dddb79352bb9f8fb430b20f2,0,raw_data/0x6381ad02b6881f90dddb79352bb9f8fb430b20f2/UserWallet.sol,1
0x4eda44b26ab29dc4d95e7fd36cb2f3bd31f68373,0,,0
0x0794ce7d4459105926da230f318c1e34bc790517,1,raw_data/0x0794ce7d4459105926da230f318c1e34bc790517/RankingBallGoldCustomToken.sol,1
0x8838014525fe3ec7cd4e67dd8c7df7b7c30a7bb1,0,,0
0xcb26e6502b4e90e9526ab460dbaffa782523e842,0,,0
0xc67979670b43b38c0242624258268c2d66e2ca57,1,raw_data/0xc67979670b43b38c0242624258268c2d66e2ca57/LiveGreen.sol,1
0xfd7391d280d0a75f428e82e81692776a3f9586ea,1,raw_data/0xfd7391d280d0a75f428e82e81692776a3f9586ea/HodlonautInu.sol,1
0x1bd8142a6d18d4d0ef345b6816abf591baaa200f,1,raw_data/0x1bd8142a6d18d4d0ef345b6816abf591baaa200f/POP.sol,1
0x2d33b7c92d70ec5102c7422529e65a7ea867ed61,1,raw_data/0x2d33b7c92d70ec5102c7422529e65a7ea867ed61/TOM.sol,1
0x45eed61bb5db6cceb257c369e78c049bfbf31ed0,0,,0
0xb3658f25bded7c96775209821dbfa6f201af757b,0,raw_data/0xb3658f25bded7c96775209821dbfa6f201af757b/MintedTokenCappedCrowdsaleExt.sol,1
0x8ba9c4f29781b132f15f4b67d3aaa1a995aa9ac8,1,raw_data/0x8ba9c4f29781b132f15f4b67d3aaa1a995aa9ac8/MUSKSWAP.sol,1
0xbd10e4ea1c84c4fefaaa1eb1cfa4366f36c64e83,0,,0
0xf76901befd9e3d2100958e7a479c6699ea5b7252,1,raw_data/0xf76901befd9e3d2100958e7a479c6699ea5b7252/MONKIKI.sol,1
0xc7a61bbf314a4aca8e2b37e50ea024e80e3ffe9f,0,raw_data/0xc7a61bbf314a4aca8e2b37e50ea024e80e3ffe9f/PalaceResidence.sol,1
0xbd7979b77c4a6ebc7fb38db8d73b05122e8bc09f,0,raw_data/0xbd7979b77c4a6ebc7fb38db8d73b05122e8bc09f/UserWallet.sol,1
0xd912e7ac27e8b1befc7d1c2c782387de9d247914,1,raw_data/0xd912e7ac27e8b1befc7d1c2c782387de9d247914/ShibaKombat.sol,1
0x1c8fc5d35a854bce65960ffff3bb20da08d22dee,0,,0
0xc0d9da090194d62b2027e4009d9123de399ea7bf,0,raw_data/0xc0d9da090194d62b2027e4009d9123de399ea7bf/VIPToken.sol,1
0xfaef9073bd288a0c9893c6d488bfa59d514d1e37,1,raw_data/0xfaef9073bd288a0c9893c6d488bfa59d514d1e37/BodySexToken.sol,1
0x491c4ff67f9bf93bd947c15b3fdcec1b63f09767,0,raw_data/0x491c4ff67f9bf93bd947c15b3fdcec1b63f09767/Forwarder.sol,1
0xbd6a078b8ae672fcbb5281d31d2a2ea383c96055,0,,0
0x4a670fa21a8143d78d532d68ef5b47969480fccf,0,,0
0x54086240270addc68795f1d39c432170f9c9958c,0,raw_data/0x54086240270addc68795f1d39c432170f9c9958c/UserWallet.sol,1
0x50bd8901739f70043e7d89dc9d803bd322b3f102,1,raw_data/0x50bd8901739f70043e7d89dc9d803bd322b3f102/Erekt.sol,1
0x2ee8eb0dd271557af3fb9aa33dd629ea1057387e,0,,0
0x72beb5237ba1bad56cb406ed946eec120f767cdb,1,raw_data/0x72beb5237ba1bad56cb406ed946eec120f767cdb/Kyoshi.sol,1
0x2536ab47bd06243eb2872e8edbb8769c64fc62dc,0,raw_data/0x2536ab47bd06243eb2872e8edbb8769c64fc62dc/Forwarder.sol,1
0xc95e37d3b72911c9f294929bf905e63e20d83b6c,0,,0
0x418f2483811d44b78dc1202235cc86e3a6e48ed7,1,raw_data/0x418f2483811d44b78dc1202235cc86e3a6e48ed7/IOI.sol,1
0x584ade5999bfa6585508fe23ac7e6457e50a42ab,0,,0
0xef01f70f8b5a6072dbde4a35594d7c56e690acb9,0,,0
0xd5d424eee56191cc3fa8a13b3aeb5bd5a4f5c97d,0,,0
0xfb5fb992b64c86fbcb33ba151abd8ecbcc611bde,1,raw_data/0xfb5fb992b64c86fbcb33ba151abd8ecbcc611bde/IVNTToken.sol,1
0x266a2dd33ac67e17aaf8feb04ce5132f3ca90838,0,,0
0x96310fe84b19692a87d203fdd812e38038778bca,0,,0
0x4c4cf18f5e8a2201fcb10af507d3a6e39d443694,1,raw_data/0x4c4cf18f5e8a2201fcb10af507d3a6e39d443694/UniswapExchange.sol,1
0xc78595888b277b4979fe14e432913d8851f408ea,0,,0
0xaaf0fb4d2a6211f6ccc84a46a10e5b3c7e0d8638,0,,0
0x01030bcd89add33f779484662e2f2f7337f8912b,1,raw_data/0x01030bcd89add33f779484662e2f2f7337f8912b/AutistInu.sol,1
0x3f6e10ce4e04f51248457d746e558fbead6f7444,0,,0
0xcd9f74a2b2ee10b1ce38330db494c3a220a2f623,0,raw_data/0xcd9f74a2b2ee10b1ce38330db494c3a220a2f623/UserWallet.sol,1
0x14ef7a1878b97183f762eab1b6119d029834012b,1,raw_data/0x14ef7a1878b97183f762eab1b6119d029834012b/BlackStones.sol,1
0x316f5afa5461da1ae1847340896df914f8f6950f,0,,0
0xa5dbcb702425f635f608d74e301c60605e4b33bc,1,raw_data/0xa5dbcb702425f635f608d74e301c60605e4b33bc/ARI.sol,1
0xd65a90ca82a1a7c86cf5df498ffdb0a209df8759,0,raw_data/0xd65a90ca82a1a7c86cf5df498ffdb0a209df8759/LockToken.sol,1
0xc12e4abc5c08256b94393e5ae9d5fc85cb672ab0,0,raw_data/0xc12e4abc5c08256b94393e5ae9d5fc85cb672ab0/UserWallet.sol,1
0x8ec56e70c3ff812f481459274071a605f2addc21,0,raw_data/0x8ec56e70c3ff812f481459274071a605f2addc21/Forwarder.sol,1
0x7f97fbdc47cc5b5a3666a2e9143a36e46991af27,1,raw_data/0x7f97fbdc47cc5b5a3666a2e9143a36e46991af27/Modefi.sol,1
0xa3a00c2dbc91d3c2881ccf59ed459aa2bdfeb5ed,1,raw_data/0xa3a00c2dbc91d3c2881ccf59ed459aa2bdfeb5ed/GHILI.sol,1
0xc5b106f17246b2f5c0c658dbd6e8d168695806ab,1,raw_data/0xc5b106f17246b2f5c0c658dbd6e8d168695806ab/SIEToken.sol,1
0xaa3891a93874cfdd2559c5f89e51c142d44bea63,0,,0
0x6bdf226438099d586c7bd9e1ac6df10f45371ec6,0,,0
0x569f93b7d5a563336609eb7488b8dde459e69c1b,0,raw_data/0x569f93b7d5a563336609eb7488b8dde459e69c1b/Wallet.sol,1
0x4f75836e2d0ff46513532d276e0475543b43d308,0,raw_data/0x4f75836e2d0ff46513532d276e0475543b43d308/EtherCheque.sol,1
0x8a36f3e0da7b36fd22fcf2844c21e812279372ac,1,raw_data/0x8a36f3e0da7b36fd22fcf2844c21e812279372ac/QuizTime.sol,1
0xb41cd0362eb3615edb14a7267ccc4cc7342feb1a,1,raw_data/0xb41cd0362eb3615edb14a7267ccc4cc7342feb1a/ServeThePeople.sol,1
0x6076e74fc2d140d12f156fe471001a9c934f1064,1,raw_data/0x6076e74fc2d140d12f156fe471001a9c934f1064/ProjectXNFT.sol,1
0x9239411c92851ea2a4ed91a7e61acb68411f0728,1,raw_data/0x9239411c92851ea2a4ed91a7e61acb68411f0728/Solstarter.sol,1
0x1dc725e3bf3ef6d3a790d6106cfcefa9996216a9,0,,0
0x2d775465aab5f162fcae9c76a42c737015e735c3,1,raw_data/0x2d775465aab5f162fcae9c76a42c737015e735c3/BONE.sol,1
0xfc0853a1dea9211fcf9cdd0565dc4188909aeca1,0,,0
0x1fc8d59e1cf263c371c011c4de65af8b9abd6aea,1,raw_data/0x1fc8d59e1cf263c371c011c4de65af8b9abd6aea/Showcase.sol,1
0x1ecbc03a079e3dd50f02e9e86fd7690ad47b3022,0,raw_data/0x1ecbc03a079e3dd50f02e9e86fd7690ad47b3022/Forwarder.sol,1
0x1eb89c48687318f7e813570a744a958c0f59fa3f,0,,0
0xd8b4bb58e01b6f0817d47bf1035b092dc28683ba,1,raw_data/0xd8b4bb58e01b6f0817d47bf1035b092dc28683ba/KISHUSWAP.sol,1
0xdfd442ef1401fa682ac2c17f68c9846a62b471e5,0,,0
0x98ee684bf72af47e5c15f2019e4e4b541cb3d627,1,raw_data/0x98ee684bf72af47e5c15f2019e4e4b541cb3d627/EthereumColor.sol,1
0xa3ff707e095f754907b62ef681cc952366620b98,1,raw_data/0xa3ff707e095f754907b62ef681cc952366620b98/AstroApe.sol,1
0x306561c70a7af4716f3ae776485246a716a16106,1,raw_data/0x306561c70a7af4716f3ae776485246a716a16106/ERC20.sol,1
0x792530997f71743ab1f13613fd234ac10307bb76,0,raw_data/0x792530997f71743ab1f13613fd234ac10307bb76/UserWallet.sol,1
0x9221cd5e19662cd5b6b3f72cb2d3d9700e7be567,0,,0
0xe26e90598190a98c92c75204c9a4ecfe5983f8e0,1,raw_data/0xe26e90598190a98c92c75204c9a4ecfe5983f8e0/MultiplicatorX2.sol,1
0x2dcc858bb35e0a65695cecd53d212836055261a3,0,,0
0x98db189554a651ae225b91496ec6c58be45ed64a,0,,0
0x620f1312e39fb79f0f58f4c61644764dcdf593a4,0,,0
0xbba60174389d35a82db57ed4ed12a9f5fb77f7de,0,raw_data/0xbba60174389d35a82db57ed4ed12a9f5fb77f7de/UserWallet.sol,1
0xf49c17470ecc377a59de71eab8dcb5e78b5cb670,1,raw_data/0xf49c17470ecc377a59de71eab8dcb5e78b5cb670/Seppuku.sol,1
0x1b387d598bf2438ed75c01788e0eb99ac3faafcd,1,raw_data/0x1b387d598bf2438ed75c01788e0eb99ac3faafcd/BONE.sol,1
0x2502533e0fcb33ddfb0c2517b2480752a71ae878,1,raw_data/0x2502533e0fcb33ddfb0c2517b2480752a71ae878/ERC20.sol,1
0x00507d8a8680dcbd4f153e3645766c42cb627e05,0,,0
0xf3c27f0ba1c54ed3d59f7f5cc8687819fd04ee72,0,,0
0x1f945d4d9b5a2d520502e77a58a7cfb352bf9a33,1,raw_data/0x1f945d4d9b5a2d520502e77a58a7cfb352bf9a33/M31.sol,1
0x47ee672caefa771287bea71777c00d8a166de8dc,1,raw_data/0x47ee672caefa771287bea71777c00d8a166de8dc/TheMonaLisaDogeCoin.sol,1
0xf2680ac4b924642163bd700a8ce88e8fe29eba94,1,raw_data/0xf2680ac4b924642163bd700a8ce88e8fe29eba94/Sekizo.sol,1
0x47e85188746819bdac7ec1abdfe8840813222745,1,raw_data/0x47e85188746819bdac7ec1abdfe8840813222745/KAIDA.sol,1
0x21f15966e07a10554c364b988e91dab01d32794a,1,raw_data/0x21f15966e07a10554c364b988e91dab01d32794a/SMT.sol,1
0xa7e64829bf9a1ab3d011ba6dc85794e77a8a5f8d,0,,0
0xfded68b1821d10d2f66824804abe0dbd5a866969,1,raw_data/0xfded68b1821d10d2f66824804abe0dbd5a866969/POPOINUETH.sol,1
0xf9505bc93a5addbf68d2b843e3baeb105d30a1b6,0,,0
0x772f2ab75092d2e67f5feb17d2c272d782c7b8dc,0,raw_data/0x772f2ab75092d2e67f5feb17d2c272d782c7b8dc/Forwarder.sol,1
0xece51078af2f09a23a0928bf9e581766d79a6d26,1,raw_data/0xece51078af2f09a23a0928bf9e581766d79a6d26/Coin.sol,1
0x828d2ecebdf961d7b732413ac3b92e9492af9bc5,0,,0
0x443075b42797bf75d7c1164ee4c216525a6147dc,1,raw_data/0x443075b42797bf75d7c1164ee4c216525a6147dc/Solanium.sol,1
0x1a6710f18e7936b1f59b88331f3389b68f63da82,1,raw_data/0x1a6710f18e7936b1f59b88331f3389b68f63da82/CreamPieInu.sol,1
0xce6b1aff0fe66da643d7a9a64d4747293628d667,1,raw_data/0xce6b1aff0fe66da643d7a9a64d4747293628d667/enigma_x.sol,1
0xa0b30ab07d0d47b462acf48c84a8807cc35b8cf3,0,,0
0xb7d3f195a64710488b4917ea7901c5b6adfc462c,0,raw_data/0xb7d3f195a64710488b4917ea7901c5b6adfc462c/UserWallet.sol,1
0xaec367c252764e61c39de84208b305f283360778,1,raw_data/0xaec367c252764e61c39de84208b305f283360778/ERC20.sol,1
0xe5a1d0809b950cbf0e770ed030c08d249492dc03,1,raw_data/0xe5a1d0809b950cbf0e770ed030c08d249492dc03/GODS.sol,1
0x2e975bc87a846cfad2ed20c6e62bd279139131e2,0,raw_data/0x2e975bc87a846cfad2ed20c6e62bd279139131e2/AutoWallet.sol,1
0x5b0cc0bb8f9542f81fc2d195e804413318c6e6e9,0,,0
0x92e3a0330c63880f15f91f6869bae3633c43e45c,0,,0
0xa1b788d1a06071c13eb4e387113c210ac0fa3876,1,raw_data/0xa1b788d1a06071c13eb4e387113c210ac0fa3876/MarsoToken.sol,1
0xe3f158b9f6c35cf51d1a763037882a8e6ae661cb,1,raw_data/0xe3f158b9f6c35cf51d1a763037882a8e6ae661cb/SUSHIBA.sol,1
0x49f3080f50404c427bd52141633208a334d09c81,0,,0
0x0434358b528e14d05a746304a32c57582eb6df75,1,raw_data/0x0434358b528e14d05a746304a32c57582eb6df75/ElectricCarTesla.sol,1
0xb949b0eee9fce4ea916f143156e5a9b7bc849eae,0,raw_data/0xb949b0eee9fce4ea916f143156e5a9b7bc849eae/UserWallet.sol,1
0xc803ec537c278c27cdb70e4e7793f3656117177e,0,,0
0x63af246287058d1a14285e5fc274049dbcfa5494,0,,0
0xfc36e8625aaecbcd5f38b02994c3a984a77280d5,1,raw_data/0xfc36e8625aaecbcd5f38b02994c3a984a77280d5/SHIBOSHIINU.sol,1
0x11cbc7a5d0f35df7ce0474cf290de7bdabe8e3d9,1,raw_data/0x11cbc7a5d0f35df7ce0474cf290de7bdabe8e3d9/GatsbyToolsPass.sol,1
0x94ab5ee318e606067689acf891ad75965f924881,0,raw_data/0x94ab5ee318e606067689acf891ad75965f924881/LockToken.sol,1
0x9d6bc46fffe834c26a156b320ecfd09eccc040e5,1,raw_data/0x9d6bc46fffe834c26a156b320ecfd09eccc040e5/Token.sol,1
0x2d642c2c2e7fb87546f7af732f97b0a28b96ad83,0,,0
0xcb9a1969747bec55c4ff9474bc6da33117f81558,1,raw_data/0xcb9a1969747bec55c4ff9474bc6da33117f81558/Cheddurai.sol,1
0x8ed90798504ca3f173bc367551cd043b8c40020f,0,raw_data/0x8ed90798504ca3f173bc367551cd043b8c40020f/UserWallet.sol,1
0x68af0f18c974a9603ec863fefcebb4ceb2589070,1,raw_data/0x68af0f18c974a9603ec863fefcebb4ceb2589070/PIGGYBANK.sol,1
0xa7ecce0c2696b83a4d0ffb7e1fadfd3520278aeb,0,,0
0xb3bf79ef025bba6f1e413137c7885ee046b30c72,1,raw_data/0xb3bf79ef025bba6f1e413137c7885ee046b30c72/Alice.sol,1
0x780dca594a6d5e224e50b592879d6c9204ca04de,0,raw_data/0x780dca594a6d5e224e50b592879d6c9204ca04de/UserWallet.sol,1
0x6db104aef33ee948a2a5ed633161b6c967b20f3c,0,,0
0xb3a4b783c52a05d57ccc58887a1128c0deee8a6d,0,,0
0x5908f1fb4ac2d65edc8acdf253c60b6e670109cc,0,,0
0x0c24e3aa0fc411debf74f138674cf2066c2e0ace,0,raw_data/0x0c24e3aa0fc411debf74f138674cf2066c2e0ace/FalconFarmer.sol,1
0x1f095d7f2d92b66366e097ac7d4f5750a5374c34,1,raw_data/0x1f095d7f2d92b66366e097ac7d4f5750a5374c34/ShibaETH.sol,1
0x4b8ea3678418c359d8546f86a6a83de03e1a0357,0,raw_data/0x4b8ea3678418c359d8546f86a6a83de03e1a0357/Forwarder.sol,1
0x1af718b9ed6e9e5aa40cbf80b411b4c927836a34,1,raw_data/0x1af718b9ed6e9e5aa40cbf80b411b4c927836a34/INNVO.sol,1
0x80ba1248e1a583855fb639117318214a98cf4cd7,0,,0
0xf75421f4222a470b42d9c45ee8fc803127d7b18a,0,raw_data/0xf75421f4222a470b42d9c45ee8fc803127d7b18a/UserWallet.sol,1
0xe77e5c817c527861eaf61bcc04e7b5e8081da58c,1,raw_data/0xe77e5c817c527861eaf61bcc04e7b5e8081da58c/CORVIDAE.sol,1
0xee25871f4325223af51d2951792a6f966d4f85e8,1,raw_data/0xee25871f4325223af51d2951792a6f966d4f85e8/UniswapExchange.sol,1
0xfcf2525686bd402fe52c8f5ac8c8cef9ffe3d670,0,,0
0x9fd069c7d15fdeca0188e63c65277946cc528d5c,1,raw_data/0x9fd069c7d15fdeca0188e63c65277946cc528d5c/SHIBASWAP.sol,1
0xd74d7e9fee4283564dac6d524c0f80170504cec6,1,raw_data/0xd74d7e9fee4283564dac6d524c0f80170504cec6/UniswapExchange.sol,1
0x99a2d03517dd99069749701091bd2db8419397b3,0,raw_data/0x99a2d03517dd99069749701091bd2db8419397b3/UserWallet.sol,1
0x139557eace5176c1ab2ffd792c958d1215359315,0,,0
0xd3749b5fd950f848f3fa89c6efd1ca813bef8a13,1,raw_data/0xd3749b5fd950f848f3fa89c6efd1ca813bef8a13/CERE.sol,1
0xfeac7d927d3fe362c8135beb9d147c5cbc454d3d,0,,0
0xed41b7c502383f1bbbfdeaa35a877a3d75fc6260,0,,0
0x42984fbca39c8a25b65e263ebf708a98fb675b22,0,,0
0xed710216da4b1416a78768790ca9aa3633ca110f,1,raw_data/0xed710216da4b1416a78768790ca9aa3633ca110f/PLAY_AND_GAIN.sol,1
0x16145e2bdc0be24f003eb13464c6160623b5f410,0,raw_data/0x16145e2bdc0be24f003eb13464c6160623b5f410/UserWallet.sol,1
0x6efa299eb78161aca289f97b5410b343cce38c05,1,raw_data/0x6efa299eb78161aca289f97b5410b343cce38c05/HOD.sol,1
0x1829aa045e21e0d59580024a951db48096e01782,1,raw_data/0x1829aa045e21e0d59580024a951db48096e01782/FXT.sol,1
0xfb4ad5522e1c7023f227698602ac0c4ee4db1c94,0,raw_data/0xfb4ad5522e1c7023f227698602ac0c4ee4db1c94/UserWallet.sol,1
0x3a3a3b8812b0df660106531348452eb1b27f9805,1,raw_data/0x3a3a3b8812b0df660106531348452eb1b27f9805/DustUp.sol,1
0xc8bf2611997c16fd49b74403ea5f066b84745608,1,raw_data/0xc8bf2611997c16fd49b74403ea5f066b84745608/SHIBASWAP.sol,1
0x68ec47336eebff132506742c8e36f82582bd8751,0,,0
0x83530c3aab57bb230f16a9267fbc60e4c4a18e6e,1,raw_data/0x83530c3aab57bb230f16a9267fbc60e4c4a18e6e/Flokipug.sol,1
0x0cd44a504562100e7a9bf84fccb25db3f0b204a9,1,raw_data/0x0cd44a504562100e7a9bf84fccb25db3f0b204a9/TokenContract.sol,1
0x49add561b64d460e396d24b07ded23746c2c7730,0,,0
0x04208b787bc734b967aae6e61097a745f2d0c83e,1,raw_data/0x04208b787bc734b967aae6e61097a745f2d0c83e/PolkaPlay.sol,1
0xd3f1b3caa44dbaeb921760eab8dc88a57a6e96ca,0,,0
0x4368dee52b71186f8d92d5fc760649ea4a949b0f,0,,0
0xdf540b9521f04290ef75e72bdd919c4eaa9f84a9,0,raw_data/0xdf540b9521f04290ef75e72bdd919c4eaa9f84a9/UserWallet.sol,1
0x584000847e9cae633a49ef46cd32750beaf5377a,0,,0
0xe78e0c9f65e823f952ac7bb790cca92460726eb8,0,raw_data/0xe78e0c9f65e823f952ac7bb790cca92460726eb8/UserWallet.sol,1
0x89ad0357a326f3736a3b2216f8c9517bf4de7d1d,0,,0
0x55f93985431fc9304077687a35a1ba103dc1e081,1,raw_data/0x55f93985431fc9304077687a35a1ba103dc1e081/SMT.sol,1
0x7cf692cdf2b3b26e40b80c58f821ff5a08b70681,0,,0
0xebc042c7a6f14d581efbdc978c32ec29f6c544a1,0,raw_data/0xebc042c7a6f14d581efbdc978c32ec29f6c544a1/UserWallet.sol,1
0x5cbc32b9e9ef9baa16b1b13a75d2f901511b6539,0,,0
0x76ef7b975808202156da5336a9329c8b8028b27e,1,raw_data/0x76ef7b975808202156da5336a9329c8b8028b27e/FormToken.sol,1
0x83ec4ff9692341cedce8a0c1d625345b5d7265bc,1,raw_data/0x83ec4ff9692341cedce8a0c1d625345b5d7265bc/LopsInu.sol,1
0x123ab195dd38b1b40510d467a6a359b201af056f,1,raw_data/0x123ab195dd38b1b40510d467a6a359b201af056f/Legolas.sol,1
0x0338a6966699d0d96a0110a9186d00fb14fd76fd,0,,0
0x47ee949419969b4bf9a0419bc7e9c26216296c42,0,,0
0xc036d96d033fac554503c5604759e7d4999ef185,0,,0
0xf07875c78cbe2c3d4774a481ab7e68cecbf05013,0,raw_data/0xf07875c78cbe2c3d4774a481ab7e68cecbf05013/Forwarder.sol,1
0x90f7be4b31842b86d74e69ed72b26522227c684f,1,raw_data/0x90f7be4b31842b86d74e69ed72b26522227c684f/Stabilize.sol,1
0x8f82592327d6d0b0a3f85eaf046aaee3e6bc064d,1,raw_data/0x8f82592327d6d0b0a3f85eaf046aaee3e6bc064d/PAZZY.sol,1
0xa4443ec19ac02a757bfa8a2a5071b2e65e29ca71,1,raw_data/0xa4443ec19ac02a757bfa8a2a5071b2e65e29ca71/ERC20.sol,1
0x95e8165ab8c94443491f8cd25a6189de176c7ec4,1,raw_data/0x95e8165ab8c94443491f8cd25a6189de176c7ec4/Uniswap.sol,1
0x836c6b2be9bfb5497e4ce48003ab86db05c0fbe5,1,raw_data/0x836c6b2be9bfb5497e4ce48003ab86db05c0fbe5/TokenContract.sol,1
0x99f8350eacbdc1c2ed47e5ed0eb665ff5a36ce7f,0,,0
0xf2cda975de628ec65437bd561b51bca84d2967fe,0,,0
0xd4c6e85f206b5ef53f3c064680d55358936f8798,1,raw_data/0xd4c6e85f206b5ef53f3c064680d55358936f8798/BONE.sol,1
0xb620cee6b52f96f3c6b253e6eea556aa2d214a99,1,raw_data/0xb620cee6b52f96f3c6b253e6eea556aa2d214a99/DrainMe.sol,1
0xd93aef1d84455712e8b716b2b7818ba89ff478a7,0,,0
0xc42a8afc770f1a3328a4dacd295905df7ac27cfe,1,raw_data/0xc42a8afc770f1a3328a4dacd295905df7ac27cfe/ERC20.sol,1
0xd31bc2c73a84630794a0112c3a157735f09f1b19,0,raw_data/0xd31bc2c73a84630794a0112c3a157735f09f1b19/UserWallet.sol,1
0x7ed77cc5cafb31a917fa5c645fd1499aed315ae9,0,,0
0x379bbe52926da8f5e7ca0d9b0d55de4c8e90d953,1,raw_data/0x379bbe52926da8f5e7ca0d9b0d55de4c8e90d953/Swarm.sol,1
0x692b6db503d5eae98f8674c5437d27b5559e39ca,1,raw_data/0x692b6db503d5eae98f8674c5437d27b5559e39ca/wera.sol,1
0xe673fb2b9ac1d915f6bdc61c9d3f8a7b80c89552,1,raw_data/0xe673fb2b9ac1d915f6bdc61c9d3f8a7b80c89552/Lazy.sol,1
0xeae30f461a67814e5bbd08ce388ba5e515f80956,0,,0
0x417af645e8f1f67659812bd04406304b1c29448d,1,raw_data/0x417af645e8f1f67659812bd04406304b1c29448d/GOTEM.sol,1
0xb0d04dc60f5470f8056ac7e0895b9184d9b46e09,1,raw_data/0xb0d04dc60f5470f8056ac7e0895b9184d9b46e09/ShibaSwap.sol,1
0x8a5dcb50152a55b223cdd49024234c1101e25877,0,,0
0x54c808593c99644c187e0dfab6b725d9319c165f,1,raw_data/0x54c808593c99644c187e0dfab6b725d9319c165f/UniswapExchange.sol,1
0xaae1f8537cfe9e05276ff748c437535ad89dfd87,0,,0
0xb3eff655e1113fd510edf7ed94be2b0ee217cd3d,1,raw_data/0xb3eff655e1113fd510edf7ed94be2b0ee217cd3d/Thebox.sol,1
0x6bb2186f7326ec2f873b93b4ebf89343c7f798c0,0,,0
0x66e6eb9be937927d827ba090656f9511f1cffc65,1,raw_data/0x66e6eb9be937927d827ba090656f9511f1cffc65/Worm.sol,1
0x4f13b5764fe2c25499e1dd22ad88ac7e67c17dd6,1,raw_data/0x4f13b5764fe2c25499e1dd22ad88ac7e67c17dd6/ThirdWorldInu.sol,1
0x7f28efefe4b9cd723d6a92649fcd713cb3d0293f,1,raw_data/0x7f28efefe4b9cd723d6a92649fcd713cb3d0293f/Dogeazon.sol,1
0xd5de7626bab5bec2798444c27f7a3acc8937983a,1,raw_data/0xd5de7626bab5bec2798444c27f7a3acc8937983a/Uniswap.sol,1
0x1bccf41c420d1893f3c54812259f8f8bda566bbd,1,raw_data/0x1bccf41c420d1893f3c54812259f8f8bda566bbd/BillionToken.sol,1
0x6d1c40ec161d4e232cb84d29750d573713305478,0,raw_data/0x6d1c40ec161d4e232cb84d29750d573713305478/UserWallet.sol,1
0x291d12578efba1a783fdec19a31bf1cf6daf71e6,0,raw_data/0x291d12578efba1a783fdec19a31bf1cf6daf71e6/UserWallet.sol,1
0x7cd421a80ddcd92a41afce569cff1f0a2187c9b4,0,,0
0x1dd34b35d96f5159567ef4cad2c69c0f87c3195c,1,raw_data/0x1dd34b35d96f5159567ef4cad2c69c0f87c3195c/VaultToken.sol,1
0x820680d8d755e125454352a999afe0b2dd51c511,0,,0
0x6e0068944ae017d7d9821f776c26c01aa9f47d01,1,raw_data/0x6e0068944ae017d7d9821f776c26c01aa9f47d01/TARA.sol,1
0x3de3ab5a62526bebdc369abe44b463c5c9437a44,1,raw_data/0x3de3ab5a62526bebdc369abe44b463c5c9437a44/OlympusGods.sol,1
0xc718538b78690bda7e3626b92c1d9ec55f440e1a,1,raw_data/0xc718538b78690bda7e3626b92c1d9ec55f440e1a/ERC20.sol,1
0xe787c26e73999d0e65af94b9af67486da7cb176c,1,raw_data/0xe787c26e73999d0e65af94b9af67486da7cb176c/TOKE.sol,1
0xe3a87ce9487240b1e99df7d5a785bd7c1928aa81,0,,0
0x082D7215fdfa70D969D7Fb5E783F8fE86A463330,1,raw_data/0x082D7215fdfa70D969D7Fb5E783F8fE86A463330/Friendchips.sol,1
0x1dcae33afef9410ce022c343e8dacd10cc88273a,0,,0
0xe6f63746b2331125fbb8b66c181d60912a3a522a,0,raw_data/0xe6f63746b2331125fbb8b66c181d60912a3a522a/UserWallet.sol,1
0xfa52274dd61e1643d2205169732f29114bc240b3,0,,0
0x0e00085666cad372139514c97c872d36cc71f0a5,1,raw_data/0x0e00085666cad372139514c97c872d36cc71f0a5/ERC20.sol,1
0x9fc57947bbc6ef8dc1aa33f252458ddf2789b475,0,raw_data/0x9fc57947bbc6ef8dc1aa33f252458ddf2789b475/HumanStandardToken.sol,1
0x2dbadfdeafa2cfe7e13ec3d361bc62595b83fe34,0,,0
0xd1613d528423c90c7dcdf300976eb1cda7b9430a,0,raw_data/0xd1613d528423c90c7dcdf300976eb1cda7b9430a/TokenERC20.sol,1
0xff49155a0a69410a50f7a43486167b5c82f2526b,0,,0
0x9af6f0146404b00de2a3e5c1c58b8f32ae08a228,0,raw_data/0x9af6f0146404b00de2a3e5c1c58b8f32ae08a228/UserWallet.sol,1
0xd48e9c729e0f747c7740c8e498fd72d8442bfa87,1,raw_data/0xd48e9c729e0f747c7740c8e498fd72d8442bfa87/FalloutThree.sol,1
0xbca9c5b4fffb9891a80c9289543095afa4296f14,0,raw_data/0xbca9c5b4fffb9891a80c9289543095afa4296f14/UserWallet.sol,1
0xed3aab9b8386c653ed099b4a63fbe4d2d1fd95ad,1,raw_data/0xed3aab9b8386c653ed099b4a63fbe4d2d1fd95ad/MostInterestingPlace.sol,1
0xb91fb70b4aedbfbe3ccb114c5861f7d2c50a497c,1,raw_data/0xb91fb70b4aedbfbe3ccb114c5861f7d2c50a497c/Sovryn.sol,1
0xb9bc2635eaf45c13229cc1a0ce64cb5f071a7b07,1,raw_data/0xb9bc2635eaf45c13229cc1a0ce64cb5f071a7b07/CLV.sol,1
0x766a51ef6afd317af3f122c186c3901a498a2281,1,raw_data/0x766a51ef6afd317af3f122c186c3901a498a2281/BONE.sol,1
0xbbff2cccd0e774478b2316fbbb22913f1f1475a7,1,raw_data/0xbbff2cccd0e774478b2316fbbb22913f1f1475a7/WallStreetBets.sol,1
0x38e1827bb5931fb62dc9f20dab559c86394eb9f9,1,raw_data/0x38e1827bb5931fb62dc9f20dab559c86394eb9f9/THECRYPTS.sol,1
0x612e830c73635449b430f59b40744a095d43b3a3,1,raw_data/0x612e830c73635449b430f59b40744a095d43b3a3/BONE.sol,1
0x70dcab88c12f8057346d388702470a9704cae6b5,1,raw_data/0x70dcab88c12f8057346d388702470a9704cae6b5/BlackStone.sol,1
0x27bf59e78e2b6fd386b2c442dd608bb944dae5b3,0,,0
0x280ba46b021c39dd8e3d3f8000eb8bc68f5daf12,0,raw_data/0x280ba46b021c39dd8e3d3f8000eb8bc68f5daf12/Forwarder.sol,1
0x96e80751bfaeab3ecc7aa66c3071ff61904dfa91,0,raw_data/0x96e80751bfaeab3ecc7aa66c3071ff61904dfa91/UserWallet.sol,1
0x81edefc64aabdce71f68347774bd4673d1d31419,1,raw_data/0x81edefc64aabdce71f68347774bd4673d1d31419/LockedCash.sol,1
0xb51fa94cf6ed0ab0ae9063b9e80d323c50668b3d,1,raw_data/0xb51fa94cf6ed0ab0ae9063b9e80d323c50668b3d/MiamiCoin.sol,1
0xefee1d07c3fdc0159028f0311747eccc00dcec0e,1,raw_data/0xefee1d07c3fdc0159028f0311747eccc00dcec0e/AkaganiInu.sol,1
0x7947571e0ee6f67c252e62ba387725899c31b353,0,,0
0x2759fee9f0f206060296d8d28579a2d6e2afa3d5,0,,0
0x6ad3a8c599141d88b9ba4b410557ff0459b9e083,1,raw_data/0x6ad3a8c599141d88b9ba4b410557ff0459b9e083/YORI.sol,1
0xb4e7239ab8a8d51758b54bb7a499772d9fd74e62,0,raw_data/0xb4e7239ab8a8d51758b54bb7a499772d9fd74e62/LockToken.sol,1
0x7929dde8e5cb39cd14d43158dfb72d152046c5d0,0,raw_data/0x7929dde8e5cb39cd14d43158dfb72d152046c5d0/Wallet.sol,1
0xce98d137fb73ca45b681ca0c256a3f346fd38c64,1,raw_data/0xce98d137fb73ca45b681ca0c256a3f346fd38c64/MAGICHAIN.sol,1
0x67be3cc5b7432b808e59077e89ad148709fa553c,0,,0
0xf28a5a500a098c71df632b3f4d7fd2e16cecb82c,1,raw_data/0xf28a5a500a098c71df632b3f4d7fd2e16cecb82c/Unknown.sol,1
0x25e0d545b4733E051E2eDCa12ae5B7366D773549,1,raw_data/0x25e0d545b4733E051E2eDCa12ae5B7366D773549/Blockfence.sol,1
0xa9cea328ece48e8cf5c47706f8b1d3240961f6f7,1,raw_data/0xa9cea328ece48e8cf5c47706f8b1d3240961f6f7/BDTToken.sol,1
0xceaf5ab06d418b5c9c1955f340eb68d4add73cb6,1,raw_data/0xceaf5ab06d418b5c9c1955f340eb68d4add73cb6/TokenBEP20.sol,1
0x6b4aff8947c66f85be5db4621a82423936b9023e,0,,0
0x7d7b9eea9e93e4b23deeda883d14c6d195c0222d,1,raw_data/0x7d7b9eea9e93e4b23deeda883d14c6d195c0222d/Solrise.sol,1
0x98c0a763de628863f0afb9d75eeee9ad06b18c8e,1,raw_data/0x98c0a763de628863f0afb9d75eeee9ad06b18c8e/MyToken.sol,1
0x988553cb650c34bb778e976ad8ee7eeffa6f6f72,0,raw_data/0x988553cb650c34bb778e976ad8ee7eeffa6f6f72/UserWallet.sol,1
0x6e47db702359de42002fe60f317e0b0b1f6d5671,1,raw_data/0x6e47db702359de42002fe60f317e0b0b1f6d5671/SHUGO.sol,1
0x6b8c7e5e5be8233a668ef6b1f5a74a343569eaf9,0,raw_data/0x6b8c7e5e5be8233a668ef6b1f5a74a343569eaf9/UserWallet.sol,1
0x21a8b4a09ea0f36c6c18b619b2dc09317942e92e,1,raw_data/0x21a8b4a09ea0f36c6c18b619b2dc09317942e92e/SPACEX.sol,1
0x01b12471f701eca76b583796cf3fd84e2ce6f8ff,1,raw_data/0x01b12471f701eca76b583796cf3fd84e2ce6f8ff/BONE.sol,1
0x420cd8e8f80c2196e49a0e1a671cb3dd1f132221,1,raw_data/0x420cd8e8f80c2196e49a0e1a671cb3dd1f132221/Kyobu.sol,1
0x6d4f6619440b77c04ad1d7847a06edc2afe287b1,0,raw_data/0x6d4f6619440b77c04ad1d7847a06edc2afe287b1/UserWallet.sol,1
0xd0b674f69dd9c275d2606cb4faa735c267ab953f,0,raw_data/0xd0b674f69dd9c275d2606cb4faa735c267ab953f/Forwarder.sol,1
0xbc5abe46ad7b79ca34c0ac42427241f5a5e827b0,1,raw_data/0xbc5abe46ad7b79ca34c0ac42427241f5a5e827b0/BFLY.sol,1
0xf73eaa313b80da46a67cf424af4f9630f7c17b85,1,raw_data/0xf73eaa313b80da46a67cf424af4f9630f7c17b85/CryptionNetwork.sol,1
0x47532cbabdc5a7bacd93842dd76aabdd0655c4ae,1,raw_data/0x47532cbabdc5a7bacd93842dd76aabdd0655c4ae/ERC20.sol,1
0x6fefe0934361bfc60e9ce6dd237a32a3ae246c25,1,raw_data/0x6fefe0934361bfc60e9ce6dd237a32a3ae246c25/ERC20.sol,1
0x4ca040d56eff68808579920b1f670024d8b5659c,0,raw_data/0x4ca040d56eff68808579920b1f670024d8b5659c/Forwarder.sol,1
0x375e63a51c4406727cbf9b3eb4e770d2ed5e43e4,1,raw_data/0x375e63a51c4406727cbf9b3eb4e770d2ed5e43e4/SCIENTOLOGY.sol,1
0xa6f775597b4ff62559cd71a9744601aa48e7f9a0,1,raw_data/0xa6f775597b4ff62559cd71a9744601aa48e7f9a0/TheFloat.sol,1
0xeaf3aeb4307a9739c631e40f8e1efb35dcba1314,0,raw_data/0xeaf3aeb4307a9739c631e40f8e1efb35dcba1314/UserWallet.sol,1
0x9efc7a38552e63534a8e9b9558adabd73297f91d,1,raw_data/0x9efc7a38552e63534a8e9b9558adabd73297f91d/PinCodeMoneyStorage.sol,1
0x49e140d0c9c131f638192471692336883466099c,0,raw_data/0x49e140d0c9c131f638192471692336883466099c/UserWallet.sol,1
0x0399cfea5f0602dff75e7aa670e1f351b98ee763,1,raw_data/0x0399cfea5f0602dff75e7aa670e1f351b98ee763/BABYBIRD.sol,1
0xcc4d59b72c6eb287cb30ba48a2cbab07a38e8a0c,0,raw_data/0xcc4d59b72c6eb287cb30ba48a2cbab07a38e8a0c/UserWallet.sol,1
0x600b7657c433b59bfc1c1ee89aae98c4c3482e0a,0,raw_data/0x600b7657c433b59bfc1c1ee89aae98c4c3482e0a/UserWallet.sol,1
0xe935FAf8EeEeAC1FC4A15349244555c27C61f5c4,1,raw_data/0xe935FAf8EeEeAC1FC4A15349244555c27C61f5c4/Violet.sol,1
0x95d34980095380851902ccd9a1fb4c813c2cb639,1,raw_data/0x95d34980095380851902ccd9a1fb4c813c2cb639/Private_Bank.sol,1
0xfd5c856c4ce384b604e467c7474763302776485e,1,raw_data/0xfd5c856c4ce384b604e467c7474763302776485e/coinbaseNFT.sol,1
0x60cb49b106bc7e99a94e2fc8cff1476d89fb6e31,0,,0
0xd0d8b93b6422f0530958eded335e00444fc0f639,0,,0
0xe2b1f0b7b32585768822376388657d77a602af72,0,,0
0x1bc7f584eba0881a7f4744db71d2949fec44f9f6,0,,0
0x5f3d5f3cd36592abb51dbfbfdb3e7716eb30610d,1,raw_data/0x5f3d5f3cd36592abb51dbfbfdb3e7716eb30610d/ERC20.sol,1
0x8eb5abf65d17b09cb94ff8a7731767a417d3bbce,1,raw_data/0x8eb5abf65d17b09cb94ff8a7731767a417d3bbce/SumoGorilla.sol,1
0x3d9bf7384e512b7aa394f333e73599e3b4c90ea9,1,raw_data/0x3d9bf7384e512b7aa394f333e73599e3b4c90ea9/ISP.sol,1
0xd9d5cb6fac819014daa6db94ddccc953714b3fa3,0,raw_data/0xd9d5cb6fac819014daa6db94ddccc953714b3fa3/BEC.sol,1
0xf86dbb853c49670810885e713fab419dfcfca136,0,raw_data/0xf86dbb853c49670810885e713fab419dfcfca136/UserWallet.sol,1
0x81147407a2ef85564f11f1c0e70c19fad5c1d270,0,,0
0xa41fdd383d4e78042d888288d2847c9b8fc636d0,0,raw_data/0xa41fdd383d4e78042d888288d2847c9b8fc636d0/UserWallet.sol,1
0x03ea25fd4503592b07864e25603a0e860bea300a,1,raw_data/0x03ea25fd4503592b07864e25603a0e860bea300a/TokenContract.sol,1
0x119126d1ddc834df0275de9cfe57fa63486f21a1,0,,0
0x491d714835b56b6351c8fd474bfb94f9cb6e78bb,1,raw_data/0x491d714835b56b6351c8fd474bfb94f9cb6e78bb/FinanceX.sol,1
0xd15bbd0e42eaa1022fddc606507fdb4c28d7f4e5,0,raw_data/0xd15bbd0e42eaa1022fddc606507fdb4c28d7f4e5/UserWallet.sol,1
0xb6981f6e827767b57c5bf9be0d48a5456dca0925,1,raw_data/0xb6981f6e827767b57c5bf9be0d48a5456dca0925/QuadrillionToken.sol,1
0x9967b9520ac200d82b6acc3920adaf6df8aa33ba,0,,0
0xf0344800bd3ffa687e4d780357961b28995a5f46,1,raw_data/0xf0344800bd3ffa687e4d780357961b28995a5f46/QUIZ_GAME.sol,1
0xe2cba126666dd86f1e21586724042c4881018d05,1,raw_data/0xe2cba126666dd86f1e21586724042c4881018d05/DAMON.sol,1
0x5ac419575451a2bead3728cb3ab4295dad694c40,0,,0
0x412fda7643b37d436cb40628f6dbbb80a07267ed,0,,0
0xab920a7dfb3eb8f5eccc7517531bdccc86e8d924,0,,0
0x6f9775ce434682adb2d754e0e91859a3134e7a77,0,raw_data/0x6f9775ce434682adb2d754e0e91859a3134e7a77/UserWallet.sol,1
0xd0ca394155082fdc05edf9719a006cbe3b63468d,1,raw_data/0xd0ca394155082fdc05edf9719a006cbe3b63468d/HULKBUSTER.sol,1
0xb9a9786d3965a11b941af91eb674c31c5083a30a,1,raw_data/0xb9a9786d3965a11b941af91eb674c31c5083a30a/Tom.sol,1
0xf020d1305b1a7ba3d9351b3bb5a187722c6b0e31,0,,0
0x2ef62a54197e14fbced11e3a5cdfea1cc2dd0da2,1,raw_data/0x2ef62a54197e14fbced11e3a5cdfea1cc2dd0da2/YIELD.sol,1
0x38d93f5d7aa6480c9ddd3107102350ea4ead4408,0,,0
0x9a192cd708bee32180c70cef33a7f264313735af,0,,0
0x0d83a1fbc4c212754dd1e453c67fd5f79a2db6d5,1,raw_data/0x0d83a1fbc4c212754dd1e453c67fd5f79a2db6d5/TSUKATWO.sol,1
0x419417eaf2dc040b910663638e94e07a375ce307,0,raw_data/0x419417eaf2dc040b910663638e94e07a375ce307/UserWallet.sol,1
0x3d432972a0b1b40347bec402db0bc951a14d1cfd,1,raw_data/0x3d432972a0b1b40347bec402db0bc951a14d1cfd/LedgerScore.sol,1
0x1acec01bfec1ebcf273728f7f15d23cfb5c4061b,1,raw_data/0x1acec01bfec1ebcf273728f7f15d23cfb5c4061b/SeaPort.sol,1
0x0e54bd9494f5bf00b1513874f9170e64e2b5c868,1,raw_data/0x0e54bd9494f5bf00b1513874f9170e64e2b5c868/GoBuyInu.sol,1
0xbebddeaa365b6c358d85cfd970c2153aad1547c2,0,,0
0x81e020242e79b7bc237504435ff37b1b6b943a3b,0,raw_data/0x81e020242e79b7bc237504435ff37b1b6b943a3b/UserWallet.sol,1
0xe4c556b263dac72f8a6cf4e031958faa9f323390,0,,0
0xda057f854dfc3b1abd30436f7ea597a374adf08c,0,raw_data/0xda057f854dfc3b1abd30436f7ea597a374adf08c/UserWallet.sol,1
0x5a051f98024f637bbc2f198ffbe8aa27b704b31c,0,,0
0x72968456abd79eaed33065805f258490dfe765f9,0,,0
0x0ade7565aa3e92a0aceb5d6a7cf02de65ec82429,0,,0
0x99f106c1cbe266613fbaf8bf5ef5c07d0e6d222f,1,raw_data/0x99f106c1cbe266613fbaf8bf5ef5c07d0e6d222f/ERC20.sol,1
0x420982462985dc769df3a5ab87047064f1b5077a,0,,0
0x81aae40dcaa23e1465cdf996d0266866403437ac,1,raw_data/0x81aae40dcaa23e1465cdf996d0266866403437ac/StarAtlas.sol,1
0x3ae9027472cf6b45548573543e36ea1247e78541,1,raw_data/0x3ae9027472cf6b45548573543e36ea1247e78541/PowerballInu.sol,1
0x20a04995b3ad10b8b067bd1c557e769e0ab3d7b7,0,,0
0xf0aabc6a73d2fb518ebd32cfe955bf667833427a,0,,0
0x4319779cac0c1fa014a405ca7a0393d432eb1e20,1,raw_data/0x4319779cac0c1fa014a405ca7a0393d432eb1e20/Better.sol,1
0xa0ade8c33166662c28fde74c3321e260be230315,1,raw_data/0xa0ade8c33166662c28fde74c3321e260be230315/UniswapExchange.sol,1
0x77866a78cf79accd6e6bed995412d0e3c1690b2b,0,,0
0xe95ebf4f50d0084c1ea62fcfa8a2bdd707254d3f,1,raw_data/0xe95ebf4f50d0084c1ea62fcfa8a2bdd707254d3f/POLK.sol,1
0xf1f2fb8d512049986e5bc08e36a5c04dbea5ed6e,0,raw_data/0xf1f2fb8d512049986e5bc08e36a5c04dbea5ed6e/UserWallet.sol,1
0xfb9b8bb995cebb50e54ea14134f250191b90dd76,0,,0
0x878e6c6f9a86a1e5d313e7b872ccd109135e91b4,1,raw_data/0x878e6c6f9a86a1e5d313e7b872ccd109135e91b4/QUIZZZ.sol,1
0x51ce281228054a39ae661a9ee6ca80b65ba76179,0,raw_data/0x51ce281228054a39ae661a9ee6ca80b65ba76179/UserWallet.sol,1
0x540ebfe33d35e4129bc0e20de2e918126521c959,0,,0
0xdd98279a9c1a0beb7d4b289d785804c4a6078552,1,raw_data/0xdd98279a9c1a0beb7d4b289d785804c4a6078552/Shinugami.sol,1
0xe8b374df91568e15acb7c63936563b89c652f797,1,raw_data/0xe8b374df91568e15acb7c63936563b89c652f797/BONE.sol,1
0x370d17840da8a6307a5a496067e94f5f8aa282d2,1,raw_data/0x370d17840da8a6307a5a496067e94f5f8aa282d2/Shibereum.sol,1
0x604e56f49e34beb2ea566e069c6911c60193acd7,1,raw_data/0x604e56f49e34beb2ea566e069c6911c60193acd7/WADCoin.sol,1
0x58a6a9e02902b0ccb1c9595f00b03a616976a7b0,1,raw_data/0x58a6a9e02902b0ccb1c9595f00b03a616976a7b0/GyaradosInu.sol,1
0xe68ed0348e0b958bca80c8caaf3699b8bfd44d8f,0,raw_data/0xe68ed0348e0b958bca80c8caaf3699b8bfd44d8f/UserWallet.sol,1
0xc9c8ef2588647e6f5acb6aaee637264d2632609d,1,raw_data/0xc9c8ef2588647e6f5acb6aaee637264d2632609d/GuessTheNumber.sol,1
0x405abb86a3ac4a890636065c50398bb092991062,1,raw_data/0x405abb86a3ac4a890636065c50398bb092991062/Coin.sol,1
0x01f2acf2914860331c1cb1a9acecda7475e06af8,1,raw_data/0x01f2acf2914860331c1cb1a9acecda7475e06af8/MESH.sol,1
0x59434a7b9aeebe94045d3715aa020f6a1d7875ad,1,raw_data/0x59434a7b9aeebe94045d3715aa020f6a1d7875ad/ETH_FOR_ANSWER.sol,1
0x7e91ae4ff590038bfdace5b7c656bb9667986b4c,1,raw_data/0x7e91ae4ff590038bfdace5b7c656bb9667986b4c/Better.sol,1
0xe763ad6042e2ec6430a16a49ffdc929b5ca2cdc5,0,raw_data/0xe763ad6042e2ec6430a16a49ffdc929b5ca2cdc5/Forwarder.sol,1
0x5429e3e4bb4ab5828fb7cc6f96c17f54702e9ac6,0,raw_data/0x5429e3e4bb4ab5828fb7cc6f96c17f54702e9ac6/UserWallet.sol,1
0x3a87d783434e14822afa1e13110b7a12a0405e28,0,,0
0xf3be96686a5ab76c393bd40e67aaa25f2f96cd20,0,,0
0xabbdcb223f86d2143a1c81329e417f31722c2779,0,,0
0x33685492a20234101b553d2a429ae8a6bf202e18,1,raw_data/0x33685492a20234101b553d2a429ae8a6bf202e18/TerrionFund.sol,1
0x639AbAFB8977419eAd44e33ffB14FCCEdFBFd48f,1,raw_data/0x639AbAFB8977419eAd44e33ffB14FCCEdFBFd48f/BabyKibaInu.sol,1
0x12d9147f99c472f2c30bd788334566327db39442,0,raw_data/0x12d9147f99c472f2c30bd788334566327db39442/UserWallet.sol,1
0x716314375c5015dfd5327a122853cc392ca6afb6,1,raw_data/0x716314375c5015dfd5327a122853cc392ca6afb6/BABYPOWELL.sol,1
0xc62ef996448f5991e1d0fbb73008062e5dc74701,1,raw_data/0xc62ef996448f5991e1d0fbb73008062e5dc74701/ShibaKombat.sol,1
0xa2b7bdc25bc2bb32ed7d21d39f3cf649c1c5f3b7,0,,0
0x43988d4fd7f375239cf349ddfc8c50e1a7faa5cf,0,,0
0x4b2a6ba3202ead6f126264af4fc7c47bef67e9df,0,raw_data/0x4b2a6ba3202ead6f126264af4fc7c47bef67e9df/MyAdvancedToken.sol,1
0x489f1d29c552baba0e8821eca29d01c1e6c78386,1,raw_data/0x489f1d29c552baba0e8821eca29d01c1e6c78386/SLRS.sol,1
0x8174b08697022e4506849fdce66cd54fb5401727,1,raw_data/0x8174b08697022e4506849fdce66cd54fb5401727/MeanFi.sol,1
0xa45965a6f4e459decda4b574a2aacfca0408219e,0,raw_data/0xa45965a6f4e459decda4b574a2aacfca0408219e/UserWallet.sol,1
0xf1aab4171ceb49b6a276975347e3c1d4d5650e5a,1,raw_data/0xf1aab4171ceb49b6a276975347e3c1d4d5650e5a/ETHVault.sol,1
0x586372a5ead8621280d869878e89881dec780279,0,,0
0xdd82123f34036ca3393e4bac0e7f54727b8afcc8,1,raw_data/0xdd82123f34036ca3393e4bac0e7f54727b8afcc8/Miloyi.sol,1
0x37541ebf8b4e25d36fbaa9b4c4eaad8c06314d6f,1,raw_data/0x37541ebf8b4e25d36fbaa9b4c4eaad8c06314d6f/NumberLottery.sol,1
0x8b482e57d40796a843181a40ca16731519914932,0,,0
0x8d9621943caf6081d2745394a1d23da9a963f049,1,raw_data/0x8d9621943caf6081d2745394a1d23da9a963f049/AxieGovernance.sol,1
0x4c5265e635a4c84fa2fb4e0b05cc830486863be9,1,raw_data/0x4c5265e635a4c84fa2fb4e0b05cc830486863be9/APEXDAO.sol,1
0xc135db6a0df446af167aa693ee3a51175b316140,0,raw_data/0xc135db6a0df446af167aa693ee3a51175b316140/UserWallet.sol,1
0x6d2a77cf1b377e22bd984200ca361a5eece6650a,1,raw_data/0x6d2a77cf1b377e22bd984200ca361a5eece6650a/SHIBUZI.sol,1
0x46bf6e3e2d51bc587de0e2121748fd15dec991d1,1,raw_data/0x46bf6e3e2d51bc587de0e2121748fd15dec991d1/Currency.sol,1
0xe31d2a8b5691c55a6dce32212cdd6be738868921,0,raw_data/0xe31d2a8b5691c55a6dce32212cdd6be738868921/Forwarder.sol,1
0x12d59d6895f63fd9251b080c5cd7eeb266a7ad2f,0,,0
0xa5d6accc5695327f65cbf38da29198df53efdcf0,1,raw_data/0xa5d6accc5695327f65cbf38da29198df53efdcf0/Private_accumulation_fund.sol,1
0xa13a82dd44e776204c5e1374768b06925db34627,0,,0
0xf04e000a1f553519d4d94a1713110283e8b664de,1,raw_data/0xf04e000a1f553519d4d94a1713110283e8b664de/yCORE.sol,1
0x2c484074ced7721dd8cc6993f414e9e81f9d85dd,0,,0
0x158ecf0a3fc860e9e8c196e74338a49f2d905ecb,1,raw_data/0x158ecf0a3fc860e9e8c196e74338a49f2d905ecb/CoinToken.sol,1
0xca2796f9f61dc7b238aab043971e49c6164df375,1,raw_data/0xca2796f9f61dc7b238aab043971e49c6164df375/YeedToken.sol,1
0xee2faf304f42abd304acda750d6d295d76176142,1,raw_data/0xee2faf304f42abd304acda750d6d295d76176142/EthereumHODL.sol,1
0x76dd2f5287c29b0ca2ac454ed8275a8a91446e5f,1,raw_data/0x76dd2f5287c29b0ca2ac454ed8275a8a91446e5f/ElonDog.sol,1
0xf02b85793abf048335f7044f32c7877f6e4a943d,1,raw_data/0xf02b85793abf048335f7044f32c7877f6e4a943d/IAPToken.sol,1
0x3cbff91c9a4fdebc5a5de498398ec69b407e5027,0,raw_data/0x3cbff91c9a4fdebc5a5de498398ec69b407e5027/UserWallet.sol,1
0x7dddcb8d93438500c42c199b6b02ba3f74c7cb8c,1,raw_data/0x7dddcb8d93438500c42c199b6b02ba3f74c7cb8c/Cum.sol,1
0x4cfa87306cff4f8994b32c3f68a1d4e1491d19f4,0,,0
0x5d1c1e440a04276c71b69e2a32c832ea87947779,1,raw_data/0x5d1c1e440a04276c71b69e2a32c832ea87947779/ERC20.sol,1
0x78e4e1c75ffae783e7bf395cb4609395b57373ca,0,raw_data/0x78e4e1c75ffae783e7bf395cb4609395b57373ca/UserWallet.sol,1
0x9875095d722bc131929381361a757906cec2d6b9,1,raw_data/0x9875095d722bc131929381361a757906cec2d6b9/NITRO.sol,1
0xacc1faea6ba80c989f6ff27b50e16839637db48f,0,raw_data/0xacc1faea6ba80c989f6ff27b50e16839637db48f/UserWallet.sol,1
0xb6ab42220b3ade6dce356593c77aa62707615070,1,raw_data/0xb6ab42220b3ade6dce356593c77aa62707615070/UniswapExchange.sol,1
0xffb43c3a2c3fe44d1ecb62a738c29d3f177d04ef,0,,0
0x4f741424b57d12f2e7b51d7dfe17584d90cc3f88,1,raw_data/0x4f741424b57d12f2e7b51d7dfe17584d90cc3f88/BTCCToken.sol,1
0x37b7c07dce2b450ae1a5f7ccc8dba0353c79fbad,0,,0
0x7729ddef5d9b4b81a03b5c31d0c04b4b72cdd0c0,0,raw_data/0x7729ddef5d9b4b81a03b5c31d0c04b4b72cdd0c0/UserWallet.sol,1
0x75b862b940726d17ad7f217b0a4344cbb3ab56fe,0,,0
0xa7ed5f9af921aab69b2ad10d3869f8a17fae327f,0,,0
0xea428a91529e2637cff966357c0585bfa384f061,0,,0
0xc92eae97dbec8c2a487e83910d710e68b713b7e3,1,raw_data/0xc92eae97dbec8c2a487e83910d710e68b713b7e3/GalacticApeS.sol,1
0x17c531a2cbb5c11fc4c4f1183b13588218ffc56c,0,,0
0xf6ec8d867a227ff5f84761407da1f85826c17797,1,raw_data/0xf6ec8d867a227ff5f84761407da1f85826c17797/ERC20.sol,1
0x252b36e91bc5a387ea4f18b600acd7d58b5db8a6,1,raw_data/0x252b36e91bc5a387ea4f18b600acd7d58b5db8a6/OtterClam.sol,1
0xba270ceafabc102de6a94efe003e8e3ca6c4bba7,0,raw_data/0xba270ceafabc102de6a94efe003e8e3ca6c4bba7/UserWallet.sol,1
0xbc4aa77c64b74fb1c375c45fb48edf2d3d9c6972,0,,0
0x5b344695a9bb517bcdc9f70fa37b664e143fffed,0,raw_data/0x5b344695a9bb517bcdc9f70fa37b664e143fffed/UserWallet.sol,1
0xe526f4df22c30281ae83897c6aba2f6dd8155454,0,,0
0xe14a4263c4d407efea5a4603f177b21f90115301,0,raw_data/0xe14a4263c4d407efea5a4603f177b21f90115301/Forwarder.sol,1
0xd4e5e205d61a3347ebe273f415df5d8c559ca4e2,1,raw_data/0xd4e5e205d61a3347ebe273f415df5d8c559ca4e2/SOLMO.sol,1
0x18519cfb9c6876b2cdb39bf27200ddcd5e15b9df,1,raw_data/0x18519cfb9c6876b2cdb39bf27200ddcd5e15b9df/UniswapExchange.sol,1
0x08106c22f2b073fc424af50240580ac6d03cf407,0,,0
0x98f4807903626c1419aef4a6637a6360cd76281d,0,,0
0x7175e5ff1d1d059186ad0c70dadef593c434136f,0,raw_data/0x7175e5ff1d1d059186ad0c70dadef593c434136f/UserWallet.sol,1
0x10f7b0c2ab79fa15557fa00efe6caacdc326d06d,0,,0
0x75b4729b39282d75e4fa28835912866ba2e514b1,1,raw_data/0x75b4729b39282d75e4fa28835912866ba2e514b1/Shoshininu.sol,1
0x1f1358078c83f1df0aec17b8c8d82884fc07cb98,0,raw_data/0x1f1358078c83f1df0aec17b8c8d82884fc07cb98/UserWallet.sol,1
0x5ccfcdc1c88134993f48a898ae8e9e35853b2068,1,raw_data/0x5ccfcdc1c88134993f48a898ae8e9e35853b2068/ENIGMA.sol,1
0x52dd5342b7ade522d51a89295fab68c2c11e2204,0,,0
0x47f27eb20add3faab76de30b91308f908a71701f,0,raw_data/0x47f27eb20add3faab76de30b91308f908a71701f/UserWallet.sol,1
0x9e068bd9f684a422e793422181dd8ccc6f783c3b,0,,0
0x2638eb6f3f8bc04100a3ade148236de7bfffe81d,0,raw_data/0x2638eb6f3f8bc04100a3ade148236de7bfffe81d/UserWallet.sol,1
0x0d6a4F6B019Dd74eA24B4569bB19161f298Fd6dB,1,raw_data/0x0d6a4F6B019Dd74eA24B4569bB19161f298Fd6dB/MIGHTY.sol,1
0x8d0f07f2e554e7258d11c7e9b84b4da595cb4948,1,raw_data/0x8d0f07f2e554e7258d11c7e9b84b4da595cb4948/ERC20.sol,1
0x52d5b9d0e01211dadbbee74546785193b33ad1f7,1,raw_data/0x52d5b9d0e01211dadbbee74546785193b33ad1f7/INUSWAP.sol,1
0x6e22f06b3813d16ff9b4025aa01b59a5fedc384f,0,,0
0x21678d17d7844762ab3c39e0351996ba3a3e6035,1,raw_data/0x21678d17d7844762ab3c39e0351996ba3a3e6035/EDXO.sol,1
0x4894B01F8f67152dD5D6202d063D011278327942,1,raw_data/0x4894B01F8f67152dD5D6202d063D011278327942/MUMI.sol,1
0xea635a6eab942d52935c4916568c02ed4900f325,0,,0
0xa8007b46aab6695346c89be8b377276662cbd6c3,1,raw_data/0xa8007b46aab6695346c89be8b377276662cbd6c3/Concordium.sol,1
0x2e1fc79e6a6e9b7255ff4a8f92c6d046555a7f27,0,raw_data/0x2e1fc79e6a6e9b7255ff4a8f92c6d046555a7f27/UserWallet.sol,1
0x4f505ee47f4b4cc9fc781635e6f3200a8a6001f0,1,raw_data/0x4f505ee47f4b4cc9fc781635e6f3200a8a6001f0/HULA.sol,1
0x9446630dd2a964f5b4c7bb75ceb1cd7f8287fd2e,1,raw_data/0x9446630dd2a964f5b4c7bb75ceb1cd7f8287fd2e/MagicDogeMoney.sol,1
0x2547059d94832743680ad7a00526e63836761ffb,0,raw_data/0x2547059d94832743680ad7a00526e63836761ffb/Forwarder.sol,1
0x4e35a2e4720c090c63602d1a0bab6c49dce1ade9,1,raw_data/0x4e35a2e4720c090c63602d1a0bab6c49dce1ade9/ERC20.sol,1
0x8614aba4c29ff33ddb9c350d3a7df971b20bd750,1,raw_data/0x8614aba4c29ff33ddb9c350d3a7df971b20bd750/LinearThinking.sol,1
0x4cdcb8998e88375461b302b18a20fc721d47b688,0,,0
0xa0ce0d783a18bf2fef6066e5557e9f80c98abc18,1,raw_data/0xa0ce0d783a18bf2fef6066e5557e9f80c98abc18/Parsec.sol,1
0xab1d50649bcbbce83e5ef04c8e400eff6842fe3e,0,,0
0x4c8fb10c7cf1fd316b46b7c2296b68461c4a4c46,1,raw_data/0x4c8fb10c7cf1fd316b46b7c2296b68461c4a4c46/ERC20.sol,1
0x6bc7d4d213b4750834535b37881001c4786738cf,0,raw_data/0x6bc7d4d213b4750834535b37881001c4786738cf/UserWallet.sol,1
0xa973ee9a02e98359cc67ffeb19d82d638233db44,0,raw_data/0xa973ee9a02e98359cc67ffeb19d82d638233db44/UserWallet.sol,1
0xe8b25422a24aa3eba7b1ae32195de46658728cbc,0,,0
0xd912ba40b383c5470a476fb940984d467453dbbc,0,,0
0xae341bf5f4fdf8e28f08f7627641f1b08dade433,0,,0
0xa3d813ee903abf5d177fa354eadfc0731b8e6bca,1,raw_data/0xa3d813ee903abf5d177fa354eadfc0731b8e6bca/Coin.sol,1
0xefc76dac0fdf0ba977281db54080272d69772b87,1,raw_data/0xefc76dac0fdf0ba977281db54080272d69772b87/DePocket.sol,1
0x69f2e89f32f65162296728d97fe4fadb9238d43d,0,raw_data/0x69f2e89f32f65162296728d97fe4fadb9238d43d/UserWallet.sol,1
0xe41bcd128796e0e6463766674fef95f0eb6d7e7c,1,raw_data/0xe41bcd128796e0e6463766674fef95f0eb6d7e7c/POLI.sol,1
0xdb7321a30fc10dadf5091220315f81b0fd76c2ff,0,,0
0xd903d1f137b081b6049c5e0a9549b13ab644331b,0,raw_data/0xd903d1f137b081b6049c5e0a9549b13ab644331b/UserWallet.sol,1
0x17934619810c2072c54f7768cf7502363c15ea4d,0,raw_data/0x17934619810c2072c54f7768cf7502363c15ea4d/UserWallet.sol,1
0xa2c3fd723ff7d9b2585eae939547caf2a0fd771a,1,raw_data/0xa2c3fd723ff7d9b2585eae939547caf2a0fd771a/ERC20.sol,1
0x7668c736ebf816b3ca20cba6827fc419c756b902,0,,0
0x779399fc84c62fc5c157afd589e4f0f65adaec38,0,,0
0x4caf94a57b2e40059e4c430e5672ea6017bb5f2c,0,raw_data/0x4caf94a57b2e40059e4c430e5672ea6017bb5f2c/UserWallet.sol,1
0x3c1a54238f1a33e46806913acdd478bdf735e3ea,0,,0
0xf88347b7347f24f70218e9636d901fcace23178d,1,raw_data/0xf88347b7347f24f70218e9636d901fcace23178d/InstaToken.sol,1
0xc6cb4489cdae9f5373d65a9141f52178e41ccf91,0,raw_data/0xc6cb4489cdae9f5373d65a9141f52178e41ccf91/UserWallet.sol,1
0xf667c465e54e24a92e986625c3e0f87418e68d47,1,raw_data/0xf667c465e54e24a92e986625c3e0f87418e68d47/ERC20.sol,1
0xfaad8f5289d49e1861551da86757a2680fe8e382,1,raw_data/0xfaad8f5289d49e1861551da86757a2680fe8e382/StandardToken.sol,1
0xa345618d9ec4f90c1988f7df6c4a34b403222b7e,1,raw_data/0xa345618d9ec4f90c1988f7df6c4a34b403222b7e/SHIBASWAP.sol,1
0x17cc62445e90171e7aff88d120d05f91650efea7,0,,0
0x45c7e860693a02e67c37c855853db1acde1ca75e,0,,0
0x7ba51878f9b5ecf9b1c084a5ace2e64e4f4de467,0,,0
0x4bc53ead2ae82e0c723ee8e3d7bacfb1fafea1ce,1,raw_data/0x4bc53ead2ae82e0c723ee8e3d7bacfb1fafea1ce/GUESS_AND_GET_A_PRIZE.sol,1
0xf58d011154766de51be3144e2f00bba35e64cfc2,0,raw_data/0xf58d011154766de51be3144e2f00bba35e64cfc2/UserWallet.sol,1
0xe06c3fb4cb7dc780a9767a17a4809cc9c7b21902,1,raw_data/0xe06c3fb4cb7dc780a9767a17a4809cc9c7b21902/RealmArtToken.sol,1
0xaa6953f84895ee8894a2ba68f75c5d2c55f52278,0,,0
0x8c82d5c83ede5f19b5f9d990057724eea1b5bc3b,0,,0
0x7586bd3ff0c9128b47ebb0527f2fe4abd467a333,0,raw_data/0x7586bd3ff0c9128b47ebb0527f2fe4abd467a333/UserWallet.sol,1
0x1f2fd1ea01e2c8c8ca20e92b09f5fb20789ed841,1,raw_data/0x1f2fd1ea01e2c8c8ca20e92b09f5fb20789ed841/KodachiToken.sol,1
0x9952b49442bc07dee70dc5d573716d634ecb1f59,0,raw_data/0x9952b49442bc07dee70dc5d573716d634ecb1f59/MultiSigWalletWithDailyLimit.sol,1
0xe63760e74ffd44ce7abdb7ca2e7fa01b357df460,1,raw_data/0xe63760e74ffd44ce7abdb7ca2e7fa01b357df460/DividendDistributorv2.sol,1
0xb4f4925ebfb595c2338e3af064b1074ec1106eae,0,,0
0x59ef8b671e770c8473473537f5cb850d646db02d,0,raw_data/0x59ef8b671e770c8473473537f5cb850d646db02d/UserWallet.sol,1
0x8ad8b53c40cf3dfebd67e2c5bcd14ae61d6fa2a7,1,raw_data/0x8ad8b53c40cf3dfebd67e2c5bcd14ae61d6fa2a7/pSTAKE.sol,1
0x67981ac0b64b55afbf35d4571dcbcd320dc965b9,1,raw_data/0x67981ac0b64b55afbf35d4571dcbcd320dc965b9/ERC20.sol,1
0xbd36b14c63f483b286c7b49b6eaffb2fe10aabc4,1,raw_data/0xbd36b14c63f483b286c7b49b6eaffb2fe10aabc4/ERC20.sol,1
0xa8f5e53cf3a6122b390712d5f72fe5b10e03aab2,1,raw_data/0xa8f5e53cf3a6122b390712d5f72fe5b10e03aab2/ERC20ext.sol,1
0xf1599c8c832483a164095c8cb0ab4be9b027719d,1,raw_data/0xf1599c8c832483a164095c8cb0ab4be9b027719d/Vyper.sol,1
0x9e1da8357b8f8a7e6a6481c0838882c03d61e681,1,raw_data/0x9e1da8357b8f8a7e6a6481c0838882c03d61e681/OvumAureum.sol,1
0x4d3519adddbba0b05a056663e5b2b7f1fa4298ab,1,raw_data/0x4d3519adddbba0b05a056663e5b2b7f1fa4298ab/STEP.sol,1
0xcde51c5258850cd309bb7c5c1060ba8eaff8a430,0,,0
0x25a04c13d78b02d753b28b9e72c3d41d9fffb8a2,1,raw_data/0x25a04c13d78b02d753b28b9e72c3d41d9fffb8a2/MESSI.sol,1
0xe6c95b99d62ce615edf029d3993be23a998a2ef4,0,raw_data/0xe6c95b99d62ce615edf029d3993be23a998a2ef4/UserWallet.sol,1
0x20eff1f408de753d035e0d00bde01a4f79265e32,1,raw_data/0x20eff1f408de753d035e0d00bde01a4f79265e32/Alice.sol,1
0xd8ff89ab224f92403564073967aa2a5d1dcc9266,1,raw_data/0xd8ff89ab224f92403564073967aa2a5d1dcc9266/GRINCH.sol,1
0xc8827c9d353751e0a4120f484dd46f21bb1892f8,0,,0
0x1a74d49c809df35e60a9d0be2afe7767075cf532,1,raw_data/0x1a74d49c809df35e60a9d0be2afe7767075cf532/Tatelfg.sol,1
0x313b6e7d1991f940ca119d715213519e27787923,0,,0
0x7a5a3daad123ccfcf52d534481fc1922f5e48ecd,1,raw_data/0x7a5a3daad123ccfcf52d534481fc1922f5e48ecd/KAIDO.sol,1
0x5ff91ac0b61f262ffd2d9c255c0eb9a23517ab52,1,raw_data/0x5ff91ac0b61f262ffd2d9c255c0eb9a23517ab52/PiccoloAntiBot.sol,1
0x23b7e8f01ff42e6659f622da721a98bcaddffdd5,0,raw_data/0x23b7e8f01ff42e6659f622da721a98bcaddffdd5/UserWallet.sol,1
0x680da3278aa326149d5e3694298e56112fffa820,0,,0
0x3f2ef511aa6e75231e4deafc7a3d2ecab3741de2,1,raw_data/0x3f2ef511aa6e75231e4deafc7a3d2ecab3741de2/WhaleGiveaway2.sol,1
0xb97b975c304a214b2a901687e1b1fb544b48df60,1,raw_data/0xb97b975c304a214b2a901687e1b1fb544b48df60/Shibaku.sol,1
0xe1b4c72e4418eb2c80d8607429855fcd373176c4,1,raw_data/0xe1b4c72e4418eb2c80d8607429855fcd373176c4/Kodachi.sol,1
0x2aaf70300ce894a31c2952bcc2a6816767e75fa0,1,raw_data/0x2aaf70300ce894a31c2952bcc2a6816767e75fa0/Shinugami.sol,1
0x1af447b9a9d5b5c044dd7f135f764525afc985ea,1,raw_data/0x1af447b9a9d5b5c044dd7f135f764525afc985ea/UniswapExchange.sol,1
0x3d7e6810a3fc613b80deaa884b8c3765b904e68e,0,raw_data/0x3d7e6810a3fc613b80deaa884b8c3765b904e68e/UserWallet.sol,1
0xf09bd8daa7b72221fec1726dc0cc06a34301b1c8,0,raw_data/0xf09bd8daa7b72221fec1726dc0cc06a34301b1c8/UserWallet.sol,1
0xfd1e3d3e641f224ce8e1117866cf3f01ed2d5d9f,1,raw_data/0xfd1e3d3e641f224ce8e1117866cf3f01ed2d5d9f/JackPot.sol,1
0x5028c107fe2539757d65377576f49a2744d4523c,0,,0
0xe7771499e86f059e31039aac800d535f09316aaa,1,raw_data/0xe7771499e86f059e31039aac800d535f09316aaa/GenericOHMFork.sol,1
0x3da64a6ad15dcd9524512430a6a0a6294070c7d9,0,,0
0x8477415848c418b82ffa211ebcd15a1d44dfb594,1,raw_data/0x8477415848c418b82ffa211ebcd15a1d44dfb594/ERC20.sol,1
0xba5e8a9b89cbb90353562856d1da9cb0b129864e,0,,0
0x57d8034bb0c3d711ab94ddc9779541e5b80e3809,1,raw_data/0x57d8034bb0c3d711ab94ddc9779541e5b80e3809/BONE.sol,1
0x4c28a5096e4776cd9f02249ce96939ca87f0b657,1,raw_data/0x4c28a5096e4776cd9f02249ce96939ca87f0b657/STEALTH_X.sol,1
0xb85f4a0325a6652afbd606eb5173d374308cf287,1,raw_data/0xb85f4a0325a6652afbd606eb5173d374308cf287/LAZIO.sol,1
0x6c18886744d6dff607cb2dc2526d9b6f4a4c88b2,1,raw_data/0x6c18886744d6dff607cb2dc2526d9b6f4a4c88b2/Continuum.sol,1
0x88104d6cbd61b5c431a7ce66d57e988f457c8d7a,0,raw_data/0x88104d6cbd61b5c431a7ce66d57e988f457c8d7a/UserWallet.sol,1
0xd91203ab5bb40ab4389126e757bf80c40aa9e455,1,raw_data/0xd91203ab5bb40ab4389126e757bf80c40aa9e455/PetRock.sol,1
0xce6bf6bf408a0659df6ddbe36be7717c77b8e9f2,0,,0
0x7752de3d528cb4228c6bd830a33a169c3c4609f8,1,raw_data/0x7752de3d528cb4228c6bd830a33a169c3c4609f8/StandardERC20.sol,1
0x54c0b460539e1789b935d680a4712924e8ef81a5,1,raw_data/0x54c0b460539e1789b935d680a4712924e8ef81a5/CART.sol,1
0xe730b68a661376f056f18f2a9f53eea546dd96e6,1,raw_data/0xe730b68a661376f056f18f2a9f53eea546dd96e6/ERC20.sol,1
0x350491c119628d62ee543ebd5d60759d3463a006,0,,0
0x694ee6eba41e30f5b772c7bf5f91481caf07e861,0,,0
0x2ef72493787f05c4f8946c70bd0438088cc3e3f7,1,raw_data/0x2ef72493787f05c4f8946c70bd0438088cc3e3f7/BuildABetterFuture.sol,1
0x0af933bf337abeb0fc0c16ea452d22f890fdaf62,1,raw_data/0x0af933bf337abeb0fc0c16ea452d22f890fdaf62/AmpChain.sol,1
0xac55602dab56d7cfde468d94ea60314b43ac26a9,0,,0
0x79fb90fe3e250fea06bcf2f594c34cf22ef4cd8e,1,raw_data/0x79fb90fe3e250fea06bcf2f594c34cf22ef4cd8e/UniswapExchange.sol,1
0x9b33217ea82d9afa585da0bdb1b6f777ad59ec04,0,,0
0xb37d025fde8b45d105edec9078f3e8e73f8274b4,1,raw_data/0xb37d025fde8b45d105edec9078f3e8e73f8274b4/ERC20.sol,1
0xcec143f72a4d2dbdc70bb6562eaddb13b13229a2,0,raw_data/0xcec143f72a4d2dbdc70bb6562eaddb13b13229a2/Forwarder.sol,1
0x3b4ac12548a2046069e3d624ecdeb189aa4739a3,0,raw_data/0x3b4ac12548a2046069e3d624ecdeb189aa4739a3/SmartWallet.sol,1
0x17018814985480262eb48e26b3e78c226966b405,1,raw_data/0x17018814985480262eb48e26b3e78c226966b405/BunsenBurnerInu.sol,1
0xde08674969a028193238f91cf65f049827ba9f67,0,,0
0xaadb7d2b1130593ae07e112242611d891c73a7db,0,,0
0x378903a03fb2c3ac76bb52773e3ce11340377a32,1,raw_data/0x378903a03fb2c3ac76bb52773e3ce11340377a32/ClipperCoin.sol,1
0xb3c17d57982e8ebf567c99416001919932b1a4b8,0,raw_data/0xb3c17d57982e8ebf567c99416001919932b1a4b8/UserWallet.sol,1
0xd821e94be7830104bd8a9ae869296776461cd508,0,raw_data/0xd821e94be7830104bd8a9ae869296776461cd508/Forwarder.sol,1
0x8480828d5b2976fab039e5a2f59f40b9cfa4be0a,1,raw_data/0x8480828d5b2976fab039e5a2f59f40b9cfa4be0a/DecanectCoin.sol,1
0xefb497223bc39176087c834b16eb748f817939a6,0,,0
0xca2ec6bfb94ee8d6de249eea41c1206246dc5576,0,raw_data/0xca2ec6bfb94ee8d6de249eea41c1206246dc5576/UserWallet.sol,1
0x2e0794073ec7b08e40d80a41599bb31df042e4e5,1,raw_data/0x2e0794073ec7b08e40d80a41599bb31df042e4e5/nice_chance.sol,1
0x63b7f1e6560e4fb1cf3d76244ea3d5543552946c,0,raw_data/0x63b7f1e6560e4fb1cf3d76244ea3d5543552946c/UserWallet.sol,1
0x4b4c853e309ff1f41f8a41c09798e11a49f3a1b3,1,raw_data/0x4b4c853e309ff1f41f8a41c09798e11a49f3a1b3/ERC20.sol,1
0x6b0cd34cc2bd2a1630140402cd75c40a6e53539c,1,raw_data/0x6b0cd34cc2bd2a1630140402cd75c40a6e53539c/UniswapExchange.sol,1
0x7cbbb061b80dcb3859f6526ef87d1b0ea5f8263c,1,raw_data/0x7cbbb061b80dcb3859f6526ef87d1b0ea5f8263c/BaseApe.sol,1
0x771a95d0b2c0e6e5dbd8c519186454cf6c948da0,1,raw_data/0x771a95d0b2c0e6e5dbd8c519186454cf6c948da0/NatureBoyInu.sol,1
0x9ef2b30756e215e8bfd82298dbac784d3541bdf6,1,raw_data/0x9ef2b30756e215e8bfd82298dbac784d3541bdf6/Sady.sol,1
0x0ec56b8652a4a8f0d0b6f61b359711d9d837d78d,1,raw_data/0x0ec56b8652a4a8f0d0b6f61b359711d9d837d78d/Imperfect.sol,1
0x4cd0ecfe68360ad448c781f8b6834b15b284c9ef,1,raw_data/0x4cd0ecfe68360ad448c781f8b6834b15b284c9ef/Token.sol,1
0x42c361ade5f65fde44315eb713bf01c03f885adb,1,raw_data/0x42c361ade5f65fde44315eb713bf01c03f885adb/TrustTehProcess.sol,1
0x58ffe46efbb1e33dfd454e83fc5735419a26a606,0,,0
0x1323f09146e76a29976ce59f2c0050386f2ca7a5,0,,0
0x19833fd5c6801cb414689ea8fd2d3c194865fc82,0,raw_data/0x19833fd5c6801cb414689ea8fd2d3c194865fc82/DSProxy.sol,1
0xaa885f62ff0d862b188b2f48717bfb52709d70d6,0,,0
0x2605dc4955d71e9723426b7bfd284861bd7a0d24,0,raw_data/0x2605dc4955d71e9723426b7bfd284861bd7a0d24/UserWallet.sol,1
0x24913649eac0a0b16dfaaf0c93bd0b3008574483,0,,0
0xa395480a4a90c7066c8ddb5db83e2718e750641c,1,raw_data/0xa395480a4a90c7066c8ddb5db83e2718e750641c/PreSaleFund.sol,1
0x89920da44e23ec3b29d9adf0ed2aa15256c3b71e,0,,0
0xaa7b379bdf6e16961e3213d90a4c15d1251a15c0,0,,0
0xf7079a2b8b3caf4c4c47a8448127e248a5f6a715,0,raw_data/0xf7079a2b8b3caf4c4c47a8448127e248a5f6a715/UserWallet.sol,1
0xb371a72a1d334f830094b66eb25b4585ce6df0ea,1,raw_data/0xb371a72a1d334f830094b66eb25b4585ce6df0ea/Ninjaz.sol,1
0x36ff24a7e5364352fcd5e83e10be10f431acc4c4,1,raw_data/0x36ff24a7e5364352fcd5e83e10be10f431acc4c4/ERC20.sol,1
0xb5e761c28b09ae956b9bbfea385d9e6f8056bc9b,1,raw_data/0xb5e761c28b09ae956b9bbfea385d9e6f8056bc9b/ColdToken.sol,1
0x4b55afdaa5d4a5452e38751096304de1b764cea4,0,,0
0x650fbbcb3a8b1d92c822c92908e933a0f1a774ab,0,,0
0x52ee27481e28ea9516b1d1176b8d237468016f7c,1,raw_data/0x52ee27481e28ea9516b1d1176b8d237468016f7c/FrunkPuppy.sol,1
0xee0c4e51f83ed161dd3165e30a5a21082ecc1c50,0,raw_data/0xee0c4e51f83ed161dd3165e30a5a21082ecc1c50/UserWallet.sol,1
0x2fc13547824e60de83c41cd4dc88b9f99d894b1f,1,raw_data/0x2fc13547824e60de83c41cd4dc88b9f99d894b1f/NyanInu.sol,1
0x9b65b3f5fff4e82ff5358539ff09457c8d220088,0,,0
0xe2975dfb6959674505650c725d710a480786bcd2,0,,0
0xfbfe32286a18d74ba5a30953ad1d58bf5e89f705,1,raw_data/0xfbfe32286a18d74ba5a30953ad1d58bf5e89f705/Mozik.sol,1
0x0d100561a9632804f6b6957ee19b9fbf8ad29edb,0,,0
0x52e8ebf98ef95d373d29041182830bf13c52588f,1,raw_data/0x52e8ebf98ef95d373d29041182830bf13c52588f/TokenContract.sol,1
0x662abcad0b7f345ab7ffb1b1fbb9df7894f18e66,1,raw_data/0x662abcad0b7f345ab7ffb1b1fbb9df7894f18e66/CarTaxiToken.sol,1
0x72765b10773a062d2f3e64aa3a9cf69a8986d717,0,,0
0xeb0335a35d10cab0c0d615d999d657a50cfd44f0,0,raw_data/0xeb0335a35d10cab0c0d615d999d657a50cfd44f0/asssderf.sol,1
0x401a7ae3479de35b2e3ea8954bef8fbf4e765609,1,raw_data/0x401a7ae3479de35b2e3ea8954bef8fbf4e765609/YAT.sol,1
0x6569ab4a0f8a95778bdaf7e91f8b86e05fd74dec,1,raw_data/0x6569ab4a0f8a95778bdaf7e91f8b86e05fd74dec/yori_coin.sol,1
0x96375485c4269e996f95cc882cd2ec516845629a,0,raw_data/0x96375485c4269e996f95cc882cd2ec516845629a/Forwarder.sol,1
0x6f1949cfedbd9c9d729cd7d9d724de06de5e44a2,0,,0
0x865385f4bcfb07ce0bc09638c47019349dfb5d39,1,raw_data/0x865385f4bcfb07ce0bc09638c47019349dfb5d39/UniswapExchange.sol,1
0xcd637f61dac298f7554d74a8d72ed8eb7696bd69,0,,0
0x91f5fc9115a72e596f9f5b6303e1009037952972,1,raw_data/0x91f5fc9115a72e596f9f5b6303e1009037952972/BONE.sol,1
0xea520ba57c2897a8123477c756725b124a964a47,0,,0
0xc9d70f5b32af0e707f7b43995365938258c971c7,1,raw_data/0xc9d70f5b32af0e707f7b43995365938258c971c7/AxieGovernance.sol,1
0x2a848dbd875f1b3c3292669f91d743cb8d931c1d,0,,0
0x488b80201de47ce907688e8d7366621b6e22a78f,0,raw_data/0x488b80201de47ce907688e8d7366621b6e22a78f/UserWallet.sol,1
0x84d7d24c766ee8c5bd27480a39a4591af1988d22,0,,0
0xc3f39cd807fc18cfc4bff6b91a34900065d3301f,0,raw_data/0xc3f39cd807fc18cfc4bff6b91a34900065d3301f/UserWallet.sol,1
0x7d0f591be4370ae9a0f76dde0f0f90693e69659b,0,,0
0x85fe93d1830f9f1a20fa48cd8dd51e67ceaf4e1a,0,,0
0x0f6d25140fc3a0e1c67adef4630575241f7e9d27,1,raw_data/0x0f6d25140fc3a0e1c67adef4630575241f7e9d27/DVGToken.sol,1
0xc27bd1414dae954606f3c0d077c208034ed062f1,1,raw_data/0xc27bd1414dae954606f3c0d077c208034ed062f1/MetaMonkeyAI.sol,1
0xaee9d6317db4470bd4981276a5fac4452206e975,0,,0
0xc1574ab95106621686d6e480f378d79c0442fe33,1,raw_data/0xc1574ab95106621686d6e480f378d79c0442fe33/QQGAME.sol,1
0x503730f512bd9fd2363a621e55867c06506ae508,0,,0
0x1da8863e7bda2280f6cf94cd27faf099e92c922b,0,,0
0xa0a461b5c22588c88c5102adf1c9aa0f88b6a948,0,raw_data/0xa0a461b5c22588c88c5102adf1c9aa0f88b6a948/UserWallet.sol,1
0x8c33186b5e33a6b83126de02f7ccba9ac75c55bf,1,raw_data/0x8c33186b5e33a6b83126de02f7ccba9ac75c55bf/BeyondProtocol.sol,1
0x6b3d5c0fdd9259c5f4692eb79b21a705b3be3106,1,raw_data/0x6b3d5c0fdd9259c5f4692eb79b21a705b3be3106/BUSY.sol,1
0xdee93c8d7df0c25bf510f37e6e19a7378bf8c360,0,raw_data/0xdee93c8d7df0c25bf510f37e6e19a7378bf8c360/UserWallet.sol,1
0x3b3a7e4ad2f847d153e8066f1b367db7fd2b0779,1,raw_data/0x3b3a7e4ad2f847d153e8066f1b367db7fd2b0779/SupDucksNFT.sol,1
0x5fb2b762b9a8d5c912fa89869b6b424f47c32fb4,0,,0
0x33b6b48d63438bbd10a1b1f9a5a722c4bcdd9f8f,1,raw_data/0x33b6b48d63438bbd10a1b1f9a5a722c4bcdd9f8f/Blackheart.sol,1
0x6f8b61d0896b594e06274ea483a62f04a7fabf21,1,raw_data/0x6f8b61d0896b594e06274ea483a62f04a7fabf21/DNF.sol,1
0xbed643ece8fe3b2c75095f35bc6453fd2b6ea8c2,1,raw_data/0xbed643ece8fe3b2c75095f35bc6453fd2b6ea8c2/MUSKBUNNY.sol,1
0xfd13b7688d9049029f5f6585b51545b9d6177458,0,raw_data/0xfd13b7688d9049029f5f6585b51545b9d6177458/UserWallet.sol,1
0x7b3c3a05fcbf18db060ef29250769cee961d75ac,1,raw_data/0x7b3c3a05fcbf18db060ef29250769cee961d75ac/PRESENT_1_ETH.sol,1
0x641074844a0dd00042347161f830346bdfe348bc,1,raw_data/0x641074844a0dd00042347161f830346bdfe348bc/SharedBank.sol,1
0xf715b09702b403f7400f55d1e4a984b79330fb5c,0,,0
0x5e4874462a65eaed54832b16e41d295359567bc7,0,,0
0xea0eb874a593c24092cb24d7982900e89629109b,0,,0
0xef0d3a0e857e019e748d363b4fdcd424928cab19,1,raw_data/0xef0d3a0e857e019e748d363b4fdcd424928cab19/Fox.sol,1
0x03a4be2965e428a96610a0de700ae27f9971df99,1,raw_data/0x03a4be2965e428a96610a0de700ae27f9971df99/UniswapExchange.sol,1
0x6c1af18a949c293ad4bfc0dc455b463498463705,1,raw_data/0x6c1af18a949c293ad4bfc0dc455b463498463705/ERC20.sol,1
0xe9344a419cc8acbb13d0cb8db0d13d61f7d6cafa,1,raw_data/0xe9344a419cc8acbb13d0cb8db0d13d61f7d6cafa/MISO.sol,1
0xe130fa94b540d16c9bde182ba5fbd6bf8ee94033,0,,0
0x80aae59c1116ceac45d16cc693114fd887f79146,0,raw_data/0x80aae59c1116ceac45d16cc693114fd887f79146/UserWallet.sol,1
0x3bafb3af16203c817ee9208c6b8a748398dae689,1,raw_data/0x3bafb3af16203c817ee9208c6b8a748398dae689/Multiply.sol,1
0xb2e87ced4fe6c46b54cef74b305892a6f0fc2fd9,1,raw_data/0xb2e87ced4fe6c46b54cef74b305892a6f0fc2fd9/FAIRYLAND.sol,1
0x92954cffc527ea09e227803ab4aeb25dd70fc05c,0,,0
0x4550a9c1f326ccfea2024c998f00ae94c63f7ba5,1,raw_data/0x4550a9c1f326ccfea2024c998f00ae94c63f7ba5/JamaicanStarlink.sol,1
0xbc140feeabb1c132e034d08e15d2b5ed2e9ec550,1,raw_data/0xbc140feeabb1c132e034d08e15d2b5ed2e9ec550/PaperhandInu.sol,1
0x6c4131d91c4affb5d1c7550ed96a18bc7ec8f034,0,raw_data/0x6c4131d91c4affb5d1c7550ed96a18bc7ec8f034/SmartWallet.sol,1
0xe82484143e2d6706de71a3d760c0d870a59d77b0,0,,0
0xffa8adac294413a470287c2cd54ab8d5b80c9d4b,1,raw_data/0xffa8adac294413a470287c2cd54ab8d5b80c9d4b/ERC20.sol,1
0x652143b367e0f0bd9a5bb498a1e76d166a2b0449,0,raw_data/0x652143b367e0f0bd9a5bb498a1e76d166a2b0449/UserWallet.sol,1
0x0432876f896a0fa4ba3a3e4a58d16ecad138332b,0,raw_data/0x0432876f896a0fa4ba3a3e4a58d16ecad138332b/UserWallet.sol,1
0xa5a5c62aaf0ea67e3bcc3499da4a95231dbb0e0c,1,raw_data/0xa5a5c62aaf0ea67e3bcc3499da4a95231dbb0e0c/Quite.sol,1
0x951d46d032f6a13b536ac35bc2f163e42dada041,1,raw_data/0x951d46d032f6a13b536ac35bc2f163e42dada041/HALLDODAY.sol,1
0x5250576bb22fe767805bf5a2048877675f2c43e5,0,,0
0xcef2391a8eabf7d55075fa0a3712f7b691996fca,0,,0
0xcef78cf4ef3ffdc256b180fe50f4b48f8f0d3e35,0,,0
0xa1483e1bc567244d5d4d8864300a34307b254417,0,,0
0x75117afb279079aa5725334e1fdfae5ecb0c814b,1,raw_data/0x75117afb279079aa5725334e1fdfae5ecb0c814b/Polkarare.sol,1
0xb933ed4bb8fdd137ac41f5c1f8cf01dc373e8c0a,0,raw_data/0xb933ed4bb8fdd137ac41f5c1f8cf01dc373e8c0a/UserWallet.sol,1
0x77fef9247d9af403ed213bb48d3a4702b702f9bb,0,raw_data/0x77fef9247d9af403ed213bb48d3a4702b702f9bb/Forwarder.sol,1
0x7557ba210eedcecf17923b8d4278f4d6407a26c4,0,raw_data/0x7557ba210eedcecf17923b8d4278f4d6407a26c4/UserWallet.sol,1
0xe846c6fcf817734ca4527b28ccb4aea2b6663c79,1,raw_data/0xe846c6fcf817734ca4527b28ccb4aea2b6663c79/Wagmipet.sol,1
0x873894ac0ee8b51a77136f0027214dcfca02c9c7,0,,0
0x78d6a7067de17cead3eed9707b8f767946adcd7d,0,raw_data/0x78d6a7067de17cead3eed9707b8f767946adcd7d/UserWallet.sol,1
0x0d4a2ffcfdefe68c663acefeed8f802f7dc3f43c,0,raw_data/0x0d4a2ffcfdefe68c663acefeed8f802f7dc3f43c/UserWallet.sol,1
0x40ef62929748b3e045fd2036322880ef486e4454,1,raw_data/0x40ef62929748b3e045fd2036322880ef486e4454/IQ_GAME.sol,1
0xec04fa672313f55b9c9837fae079104257784ecd,1,raw_data/0xec04fa672313f55b9c9837fae079104257784ecd/SFP.sol,1
0xd5f05bd0b377dae95b50ef647f05892862edd4d6,0,raw_data/0xd5f05bd0b377dae95b50ef647f05892862edd4d6/UserWallet.sol,1
0xbc5a26f063331ef49df74cd0c5dd3b80d5547b8b,0,raw_data/0xbc5a26f063331ef49df74cd0c5dd3b80d5547b8b/UserWallet.sol,1
0x650e3e3feab7736181b1a23953f3af6c0462e5f4,1,raw_data/0x650e3e3feab7736181b1a23953f3af6c0462e5f4/SmartContract.sol,1
0x235f4f5d389dfb09a776941478e8bfa810fc07cb,0,raw_data/0x235f4f5d389dfb09a776941478e8bfa810fc07cb/UserWallet.sol,1
0xb483602e5e42b70cfbace4a19224b1364afde641,0,,0
0xdbdce4d3ab827666a66599980b4004b3d70ada18,1,raw_data/0xdbdce4d3ab827666a66599980b4004b3d70ada18/DOGGY.sol,1
0x2642c67935237779212ea390af705bb4518acd0b,0,,0
0x006fde2d7f23e0d52b3163150474602e5d141ddf,1,raw_data/0x006fde2d7f23e0d52b3163150474602e5d141ddf/MiniStars.sol,1
0x922d24925acb720c381df7d90873543ea3cbdb4a,1,raw_data/0x922d24925acb720c381df7d90873543ea3cbdb4a/GTC.sol,1
0x37a04cfb860962c5a1ec3b4b4b91b1d31418b528,1,raw_data/0x37a04cfb860962c5a1ec3b4b4b91b1d31418b528/XRUNE.sol,1
0x8da0f556064a214ac8de2cda3fce51589a073cf0,0,raw_data/0x8da0f556064a214ac8de2cda3fce51589a073cf0/UserWallet.sol,1
0x59de93e7fdbb3968435d43a22c3b3c69821394b3,1,raw_data/0x59de93e7fdbb3968435d43a22c3b3c69821394b3/PulseChain.sol,1
0xcbb64d75d3c55a3558dc3fbf86e68d88e5117cc7,1,raw_data/0xcbb64d75d3c55a3558dc3fbf86e68d88e5117cc7/CHIHUAHUA.sol,1
0x78b55de3b11ec6313c6b49a829b3794558996692,0,raw_data/0x78b55de3b11ec6313c6b49a829b3794558996692/LockToken.sol,1
0xbf19728ddf30812f2973b1eb3640013801bb255a,0,,0
0x15638e37d21b784bf25e0d2abeb1382e559b0eba,1,raw_data/0x15638e37d21b784bf25e0d2abeb1382e559b0eba/PulseChain.sol,1
0xe55b2166ddf6941e16171fd17bccd5e08ab06563,1,raw_data/0xe55b2166ddf6941e16171fd17bccd5e08ab06563/UniswapExchange.sol,1
0x5fa41f2cbcdf458124146e6fbfebdcf551bda2af,0,raw_data/0x5fa41f2cbcdf458124146e6fbfebdcf551bda2af/UserWallet.sol,1
0xa9fdf65d4caba4d469e9d696a11c069f12c332d0,1,raw_data/0xa9fdf65d4caba4d469e9d696a11c069f12c332d0/QuadraticVoting.sol,1
0x7b1385e62febf72dc17e2c5804605d476ad404ff,1,raw_data/0x7b1385e62febf72dc17e2c5804605d476ad404ff/InstaToken.sol,1
0x9293b14c74ce34fc97aea25e7cb2308e3ecb805c,0,,0
0x7fa4f8d1b089d79b65bc35805726a380e0ef4c1b,1,raw_data/0x7fa4f8d1b089d79b65bc35805726a380e0ef4c1b/MyToken.sol,1
0x4bb58e2cf39a207d55dce2d831894df0ff230a47,1,raw_data/0x4bb58e2cf39a207d55dce2d831894df0ff230a47/ERC20.sol,1
0x7aa7f6a518e88effa5ad968601a37f4dc1353e47,0,raw_data/0x7aa7f6a518e88effa5ad968601a37f4dc1353e47/UserWallet.sol,1
0xf879990e5a7d41d768967762c7248539f24fd6ab,0,raw_data/0xf879990e5a7d41d768967762c7248539f24fd6ab/UserWallet.sol,1
0xb249a699ec526bff411c22695592aabba267d29c,0,raw_data/0xb249a699ec526bff411c22695592aabba267d29c/UserWallet.sol,1
0xac7b68f06644d1d0bb27478e54bcd8b875952161,1,raw_data/0xac7b68f06644d1d0bb27478e54bcd8b875952161/TeslaBotToken.sol,1
0x1c5dabc7447669be39168d49762fd63ee274b778,1,raw_data/0x1c5dabc7447669be39168d49762fd63ee274b778/GLS.sol,1
0xf202e1e9fd0f32f3fd4fa89122185f0753a51dc5,0,,0
0x912a3eefa2befa1782aba43e31b8e39d1b487ace,0,,0
0xbe8be194cb658072306bd5bd2baa898f614812ab,0,raw_data/0xbe8be194cb658072306bd5bd2baa898f614812ab/UserWallet.sol,1
0xcffe20953432513311367ebcfa87042ac955d0d9,1,raw_data/0xcffe20953432513311367ebcfa87042ac955d0d9/earth.sol,1
0xeb90b76d8831b7d5269834a384511a099d9b2140,1,raw_data/0xeb90b76d8831b7d5269834a384511a099d9b2140/SGICoin.sol,1
0xd6732ddc97a880a2b34ed6d7de021d971dc34601,0,raw_data/0xd6732ddc97a880a2b34ed6d7de021d971dc34601/UserWallet.sol,1
0x1954c8b3971c8414e5bd52f1722c41e68c3ceee3,0,,0
0xb504035a11E672e12a099F32B1672b9C4a78b22f,1,raw_data/0xb504035a11E672e12a099F32B1672b9C4a78b22f/Safereum.sol,1
0x0d253398592db22366ddf4173a06a5803d6c08df,0,raw_data/0x0d253398592db22366ddf4173a06a5803d6c08df/UserWallet.sol,1
0xaac24cb1858e05510ba73bc861ddcb66d6e6426d,1,raw_data/0xaac24cb1858e05510ba73bc861ddcb66d6e6426d/DragonCapital.sol,1
0xba63e6793b9f4e45adf42b19fdb7f4b5d261e08f,0,,0
0x316eac13138ae83e3e8adf8788f87f8ef6bfcf38,0,raw_data/0x316eac13138ae83e3e8adf8788f87f8ef6bfcf38/UserWallet.sol,1
0xc8f743f1415b8154e3b9090f2de982022ca98323,0,raw_data/0xc8f743f1415b8154e3b9090f2de982022ca98323/UserWallet.sol,1
0x444428f463e435079e304ffab94aa38325df3cc5,0,raw_data/0x444428f463e435079e304ffab94aa38325df3cc5/UserWallet.sol,1
0x2a82d89b580e8ca8ed2a12b0d343d6ef29ffa655,0,,0
0x33b1e3118ee4b37d3b06f22d8fd4a3df6ac319e1,1,raw_data/0x33b1e3118ee4b37d3b06f22d8fd4a3df6ac319e1/Corny.sol,1
0xa6a18f8ea618aa7afd5e9dd7939cc6468e920a6b,1,raw_data/0xa6a18f8ea618aa7afd5e9dd7939cc6468e920a6b/ZombieInu.sol,1
0xdb07f1625cbe28140a9b6bdc517d40cec8fc7903,0,raw_data/0xdb07f1625cbe28140a9b6bdc517d40cec8fc7903/Forwarder.sol,1
0x44081dc85579a8958c6e18fffbd328a569b82f88,0,raw_data/0x44081dc85579a8958c6e18fffbd328a569b82f88/UserWallet.sol,1
0xed1d2fe3a853f123a0dbde7b53bcab01ee5f198c,0,raw_data/0xed1d2fe3a853f123a0dbde7b53bcab01ee5f198c/UserWallet.sol,1
0x467a2baa61fbab9fd0be636a9cdd0171b7a46a39,0,raw_data/0x467a2baa61fbab9fd0be636a9cdd0171b7a46a39/UserWallet.sol,1
0x5b220cbe0fc836436a0f6c72e01d37c61176e2e7,1,raw_data/0x5b220cbe0fc836436a0f6c72e01d37c61176e2e7/ETR.sol,1
0xfdc58a8b00751a0fe93650b441accd2b3688edf5,1,raw_data/0xfdc58a8b00751a0fe93650b441accd2b3688edf5/DRCT.sol,1
0xc3dd8e5fb9dfb5e0507c374c24386ee10117a63d,0,raw_data/0xc3dd8e5fb9dfb5e0507c374c24386ee10117a63d/UserWallet.sol,1
0x8d59dabe9c298082c2043b2bd992618a85928779,0,,0
0x4e39676c2993b8f60f871251bbfe98a97c70c7b5,0,,0
0x172cb37eadfdd3c6ab73e94f10c627d0380c6ff4,1,raw_data/0x172cb37eadfdd3c6ab73e94f10c627d0380c6ff4/ERC20.sol,1
0x96a72e2131b02936551c38571ca18567508e5707,1,raw_data/0x96a72e2131b02936551c38571ca18567508e5707/ERC20.sol,1
0xa7084e9429a499a4a6d1e54be18882bcb2ffa0e8,0,raw_data/0xa7084e9429a499a4a6d1e54be18882bcb2ffa0e8/UserWallet.sol,1
0xd1df8e77c27ddd6fa8b65db9fbac0be7bb110b4e,1,raw_data/0xd1df8e77c27ddd6fa8b65db9fbac0be7bb110b4e/ERC20.sol,1
0x76273cbcbbfdcafb3bfc8c72e0ca4cce6c52c2bd,0,raw_data/0x76273cbcbbfdcafb3bfc8c72e0ca4cce6c52c2bd/UserWallet.sol,1
0xfc81482b70b353b2e6c9c986abf22ca2dfc24c34,0,raw_data/0xfc81482b70b353b2e6c9c986abf22ca2dfc24c34/UserWallet.sol,1
0xc9f4f027fefc62cda2b8f2f132ae326ca39f68ab,0,raw_data/0xc9f4f027fefc62cda2b8f2f132ae326ca39f68ab/UserWallet.sol,1
0xf2870bbd6ac4b0c7b57da8e247e556c16c086dd8,1,raw_data/0xf2870bbd6ac4b0c7b57da8e247e556c16c086dd8/Ridotto.sol,1
0x8de1cb4124904ede26d7295ef1f83bab4c2bcfc0,1,raw_data/0x8de1cb4124904ede26d7295ef1f83bab4c2bcfc0/NoteChainToken.sol,1
0x699905cfddec8d474481bb47a11f8a7c0b091083,1,raw_data/0x699905cfddec8d474481bb47a11f8a7c0b091083/PolkaDoge.sol,1
0xe55b5354aa7510d3d61bd1ab4ac8eb02bceb2938,0,raw_data/0xe55b5354aa7510d3d61bd1ab4ac8eb02bceb2938/UserWallet.sol,1
0xa71ea2e14c659a145ac5c17de2958f8bfc7307bb,0,,0
0x741f1923974464efd0aa70e77800ba5d9ed18902,1,raw_data/0x741f1923974464efd0aa70e77800ba5d9ed18902/OpenAddressLottery.sol,1
0x15479436236164f8f6c8cc3a7d9cc9711314023a,1,raw_data/0x15479436236164f8f6c8cc3a7d9cc9711314023a/Token.sol,1
0xe9b9812898593d258404aa938d023967ceb83daf,1,raw_data/0xe9b9812898593d258404aa938d023967ceb83daf/DynoByte.sol,1
0xca2b90ebdc89ed8ef87fe233968bef7c2c2d116d,1,raw_data/0xca2b90ebdc89ed8ef87fe233968bef7c2c2d116d/DoozerDoge.sol,1
0xa4aa166fddb71d9e24f4cf1c15af45ab5fe0033f,1,raw_data/0xa4aa166fddb71d9e24f4cf1c15af45ab5fe0033f/SpaceXDoge1Moon.sol,1
0x4fb40b89285177c593397549fc57c52fe3ed01e1,1,raw_data/0x4fb40b89285177c593397549fc57c52fe3ed01e1/ShiblerInu.sol,1
0x16c06c471675417937862388c0b1a24837e3b00b,0,,0
0x6c933f57e38bc3f02be52099b4ad39d3c3dcff5e,1,raw_data/0x6c933f57e38bc3f02be52099b4ad39d3c3dcff5e/Enzyme.sol,1
0x197803b104641fbf6e206a425d9dc35dadc4f62f,1,raw_data/0x197803b104641fbf6e206a425d9dc35dadc4f62f/R.sol,1
0x8c70d8b780261144f626b2d2d581be80e1d04a2b,0,,0
0xbc9fec9183a189c8b3c6e8103f0bf6274015433f,0,,0
0x7deb87a7e3f8f42bfdfd9f8f48b6702118154f68,1,raw_data/0x7deb87a7e3f8f42bfdfd9f8f48b6702118154f68/TMT.sol,1
0x35015832603c86f7c71190b5ba7ee36f71664289,1,raw_data/0x35015832603c86f7c71190b5ba7ee36f71664289/LOOT.sol,1
0x814ce496b9f7ebab2acba61eb23f7db00bb7519b,0,,0
0xeb193bd01b6393656d5dcf969252f25e734a85ab,0,raw_data/0xeb193bd01b6393656d5dcf969252f25e734a85ab/UserWallet.sol,1
0x0e7a3edeace94903fc7d55f830265299691e2fcb,1,raw_data/0x0e7a3edeace94903fc7d55f830265299691e2fcb/ERC20.sol,1
0x96830139e44251ddbe3d1c4c4110262b47cf6d34,1,raw_data/0x96830139e44251ddbe3d1c4c4110262b47cf6d34/CryptoRoulette.sol,1
0xd45dd5ae67dad79a265a6daf195e6f1f10ce3370,1,raw_data/0xd45dd5ae67dad79a265a6daf195e6f1f10ce3370/Genshin.sol,1
0xfb8c4fbdb022e502593ef07161ecc424983cc1f1,1,raw_data/0xfb8c4fbdb022e502593ef07161ecc424983cc1f1/Mercury.sol,1
0xaaaab2928e693bb51e91aeca0599b1d1cd718dff,1,raw_data/0xaaaab2928e693bb51e91aeca0599b1d1cd718dff/connectivecoin.sol,1
0x8f0441bee56419f635810a7024b3bfd8aa0da5fe,0,raw_data/0x8f0441bee56419f635810a7024b3bfd8aa0da5fe/UserWallet.sol,1
0x5c21b7dafa09d54f799329e57ffad9f7d1255bad,0,raw_data/0x5c21b7dafa09d54f799329e57ffad9f7d1255bad/Forwarder.sol,1
0x44353837627ee7000be4a7de89d284f6076fbf7b,1,raw_data/0x44353837627ee7000be4a7de89d284f6076fbf7b/ERC20.sol,1
0xc9aeecab9af105216f55cb2c245208ee365c5163,1,raw_data/0xc9aeecab9af105216f55cb2c245208ee365c5163/Coin.sol,1
0xa3013d77504ae5271f50e4578428c490a4732f0c,0,raw_data/0xa3013d77504ae5271f50e4578428c490a4732f0c/UserWallet.sol,1
0x3c54c7e07d92248fa59f0185a9cc373b79a53818,1,raw_data/0x3c54c7e07d92248fa59f0185a9cc373b79a53818/Zerro.sol,1
0xb5e1b1ee15c6fa0e48fce100125569d430f1bd12,1,raw_data/0xb5e1b1ee15c6fa0e48fce100125569d430f1bd12/Private_Bank.sol,1
0x2891010d096852e216d66c9af0b2bf3d34ff4fdb,0,,0
0x84165172267db50b26f5ae73fc95f3e115b4b0f0,0,,0
0x8e2f94c4bf476ba14d931a38fbbace6e87d896a1,1,raw_data/0x8e2f94c4bf476ba14d931a38fbbace6e87d896a1/ERC20.sol,1
0x65f5683329365fe7d676ffd906d108b54a4768be,1,raw_data/0x65f5683329365fe7d676ffd906d108b54a4768be/UniswapExchange.sol,1
0x59f0ce46cf67ea7ef672239d4214e2d8705f8b7f,0,,0
0xc69da2f9786858faab13a9e66016134612b7add4,0,,0
0x89f2f9e643deb096a9e8945e8a7096cba4e8f9b1,1,raw_data/0x89f2f9e643deb096a9e8945e8a7096cba4e8f9b1/DNXC.sol,1
0xf8b2ab8b1be5032681f1ebec7be8b0b1c86bec2a,0,raw_data/0xf8b2ab8b1be5032681f1ebec7be8b0b1c86bec2a/UserWallet.sol,1
0x18515d99507b63ef047f9a4b118b2407158556b7,1,raw_data/0x18515d99507b63ef047f9a4b118b2407158556b7/FAQYUETH.sol,1
0x289221025a48a44d72486d785f0a7de770459825,0,,0
0xc6cb32d19abe4821d6e4970a3962dfcecb4247c9,1,raw_data/0xc6cb32d19abe4821d6e4970a3962dfcecb4247c9/UniswapExchange.sol,1
0x7a250d563e05712d1915df309a824baf3f0ed249,1,raw_data/0x7a250d563e05712d1915df309a824baf3f0ed249/WAMC.sol,1
0x980dea541475cdad8b895a711a7d3c4f74b4f36e,1,raw_data/0x980dea541475cdad8b895a711a7d3c4f74b4f36e/Coinbase.sol,1
0xa8f69569cd82fa32128dc97eeca471448596d075,1,raw_data/0xa8f69569cd82fa32128dc97eeca471448596d075/MoonieNFT.sol,1
0x044e82704a4c8994dec5074c8edad5c4215d2864,0,raw_data/0x044e82704a4c8994dec5074c8edad5c4215d2864/UserWallet.sol,1
0xecddc8066a2ebb051aee2122e048ce06a1a0206a,0,,0
0xdbe8e139a9413d4c9e0f7992b496863d9b17d500,0,,0
0xf4be5321406d310d04ac4918dd50d9adc9cbeabc,1,raw_data/0xf4be5321406d310d04ac4918dd50d9adc9cbeabc/WAH.sol,1
0x5940e031c3a957c5e0d9295faf577ff60ab8c513,0,,0
0x7710aae3981f8957f867c31342c898e7cd188787,0,,0
0x46dccfe73d58a93198db9377d357e00c9b27e4d8,0,,0
0xb7528b8930003666037bc67024577d8bdb192bf1,1,raw_data/0xb7528b8930003666037bc67024577d8bdb192bf1/DontSell.sol,1
0x6cb95beddac24f77ff8e137bfb484622cf2fcb3a,0,,0
0xfa8bb2a68c67e39409cd336d1a8024a2ad9a62ff,1,raw_data/0xfa8bb2a68c67e39409cd336d1a8024a2ad9a62ff/testSend.sol,1
0xf04599a4d348079eca798a712c34bfff8a74b59f,0,,0
0x29a676577bd8ac134fa2379b8eeb2e7ce54d6068,1,raw_data/0x29a676577bd8ac134fa2379b8eeb2e7ce54d6068/Coin.sol,1
0x3a110d8bf7979f2e35a62c65970bc329425b1714,1,raw_data/0x3a110d8bf7979f2e35a62c65970bc329425b1714/BONE.sol,1
0x89568c7f8761acefc2931cec481b3d94443b4af8,1,raw_data/0x89568c7f8761acefc2931cec481b3d94443b4af8/YearnHub.sol,1
0xb34f2fe8eba0a8baaf2ae105113e503b8bf82953,0,raw_data/0xb34f2fe8eba0a8baaf2ae105113e503b8bf82953/Forwarder.sol,1
0x47f3039a0d43610bcc94a48f87830fb43ee9bd80,0,,0
0xb17d4c5dfb6e7d09cada462f1da6ac5a3ccf811e,0,raw_data/0xb17d4c5dfb6e7d09cada462f1da6ac5a3ccf811e/PaymentReceiver.sol,1
0xc3a1a9bdc09ce964ca695691beb4b3128923eb5c,1,raw_data/0xc3a1a9bdc09ce964ca695691beb4b3128923eb5c/ERC20.sol,1
0xdba0bd88fd28bbffa66cd1723828084152eaf70c,0,raw_data/0xdba0bd88fd28bbffa66cd1723828084152eaf70c/UserWallet.sol,1
0x2d23533ac795967dc40d4d8c0f442f69143f12da,1,raw_data/0x2d23533ac795967dc40d4d8c0f442f69143f12da/EthernityChain.sol,1
0x5876744ef7da74610d00e24487b6376881deacd1,1,raw_data/0x5876744ef7da74610d00e24487b6376881deacd1/PUN.sol,1
0x8e084f83ffd1785a86cd9cbc9df973f098042df8,1,raw_data/0x8e084f83ffd1785a86cd9cbc9df973f098042df8/LiveseyChad.sol,1
0xe1959dfa7c5d47c4c569e8409e0f50d6986c75dc,1,raw_data/0xe1959dfa7c5d47c4c569e8409e0f50d6986c75dc/Starship.sol,1
0x936ad44c0718a3b6810b74ac277c456ea3becc4d,1,raw_data/0x936ad44c0718a3b6810b74ac277c456ea3becc4d/deFIRE.sol,1
0x8d056569b215c8b56e4b3a615dac425d8d2352a4,1,raw_data/0x8d056569b215c8b56e4b3a615dac425d8d2352a4/B_GIFT.sol,1
0x2786a8a7fcc7cc41532b2a029a1a088250f9653c,0,raw_data/0x2786a8a7fcc7cc41532b2a029a1a088250f9653c/UserWallet.sol,1
0x2bda5b625d3b50848e8563480ed50ec782dd42ee,1,raw_data/0x2bda5b625d3b50848e8563480ed50ec782dd42ee/AdvanceToken.sol,1
0x16641d7b52f834eb0e05446a3f03c07b14ab650d,0,,0
0x276172bd74ea9400a9754e5d4c8b0662f02d29ad,1,raw_data/0x276172bd74ea9400a9754e5d4c8b0662f02d29ad/ERC20.sol,1
0xcb1ae2eaca4e8188ebfa23928e06f9f4c72f6796,1,raw_data/0xcb1ae2eaca4e8188ebfa23928e06f9f4c72f6796/SBP.sol,1
0xb2f24c9f1fc6c347057d25ddff01cac496fc0923,0,raw_data/0xb2f24c9f1fc6c347057d25ddff01cac496fc0923/BDC.sol,1
0x05990ef347c3b00927608c86a83f04bc8cfa22b5,1,raw_data/0x05990ef347c3b00927608c86a83f04bc8cfa22b5/BabySaudiInu.sol,1
0xf5b1d75f4415f853fef2466a5ab8e412d593dd44,1,raw_data/0xf5b1d75f4415f853fef2466a5ab8e412d593dd44/WhileTest.sol,1
0x4fdc2078d8bc92e1ee594759d7362f94b60b1a3d,1,raw_data/0x4fdc2078d8bc92e1ee594759d7362f94b60b1a3d/OpenAddressLottery.sol,1
0x6d8bfbcff4cbe38697efff5a1a3541d35eedc599,1,raw_data/0x6d8bfbcff4cbe38697efff5a1a3541d35eedc599/ERC20.sol,1
0x6db6981383c1897764dea2c9cdc4fb85593a42a8,1,raw_data/0x6db6981383c1897764dea2c9cdc4fb85593a42a8/Solster.sol,1
0x2634baad203cba4aa4114c132b2e50a3a6027ff9,1,raw_data/0x2634baad203cba4aa4114c132b2e50a3a6027ff9/BIRTHDAY_GIFT_1_ETH.sol,1
0x274b36e5318d348d5a2117e04afb89e3566486f9,0,,0
0xcba180c68b3420d1926d0716643d60f0d4270a17,1,raw_data/0xcba180c68b3420d1926d0716643d60f0d4270a17/ERC20.sol,1
0x5e414d0ef13349e81779d0bb18d8a2a06dec4c70,1,raw_data/0x5e414d0ef13349e81779d0bb18d8a2a06dec4c70/THEVOID.sol,1
0xb3247efd29d89247151d78c3ddafd0ace2e2928f,1,raw_data/0xb3247efd29d89247151d78c3ddafd0ace2e2928f/YAEToken.sol,1
0x483d330a6f787d928d4eb71b2e8c3e76125cef0f,0,,0
0x2e2329403e6e85bd2dd1a00f9cb165056eab8507,1,raw_data/0x2e2329403e6e85bd2dd1a00f9cb165056eab8507/LSS.sol,1
0xcc7a66a2a99513c3471423859229d65c0207e4ba,0,,0
0xb31820c1d84e183377030b6d3f0e1ee5c1cff643,1,raw_data/0xb31820c1d84e183377030b6d3f0e1ee5c1cff643/PresaleHold.sol,1
0xd19d93a8b95f5dfca1d2573169a59eabb2323126,0,raw_data/0xd19d93a8b95f5dfca1d2573169a59eabb2323126/Forwarder.sol,1
0x662c973af403ee4573acdbb8219f7d42cb5796f0,1,raw_data/0x662c973af403ee4573acdbb8219f7d42cb5796f0/VaultsFinance.sol,1
0xb052f8a33d8bb068414eade06af6955199f9f010,1,raw_data/0xb052f8a33d8bb068414eade06af6955199f9f010/MultiToken.sol,1
0x27054b13b1b798b345b591a4d22e6562d47ea75a,1,raw_data/0x27054b13b1b798b345b591a4d22e6562d47ea75a/AirSwapToken.sol,1
0x4f3e8d76bb858e8340d30033ebdd486f4fb994e6,1,raw_data/0x4f3e8d76bb858e8340d30033ebdd486f4fb994e6/CPTE.sol,1
0x6129c5def763a1eb32ba89f8a3a075ed1f568ba5,1,raw_data/0x6129c5def763a1eb32ba89f8a3a075ed1f568ba5/ATA.sol,1
0x2efa7aa63ef0224b722fceb8c61f9d4100245fda,0,,0
0x50abfc76b637b70571c301071f7ce660c1c3d847,1,raw_data/0x50abfc76b637b70571c301071f7ce660c1c3d847/WalletClub.sol,1
0x8f7cb72ced46daf57127b205f70d29c490ecb8e0,1,raw_data/0x8f7cb72ced46daf57127b205f70d29c490ecb8e0/MrMr.sol,1
0x31d6405e73bff7fb3307f572e48f22959f2b829d,1,raw_data/0x31d6405e73bff7fb3307f572e48f22959f2b829d/INVEST.sol,1
0x406851bb7130d0a5c2882c1ce5913cbac4d46f9d,0,,0
0x64669148bca4f3d1216127a46380a67b37bbf63e,1,raw_data/0x64669148bca4f3d1216127a46380a67b37bbf63e/GIFT_SENDER.sol,1
0x1f05a24696a44b8bd64627ceff9ea8088a8668a7,0,raw_data/0x1f05a24696a44b8bd64627ceff9ea8088a8668a7/UserWallet.sol,1
0x7a0c142844b235ee330b1282a943578b3558eb65,0,raw_data/0x7a0c142844b235ee330b1282a943578b3558eb65/UserWallet.sol,1
0xea0774a736f773396ee356c97499973c5b8fb4c8,0,,0
0x215f6a9fa73c7c13ca9f1882daa096f13e0c395c,0,raw_data/0x215f6a9fa73c7c13ca9f1882daa096f13e0c395c/UserWallet.sol,1
0x421210e1ed9561a7fb6d5978e0bf54695335c1c5,0,,0
0x08df96ec259f5a2099987ca1879cc9a0e47dd435,0,raw_data/0x08df96ec259f5a2099987ca1879cc9a0e47dd435/UserWallet.sol,1
0xfac1c7270bc5b0664e27e7f2e82281d564aedf4e,1,raw_data/0xfac1c7270bc5b0664e27e7f2e82281d564aedf4e/Q_GAME.sol,1
0x09fc992fd3a99826c691d0cd51a04b8168c4e3a6,1,raw_data/0x09fc992fd3a99826c691d0cd51a04b8168c4e3a6/EoS.sol,1
0x79d4f7fd515ab6f984d3114628afd3162c06de86,1,raw_data/0x79d4f7fd515ab6f984d3114628afd3162c06de86/ANAMI.sol,1
0xc63e6bccd96fc0a777524becc8ee1fa049bf81c5,1,raw_data/0xc63e6bccd96fc0a777524becc8ee1fa049bf81c5/Safemoon.sol,1
0x362984f08193f822d2a4f3df24b2a6aaccc3ba69,0,,0
0x0c1ccfb7ec17ff2fb2756bb7792232c6e6141003,0,raw_data/0x0c1ccfb7ec17ff2fb2756bb7792232c6e6141003/UserWallet.sol,1
0xefcca8f8db19545f440b5c83a7fb1f8db0f2b48d,0,,0
0x3acca56d95961e6100b0f264794bb1e18ec25824,1,raw_data/0x3acca56d95961e6100b0f264794bb1e18ec25824/VitaDao.sol,1
0x2607992861eab8aada14f810cb8affcb716c7ed7,0,,0
0xbb3530ac51ded9c48bb74da82e803cfa334500ea,1,raw_data/0xbb3530ac51ded9c48bb74da82e803cfa334500ea/ArbitrumGovernance.sol,1
0xf1c9e84b10b70e5652b2460f1c1a70a9c15a7d2e,0,raw_data/0xf1c9e84b10b70e5652b2460f1c1a70a9c15a7d2e/Forwarder.sol,1
0xcae4eec78ee0ba2a994ebf55c49cd2b482df71dc,1,raw_data/0xcae4eec78ee0ba2a994ebf55c49cd2b482df71dc/ERC20.sol,1
0x8ea19940868dcbc7de04c9aee35d9569bcaaa1fc,0,raw_data/0x8ea19940868dcbc7de04c9aee35d9569bcaaa1fc/SmartWallet.sol,1
0x2AE38b2b47BF41Ba4aB8F749B092FDd02b00bc1e,1,raw_data/0x2AE38b2b47BF41Ba4aB8F749B092FDd02b00bc1e/WIS.sol,1
0x319204a478f484ffa25ac65dd85d91bc67ba3390,0,,0
0x30b1f9168ab36f4410994e110d81c952f90056d9,0,raw_data/0x30b1f9168ab36f4410994e110d81c952f90056d9/UserWallet.sol,1
0x80ab37509a14a144b394b251bcac80341fd659fc,0,raw_data/0x80ab37509a14a144b394b251bcac80341fd659fc/UserWallet.sol,1
0x64b5f095709d168a432aa114f1972004c1e2d70a,1,raw_data/0x64b5f095709d168a432aa114f1972004c1e2d70a/KarateShibu.sol,1
0xabff10e2b920d80be6c8466d6f04de8925edbff8,1,raw_data/0xabff10e2b920d80be6c8466d6f04de8925edbff8/ERC20.sol,1
0xd949e0532ead676a75ab3745b8567f2736bc61ab,0,,0
0x76b128df7756be516aebfdf34a3ad09750897452,0,,0
0xda3b43c722f467416ff47e62cb7cc8c8c2d34e51,0,,0
0x7abe01d095a2079b9ebeb1bf32a05c11a991b3c3,1,raw_data/0x7abe01d095a2079b9ebeb1bf32a05c11a991b3c3/ERC20.sol,1
0xa558fe9a36213b39c57989e4a38f1f2b33cedd5d,1,raw_data/0xa558fe9a36213b39c57989e4a38f1f2b33cedd5d/Coin.sol,1
0x70fd662ff423782e58d75d03c4814805e8c1e351,1,raw_data/0x70fd662ff423782e58d75d03c4814805e8c1e351/PDEX.sol,1
0xc0cd2c4365beab5aa3643f779f125aede7eeaebb,0,,0
0x9b861db671e6221fb89fc8de24e265464d53738e,0,,0
0xfb02365e95fe5b1274b149cd25ccbac7df94572c,0,,0
0x8c6d2351321b0800508551fe2f2a38a45ee35f3b,1,raw_data/0x8c6d2351321b0800508551fe2f2a38a45ee35f3b/shibasquad.sol,1
0xc101ecfb3ae71028b2eb46e48a37376df68257ed,0,,0
0xdc47634a6184af4bdc84f27a56fd6d6ac90ad3c3,0,raw_data/0xdc47634a6184af4bdc84f27a56fd6d6ac90ad3c3/UserWallet.sol,1
0x389f518379dc7bcae691d6750725f724b7a486a6,1,raw_data/0x389f518379dc7bcae691d6750725f724b7a486a6/UniRAP.sol,1
0x5d78b5d1b6ced7a5f51ed4a2a3aea060784c9613,0,,0
0x069131a539e523f89e760299e5b485632a1f9e4d,1,raw_data/0x069131a539e523f89e760299e5b485632a1f9e4d/Coin.sol,1
0x66df04d40a2d35b491ff30c9df0c7907552ae3e9,1,raw_data/0x66df04d40a2d35b491ff30c9df0c7907552ae3e9/Hedgehog.sol,1
0x7f9208bc63dd1b56d25b7448ab4a0b7dd4e29390,0,raw_data/0x7f9208bc63dd1b56d25b7448ab4a0b7dd4e29390/UserWallet.sol,1
0x64533673280d409c3ab71fa6658f0607cd14dbef,0,raw_data/0x64533673280d409c3ab71fa6658f0607cd14dbef/UserWallet.sol,1
0x44c7f4d3625f5f9fbeb12337334e02dc05479cd6,1,raw_data/0x44c7f4d3625f5f9fbeb12337334e02dc05479cd6/MAYC.sol,1
0x528186bc686a25f873faea3cf340f9f41f878dab,0,raw_data/0x528186bc686a25f873faea3cf340f9f41f878dab/UserWallet.sol,1
0xde7d89c6f08bfbf96d2f07548272b7559975f1f0,1,raw_data/0xde7d89c6f08bfbf96d2f07548272b7559975f1f0/Millionaire.sol,1
0x450c8f49c1b85967c87d64542bbbf6b4d6bf6b87,1,raw_data/0x450c8f49c1b85967c87d64542bbbf6b4d6bf6b87/IslamMakhachevInu.sol,1
0xabcdd0dbc5ba15804f5de963bd60491e48c3ef0b,1,raw_data/0xabcdd0dbc5ba15804f5de963bd60491e48c3ef0b/Investment.sol,1
0xd6ec4e727bdc1465407bcd9134cd72b47a018eaa,0,raw_data/0xd6ec4e727bdc1465407bcd9134cd72b47a018eaa/UserWallet.sol,1
0xab9d893c34919278e5d2b8c29989325bea5afba7,0,raw_data/0xab9d893c34919278e5d2b8c29989325bea5afba7/CloneableWallet.sol,1
0x82267c56b05aff3742b997412b3aae32f9a087ae,1,raw_data/0x82267c56b05aff3742b997412b3aae32f9a087ae/Roblox.sol,1
0x520ad62c62fa93799b68c9095e3402dab4236847,1,raw_data/0x520ad62c62fa93799b68c9095e3402dab4236847/BONE.sol,1
0x616896ffb484af89fdebc021ddba2d3e6b475dc0,0,,0
0x52c2d09acf0ef12c487ae0c20a92d4f9a4abbfd1,1,raw_data/0x52c2d09acf0ef12c487ae0c20a92d4f9a4abbfd1/MyNewBank.sol,1
0xbc164bc9e6ff1f17af20b7fc601aac7feb79b425,1,raw_data/0xbc164bc9e6ff1f17af20b7fc601aac7feb79b425/Only1.sol,1
0x4581a671ac76b87dda24dd5ab7d015e12685f0aa,0,,0
0xa370d750995d198834df49191893aa4aa44742af,1,raw_data/0xa370d750995d198834df49191893aa4aa44742af/YottaCoin.sol,1
0x9d85d7fe9f6f4333512b336a2e77caa4415e9b8e,0,,0
0x8ad8998ced51b9fb7e282760ead18c7daaf61ef3,1,raw_data/0x8ad8998ced51b9fb7e282760ead18c7daaf61ef3/SHIBASWAP.sol,1
0xb7a9f6abec0a75973e0b845ad04c12a0038bb9bf,1,raw_data/0xb7a9f6abec0a75973e0b845ad04c12a0038bb9bf/Gotchiverse.sol,1
0x2b59d9b2f8983f5c29fa92eb7b1a78c756bca10f,1,raw_data/0x2b59d9b2f8983f5c29fa92eb7b1a78c756bca10f/BunnyVerse.sol,1
0xdd43f4c11fa3526246a876169735610ebdcd550b,1,raw_data/0xdd43f4c11fa3526246a876169735610ebdcd550b/CPDG_TOKEN.sol,1
0x8112d703eb700154279c582be25a9c8f30b94bf3,0,,0
0x4ba0d338a7c41cc12778e0a2fa6df2361e8d8465,1,raw_data/0x4ba0d338a7c41cc12778e0a2fa6df2361e8d8465/ICO_Hold.sol,1
0xad57c5b2d1c1c080986c127c2edf13be24317e93,0,raw_data/0xad57c5b2d1c1c080986c127c2edf13be24317e93/UserWallet.sol,1
0x98104bb2933c8d6933604ffe04da7258fb83cf8b,0,,0
0x6d85dd21d470e5c1e6af3a5198f0d5ac4dcdd7ef,1,raw_data/0x6d85dd21d470e5c1e6af3a5198f0d5ac4dcdd7ef/ERC20.sol,1
0x45dac6c8776e5eb1548d3cdcf0c5f6959e410c3a,1,raw_data/0x45dac6c8776e5eb1548d3cdcf0c5f6959e410c3a/MommyMilkers.sol,1
0xcacf9396a56e9ff1e3f6533be83a043c36ce0436,1,raw_data/0xcacf9396a56e9ff1e3f6533be83a043c36ce0436/ETHVault.sol,1
0x3afd1b39f6a1426312810ccd6969eed7cad2abbb,1,raw_data/0x3afd1b39f6a1426312810ccd6969eed7cad2abbb/SOLSEA.sol,1
0x264f6768c5a2f08bf547b7472e7d8c34cc5f4420,0,,0
0x551ad977233839936aca9ea36d115bbd3512ff70,0,,0
0xd29decbfd29766d8aba8215587f915162c5bd8d8,1,raw_data/0xd29decbfd29766d8aba8215587f915162c5bd8d8/ICBB.sol,1
0x187c19635292c971159ed45a0f98e0e881cc6f1a,0,,0
0xa5e4e662b1e12b4f31f646410521db792be585d7,1,raw_data/0xa5e4e662b1e12b4f31f646410521db792be585d7/Raijin.sol,1
0x7572bbf1df240d20c49f5e5e7fa3f426c5d40755,1,raw_data/0x7572bbf1df240d20c49f5e5e7fa3f426c5d40755/OSFINANCE.sol,1
0x7704442e1005b9ab403463ed85e2fb24761a8738,1,raw_data/0x7704442e1005b9ab403463ed85e2fb24761a8738/StakeholderBattle.sol,1
0x00f9c0114f9367907d84abc7091dd2002881ca10,0,raw_data/0x00f9c0114f9367907d84abc7091dd2002881ca10/UserWallet.sol,1
0xd84620fd2505a668de7f0a07a2c16b312b93a074,0,raw_data/0xd84620fd2505a668de7f0a07a2c16b312b93a074/UserWallet.sol,1
0xfbf8ecb34acbc2c4d2d4cdc645c9a76efcbe2cff,0,raw_data/0xfbf8ecb34acbc2c4d2d4cdc645c9a76efcbe2cff/ExchangeWhitelist.sol,1
0x5a9ab8973871dc286f4cf4a195384823904fb274,0,,0
0x5f4e67a7210f68534d6a9b1ea1494210ef2a422e,1,raw_data/0x5f4e67a7210f68534d6a9b1ea1494210ef2a422e/Konohanasakuya.sol,1
0xd627f7869f2a7c1d2a36b6cbce8a53a21603a91b,0,,0
0x9b72e411a0fdb368494a88683af4b1a57145d785,0,,0
0xc3e5808cc76111b8327ab2e35a588bb25d3d8c84,0,,0
0x05e9f3138cf3891135982d03be0d0ca12bdad1e1,0,raw_data/0x05e9f3138cf3891135982d03be0d0ca12bdad1e1/UserWallet.sol,1
0x17d30c85376bc2c39edc1da179162d308559a3c4,1,raw_data/0x17d30c85376bc2c39edc1da179162d308559a3c4/KFCToken.sol,1
0x3738ef7bcb53db032615f07b62214f5c47c2dd87,0,raw_data/0x3738ef7bcb53db032615f07b62214f5c47c2dd87/Forwarder.sol,1
0xaa12936a79848938770bdbc5da0d49fe986678cc,1,raw_data/0xaa12936a79848938770bdbc5da0d49fe986678cc/PreSaleFund.sol,1
0x9bde3934e2c24fd92a49b98bb430da257d80ecc7,1,raw_data/0x9bde3934e2c24fd92a49b98bb430da257d80ecc7/RyoshisVision.sol,1
0xc88597dd7aaf23c467a850e16fc1c37b241d5761,1,raw_data/0xc88597dd7aaf23c467a850e16fc1c37b241d5761/OrionToken.sol,1
0xef31821f66b9a6dbbe31e8ed0495bea3189421b1,1,raw_data/0xef31821f66b9a6dbbe31e8ed0495bea3189421b1/BinamarsToken.sol,1
0x5f392e073080614df14c696125d15d41a5c9b217,0,,0
0x93fe5eabd054524fdaaeae7913a90bf73889ebf9,1,raw_data/0x93fe5eabd054524fdaaeae7913a90bf73889ebf9/EasyINU.sol,1
0xba876577cf9d759b386b923822e9a2242e44d72f,1,raw_data/0xba876577cf9d759b386b923822e9a2242e44d72f/DaddyDoge.sol,1
0xc9945713f8995b1f91ae6c77cfb0f8bcd3bf2b36,0,raw_data/0xc9945713f8995b1f91ae6c77cfb0f8bcd3bf2b36/ERC20.sol,1
0xe610af01f92f19679327715b426c35849c47c657,1,raw_data/0xe610af01f92f19679327715b426c35849c47c657/PIGGY_BANK.sol,1
0xc79ce0158df86ec6fcb3864a0ea9a9c55180884c,0,,0
0x4d74debfd1bab7456226a995450d6f98768359e5,0,,0
0x8001455d1add0b1c41a6478b306dd1e9bced2302,1,raw_data/0x8001455d1add0b1c41a6478b306dd1e9bced2302/TIDAL.sol,1
0x93aba18629528b5a45ca1c787b2abaf0f9b139c2,1,raw_data/0x93aba18629528b5a45ca1c787b2abaf0f9b139c2/ERC20.sol,1
0x24062bc336dd4236a4a8c915fa44a7c71ef353bf,0,raw_data/0x24062bc336dd4236a4a8c915fa44a7c71ef353bf/CloneableWallet.sol,1
0xcc7032099787af4a58e46463e9262e43bae0ecef,0,,0
0x8afbe61b793b327dda8d94b9caadd1974cad411a,1,raw_data/0x8afbe61b793b327dda8d94b9caadd1974cad411a/DragonBite.sol,1
0x4ca675d62a05c451555c93e456f902bd3e423586,1,raw_data/0x4ca675d62a05c451555c93e456f902bd3e423586/INTELLECTUAL_GAME.sol,1
0xe3a0df406bed694c9422883426928e2e4b4a2944,0,,0
0x2203e979a283ed1a01d018df8195ccdc921f0931,0,,0
0x644e674ab4a967db367567af73d9895bd57e4bf1,1,raw_data/0x644e674ab4a967db367567af73d9895bd57e4bf1/LOOKSRare.sol,1
0x8dfe1633fbec33bbea77fbc2d337698a61930d47,0,,0
0x8b471803a85c6ca0030dc598ab9c55d259613ec4,1,raw_data/0x8b471803a85c6ca0030dc598ab9c55d259613ec4/BONE.sol,1
0x0b0856055a40a3b352d5da9866bcd9f2df0499eb,0,,0
0x325e13e2c48a739504add5878571208d68263266,0,,0
0xac3f60f344c9a5647ef4b306ef209e575bfa572b,1,raw_data/0xac3f60f344c9a5647ef4b306ef209e575bfa572b/THE2zero.sol,1
0xc6a3244d2a6131b2c9daf3d4d128ecc79901b214,1,raw_data/0xc6a3244d2a6131b2c9daf3d4d128ecc79901b214/Koji.sol,1
0x74c2216940500116ba8d71e3625f66c5849965c3,1,raw_data/0x74c2216940500116ba8d71e3625f66c5849965c3/DNFToken.sol,1
0xfca1d1039383109245324456c7500d7e93b5be26,1,raw_data/0xfca1d1039383109245324456c7500d7e93b5be26/ERC20.sol,1
0x919759ac2e9a1f97e2a829178801ce9f906f95a5,1,raw_data/0x919759ac2e9a1f97e2a829178801ce9f906f95a5/ERC20.sol,1
0x79beafa5606ed47006f593d4ac4bd78a03561494,0,,0
0x78bf8ef3a3d1dc978935ee4ae8b43247548c3946,1,raw_data/0x78bf8ef3a3d1dc978935ee4ae8b43247548c3946/BONE.sol,1
0x2e8d8e61f067e94bd6dc2c50197d4297798ebf28,0,,0
0xadeb4bea795961be8b318fe53d84f9e8e6eadb45,1,raw_data/0xadeb4bea795961be8b318fe53d84f9e8e6eadb45/KDA.sol,1
0xbf1c619ab99cfdc08ee4b2719bbca8f8232fdd43,0,raw_data/0xbf1c619ab99cfdc08ee4b2719bbca8f8232fdd43/Forwarder.sol,1
0xc1d73e148590b60ce9dd42d141f9b27bbad07879,1,raw_data/0xc1d73e148590b60ce9dd42d141f9b27bbad07879/EthReceiver.sol,1
0xe66fd80a0483e130982e3dcd8683c6fe2f07d9e9,1,raw_data/0xe66fd80a0483e130982e3dcd8683c6fe2f07d9e9/BitDao.sol,1
0x0d3d61aaba8f7e5031e28af0bcb24b877e94b0b7,1,raw_data/0x0d3d61aaba8f7e5031e28af0bcb24b877e94b0b7/GRENINJA.sol,1
0x9b19c7c556e03a02292c279314a494455d4361e8,0,,0
0x94bed05b25d374832ce39cdc94e1133dbcf6e49c,1,raw_data/0x94bed05b25d374832ce39cdc94e1133dbcf6e49c/LithiumToken.sol,1
0x0355a2b288ee13f7cf6666cf2b6b690761c5e9fa,1,raw_data/0x0355a2b288ee13f7cf6666cf2b6b690761c5e9fa/ERC20.sol,1
0x15319b214604f4e6e9e5bfe3be6b284674a4450b,0,,0
0xe2cdb9a1923b7c7339eb3366f5ce4dbbfb3aea0f,1,raw_data/0xe2cdb9a1923b7c7339eb3366f5ce4dbbfb3aea0f/Avalaunch.sol,1
0x547c4c2ee931cf94c84b7ed0800512d0271a7290,1,raw_data/0x547c4c2ee931cf94c84b7ed0800512d0271a7290/COINPIGGY.sol,1
0xa99fa7e7c0ab4be09f9793f4df019c9216d27f14,1,raw_data/0xa99fa7e7c0ab4be09f9793f4df019c9216d27f14/StarShip.sol,1
0xdaf24bc5f10f77fa6dc07e367f7c3303ba781fd5,1,raw_data/0xdaf24bc5f10f77fa6dc07e367f7c3303ba781fd5/AVTO.sol,1
0xadccea0b14d26d786b99cf3ba3e9812cd4d23a81,1,raw_data/0xadccea0b14d26d786b99cf3ba3e9812cd4d23a81/SmallRoulette.sol,1
0xcf52ff5c03e6fb8eb9d975d6a5b6ac2687329d87,1,raw_data/0xcf52ff5c03e6fb8eb9d975d6a5b6ac2687329d87/Hoge.sol,1
0x5f799c46ee8eaa7907c4d32008fcb28fcb2e2331,1,raw_data/0x5f799c46ee8eaa7907c4d32008fcb28fcb2e2331/KoishikawaYuki.sol,1
0x3d1618e46fe9bafea9cdf30266166115dbfb53f0,1,raw_data/0x3d1618e46fe9bafea9cdf30266166115dbfb53f0/MarioInu.sol,1
0x63a237972fcce946e8c4e05baa20f2cb5f3cca6e,1,raw_data/0x63a237972fcce946e8c4e05baa20f2cb5f3cca6e/NoShit.sol,1
0x0d71ed24406d24aece0159b1688354eecd2a6a09,0,raw_data/0x0d71ed24406d24aece0159b1688354eecd2a6a09/UserWallet.sol,1
0x1738a8442010081623168b73787160288c9b715b,0,raw_data/0x1738a8442010081623168b73787160288c9b715b/UserWallet.sol,1
0x6ab9aae969a84f9a54f839b57ac14b667e6f44ea,0,raw_data/0x6ab9aae969a84f9a54f839b57ac14b667e6f44ea/UserWallet.sol,1
0x4fdf45a1111d0e65c0afff245b97551ddbe39354,0,,0
0x54f7a6181fb009314fcce2c8f9cdfc25ad3652c4,1,raw_data/0x54f7a6181fb009314fcce2c8f9cdfc25ad3652c4/DEGENx.sol,1
0x46cc96d4ad198c31361d2eef3912f24bcb8e3d3a,0,,0
0x7c34371564d259d45831c04413b04079ab9bd247,1,raw_data/0x7c34371564d259d45831c04413b04079ab9bd247/MoboxToken.sol,1
0xc5249dc04bd3affdee3cd7d675bd8d0aac1b3ed2,1,raw_data/0xc5249dc04bd3affdee3cd7d675bd8d0aac1b3ed2/BabySaitamaInu.sol,1
0x94bd75a45399f76901f1ede457985fa850723999,1,raw_data/0x94bd75a45399f76901f1ede457985fa850723999/SPYANYA.sol,1
0x448fcea60482c0ea5d02fa44648c3749c46c4a29,1,raw_data/0x448fcea60482c0ea5d02fa44648c3749c46c4a29/anonym_GIFT.sol,1
0x9f54d912a029380f2743aaf4ddd28c3f207cd719,1,raw_data/0x9f54d912a029380f2743aaf4ddd28c3f207cd719/Giveaway.sol,1
0x5ea9734aadca0b3283fdce46fb6e067c1ce20a09,1,raw_data/0x5ea9734aadca0b3283fdce46fb6e067c1ce20a09/AlienInu.sol,1
0x945b0794b64b0fbc49de8be480b78eadad11b46b,0,,0
0xad1d02951ca62ca81f236c4cb612c0263ef45f99,0,raw_data/0xad1d02951ca62ca81f236c4cb612c0263ef45f99/UserWallet.sol,1
0x4283e61a2eb88d76a6ac40ad66101fc6d7acd044,0,,0
0xc98b0fa49d4e8607c62cbe1f4d9fdd62ea2f77d6,1,raw_data/0xc98b0fa49d4e8607c62cbe1f4d9fdd62ea2f77d6/ERC20.sol,1
0x3e7840b88396acd80bac66021e1354064461a498,1,raw_data/0x3e7840b88396acd80bac66021e1354064461a498/ETHDeposit.sol,1
0x5a0109c5d877e89f2b5c80ca127907f790095973,1,raw_data/0x5a0109c5d877e89f2b5c80ca127907f790095973/TotemFi.sol,1
0x686847351a61eb1cae8ac0efa4208ff689fd53f2,1,raw_data/0x686847351a61eb1cae8ac0efa4208ff689fd53f2/Gift_for_friend.sol,1
0xc4634dcfe979c273e620d24c8d5e541f668e5a14,1,raw_data/0xc4634dcfe979c273e620d24c8d5e541f668e5a14/BoneToken.sol,1
0xaacf3c7845551f21484e7ed4b2652ad046031e72,1,raw_data/0xaacf3c7845551f21484e7ed4b2652ad046031e72/UniswapExchange.sol,1
0xa7e32789c51d1ee8045a48ba0bee367a669be4e7,0,,0
0xc79d4c81f87c152ba604017a7b4747232ae30280,1,raw_data/0xc79d4c81f87c152ba604017a7b4747232ae30280/RubusFundBlackToken.sol,1
0x71905035d493dceab8db441adcbf892c32e8b515,1,raw_data/0x71905035d493dceab8db441adcbf892c32e8b515/HelloAnon.sol,1
0xd0c2bdf06e4eb3a86f012c0037f066fa1b7ed69f,0,raw_data/0xd0c2bdf06e4eb3a86f012c0037f066fa1b7ed69f/UserWallet.sol,1
0xb93c7f7ae99799b95aabd702251d37d0ae42d5ec,1,raw_data/0xb93c7f7ae99799b95aabd702251d37d0ae42d5ec/Kasta.sol,1
0x440c3ea23a4c2c56664f1eb8dd7614554af10a7b,1,raw_data/0x440c3ea23a4c2c56664f1eb8dd7614554af10a7b/ERC20.sol,1
0xc7d6f3724b0e4322911f8751469b50503dcf384f,1,raw_data/0xc7d6f3724b0e4322911f8751469b50503dcf384f/SUDO.sol,1
0x8c6b83e947fbfc72f8618be9e69cf1f528defb4b,1,raw_data/0x8c6b83e947fbfc72f8618be9e69cf1f528defb4b/ERC20.sol,1
0x34173aa873f754169e269d5ec3526573c1433200,1,raw_data/0x34173aa873f754169e269d5ec3526573c1433200/DSD.sol,1
0xe03bc2116374453a2ae876f99a71bf603bda0beb,0,,0
0x4280902f2bd06dbac060abafe4957ea160f95913,1,raw_data/0x4280902f2bd06dbac060abafe4957ea160f95913/QI.sol,1
0x1abe7cbd097dd1eed49bc37bbeb5005a701ae7ae,0,raw_data/0x1abe7cbd097dd1eed49bc37bbeb5005a701ae7ae/HumanStandardToken.sol,1
0x1c42dd3aa93813e27c0017ec51901761b72a8f89,0,,0
0xffc1bcd30408955acd40f9866c7908f2d2fa328e,0,,0
0x42d225a40d1f4fb4252f23927e1810fe1f4945bd,0,,0
0x06f2589727d86798ff5b24b74ce6f81eb874a31e,1,raw_data/0x06f2589727d86798ff5b24b74ce6f81eb874a31e/WFAIR.sol,1
0x9339fa579a233c4930b526298f0d1552b1cac7f8,0,raw_data/0x9339fa579a233c4930b526298f0d1552b1cac7f8/UserWallet.sol,1
0xf83148c9b3b015b4cf8780fcfd66035b66ccf8b9,0,raw_data/0xf83148c9b3b015b4cf8780fcfd66035b66ccf8b9/VotingChallengeProxy.sol,1
0x09dfb1fb83b0527e521e4f36db819e4fc467fc31,0,,0
0xf8d908cec0b7dc3f65411d2a73e7db151ba1ced5,1,raw_data/0xf8d908cec0b7dc3f65411d2a73e7db151ba1ced5/ISLAM.sol,1
0xe7d8e9db3b56e7764effea6b7c84ea55d03dfa1c,1,raw_data/0xe7d8e9db3b56e7764effea6b7c84ea55d03dfa1c/aNewHope.sol,1
0xc13eac3f7addb38a4f20ba0622b8ec3dfc417fe2,0,raw_data/0xc13eac3f7addb38a4f20ba0622b8ec3dfc417fe2/UserWallet.sol,1
0x62677ebd650f0f4a674d098a37b29f32a956b438,1,raw_data/0x62677ebd650f0f4a674d098a37b29f32a956b438/TheProtocolDAO.sol,1
0xcb445f0716d571e5010f9ca5509090abbca890eb,1,raw_data/0xcb445f0716d571e5010f9ca5509090abbca890eb/NOBUMI.sol,1
0x9833e551d795e0c721e72d50a6e7159b231ed0d1,0,raw_data/0x9833e551d795e0c721e72d50a6e7159b231ed0d1/UserWallet.sol,1
0x8ef6a6d71f08f4e8ba068819b2a8a5b5f1db4d49,1,raw_data/0x8ef6a6d71f08f4e8ba068819b2a8a5b5f1db4d49/UniswapExchange.sol,1
0xe4b12a2c7877a4b6cfe0557cf13d3d3a4f5c9380,1,raw_data/0xe4b12a2c7877a4b6cfe0557cf13d3d3a4f5c9380/Coin.sol,1
0xaf9f277eda18928414934dc93c63e8687aed01b3,1,raw_data/0xaf9f277eda18928414934dc93c63e8687aed01b3/ERC20.sol,1
0x3297b771cc18f5337fbb593710d65c05cac5f2b4,0,raw_data/0x3297b771cc18f5337fbb593710d65c05cac5f2b4/UserWallet.sol,1
0x05bd6407a6050c5e371227d5f1df009590ca12b1,0,,0
0x2bc9d867a35c051a3a681fad47fd9fc22944cfe3,0,,0
0xc5f40ea55e6d533bf6cefc67fcafda2d40137379,0,raw_data/0xc5f40ea55e6d533bf6cefc67fcafda2d40137379/UserWallet.sol,1
0x55221e816c86de671bf33442393c6d348b9a2dac,0,,0
0xe169a740dd9927f59613273131c1e4140b37caab,0,,0
0xfbd888349529e3f87c77dffbe2a2bb500f4e02ea,1,raw_data/0xfbd888349529e3f87c77dffbe2a2bb500f4e02ea/CuzIGotHigh.sol,1
0xbce3f644f1b3314c1f5e75b4cb25697b604f472a,0,raw_data/0xbce3f644f1b3314c1f5e75b4cb25697b604f472a/UserWallet.sol,1
0xe19ca313512e0231340e778abe7110401c737c23,1,raw_data/0xe19ca313512e0231340e778abe7110401c737c23/AddressLotteryV2.sol,1
0xa25fdec6ba34dc129c025b258def555634b96064,0,raw_data/0xa25fdec6ba34dc129c025b258def555634b96064/UserWallet.sol,1
0x0cc77e575ba11af68743fe5b24d733c2aad9defb,1,raw_data/0x0cc77e575ba11af68743fe5b24d733c2aad9defb/Matcha.sol,1
0x9e51431b385d3f34aaa1254cb1f2aabdb01af3d5,1,raw_data/0x9e51431b385d3f34aaa1254cb1f2aabdb01af3d5/ProofOfWoof.sol,1
0x92a6e37c5307883ebf3dcf1f3253752fb905c9d4,1,raw_data/0x92a6e37c5307883ebf3dcf1f3253752fb905c9d4/ShibaSwap.sol,1
0x63b02de51c16783f2f187b4ac94d31961a0426f8,1,raw_data/0x63b02de51c16783f2f187b4ac94d31961a0426f8/STRP.sol,1
0xd4330d2a670ee3a6844c5dd73c01a604ac4cbe04,0,,0
0x2b76e2dd40f16b91a33552eced7dd50e2f3600c7,0,,0
0x34e9a17c813d791578509ae9a327f73e0c9cbe4f,1,raw_data/0x34e9a17c813d791578509ae9a327f73e0c9cbe4f/GAL.sol,1
0x8d3991abe6f3b42264628d7444f6586ec6df79f5,0,raw_data/0x8d3991abe6f3b42264628d7444f6586ec6df79f5/UserWallet.sol,1
0xc0fe762ed9ebe922651923f964d124c7c27dd445,0,,0
0x7101a844288e652b4f312fdd51416f80d9a30b24,1,raw_data/0x7101a844288e652b4f312fdd51416f80d9a30b24/Junlon.sol,1
0xe3ebf0e51c6641a5175d6a4052ea421b1f183f67,0,,0
0xb1a8cd63fb2b2b843fef9946025e3f04ff388c0c,1,raw_data/0xb1a8cd63fb2b2b843fef9946025e3f04ff388c0c/BosonToken.sol,1
0xa756ff2f047020a43b9dcac38e5bbd1ebd0adb6d,0,raw_data/0xa756ff2f047020a43b9dcac38e5bbd1ebd0adb6d/MintHelper.sol,1
0x2aac9907898439575ccbcc14238258ccd6140057,0,,0
0x16228c51042fc3cb8663876f75f38504c77add7f,1,raw_data/0x16228c51042fc3cb8663876f75f38504c77add7f/WNCG.sol,1
0x4dd0a8c7afc05267a708833f029c31da0142d2dd,1,raw_data/0x4dd0a8c7afc05267a708833f029c31da0142d2dd/BinanceNFT.sol,1
0x263f500368d52bf3ddb3d48b119725177b9bcbd7,1,raw_data/0x263f500368d52bf3ddb3d48b119725177b9bcbd7/UniswapExchange.sol,1
0x77cd9c4473eb3bf7b56dd09ff5cddfe5e4eb134c,0,,0
0xf3b86427a233d2fe828458ec4e6e50745c28db9c,0,raw_data/0xf3b86427a233d2fe828458ec4e6e50745c28db9c/UserWallet.sol,1
0x7f3b43f196292babee5de29d88d5c32e2fe38d34,0,,0
0xb0f801f836a9456b591728560605f957a979c90c,0,,0
0x5cff315dae0141ceba7147b376dbc5259fb734bd,0,,0
0x8148ce0a8600185a2e3326c6448627f51f1a38bb,1,raw_data/0x8148ce0a8600185a2e3326c6448627f51f1a38bb/ERC20.sol,1
0x8571b1619714e1691857bcf05cce31b3a437aea8,0,,0
0xdac1d2cf79b5211bafba652c8f1df33c56ce3a71,1,raw_data/0xdac1d2cf79b5211bafba652c8f1df33c56ce3a71/ElonPulseToken.sol,1
0x0933a4187f58123627adf0209a27585cfb088e7d,0,raw_data/0x0933a4187f58123627adf0209a27585cfb088e7d/PayingProxy.sol,1
0x0bcccba050c2ce6439c57bd203378b113cc3cfd6,1,raw_data/0x0bcccba050c2ce6439c57bd203378b113cc3cfd6/StakeholderGame.sol,1
0x341fe0dcd9bc5b90270564695cd0d98500a9fdb3,1,raw_data/0x341fe0dcd9bc5b90270564695cd0d98500a9fdb3/DESO.sol,1
0xf76227f6f7b60c4d1b5c815e2efc8ba4c1528269,0,,0
0x735a75dc5dce7ea8eadd1bc400b435cf4247f160,1,raw_data/0x735a75dc5dce7ea8eadd1bc400b435cf4247f160/burnfinance.sol,1
0x669a86aa5eb8fdc1761ae094cc7a10e7a4ff0aef,0,,0
0xdC1A16194E246a7483780b65f52fE197742c8ae1,1,raw_data/0xdC1A16194E246a7483780b65f52fE197742c8ae1/BNBHackInu.sol,1
0xf2bb8bc4dee85c27854779a38edabb4919818ba8,1,raw_data/0xf2bb8bc4dee85c27854779a38edabb4919818ba8/Hope.sol,1
0xe2cded1ba96e3694cb9900fd0dc31042d53d438c,1,raw_data/0xe2cded1ba96e3694cb9900fd0dc31042d53d438c/HOROINU.sol,1
0x884a5b1438588239bc4ec652538b12d620f8f083,1,raw_data/0x884a5b1438588239bc4ec652538b12d620f8f083/ShadowsNetwork.sol,1
0x23fa65d0bc2e9d82543024ebfaa93d7e9697bc06,0,raw_data/0x23fa65d0bc2e9d82543024ebfaa93d7e9697bc06/Forwarder.sol,1
0x38184f4b3b27a44579849eec9081a2fe1b7eca27,1,raw_data/0x38184f4b3b27a44579849eec9081a2fe1b7eca27/ERC20.sol,1
0x6bd766d42e149bdf7474ea65f7b6f0a9eac4f7d6,1,raw_data/0x6bd766d42e149bdf7474ea65f7b6f0a9eac4f7d6/Wealthbox.sol,1
0x924f583ed835e6d487d10b12bdeecb2e11d08a3a,0,,0
0x14692ed6d5e889f9fc30887608933baa39ec33cc,0,raw_data/0x14692ed6d5e889f9fc30887608933baa39ec33cc/UserWallet.sol,1
0x064656852581472f9b315fea4730fe18fb7c579a,1,raw_data/0x064656852581472f9b315fea4730fe18fb7c579a/Jeopardy.sol,1
0x4fed7f5f0314bd156a8486fc41dc8bd4737c24fb,1,raw_data/0x4fed7f5f0314bd156a8486fc41dc8bd4737c24fb/StakeholderInc.sol,1
0xcd82aacd222ba8729eb09fd3857bea82cfc599e9,0,,0
0x58eadb9b85ddf354557e84e1a7f0f783af6fd9cf,1,raw_data/0x58eadb9b85ddf354557e84e1a7f0f783af6fd9cf/ERC20.sol,1
0x7761ee9afe8f8a626021b34c84b3c15fec51e5de,0,,0
0x3986678e4f5dd744bf6cd6638f4b0482de4fcdb3,0,raw_data/0x3986678e4f5dd744bf6cd6638f4b0482de4fcdb3/UserWallet.sol,1
0xa0f9e5283fbf6d735e1e3a0f724ea6cccc13c27a,1,raw_data/0xa0f9e5283fbf6d735e1e3a0f724ea6cccc13c27a/THE_GAME.sol,1
0xD65960FAcb8E4a2dFcb2C2212cb2e44a02e2a57E,1,raw_data/0xD65960FAcb8E4a2dFcb2C2212cb2e44a02e2a57E/SoarCoin.sol,1
0xa91a453abde404a303fb118c46e00c8f630216a9,1,raw_data/0xa91a453abde404a303fb118c46e00c8f630216a9/AdminInterface.sol,1
0x4dc76cfc65b14b3fd83c8bc8b895482f3cbc150a,1,raw_data/0x4dc76cfc65b14b3fd83c8bc8b895482f3cbc150a/KingOfTheHill.sol,1
0xd486cacd8c14b446e72f9e041a9806bf71257f5f,0,,0
0xfc1d8102344a73e9b34470ea7274b00123c078ed,0,raw_data/0xfc1d8102344a73e9b34470ea7274b00123c078ed/UserWallet.sol,1
0xa83510c7f2227ffc9794ca25c351d973e76d26ae,1,raw_data/0xa83510c7f2227ffc9794ca25c351d973e76d26ae/EthicismProtocol.sol,1
0xbb7f05aa2dd33425ea0848cda8e4ea54718c6336,1,raw_data/0xbb7f05aa2dd33425ea0848cda8e4ea54718c6336/TokenContract.sol,1
0x997142cff147bab2f00e8a0b0feb275ddbd338ee,1,raw_data/0x997142cff147bab2f00e8a0b0feb275ddbd338ee/Scaleswap.sol,1
0x070669e366727369064633ef5702107D73Cee0e5,1,raw_data/0x070669e366727369064633ef5702107D73Cee0e5/NotFoundErc404.sol,1
0x370e6550cbaed46ec8776fb57766c712165b141f,1,raw_data/0x370e6550cbaed46ec8776fb57766c712165b141f/TreeDiagram.sol,1
0x7cd9697d5390a0b04479deed5ec3735c8eeec548,1,raw_data/0x7cd9697d5390a0b04479deed5ec3735c8eeec548/ANIMOCA.sol,1
0xc43c8cf0e0ca7450458989a03c185ae58e08b653,0,,0
0x5d64d850c8368008afb39224e92ad0dceff3cf38,1,raw_data/0x5d64d850c8368008afb39224e92ad0dceff3cf38/TokenERC20.sol,1
0x92361224281843af0025554d0e7f52cffe95e294,0,raw_data/0x92361224281843af0025554d0e7f52cffe95e294/UserWallet.sol,1
0xa56fb0c23c56ea5969a68636d17e3275cad09a1e,1,raw_data/0xa56fb0c23c56ea5969a68636d17e3275cad09a1e/OPPS.sol,1
0x13f747fbef313db8d1833acd6b3ac8c6342f5975,1,raw_data/0x13f747fbef313db8d1833acd6b3ac8c6342f5975/Flexton.sol,1
0xc4835ba664daeca06992d20ffe1724a46a9d4bc9,1,raw_data/0xc4835ba664daeca06992d20ffe1724a46a9d4bc9/XNFTToken.sol,1
0x89742aa24dfdd0912866f89466f53af87008ad57,1,raw_data/0x89742aa24dfdd0912866f89466f53af87008ad57/BONE.sol,1
0xe0d87605d37be036a1d9e2b404fcf68113d69c95,1,raw_data/0xe0d87605d37be036a1d9e2b404fcf68113d69c95/PUNKS.sol,1
0xcb054877ba4257ddfea77d86e76c1d1285f09630,0,raw_data/0xcb054877ba4257ddfea77d86e76c1d1285f09630/AutoWallet.sol,1
0x0add25024c15868f629784a2799bbfb5aafe63b7,1,raw_data/0x0add25024c15868f629784a2799bbfb5aafe63b7/RugInu.sol,1
0x64efc4b9fd7670cbe091a0cf89ffe562733149d0,1,raw_data/0x64efc4b9fd7670cbe091a0cf89ffe562733149d0/FOXXSWAP.sol,1
0xf8dae561f805c06a598dff523586ac6f41b941d5,1,raw_data/0xf8dae561f805c06a598dff523586ac6f41b941d5/MATTERTOKEN.sol,1
0xab28787f0f0de52bc294e0f602cad2fb7ac2e248,1,raw_data/0xab28787f0f0de52bc294e0f602cad2fb7ac2e248/Token.sol,1
0xa66daa57432024023db65477ba87d4e7f5f95213,1,raw_data/0xa66daa57432024023db65477ba87d4e7f5f95213/HuobiPoolToken.sol,1
0x20b06bcad83f8dc5457a8fef877bedbeccf740aa,0,,0
0xc6576cf9bac481499791cb5c3c4b8b3694a5f815,1,raw_data/0xc6576cf9bac481499791cb5c3c4b8b3694a5f815/XETA.sol,1
0x655743e181b96f1f4b36e67e03e49aa0db43216f,1,raw_data/0x655743e181b96f1f4b36e67e03e49aa0db43216f/HAKU.sol,1
0x4fcd04abf781bf52627b765cd993f0116184d11c,0,,0
0x5e3dc2944a80e57a99582559588b8b63d7d100bc,0,raw_data/0x5e3dc2944a80e57a99582559588b8b63d7d100bc/UserWallet.sol,1
0xe6a739e8dc3b2f81cae3f76bb7cf6ab62b127a76,1,raw_data/0xe6a739e8dc3b2f81cae3f76bb7cf6ab62b127a76/JEJUDOGE.sol,1
0x9f8eedb4a6f90e3b678f5174e7ecb64d748d2fb2,0,,0
0x1bd8ff39b407816e16e97bf0f0aa2cfa154544cd,1,raw_data/0x1bd8ff39b407816e16e97bf0f0aa2cfa154544cd/Thanks.sol,1
0x800fdc163e94190e54817d68553b1b6960529670,0,,0
0xb140776a0af24a071f2e3b78415970944f589a6d,1,raw_data/0xb140776a0af24a071f2e3b78415970944f589a6d/Floki22.sol,1
0xca91adfaa331d5cd45d4a2875b551dbb170ee013,0,,0
0x0b41c1f8070aa2aae7220450f6cd00343b263bb0,0,,0
0x85ba591b3444ed01b5d7f8cebdb897494709bbdc,1,raw_data/0x85ba591b3444ed01b5d7f8cebdb897494709bbdc/aERC20.sol,1
0xe674e765e824e07c667935f325503374caa15c55,1,raw_data/0xe674e765e824e07c667935f325503374caa15c55/BritishBullDog.sol,1
0x72824ad48d3c9674288e4992ba4e61bf51504fb8,0,,0
0xc46751e2494897eb34e2297beb649672dbabf975,0,,0
0x651255b45249f474ea03b85acfff07375edd340e,1,raw_data/0x651255b45249f474ea03b85acfff07375edd340e/NETVRK.sol,1
0x7880f5b7a75a7175da2ee34d16c9c288d2e20f1d,1,raw_data/0x7880f5b7a75a7175da2ee34d16c9c288d2e20f1d/EmiSwap.sol,1
0x2c3ee8970b480936112cad99bead7ae60c7511d7,1,raw_data/0x2c3ee8970b480936112cad99bead7ae60c7511d7/AmpliFi.sol,1
0x079395125c993b26afec231aa85169be75808fe2,0,raw_data/0x079395125c993b26afec231aa85169be75808fe2/UserWallet.sol,1
0x36f726e01cc85fdb0d998dfc442856379c569274,1,raw_data/0x36f726e01cc85fdb0d998dfc442856379c569274/EthRoulette.sol,1
0x675f0c5951bea7cd560017429e5237bb91bf3316,0,raw_data/0x675f0c5951bea7cd560017429e5237bb91bf3316/Forwarder.sol,1
0x73157e1d21653fec33a64c2f540afdc1d7794606,0,,0
0x3e19c4d8e826b2a35158cbd1eba15c5b4a8f34d9,1,raw_data/0x3e19c4d8e826b2a35158cbd1eba15c5b4a8f34d9/AquaDrops.sol,1
0x0262d9221f43c1d658dc78bf55608dfcd120ef9c,0,,0
0x3f2b95882dabfaf724f9efc9294e32d0a1bff1fb,0,,0
0x4f20fde4f004b2228eb10acef7ec2a8b13558302,0,,0
0xdf7354aa6f3d39a5befd07b0b2f54c37977aefb0,0,raw_data/0xdf7354aa6f3d39a5befd07b0b2f54c37977aefb0/UserWallet.sol,1
0x62b9f614e24c6b0050670293958d89a0965712c2,1,raw_data/0x62b9f614e24c6b0050670293958d89a0965712c2/Optimism.sol,1
0xcde8ffb0ab70b4ad511e4f8bf524581e08c98690,0,raw_data/0xcde8ffb0ab70b4ad511e4f8bf524581e08c98690/UserWallet.sol,1
0xac40ea07f9f0cbcdcfce91cf641ef08e579f0ce4,0,,0
0xb29d875c7689a628c1caaeeb8232d12e24c33819,0,,0
0x2e75fdc7b4828f6d2ef56f97c7e495902fb9c1f3,1,raw_data/0x2e75fdc7b4828f6d2ef56f97c7e495902fb9c1f3/LOCOINU.sol,1
0x8a569bea411a621bf25159a58dc7c4812e61db28,0,raw_data/0x8a569bea411a621bf25159a58dc7c4812e61db28/UserWallet.sol,1
0xd83970f005973512049f9d8abfe5ab610fc92cc0,1,raw_data/0xd83970f005973512049f9d8abfe5ab610fc92cc0/CtrToken.sol,1
0xaed6dcac4d6630393c5a85f3fe180dc5743d79d1,1,raw_data/0xaed6dcac4d6630393c5a85f3fe180dc5743d79d1/ERC20.sol,1
0xa24ed8b3e228a90a8a3cfe7f1d02d87088d04fc9,0,raw_data/0xa24ed8b3e228a90a8a3cfe7f1d02d87088d04fc9/Forwarder.sol,1
0xf4707e0818acef071577e3387301fb1837160432,1,raw_data/0xf4707e0818acef071577e3387301fb1837160432/LiquidityLotto.sol,1
0x2e1d0a2557d5110b66c91f88ae96c9f43e2d9299,0,,0
0x45ac35367e928ac99b6ec667f88c55bce3aebe4a,0,raw_data/0x45ac35367e928ac99b6ec667f88c55bce3aebe4a/HumanStandardToken.sol,1
0x1aeaf4155589be2f761b2261b35cbe01b9d0e972,1,raw_data/0x1aeaf4155589be2f761b2261b35cbe01b9d0e972/CantSleep.sol,1
0xd260284fa79c22d449a9dd131837f7d95ced3140,1,raw_data/0xd260284fa79c22d449a9dd131837f7d95ced3140/ForgeTv.sol,1
0xbfd59dd51996d3dbb44435da5a26a4d0a89423c7,1,raw_data/0xbfd59dd51996d3dbb44435da5a26a4d0a89423c7/sawamura.sol,1
0x1585f9ad402c51b3aae882b1366ce5ca4c53cc17,1,raw_data/0x1585f9ad402c51b3aae882b1366ce5ca4c53cc17/ERC20.sol,1
0x162dfa2502e67a6b477b91f0583caa47a4ac0662,1,raw_data/0x162dfa2502e67a6b477b91f0583caa47a4ac0662/UnidoDistribution.sol,1
0xbd4290d6028cb7f85940d69693a41b1c2e49ed95,1,raw_data/0xbd4290d6028cb7f85940d69693a41b1c2e49ed95/bee.sol,1
0x615c052ba1277ad49bed5a596f33a751bffdc104,1,raw_data/0x615c052ba1277ad49bed5a596f33a751bffdc104/Shino.sol,1
0x672cf7f41cf9ed87ece3cd93e2149c363f61bc2e,0,raw_data/0x672cf7f41cf9ed87ece3cd93e2149c363f61bc2e/UserWallet.sol,1
0x2207d269ae026c41d627fdafe0e2fdaa8f6d3204,0,raw_data/0x2207d269ae026c41d627fdafe0e2fdaa8f6d3204/UserWallet.sol,1
0x8aa9f0237892a04a9c3886a2f82c0407609c2549,0,,0
0x48f0c1ecc27f6aa33295bfb7af79be8d72dc1ce1,0,raw_data/0x48f0c1ecc27f6aa33295bfb7af79be8d72dc1ce1/UserWallet.sol,1
0x2dec67f225f5f9f9b26727f6a42cf3e4935050d1,0,raw_data/0x2dec67f225f5f9f9b26727f6a42cf3e4935050d1/Wallet.sol,1
0x80ccfa0fea41fdbcdef8815f3dc4df688ce00772,0,,0
0xabbcd2fb137b8d8f28291b9b505ad087a237f4de,0,,0
0xaefa5bb1697a28a49eee98d9ae5b89ba95f92ddc,0,,0
0x1938eea909315f02a9041d1e8999832a0e12b5ed,0,,0
0xadcde44351d81783898ec717ac69511e0311ad81,1,raw_data/0xadcde44351d81783898ec717ac69511e0311ad81/ERC20.sol,1
0x063b414ca0124a10384e2f97b89c51a366692dcf,0,raw_data/0x063b414ca0124a10384e2f97b89c51a366692dcf/UserWallet.sol,1
0x0460f29c3b7dabf073c7d1b14c0ea6f4585ee01f,0,raw_data/0x0460f29c3b7dabf073c7d1b14c0ea6f4585ee01f/UserWallet.sol,1
0x1eefad9a556530f8af9a06ff696a48fbc2d369cc,1,raw_data/0x1eefad9a556530f8af9a06ff696a48fbc2d369cc/UniswapExchange.sol,1
0xf200c3b82b4f5baaca8898549ec3f3d7aa8f85af,1,raw_data/0xf200c3b82b4f5baaca8898549ec3f3d7aa8f85af/CrossPad.sol,1
0x650734bfd0465b7c6cd2932ea555e721308fd0b3,1,raw_data/0x650734bfd0465b7c6cd2932ea555e721308fd0b3/AddressLotteryV2.sol,1
0xd3eaf13cd2bca1e0d1dc2d052312434e6b30139c,1,raw_data/0xd3eaf13cd2bca1e0d1dc2d052312434e6b30139c/BONE.sol,1
0xae4dfa92409c9b3af61703ad57e21103c0e2be6b,0,raw_data/0xae4dfa92409c9b3af61703ad57e21103c0e2be6b/UserWallet.sol,1
0x457b2177b0b917db995b852bfa7d609582e57630,0,,0
0x083a077d6db05f856be4a8dc3eaf2628721e9830,1,raw_data/0x083a077d6db05f856be4a8dc3eaf2628721e9830/SHIBACOIN.sol,1
0xeaa4c1aa274f3fd0fa2e203d397492317e9e57b8,0,,0
0x9293c6aca9b7aa052d6fff7e0753982b89c3e8ee,0,,0
0xb3970a959a727a38cfc0b2f913b4d83b60ad51b5,1,raw_data/0xb3970a959a727a38cfc0b2f913b4d83b60ad51b5/UniswapExchange.sol,1
0x53f7e1258b4d2887ed4e9e921af1c6e68e06b9a8,0,,0
0xd1f7c3bb4eb27fbb291cd62468854e6db84933af,1,raw_data/0xd1f7c3bb4eb27fbb291cd62468854e6db84933af/ERC20.sol,1
0x8899ae3657da2b6d76d7b7edb44b260aa4391da6,0,,0
0x5fe481b93dac6077420e8fd32e1b65d49b35925d,0,,0
0x00207ee03cb4d1171188a7f92dd271c330c54e69,0,raw_data/0x00207ee03cb4d1171188a7f92dd271c330c54e69/Forwarder.sol,1
0xacaa46aab160248caf419969844df888c0647c0a,0,raw_data/0xacaa46aab160248caf419969844df888c0647c0a/UserWallet.sol,1
0x4dc208fb8733999896f43646b6c6cfea17ff2a44,1,raw_data/0x4dc208fb8733999896f43646b6c6cfea17ff2a44/OptionRoom.sol,1
0x2a12ccf6560dbbb7d6d78a9921e4122640613dfb,0,,0
0x4e453a242439f8a993e16b0c9595517dcba7ba01,0,,0
0xb4d3eff2bab925353d9778309ee1b96000241797,1,raw_data/0xb4d3eff2bab925353d9778309ee1b96000241797/NyanInu.sol,1
0xbbbbafd3d471838a3745beb2dd33fae4e878ec1e,1,raw_data/0xbbbbafd3d471838a3745beb2dd33fae4e878ec1e/CryptoZoon.sol,1
0xe8bf8dcbf4d5c4a17b8fa3ed9f70d4fd38ed6b61,1,raw_data/0xe8bf8dcbf4d5c4a17b8fa3ed9f70d4fd38ed6b61/IMPULSEVEN.sol,1
0x59b565eb759c01f980b695151e5db02dae318f19,0,,0
0x5e6142e7a86061f40a011c142b917595db173d28,1,raw_data/0x5e6142e7a86061f40a011c142b917595db173d28/ROOM.sol,1
0x97e539d3e68f5dc17a662068a020c35457ebfdd1,1,raw_data/0x97e539d3e68f5dc17a662068a020c35457ebfdd1/FLOPPER.sol,1
0x588764d2c6c77a4ee0cc4fbab999986bfd4fee5b,0,,0
0x221b348585b8f973b50a8f6ea40d04411348dead,0,,0
0x8d671c192fcccdbc652501e4dc953516b07c1682,1,raw_data/0x8d671c192fcccdbc652501e4dc953516b07c1682/CUNT_DAO.sol,1
0xd35321d81d668d4d5f173934faba93239f5ad83f,1,raw_data/0xd35321d81d668d4d5f173934faba93239f5ad83f/YourName.sol,1
0x083880809244561f1abfaf9c6c515aedfd2e1269,1,raw_data/0x083880809244561f1abfaf9c6c515aedfd2e1269/Coin.sol,1
0x0781bd71f62baf2279265434749e59285158ba52,0,,0
0xe49d7651eca3f844b3281b22dec57167d15b1917,1,raw_data/0xe49d7651eca3f844b3281b22dec57167d15b1917/ERC20.sol,1
0x377624161226fe0e0a074c3d6f3b73a2f4f6ae23,1,raw_data/0x377624161226fe0e0a074c3d6f3b73a2f4f6ae23/SHIBARMY.sol,1
0x0fe649681f7fef42d18d6f09d818389c1981843b,1,raw_data/0x0fe649681f7fef42d18d6f09d818389c1981843b/PolkaVentures.sol,1
0x59f3f84521b7665a8c14e4a67d9c92f9ca556026,1,raw_data/0x59f3f84521b7665a8c14e4a67d9c92f9ca556026/ECI.sol,1
0xf951810e1b9ca6f33f511936144f4594b5f7df5e,0,,0
0xf15f65a04753956b9a86b0919e834c63c0cdc039,0,,0
0x3526cf7d12c95b11a680678cc1f705cba667578d,1,raw_data/0x3526cf7d12c95b11a680678cc1f705cba667578d/StaffFunds.sol,1
0x2be43538704990d83ec519ae1bb18c72749e0b58,0,raw_data/0x2be43538704990d83ec519ae1bb18c72749e0b58/Forwarder.sol,1
0x581c19ae87d7dd9f382e0496b0287752d0e14cf1,0,,0
0x88e1bd473d32939af4fbe22536cead5d4209f4df,1,raw_data/0x88e1bd473d32939af4fbe22536cead5d4209f4df/Jora.sol,1
0xeeae6ba7f2d5244bb17d205a483330ed11bddf7e,0,raw_data/0xeeae6ba7f2d5244bb17d205a483330ed11bddf7e/LockToken.sol,1
0x3d8a10ce3228cb428cb56baa058d4432464ea25d,1,raw_data/0x3d8a10ce3228cb428cb56baa058d4432464ea25d/TestToken.sol,1
0x26ae986bfab33f4cbadec30ea55b5eed9e883ecf,1,raw_data/0x26ae986bfab33f4cbadec30ea55b5eed9e883ecf/BRT_GIFT.sol,1
0xa13f69a677256b249b412347a50ff4dfa9679332,0,,0
0xac36e9af1660c6ab44a2c6fd58835ec2ca2811bc,0,,0
0x8b96a920d1c4d3b6433cf96e3da710ac53f18560,1,raw_data/0x8b96a920d1c4d3b6433cf96e3da710ac53f18560/X22.sol,1
0xa612639c739ad6050e3876a1f2c2f638e66320f9,0,,0
0xbe58c78cc54bba9a3c5ac548c27b8bac2542af46,0,raw_data/0xbe58c78cc54bba9a3c5ac548c27b8bac2542af46/UserWallet.sol,1
0x593e078d0f343359a7ff1b2e290d6db6cfd060d5,1,raw_data/0x593e078d0f343359a7ff1b2e290d6db6cfd060d5/EverKing.sol,1
0xad066440036689d2726938f50233fa3c6168c5cf,0,raw_data/0xad066440036689d2726938f50233fa3c6168c5cf/LockToken.sol,1
0x61bc7c42ed0b9714048349b369578d48f021f16a,0,,0
0x55a4e689a621841e5d41b56cf01189d2913b1c97,0,raw_data/0x55a4e689a621841e5d41b56cf01189d2913b1c97/UserWallet.sol,1
0x4ddd9cf6bc4b77bb30b9a5f5483ed695b04a34bf,1,raw_data/0x4ddd9cf6bc4b77bb30b9a5f5483ed695b04a34bf/Yori_Token.sol,1
0xe509f52f2692ca38a30bac906e5060297472d134,1,raw_data/0xe509f52f2692ca38a30bac906e5060297472d134/MARPADAO.sol,1
0x55d564d1235a07de139c7458c26e89bcd8bdd588,1,raw_data/0x55d564d1235a07de139c7458c26e89bcd8bdd588/Coin.sol,1
0x7ff36cb98ac0bc8cb277feff0d75169893e41355,0,raw_data/0x7ff36cb98ac0bc8cb277feff0d75169893e41355/UserWallet.sol,1
0xbed4e49b227652a97ee1044bcfc024e8c581941b,0,raw_data/0xbed4e49b227652a97ee1044bcfc024e8c581941b/UserWallet.sol,1
0x4febeb48d437b415d0778fff757018556bf97e52,0,,0
0x48bda1d641550d6744dbb840f63b5f2d39179a51,0,raw_data/0x48bda1d641550d6744dbb840f63b5f2d39179a51/UserWallet.sol,1
0x2f68ef73e4aa890d935a5a31b34d1087ff04f9d6,0,,0
0xa027eb7d1f17a6f888a504c5fb32fe42e0d07d8e,1,raw_data/0xa027eb7d1f17a6f888a504c5fb32fe42e0d07d8e/Shakti.sol,1
0xb8446d4951d89a0155864f30e2b4dff5c44fd897,0,,0
0x8708f15c89bf3785002a853fc4e2ebf60473a06d,1,raw_data/0x8708f15c89bf3785002a853fc4e2ebf60473a06d/MYTHICBULL.sol,1
0x4346c2e0f57e1d86aa7c426569ae35bb0bc4dad3,0,,0
0x5022afeda39af7f93f4c78f7204d32548dfcb057,0,raw_data/0x5022afeda39af7f93f4c78f7204d32548dfcb057/UserWallet.sol,1
0x26cf0ff0b91ca968d52b3f960bc622d4462ccdae,1,raw_data/0x26cf0ff0b91ca968d52b3f960bc622d4462ccdae/ShibKombat.sol,1
0x1fa99e01a0d4c00360cde4e017c1c1e3c0c51c92,1,raw_data/0x1fa99e01a0d4c00360cde4e017c1c1e3c0c51c92/ERC20.sol,1
0xd0d932c9f78583d297e487a7965223d0fe1008c8,1,raw_data/0xd0d932c9f78583d297e487a7965223d0fe1008c8/CSC.sol,1
0xcf52f475d4afb2ddfe13a6fd0f456c2efeac0c5c,1,raw_data/0xcf52f475d4afb2ddfe13a6fd0f456c2efeac0c5c/Connectivetoken.sol,1
0x6cc49ca134ec64d5c1e017c081c3984db7c60fac,0,,0
0x5162e7d4390eb8f9671824b80ea83f4f2249410a,1,raw_data/0x5162e7d4390eb8f9671824b80ea83f4f2249410a/ERC20.sol,1
0x2a451239473fade5706909b351f308fef8ba760c,1,raw_data/0x2a451239473fade5706909b351f308fef8ba760c/TOKUGAWA.sol,1
0xf8108aec5b3d2b5525a744a921b787c23464c758,0,,0
0x7b4947e6b6095289fc88ef6a2206a1f6941dd231,1,raw_data/0x7b4947e6b6095289fc88ef6a2206a1f6941dd231/UniswapExchange.sol,1
0x3aea8cce04e4bb997ef2edb9dcb67fae83a9f0bb,0,,0
0x00f8d7cb7bbe949ff6310253b128f0826a854818,1,raw_data/0x00f8d7cb7bbe949ff6310253b128f0826a854818/Concave.sol,1
0x6daa2195d0a67c23b4976bd388736c56e71c3f39,1,raw_data/0x6daa2195d0a67c23b4976bd388736c56e71c3f39/UniswapExchange.sol,1
0xe91efab52c752e33c2102ffd642dc764b2195fa5,0,raw_data/0xe91efab52c752e33c2102ffd642dc764b2195fa5/Forwarder.sol,1
0xabcfa2ba7390111e8333121632c0577a2fd1d4c8,0,,0
0x988f7bbe6848fb7e429f18e029d077a165910a01,1,raw_data/0x988f7bbe6848fb7e429f18e029d077a165910a01/TribeOne.sol,1
0x5b34d10411cc88ce840feb96db4da6a8a850c831,1,raw_data/0x5b34d10411cc88ce840feb96db4da6a8a850c831/OtterClam.sol,1
0x6ce9ed976f40d6615fe6a88ae7d7dc9928f30cc3,1,raw_data/0x6ce9ed976f40d6615fe6a88ae7d7dc9928f30cc3/ShibaKimono.sol,1
0xfdb0b1ae033783285e48f29a27f4211851515de9,0,raw_data/0xfdb0b1ae033783285e48f29a27f4211851515de9/UserWallet.sol,1
0x41efd47a6ee55eac3aeb8c695758540c4a113e23,1,raw_data/0x41efd47a6ee55eac3aeb8c695758540c4a113e23/QANplatform.sol,1
0xdafff2c9113330d8251e517dda55b6e75e297af0,1,raw_data/0xdafff2c9113330d8251e517dda55b6e75e297af0/BONE.sol,1
0x554ef4e9f8b9339ad7ef99466a63ae9850e995c3,0,,0
0xf31cdd92aeb9fb5c24bb3107ab4361d9d06341c6,1,raw_data/0xf31cdd92aeb9fb5c24bb3107ab4361d9d06341c6/SHIBASWAP.sol,1
0x725dc2ac68cced04933e22f38e606838d6a8d2eb,0,raw_data/0x725dc2ac68cced04933e22f38e606838d6a8d2eb/UserWallet.sol,1
0x18f6bbdd517b24dc743f7a068b77a058d0b86b78,0,raw_data/0x18f6bbdd517b24dc743f7a068b77a058d0b86b78/UserWallet.sol,1
0x01e39271d33342f9167f948a5c9e67f004bf802d,1,raw_data/0x01e39271d33342f9167f948a5c9e67f004bf802d/SiloToken.sol,1
0x9de98a543d86dd8a4b3764288c0bd5fec5931a45,0,,0
0x7a9aebd98765949461ac85fb870d19477f2ed403,0,,0
0x787a15a8673b9f6e9ea2aa6173bcad8bd35ad117,1,raw_data/0x787a15a8673b9f6e9ea2aa6173bcad8bd35ad117/YoriToken.sol,1
0x600a051e3ee2d795b2fb128920a6707ae07513a4,0,raw_data/0x600a051e3ee2d795b2fb128920a6707ae07513a4/UserWallet.sol,1
0xd548c2839465b099333cae6cc0d98b63d67d0ccf,0,raw_data/0xd548c2839465b099333cae6cc0d98b63d67d0ccf/UserWallet.sol,1
0xf0f26af42727025fb7cec83f91146e7c6696d17b,0,raw_data/0xf0f26af42727025fb7cec83f91146e7c6696d17b/UserWallet.sol,1
0x0a4736a0ddd4f3d77c0aaad99830c98cbd11480d,0,raw_data/0x0a4736a0ddd4f3d77c0aaad99830c98cbd11480d/Forwarder.sol,1
0xbf5fb038c28df2b8821988da78c3ebdbf7aa5ac7,1,raw_data/0xbf5fb038c28df2b8821988da78c3ebdbf7aa5ac7/GIFT_ENVELOPE.sol,1
0x0b9dbd564dc42d5af210b5a0ec69bb14e92b0797,0,,0
0xf6c78d3b8582a25855d6072fe1ec83f919bc7097,1,raw_data/0xf6c78d3b8582a25855d6072fe1ec83f919bc7097/DEER.sol,1
0xe7bca791c725e590448a9ee39e9664127a3652a0,0,,0
0xe67a4e13ad73aea1e829a39ccbcce2a46de6331f,0,,0
0xc2ede82d7430b48e853cbd07f597c24a5317593d,1,raw_data/0xc2ede82d7430b48e853cbd07f597c24a5317593d/TokenContract.sol,1
0xb1ee2633914170b4b1a5977cac356f8c7b2cf149,0,raw_data/0xb1ee2633914170b4b1a5977cac356f8c7b2cf149/UserWallet.sol,1
0x68f3a4e312b427339e49210f27361b9da9cdfced,1,raw_data/0x68f3a4e312b427339e49210f27361b9da9cdfced/ERC20.sol,1
0x2cedf089178f0ad4cc8a3f9b8c8e4a3d96b66a3d,0,raw_data/0x2cedf089178f0ad4cc8a3f9b8c8e4a3d96b66a3d/UserWallet.sol,1
0x1b197b3573ea5efe5b5de2e32d28345534d55104,0,raw_data/0x1b197b3573ea5efe5b5de2e32d28345534d55104/Wallet.sol,1
0x84cb907e927158c86de444b341358c31a7d913f7,0,,0
0x46c1a3f8188cef89d1c001d9ccd7d2c0d58da864,1,raw_data/0x46c1a3f8188cef89d1c001d9ccd7d2c0d58da864/OKININUSHI.sol,1
0x98ab60c34d14766d3d4b9196bbbdad6facf5a2fd,0,,0
0x5d3d1598e70a2fce9ebe13ac613185da05febbe8,1,raw_data/0x5d3d1598e70a2fce9ebe13ac613185da05febbe8/AdvancedToken.sol,1
0xa77b00e7baa1769addefc1d1a21074dbc01effc8,0,,0
0xe5715af144ee0bb201169b7c00d4e5b1f0ce8f29,1,raw_data/0xe5715af144ee0bb201169b7c00d4e5b1f0ce8f29/DIU.sol,1
0xb8f66e7fb55587168ae348bc7b8858a1c4b6831e,0,raw_data/0xb8f66e7fb55587168ae348bc7b8858a1c4b6831e/UserWallet.sol,1
0x254066e9865dcadf7a84580afb6864998ea0223d,0,raw_data/0x254066e9865dcadf7a84580afb6864998ea0223d/UserWallet.sol,1
0x5a335fbede28c7c24406e369dcea7afa90247e1e,1,raw_data/0x5a335fbede28c7c24406e369dcea7afa90247e1e/Dogella.sol,1
0x36d5d7262784130de564e99f5c2eab2aa0484bce,1,raw_data/0x36d5d7262784130de564e99f5c2eab2aa0484bce/WE_GAME.sol,1
0x321999b413e94b260bfdce9fd6fec8889e145fcf,0,,0
0x6551cf30b678901d946527cde0f9bf91bf94fe93,0,raw_data/0x6551cf30b678901d946527cde0f9bf91bf94fe93/Forwarder.sol,1
0x9c1bf2cbe7984f44b0c299ace2a14615852ad8e0,0,raw_data/0x9c1bf2cbe7984f44b0c299ace2a14615852ad8e0/UserWallet.sol,1
0xd30f5a0d536d4d6bfb313ddd8abf3a984f799c1d,0,raw_data/0xd30f5a0d536d4d6bfb313ddd8abf3a984f799c1d/UserWallet.sol,1
0x2107f2a950267fc449d011328b76199aea5b3180,0,raw_data/0x2107f2a950267fc449d011328b76199aea5b3180/UserWallet.sol,1
0x19d0321ba91ed5edec4afe1da158a6b06bba03f0,1,raw_data/0x19d0321ba91ed5edec4afe1da158a6b06bba03f0/QuestionIt.sol,1
0x27bf6b9777d3a4affa8eaf32f5d004248b3c2653,0,,0
0xbbeea2216954f5f6229c653968a875ef7d3ed342,0,,0
0x44cbc9d27bec06dbff385650e1190fb90573d360,0,,0
0xdfaae1d62de336155b88bdb2fa9701faaa3a3bea,0,raw_data/0xdfaae1d62de336155b88bdb2fa9701faaa3a3bea/UserWallet.sol,1
0x3705d96f802f73b184b7fb04418c6cf977941e43,1,raw_data/0x3705d96f802f73b184b7fb04418c6cf977941e43/EVNToken.sol,1
0x0dd13e9ffe0f94a76da4e9bb37500d42ddcd3d5a,1,raw_data/0x0dd13e9ffe0f94a76da4e9bb37500d42ddcd3d5a/UniswapExchange.sol,1
0x6ce71d1cc476cdfa5a197d92a5ce5b47b41a46c0,1,raw_data/0x6ce71d1cc476cdfa5a197d92a5ce5b47b41a46c0/Classic.sol,1
0x251848c3fc50274f5fda449919f083dc937b48b2,1,raw_data/0x251848c3fc50274f5fda449919f083dc937b48b2/Accrual_account.sol,1
0x92918ea597ee4bbf4076d411c1f8846cf9bfcaa7,0,,0
0x9c25ddc5437575b175b03fc5cb8dfe0e4c990679,0,,0
0x420c32981350d124f946be744a405a8b4b4e902e,0,,0
0x19dcdc263d45f26eec1a06c665a126c30038fecc,1,raw_data/0x19dcdc263d45f26eec1a06c665a126c30038fecc/KISHUSWAP.sol,1
0x80883482c049a82cfced78f0093e182af5657dd6,0,,0
0x277b5945076be047a1f652b954050a694f85b759,1,raw_data/0x277b5945076be047a1f652b954050a694f85b759/C98.sol,1
0xf993d34c1730cde0c21b5a4ffdae61b7a576873b,0,,0
0xe5182c28472d6ea4ef5b5edb6d3b13ca25d1f041,1,raw_data/0xe5182c28472d6ea4ef5b5edb6d3b13ca25d1f041/LiquidityLotto.sol,1
0x0eccb647e0224fc2ac42ea8c022e6016f87af9ae,0,raw_data/0x0eccb647e0224fc2ac42ea8c022e6016f87af9ae/UserWallet.sol,1
0xbd8998fd4160c50e6f5a99837ee4b702592ad6d6,1,raw_data/0xbd8998fd4160c50e6f5a99837ee4b702592ad6d6/eVITALIK.sol,1
0x8bcb64bfda77905398b67af0af084c744e777a20,1,raw_data/0x8bcb64bfda77905398b67af0af084c744e777a20/GameCell.sol,1
0xe460f3e0adc58357ea5e3ac1d839611dee826354,1,raw_data/0xe460f3e0adc58357ea5e3ac1d839611dee826354/BobaGatewayOMG.sol,1
0xc9b3af32f8c664277df9e45714fc6a077120bde7,0,raw_data/0xc9b3af32f8c664277df9e45714fc6a077120bde7/Forwarder.sol,1
0x93c2c7cf7efb87f140a3a79ae647bbc85d23b630,1,raw_data/0x93c2c7cf7efb87f140a3a79ae647bbc85d23b630/Coin.sol,1
0x2cf72573c1f6ce9f401e145a36ad30f5b5abf146,0,raw_data/0x2cf72573c1f6ce9f401e145a36ad30f5b5abf146/UserWallet.sol,1
0x76f0f9a8bbe0928fd895a97b6f928d5afe422105,0,,0
0x96050da7c01bbd4891ed766720a5c1c79b824163,1,raw_data/0x96050da7c01bbd4891ed766720a5c1c79b824163/ETHVault.sol,1
0x768acf92b4edbaef83f83baa90d74c0d2cb50e6e,1,raw_data/0x768acf92b4edbaef83f83baa90d74c0d2cb50e6e/YORIERC.sol,1
0xcd8c5264f3d7a033032a1ea4c91eeb868875f446,0,,0
0xf855a5e6407ddca7a00d86876a837dfc74812a43,1,raw_data/0xf855a5e6407ddca7a00d86876a837dfc74812a43/ERC20.sol,1
0x0595d187cac88f04466371eff3a6b6d1b12fb013,1,raw_data/0x0595d187cac88f04466371eff3a6b6d1b12fb013/GIFT_1_ETH.sol,1
0x59c4378e31e36bb214ceee53b481ea11cfd8a6b9,1,raw_data/0x59c4378e31e36bb214ceee53b481ea11cfd8a6b9/CALCIFERBURNINU.sol,1
0xaddb764a7df278d4e00396f70f3c698dde5ee0f8,0,,0
0xe4fcc41ba8242061097dbdbe0a1ed9841603c134,1,raw_data/0xe4fcc41ba8242061097dbdbe0a1ed9841603c134/OshitsuNoInu.sol,1
0xeaa9737f975da82a0129af7ba0b4b0636556cbe9,0,,0
0x89973fe85cd4e4470984dbf440add9ccde2ab36a,1,raw_data/0x89973fe85cd4e4470984dbf440add9ccde2ab36a/ERC20.sol,1
0x3658d6b3aa7b249a79f291ba2c91b802d520a133,0,raw_data/0x3658d6b3aa7b249a79f291ba2c91b802d520a133/Wallet.sol,1
0xf1d603f965b0cdf4caa64fed37e693e8d704f414,0,raw_data/0xf1d603f965b0cdf4caa64fed37e693e8d704f414/UserWallet.sol,1
0x30f99c0bf62d43901703d1d3476364d35aa1d647,1,raw_data/0x30f99c0bf62d43901703d1d3476364d35aa1d647/BOSON.sol,1
0xfa4904a800cf389ea4b0ab71a75dd8fd672466bf,1,raw_data/0xfa4904a800cf389ea4b0ab71a75dd8fd672466bf/POSTYDOGE.sol,1
0xfddf8902d8a95b923b12c6b7dee46401fda06e59,0,raw_data/0xfddf8902d8a95b923b12c6b7dee46401fda06e59/Wallet.sol,1
0xce6fb1c43748205eaf417178eb8d136d3bd403d0,0,raw_data/0xce6fb1c43748205eaf417178eb8d136d3bd403d0/Wallet.sol,1
0xd9f87cb1e1566d7ad79021060f64c10d49ba8234,1,raw_data/0xd9f87cb1e1566d7ad79021060f64c10d49ba8234/MuskRat.sol,1
0x9186798d55c1ea5c804db51675f8b21de5f42027,1,raw_data/0x9186798d55c1ea5c804db51675f8b21de5f42027/ShibaCloud.sol,1
0xe2c8eb0d8df27547523aa71b5153540bcff67473,1,raw_data/0xe2c8eb0d8df27547523aa71b5153540bcff67473/VPP.sol,1
0xdb80fe38a3abbe78707eeaae945f918863c09028,0,,0
0xcee3a06b93ea0a60635e806b79591b7260bfab22,0,raw_data/0xcee3a06b93ea0a60635e806b79591b7260bfab22/UserWallet.sol,1
0x71883b4064f57d2a2411771ca67c205406a383f9,0,raw_data/0x71883b4064f57d2a2411771ca67c205406a383f9/UserWallet.sol,1
0x2dcfce5df534b5bd27d3f1cf78e17d67addd0bce,1,raw_data/0x2dcfce5df534b5bd27d3f1cf78e17d67addd0bce/DmToken.sol,1
0x7bbc112fd35177a564094697a03d8960360a496f,0,raw_data/0x7bbc112fd35177a564094697a03d8960360a496f/UserWallet.sol,1
0x5bb52e85c21ca3df3c71da6d03be19cff89e7cf9,1,raw_data/0x5bb52e85c21ca3df3c71da6d03be19cff89e7cf9/CreditDepositBank.sol,1
0xba2ef7b207ef6149636a2b451f912b4fa1190525,1,raw_data/0xba2ef7b207ef6149636a2b451f912b4fa1190525/Biconomy.sol,1
0xf4134146af2d511dd5ea8cdb1c4ac88c57d60404,1,raw_data/0xf4134146af2d511dd5ea8cdb1c4ac88c57d60404/SunContractToken.sol,1
0x26312781aca292e0ab23ec04fd2d26273537aa32,0,raw_data/0x26312781aca292e0ab23ec04fd2d26273537aa32/UserWallet.sol,1
0xd87eaad7afb256c69526a490f402a658f12246fd,1,raw_data/0xd87eaad7afb256c69526a490f402a658f12246fd/R.sol,1
0x5d5037cb76e242507c04ee588e93bdf0e2babaf0,0,,0
0xb1180a9b3fca217e034cb3eeb151291973606d15,1,raw_data/0xb1180a9b3fca217e034cb3eeb151291973606d15/SHAMU.sol,1
0xf0f7eb276e920c6c37a699c16316e70c75b3bad4,1,raw_data/0xf0f7eb276e920c6c37a699c16316e70c75b3bad4/TokenContract.sol,1
0xab1d641dc1a61ced39aa49d9034bb6c96696cef9,0,,0
0xb0fdd92021c3000ec86efddf09cccd8a0d25e7ea,1,raw_data/0xb0fdd92021c3000ec86efddf09cccd8a0d25e7ea/Flamezy.sol,1
0xd92a608a2b8e6c14eb0b2fabca7101bbd420881d,1,raw_data/0xd92a608a2b8e6c14eb0b2fabca7101bbd420881d/Token.sol,1
0xa4f4df34357bdc9a6c37164e79556f9fbac029df,1,raw_data/0xa4f4df34357bdc9a6c37164e79556f9fbac029df/ROAI.sol,1
0x5a5c341a738d526318fe839909cf8d8c6fffda7a,0,raw_data/0x5a5c341a738d526318fe839909cf8d8c6fffda7a/UserWallet.sol,1
0xb8367cce6084866d6a2968d4dbb3d32807e7ed54,1,raw_data/0xb8367cce6084866d6a2968d4dbb3d32807e7ed54/TokenBEP20.sol,1
0xbd04a28f842ba7b0f9799886bdf80cb63866e684,0,,0
0x928fa72b4e47f14db0b293005212f62fced166ef,0,,0
0xfa2abc23701b8be1c5a363df3fadc336fa1eb619,0,,0
0x3843c48b8ae3784954d59937255d29d68880a4fc,0,raw_data/0x3843c48b8ae3784954d59937255d29d68880a4fc/Forwarder.sol,1
0x93030c19ad59e4f77d47f5d5fe2e68cddd14aeff,1,raw_data/0x93030c19ad59e4f77d47f5d5fe2e68cddd14aeff/ERC20.sol,1
0x19ecc74020808480380a17f34e8046bcc0f48267,0,,0
0x5c361a086b678d874eef3845ada9e8ba81d404b9,1,raw_data/0x5c361a086b678d874eef3845ada9e8ba81d404b9/Yori.sol,1
0x2dd85464bf8393be1908daee51b931d93dd051f3,0,raw_data/0x2dd85464bf8393be1908daee51b931d93dd051f3/AutoWallet.sol,1
0xddb26ea38b797a1e5bf71d05c99446469604e30d,0,raw_data/0xddb26ea38b797a1e5bf71d05c99446469604e30d/UserWallet.sol,1
0xc3c51c071e5f1eca09575ac35e90956ae3b27311,1,raw_data/0xc3c51c071e5f1eca09575ac35e90956ae3b27311/PEHUB.sol,1
0x3c6d13e5f69a8a7fdaa765a1714e232f548b739a,0,,0
0x541c4fb77545f66509ea2e4634701b9f0c6bdaf9,0,raw_data/0x541c4fb77545f66509ea2e4634701b9f0c6bdaf9/UserWallet.sol,1
0x4fff25f885cf7fd7954d694cfff7517f7297ad80,0,raw_data/0x4fff25f885cf7fd7954d694cfff7517f7297ad80/UserWallet.sol,1
0x86803ac7edd0609330c4829ca5f7a62039f5849d,0,,0
0x95a6b8042bd83f404fab379432c90bffbe3557fb,0,raw_data/0x95a6b8042bd83f404fab379432c90bffbe3557fb/UserWallet.sol,1
0x1354c8c1a66c2573ce9cc3e92e98d17869501a46,1,raw_data/0x1354c8c1a66c2573ce9cc3e92e98d17869501a46/HighBank.sol,1
0xcaa7b8aa3bc78dda98af8fee1390f34e756a5f55,1,raw_data/0xcaa7b8aa3bc78dda98af8fee1390f34e756a5f55/QUIZ_GAME.sol,1
0x86789b2de83b9a93f89f8c2cb14d622cd73515e9,0,raw_data/0x86789b2de83b9a93f89f8c2cb14d622cd73515e9/MossCoin.sol,1
0x3a1300a8f93063cd6791fb6f33452be589f91365,0,,0
0xe58a03797dc2ea68d5f17970dc90aa6c7fa3391a,0,raw_data/0xe58a03797dc2ea68d5f17970dc90aa6c7fa3391a/UserWallet.sol,1
0x2eee933c5c7e04ef76c71e0e5437d2f7a9b1efb0,0,raw_data/0x2eee933c5c7e04ef76c71e0e5437d2f7a9b1efb0/Forwarder.sol,1
0xbe66c5c20a31ec23802ad5dbc07c6d953090c2a8,0,raw_data/0xbe66c5c20a31ec23802ad5dbc07c6d953090c2a8/UserWallet.sol,1
0x2bf0579be35f7b08feec168bc8d8e998cbcc8e45,0,raw_data/0x2bf0579be35f7b08feec168bc8d8e998cbcc8e45/UserWallet.sol,1
0x521a68d8e378737ac240d644ad0749e5984a3182,0,,0
0x9326f01e4de2401d214292e1064c1951da9f909b,0,raw_data/0x9326f01e4de2401d214292e1064c1951da9f909b/UserWallet.sol,1
0xa451acbb54a83c1fd6f3c3062bbf8541a00a9229,0,raw_data/0xa451acbb54a83c1fd6f3c3062bbf8541a00a9229/UserWallet.sol,1
0x9b890d633a791efc91c61f1e99812ad2b9a3a4ab,1,raw_data/0x9b890d633a791efc91c61f1e99812ad2b9a3a4ab/ERC20.sol,1
0xf336496011891a6f905cde1242285e9953c94d0b,1,raw_data/0xf336496011891a6f905cde1242285e9953c94d0b/FAC.sol,1
0x870ff76a2e630afd41ce2efec0a1fe885ca9e753,1,raw_data/0x870ff76a2e630afd41ce2efec0a1fe885ca9e753/Religare.sol,1
0xf95534f15103a93204f620fbec1e5c79d416d559,0,,0
0x85ca6710d0f1d511d130f6935edda88acbd921bd,1,raw_data/0x85ca6710d0f1d511d130f6935edda88acbd921bd/PLGToken.sol,1
0x4e3d4db00b5e6cefbb7904f10b3fc1bbe6d186f8,1,raw_data/0x4e3d4db00b5e6cefbb7904f10b3fc1bbe6d186f8/BONE.sol,1
0x3961c9841251d2d35994e77f0f70125dfaa3fa69,0,raw_data/0x3961c9841251d2d35994e77f0f70125dfaa3fa69/UserWallet.sol,1
0x87f4eb3cc9bc6b1dc3a262c378987530c0e877f1,0,,0
0xc9b4b750a041de3072344f6505c283844cb908b9,0,raw_data/0xc9b4b750a041de3072344f6505c283844cb908b9/UserWallet.sol,1
0x19447e4100734eef2af7f52ad175a449027ee1b2,1,raw_data/0x19447e4100734eef2af7f52ad175a449027ee1b2/BONE.sol,1
0xc2d492b833517f8c9f1e01525d2c3bccc4ed3ac4,1,raw_data/0xc2d492b833517f8c9f1e01525d2c3bccc4ed3ac4/Imitation.sol,1
0xeed723d2f5d1c69259f3c954d74d2fd9a104719e,0,raw_data/0xeed723d2f5d1c69259f3c954d74d2fd9a104719e/Forwarder.sol,1
0x70bf9df6967dc96156e76cc43b928a7ef02e159a,1,raw_data/0x70bf9df6967dc96156e76cc43b928a7ef02e159a/X_GAME.sol,1
0xb0fff5fbfa9eacc67640c3eb98938397b680ab1b,0,raw_data/0xb0fff5fbfa9eacc67640c3eb98938397b680ab1b/UserWallet.sol,1
0x856975f122000589c8a906060fa75d61a4efb48f,0,,0
0x7fefc8bf6e44784ed016d08557e209169095f0f3,1,raw_data/0x7fefc8bf6e44784ed016d08557e209169095f0f3/GIFT_ETH.sol,1
0x7cc9eea7adb628388bddbe1b841ecf55495e3c02,0,raw_data/0x7cc9eea7adb628388bddbe1b841ecf55495e3c02/lockEtherPay.sol,1
0x777ffaa7ea9decfcaca5c59973491300c6f5716f,1,raw_data/0x777ffaa7ea9decfcaca5c59973491300c6f5716f/Shika.sol,1
0x895dfebc6d1ce1ca8b28e4fa97db462785577eda,0,,0
0x8179a7c577df6c0e201cd0622bc04cb3d5df05ca,1,raw_data/0x8179a7c577df6c0e201cd0622bc04cb3d5df05ca/eKISHU.sol,1
0x5d03afb6f4aeb635e0fbb408a6564bc466719893,1,raw_data/0x5d03afb6f4aeb635e0fbb408a6564bc466719893/METH.sol,1
0x77eb60103859cd907b1b235b4c7c8e2117cf1315,0,,0
0x84e390103532efcf7f82c5b7d59fcf263b86e733,1,raw_data/0x84e390103532efcf7f82c5b7d59fcf263b86e733/Yatagarasu.sol,1
0x7a969692a9fde76b6889ab44deb12d3e6f81c138,1,raw_data/0x7a969692a9fde76b6889ab44deb12d3e6f81c138/eLEASH.sol,1
0xc6389ef3d79cf17a5d103bd0f06f83cf76b14258,1,raw_data/0xc6389ef3d79cf17a5d103bd0f06f83cf76b14258/ETH_GIFT.sol,1
0xd1b4dbe81f109240444ebe5de70f511df0e9ceb9,0,raw_data/0xd1b4dbe81f109240444ebe5de70f511df0e9ceb9/UserWallet.sol,1
0x32dc6a179a74f8fc2f266b09a775344a437587b6,0,,0
0x1bb45a7246a23becb96b7bc8c51718d8cf4c9c5a,0,,0
0x23dbf11ddc9a9aa56a673e67e302b86e3d25a97f,1,raw_data/0x23dbf11ddc9a9aa56a673e67e302b86e3d25a97f/Wizard.sol,1
0xe880d693b1628d6a34399509c757821660e1cd29,0,raw_data/0xe880d693b1628d6a34399509c757821660e1cd29/UserWallet.sol,1
0x7c177eab4e98e7f99107505308bbdca41286b576,0,,0
0xc65f811826724ec3ba295131bb43c4bed25e55a1,1,raw_data/0xc65f811826724ec3ba295131bb43c4bed25e55a1/TokenContract.sol,1
0x57980520ea663a63184d9a16766396d5c5424406,1,raw_data/0x57980520ea663a63184d9a16766396d5c5424406/ERC20.sol,1
0x68d0e237b1591fc8e65def00961651f82a0b5c39,0,,0
0xbff4fcc466ed08181b644b5e36cfa5eb1b8cadca,0,raw_data/0xbff4fcc466ed08181b644b5e36cfa5eb1b8cadca/Forwarder.sol,1
0x34cc8427a8191b119b9be2ed5f08e14119046c10,1,raw_data/0x34cc8427a8191b119b9be2ed5f08e14119046c10/SolanaEx.sol,1
0x053af07eb456ef11fcbea1209b218a732b1f25ba,1,raw_data/0x053af07eb456ef11fcbea1209b218a732b1f25ba/BABYAKITA.sol,1
0x93393b446f3073eb0ba5f85524ca04030ba5d39a,1,raw_data/0x93393b446f3073eb0ba5f85524ca04030ba5d39a/MFO.sol,1
0xd50649aab1d39d68bc965e0f6d1cfe0010e4908b,1,raw_data/0xd50649aab1d39d68bc965e0f6d1cfe0010e4908b/TOSC.sol,1
0x13b25c3eb5e0805bfc464647f75a5fe0eedf6f7b,0,raw_data/0x13b25c3eb5e0805bfc464647f75a5fe0eedf6f7b/UserWallet.sol,1
0xcd52c19d8ae767f4b030c76a24586ec9fb303068,1,raw_data/0xcd52c19d8ae767f4b030c76a24586ec9fb303068/YearnVercel.sol,1
0xf4cdabd8739c284f8c383de60adef8b6dc7acbba,1,raw_data/0xf4cdabd8739c284f8c383de60adef8b6dc7acbba/Yorifarm.sol,1
0x6b6ac0dbb7e81071486808bac4d0c944643e5eeb,0,,0
0xc58d71ade18dfe9de3ec89ab2692903ff66680a3,1,raw_data/0xc58d71ade18dfe9de3ec89ab2692903ff66680a3/IRamura.sol,1
0x4736f4d9d32670f418b36b14de3baaafce6e379c,0,,0
0x66fa44eaee200e3f559bc67980f8a5b1ca4a3fc9,1,raw_data/0x66fa44eaee200e3f559bc67980f8a5b1ca4a3fc9/JEJUDOGE.sol,1
0xa630823bd70ab8e8e2d6e62089d3837db1887bf6,1,raw_data/0xa630823bd70ab8e8e2d6e62089d3837db1887bf6/question_quest.sol,1
0x7c9329c192ed90a9300932949b1c875135b1198d,1,raw_data/0x7c9329c192ed90a9300932949b1c875135b1198d/DFYN.sol,1
0x967286410e7052b1e86853ef4ec6322dd45a3d59,1,raw_data/0x967286410e7052b1e86853ef4ec6322dd45a3d59/FalcoPeregrinu.sol,1
0x11d69d924116a6c105ca6925283778df46698540,0,raw_data/0x11d69d924116a6c105ca6925283778df46698540/UserWallet.sol,1
0x0ff50df9299f75911374e10f6e3898a7c940d204,0,,0
0x54E300b06F16d12120751D8F2eDd4D856c28352F,1,raw_data/0x54E300b06F16d12120751D8F2eDd4D856c28352F/MEEKOO.sol,1
0x5f75cb0fd36e0798dbe39dee556efe1fddc3ecc5,0,raw_data/0x5f75cb0fd36e0798dbe39dee556efe1fddc3ecc5/BaseToken.sol,1
0x714c1ef3854591d4118bd6887d4740bc4d5f5412,1,raw_data/0x714c1ef3854591d4118bd6887d4740bc4d5f5412/KaasyToken.sol,1
0x5471207f8173ef5a160007329f4caf3a3d1c6e2d,0,raw_data/0x5471207f8173ef5a160007329f4caf3a3d1c6e2d/UserWallet.sol,1
0x2a87cec4dbe45658f8ecada8171a7d5c9f7aea8e,0,,0
0x6aec2689003409d90bf3d8b6f14931cb30954e9c,0,raw_data/0x6aec2689003409d90bf3d8b6f14931cb30954e9c/UserWallet.sol,1
0x17b1a60e4ef6a6d2ea02b1ce0cd67d069dc0abe9,1,raw_data/0x17b1a60e4ef6a6d2ea02b1ce0cd67d069dc0abe9/ARES.sol,1
0x0bf0f154b176c5d90f24e506f10f7f583eb5334d,1,raw_data/0x0bf0f154b176c5d90f24e506f10f7f583eb5334d/Lottery.sol,1
0xdd7fa30e03f7fb038fec51287fd3e0364aa3f35c,1,raw_data/0xdd7fa30e03f7fb038fec51287fd3e0364aa3f35c/BabyEth.sol,1
0xe1aee98495365fc179699c1bb3e761fa716bee62,1,raw_data/0xe1aee98495365fc179699c1bb3e761fa716bee62/BezantToken.sol,1
0x76423c339f6edf45ad5b08bcec77a88e28f12677,1,raw_data/0x76423c339f6edf45ad5b08bcec77a88e28f12677/RatSino.sol,1
0x448a08af746b907fc1c7c39e302ec447e97cf59d,1,raw_data/0x448a08af746b907fc1c7c39e302ec447e97cf59d/GunbaiUchiwa.sol,1
0xd7d234980e9a76685cfec7be23e4f1b934048dcd,0,raw_data/0xd7d234980e9a76685cfec7be23e4f1b934048dcd/UserWallet.sol,1
0xd1a3eb07b2a899895eaf57035534c88f0a93870d,0,raw_data/0xd1a3eb07b2a899895eaf57035534c88f0a93870d/UserWallet.sol,1
0x8e46368ca126e7741378c207a510d088b61b3ac5,0,,0
0x735b2398cd2ec4c791a7c2c89164b044c444058a,1,raw_data/0x735b2398cd2ec4c791a7c2c89164b044c444058a/Pidapipo.sol,1
0x8286f2ab2d25d1da8dee2fa1ef01cba76ab18c6c,0,raw_data/0x8286f2ab2d25d1da8dee2fa1ef01cba76ab18c6c/UserWallet.sol,1
0xdbc805f483b51a98e92f83022125db892ce17d06,0,,0
0x74b44653c09b53dc70a1cd8dd1a3ac6951bd55bb,0,raw_data/0x74b44653c09b53dc70a1cd8dd1a3ac6951bd55bb/Forwarder.sol,1
0x8d1d6e32f59829f6d2ea3be8dd0af8592c1808a7,1,raw_data/0x8d1d6e32f59829f6d2ea3be8dd0af8592c1808a7/SuperYachtCoin.sol,1
0xa65216c601ff5f6bff914e561efe0ec8be5ad8b8,1,raw_data/0xa65216c601ff5f6bff914e561efe0ec8be5ad8b8/GoldenInuToken.sol,1
0x137e531680b5d1f5645cd73a450323f1645d5034,1,raw_data/0x137e531680b5d1f5645cd73a450323f1645d5034/PAY_FOR_ANSWER.sol,1
0xe566585e097db50b38bc53164eae2be0d9e6ac0d,1,raw_data/0xe566585e097db50b38bc53164eae2be0d9e6ac0d/SantaAI.sol,1
0xe69e7971045ff681639e494f02c928d50e1492f6,0,,0
0xb16d3ed603d62b125c6bd45519eda40829549489,1,raw_data/0xb16d3ed603d62b125c6bd45519eda40829549489/AMLToken.sol,1
0xe52bDD1fc98cD6c0cd544c0187129c20D4545C7F,1,raw_data/0xe52bDD1fc98cD6c0cd544c0187129c20D4545C7F/TOMMI.sol,1
0x8bc67f54a3681edf1297e94b654037b0e0db5195,1,raw_data/0x8bc67f54a3681edf1297e94b654037b0e0db5195/Playground.sol,1
0x9a4e1e1eb99977d7c2685fa5bfed9a0477023bce,0,,0
0x706cac4c0145ce5e0bd8e72f6ce4e2b643a69dbf,1,raw_data/0x706cac4c0145ce5e0bd8e72f6ce4e2b643a69dbf/PENDLE.sol,1
0x2f4155d63c2a9a176a10e4e28e917563d0882483,1,raw_data/0x2f4155d63c2a9a176a10e4e28e917563d0882483/Journey_YORI.sol,1
0x4a16fe02b175222094f4450fc1f38911ca64b7a0,1,raw_data/0x4a16fe02b175222094f4450fc1f38911ca64b7a0/Synthetify.sol,1
0xb7f624ded791c262dff65517a335ba1c0700037e,1,raw_data/0xb7f624ded791c262dff65517a335ba1c0700037e/SHFT.sol,1
0x4d7918cf896329816abf79c33e6c1463e6e78353,0,,0
0x8b40c8ae86d795ac92446f1b909eb06db065f7c3,1,raw_data/0x8b40c8ae86d795ac92446f1b909eb06db065f7c3/Epstein.sol,1
0x3de1453931b1956611786ca520b30710c5b6ae3e,1,raw_data/0x3de1453931b1956611786ca520b30710c5b6ae3e/MOLO.sol,1
0x5e3a049fee42cdcb106995d39b124c5f70d58c51,0,raw_data/0x5e3a049fee42cdcb106995d39b124c5f70d58c51/UserWallet.sol,1
0xf27c277fd39cc5ae9e18e88a6612588c2101924f,1,raw_data/0xf27c277fd39cc5ae9e18e88a6612588c2101924f/BitToken.sol,1
0xfc70b89fffec0f77df299f5b59ab6d2dc7e0cfaf,0,,0
0x7e1baa6e244f52dd86dbc2686d455ec47553d6e9,1,raw_data/0x7e1baa6e244f52dd86dbc2686d455ec47553d6e9/ERC20.sol,1
0xcde2336e0f3870bcd92af40d029c65eaed1d1ea2,0,,0
0xb0fe24dc6222e9d9d0e43ab67f40c578af810d21,1,raw_data/0xb0fe24dc6222e9d9d0e43ab67f40c578af810d21/INVToken.sol,1
0xba22f79a7be977baa038371edfc19b9511be11fd,0,,0
0x978d20bc2a6767917c9f48c7a4c5e95961802453,1,raw_data/0x978d20bc2a6767917c9f48c7a4c5e95961802453/UniswapExchange.sol,1
0xac3db80ca16d5bca01d7e6bc843619a8692b661e,1,raw_data/0xac3db80ca16d5bca01d7e6bc843619a8692b661e/Ternoa.sol,1
0x20e5860e0529cf70fdd8ddb0160104e4b191a54b,0,,0
0x6594ac0a2ba54885ff7d314eb27c9694cb25698b,1,raw_data/0x6594ac0a2ba54885ff7d314eb27c9694cb25698b/GIFT_1_ETH.sol,1
0x3317a87182a5b5094056ebbc15f62e929967f90d,0,raw_data/0x3317a87182a5b5094056ebbc15f62e929967f90d/UserWallet.sol,1
0x4ea3e0e3abfbae3208a8075b393f59e560e730b4,1,raw_data/0x4ea3e0e3abfbae3208a8075b393f59e560e730b4/BABYDOGE.sol,1
0x028942da425a870a5e45d5636e60215a98cfe4f3,0,,0
0xffb6bde8fa40c2c19e368bfd5d08db5384d6a070,0,,0
0xbf75576ee192277259296874c480bce14fc0f9ba,1,raw_data/0xbf75576ee192277259296874c480bce14fc0f9ba/TheDragonFather.sol,1
0xda4dcb669fcdb2fe20806052cd4e337bf39b19b5,1,raw_data/0xda4dcb669fcdb2fe20806052cd4e337bf39b19b5/LiquidityLotto.sol,1
0x75c9e7e3d83d62b1e0f3d97b35203267ea20b8e6,1,raw_data/0x75c9e7e3d83d62b1e0f3d97b35203267ea20b8e6/MATRIX.sol,1
0x3b1552533fc1a3f2f5386b4ae29afdb008a3c162,0,,0
0xa68a0c9bb480f0cf3af82578f7c3cebc15d3abc5,0,,0
0x0c5242fcec026355ecd8a5890c9357217829df29,0,,0
0xa694611b65b0c19e23d3c39e9665cd6f1b0337a5,0,,0
0x9259a8bb6db7a6646e772e34d80f94d42819d7e4,1,raw_data/0x9259a8bb6db7a6646e772e34d80f94d42819d7e4/CPOOL.sol,1
0xaeec461c5aceff87f895e15ae456685772b4ea2a,1,raw_data/0xaeec461c5aceff87f895e15ae456685772b4ea2a/SPACEX.sol,1
0x8a8db55156283fdd8705e25697a0ffed1162fc2e,0,raw_data/0x8a8db55156283fdd8705e25697a0ffed1162fc2e/UserWallet.sol,1
0xb5c424cd005cd1ccc155654b551c4453346e0718,1,raw_data/0xb5c424cd005cd1ccc155654b551c4453346e0718/QUIZ_GAME.sol,1
0xd4faad4c85bb79ee37ac008670b32af27c4177d7,1,raw_data/0xd4faad4c85bb79ee37ac008670b32af27c4177d7/Inspiration4x.sol,1
0x56f0170188ecb8922f136902f0b36c12cbfe785c,0,raw_data/0x56f0170188ecb8922f136902f0b36c12cbfe785c/UserWallet.sol,1
0xca9c8839a868f30b5ed03bc27a07a42e319fb1ba,1,raw_data/0xca9c8839a868f30b5ed03bc27a07a42e319fb1ba/SupDucksNFT.sol,1
0x1B78F8403db4De43A92d5D12336AFc8b1c1d4086,1,raw_data/0x1B78F8403db4De43A92d5D12336AFc8b1c1d4086/Copenheimer.sol,1
0x015024b0d87dbb567f9e3d956bb0a495436ec3ba,1,raw_data/0x015024b0d87dbb567f9e3d956bb0a495436ec3ba/Coin.sol,1
0x304e300523dfe5975bb10828d2a6662861d84076,0,raw_data/0x304e300523dfe5975bb10828d2a6662861d84076/UserWallet.sol,1
0xe9fdab3b2ebbe47583bcb9cf2fd5966c53fb2f2e,0,,0
0xf02ac5c6a71afb759620982069598d63c17cfd6f,0,raw_data/0xf02ac5c6a71afb759620982069598d63c17cfd6f/UserWallet.sol,1
0x27ddae64ef36e60361b518688f9ef6fa8a3d5d34,0,,0
0x9fd4a19606874aa964a989b048ba89df7cfddd83,0,raw_data/0x9fd4a19606874aa964a989b048ba89df7cfddd83/UserWallet.sol,1
0x3e9720274ab672711522faa565ac95a431c28005,1,raw_data/0x3e9720274ab672711522faa565ac95a431c28005/ERC20.sol,1
0x60ddf41fc0b6b85f2cf6556bd50ee423334df684,0,,0
0x4eca4409c890687051516dc5e0e5e1ea32301563,1,raw_data/0x4eca4409c890687051516dc5e0e5e1ea32301563/UniswapExchange.sol,1
0x0277479a540aae255f1af5317c395de6835aea34,0,raw_data/0x0277479a540aae255f1af5317c395de6835aea34/UserWallet.sol,1
0xb8d23fee468c0e48548bf393ed9519094e26113f,0,,0
0x6f334c27f9d5d573222de228d1d793e02fb2b902,1,raw_data/0x6f334c27f9d5d573222de228d1d793e02fb2b902/KITSUNEMASK.sol,1
0x1b105b5dd86d6ce25533c17484746438e6c9a327,1,raw_data/0x1b105b5dd86d6ce25533c17484746438e6c9a327/YAT.sol,1
0x8f03764d1b938e985225e2e6fb07213248a919f5,0,,0
0x1533c795ea2b33999dd6eff0256640dc3b2415c2,1,raw_data/0x1533c795ea2b33999dd6eff0256640dc3b2415c2/BitDao.sol,1
0x9f39d8b09f1cd445b8333a89cec030e39eab1051,0,,0
0x4a73d9fe078fa67601047f88c3e6c270602e5709,1,raw_data/0x4a73d9fe078fa67601047f88c3e6c270602e5709/ETH_GAME.sol,1
0x68563d2a5fc58f88db8140a981170989f001b746,1,raw_data/0x68563d2a5fc58f88db8140a981170989f001b746/TimeCapsuleEvent.sol,1
0x35a89fd7fffb7bd6f73a2aa64741dfd175e626d3,0,raw_data/0x35a89fd7fffb7bd6f73a2aa64741dfd175e626d3/Forwarder.sol,1
0x003950eb83350938f09cdd36f495ba3bb5403715,1,raw_data/0x003950eb83350938f09cdd36f495ba3bb5403715/TTATDao.sol,1
0xc3308fc996468ec0f03b20b65e3b7517708ff8bf,0,raw_data/0xc3308fc996468ec0f03b20b65e3b7517708ff8bf/UserWallet.sol,1
0x146bad4461d9166e920ed8898b4f0724677f4a6d,0,,0
0x122069d8a9a3693b82e6b45f6bc8ec9d6d8f3c78,0,,0
0x8584b179db811515c32e14581571a528768f6c11,0,raw_data/0x8584b179db811515c32e14581571a528768f6c11/UserWallet.sol,1
0x7045ee46ab12a2069a99747903fc6459e3bc0022,1,raw_data/0x7045ee46ab12a2069a99747903fc6459e3bc0022/connective.sol,1
0xe9a9284e915a5ebe6143ca7e09836135852a9928,0,,0
0xdd17afae8a3dd1936d1113998900447ab9aa9bc0,1,raw_data/0xdd17afae8a3dd1936d1113998900447ab9aa9bc0/COIN_BOX.sol,1
0x81512fbf58a7d3d51c7186a436ef88732f2b8375,1,raw_data/0x81512fbf58a7d3d51c7186a436ef88732f2b8375/SLIM.sol,1
0x446a626f8a1aea5a8204d49bb597719f6f0fd6fc,0,,0
0x0441565683ff13b25b8fc8728d7487e8b3fa7d12,1,raw_data/0x0441565683ff13b25b8fc8728d7487e8b3fa7d12/KODACHI.sol,1
0x4b6ab039b3fa1e4f388ae176b14f79cd4b0b8c7b,1,raw_data/0x4b6ab039b3fa1e4f388ae176b14f79cd4b0b8c7b/KAGUTSUCHI.sol,1
0xacfc9577583ded00ae53ae79a0346cca4655c0bb,1,raw_data/0xacfc9577583ded00ae53ae79a0346cca4655c0bb/QUIZ_GAME.sol,1
0x7e97c48497a8d650dc030744b74c81e29816f8e3,1,raw_data/0x7e97c48497a8d650dc030744b74c81e29816f8e3/CEOThrone.sol,1
0x10eb884c99804b5e6a2c3db3269f4b42997117ad,0,,0
0x76fb4da1242d35800a73bef1e45262e3205666c9,0,,0
0x026abd87ec2b39f5040a468d5af00f7ffd1b4881,1,raw_data/0x026abd87ec2b39f5040a468d5af00f7ffd1b4881/Tsuru.sol,1
0x324885192d5e6fc515570ef23a663464ed4ebdab,0,raw_data/0x324885192d5e6fc515570ef23a663464ed4ebdab/UserWallet.sol,1
0xb84a5258db8c4972acc4e16e207c103d1ff92307,1,raw_data/0xb84a5258db8c4972acc4e16e207c103d1ff92307/MiniDOGE.sol,1
0xe86c25620aba82d57b58965fe017488f3e65db84,1,raw_data/0xe86c25620aba82d57b58965fe017488f3e65db84/FLithToken.sol,1
0xe7537ada16f22f4dca3f3a171a65093188538f32,1,raw_data/0xe7537ada16f22f4dca3f3a171a65093188538f32/UniswapExchange.sol,1
0xe914d2a4aee6003db5846a9fc254ed0485ed1368,0,,0
0x3f273653fdc0ec322d2be250b705be73fcbe0bcd,0,raw_data/0x3f273653fdc0ec322d2be250b705be73fcbe0bcd/DSProxy.sol,1
0xfd1ccd0f8fabab9b5b81173de82de4a1566ac53f,1,raw_data/0xfd1ccd0f8fabab9b5b81173de82de4a1566ac53f/ECOSCU.sol,1
0x68784a6e5fe96f21cad50a36cd7c19e850c8239b,0,,0
0x16756EC1DEb89A2106C35E0B586a799D0A61837D,1,raw_data/0x16756EC1DEb89A2106C35E0B586a799D0A61837D/CheddaToken.sol,1
0x40fbe4d38ff265a02dfd1da07ce93995d8e4f866,0,,0
0x9c01f0e6b13e6abc8f7723b7fd58c024607bd5cc,0,raw_data/0x9c01f0e6b13e6abc8f7723b7fd58c024607bd5cc/UserWallet.sol,1
0x7f118dab79e0c5c2d351d18104e50ffdb2e048ec,0,,0
0x8685631276cfcf17a973d92f6dc11645e5158c0c,1,raw_data/0x8685631276cfcf17a973d92f6dc11645e5158c0c/CryptoRoulette.sol,1
0x4c464b60106b1eec3d2838fb40ada259d0bb35aa,1,raw_data/0x4c464b60106b1eec3d2838fb40ada259d0bb35aa/HDR.sol,1
0xdbe81c294514294f23dc4a4f780c75589defe12f,0,raw_data/0xdbe81c294514294f23dc4a4f780c75589defe12f/UserWallet.sol,1
0xc4946d6e765c1a95c693757136a6cc0c89a32d63,1,raw_data/0xc4946d6e765c1a95c693757136a6cc0c89a32d63/SnowyInu.sol,1
0x94f98d317473b7f8d217c008bd9053dabe4bc31e,0,,0
0x38ebc46809fafa3e7700c84ac7ec6368fc573819,1,raw_data/0x38ebc46809fafa3e7700c84ac7ec6368fc573819/UniswapExchange.sol,1
0x2296f0bc855cdeee8f2578bd5d97e1db942560d5,0,raw_data/0x2296f0bc855cdeee8f2578bd5d97e1db942560d5/UserWallet.sol,1
0x7c2368ee840aaabebe519f3332959a6b966244a4,0,raw_data/0x7c2368ee840aaabebe519f3332959a6b966244a4/UserWallet.sol,1
0x19eac4baf7f3048adfad23b511d2badebf243ad1,1,raw_data/0x19eac4baf7f3048adfad23b511d2badebf243ad1/CROP.sol,1
0x8e4893ed6472bcf5553d43a9b221102882bdfd00,0,,0
0x5bc49cec1ccf5f1cef3da0cbad4cd34655a23615,0,,0
0x4b0538c2f2dd53902d33b0485280851f65a4174a,0,raw_data/0x4b0538c2f2dd53902d33b0485280851f65a4174a/LockToken.sol,1
0xba86ab1d4058704f1e46cfdcca1aabf5edb0fe32,0,,0
0xd53ca803deeab1b38beffc23a304b0fb41774979,1,raw_data/0xd53ca803deeab1b38beffc23a304b0fb41774979/KuKryptoKlan.sol,1
0x20e8df7c266183c63a04a7cd75eaf08b28deb300,1,raw_data/0x20e8df7c266183c63a04a7cd75eaf08b28deb300/PulseChain.sol,1
0xec299f0bbac6818a1f31eaaf058e19ba7c0c13cd,0,raw_data/0xec299f0bbac6818a1f31eaaf058e19ba7c0c13cd/UserWallet.sol,1
0x18b55a76a3326389d58e3a0e0d7e7227a81e861f,1,raw_data/0x18b55a76a3326389d58e3a0e0d7e7227a81e861f/RomeDAO.sol,1
0xe4cb578191e54ec157cfce1c6d2cdd575448d59c,0,,0
0x764c3a868c81a058e0e8a5f56bdf6fa877d64f10,1,raw_data/0x764c3a868c81a058e0e8a5f56bdf6fa877d64f10/BONE.sol,1
0x35a8fcdcc0c7f13b5635ba0874540b3250a70325,0,,0
0x3be7cae6a6902fd0e7f57860e2e9313ac0e0a55f,0,,0
0x80ed67614dd8f5a9852b23077d1dbe13017cd766,1,raw_data/0x80ed67614dd8f5a9852b23077d1dbe13017cd766/Pyth.sol,1
0x80af41f6866518761e831af25996d5076ed227bc,1,raw_data/0x80af41f6866518761e831af25996d5076ed227bc/KASHI.sol,1
0xb31a35479b51937c95b2ac9e2fec320f83e760b5,0,,0
0x4f89d78f5d15b68f7b062437c8844c531ad4b7e1,0,,0
0x78e1d2093800d56dad1cd0dbf1113304f1996751,1,raw_data/0x78e1d2093800d56dad1cd0dbf1113304f1996751/MOMA.sol,1
0xc61cdaa8a989521205ef0d9b332b00aaf571a7ab,1,raw_data/0xc61cdaa8a989521205ef0d9b332b00aaf571a7ab/ERC20.sol,1
0x94c5cdfd470c14ffdeaaf66367d405babbe62e04,0,,0
0x27557d94f18a959cf9fcd8e270d1c6acd285a4b2,1,raw_data/0x27557d94f18a959cf9fcd8e270d1c6acd285a4b2/BabyElvis.sol,1
0x71628b84571d4f29adcf747f393a0695c9c46f2f,1,raw_data/0x71628b84571d4f29adcf747f393a0695c9c46f2f/SamuraiPandaInu.sol,1
0xd7b4a8b4d0b0bd1366fcd4cc2ed8e2e8bb9f73e5,1,raw_data/0xd7b4a8b4d0b0bd1366fcd4cc2ed8e2e8bb9f73e5/SHIBASWAP.sol,1
0x3b976065af6b99c3db0edc065f32806f5b71acdb,1,raw_data/0x3b976065af6b99c3db0edc065f32806f5b71acdb/BoomYswap.sol,1
0x30a1c733310a454b87c96a9d939055fb34a551a8,0,raw_data/0x30a1c733310a454b87c96a9d939055fb34a551a8/UserWallet.sol,1
0x73c980929f8180dcb938107dd604104fccd7bace,0,,0
0xbf35cea39356666ae1b59ecfbbee5d145e7d8110,0,,0
0xac623e6f897d0c7f9185f8f202763acb160464ca,0,raw_data/0xac623e6f897d0c7f9185f8f202763acb160464ca/Forwarder.sol,1
0xece1e7380a23670c9a91f72b3a44b5a3725e98b0,1,raw_data/0xece1e7380a23670c9a91f72b3a44b5a3725e98b0/PrimitiveToken.sol,1
0xe10f03877804c8f4d9dd69e9f2078da6cd11d0b1,1,raw_data/0xe10f03877804c8f4d9dd69e9f2078da6cd11d0b1/JOURNEYOFYORI.sol,1
0xaACdc87429Bacc2F99Ffe78AD498C60a6108c9B3,1,raw_data/0xaACdc87429Bacc2F99Ffe78AD498C60a6108c9B3/ERC20.sol,1
0x9eabfccfd5c072754d109772d618d38cf68ba38f,0,,0
0x7413573ecba46fd0c0958004f83f6a73a8d65f5e,0,raw_data/0x7413573ecba46fd0c0958004f83f6a73a8d65f5e/UserWallet.sol,1
0x031e0c6a7c91df1bc171d33cccc6988fd2ddeb6f,1,raw_data/0x031e0c6a7c91df1bc171d33cccc6988fd2ddeb6f/TopCoinFXToken.sol,1
0xac2ba510392419d43e7beb05fb6c066242f351a5,0,,0
0x98fe1d52649a3a13863647c6789f16e46e090377,1,raw_data/0x98fe1d52649a3a13863647c6789f16e46e090377/WalletWithEmergencyTransfer.sol,1
0xd0870a68fd308334d8c0f7fa017011471a6f13d7,0,,0
0x6efe02a15ffd3de5b996f37c4284b0c61953b4b9,0,raw_data/0x6efe02a15ffd3de5b996f37c4284b0c61953b4b9/UserWallet.sol,1
0xbec77494fe82312849fa146a835e56ed5576a02f,0,raw_data/0xbec77494fe82312849fa146a835e56ed5576a02f/UserWallet.sol,1
0x225bcfdc213418e9428e78949368d7e1723b9292,0,,0
0x2e4eb4585cb949e53212e796cef13d562c24374b,1,raw_data/0x2e4eb4585cb949e53212e796cef13d562c24374b/GIFT_FOR_BIRTHDAY.sol,1
0x9982775639647d4b5b21c9a261b0c11d622ee5df,0,raw_data/0x9982775639647d4b5b21c9a261b0c11d622ee5df/UserWallet.sol,1
0xacfbde341a3b6d068357c83747e6152154d3ad02,0,raw_data/0xacfbde341a3b6d068357c83747e6152154d3ad02/UserWallet.sol,1
0x25898d8b26130716ae9239969df075348f38e69a,1,raw_data/0x25898d8b26130716ae9239969df075348f38e69a/ERC20.sol,1
0x6f905e47d3e6a9cc286b8250181ee5a0441acc81,1,raw_data/0x6f905e47d3e6a9cc286b8250181ee5a0441acc81/PRESENT_1_ETH.sol,1
0xee08b0d99cfc074abff6131b654f0bf6c0590a50,0,,0
0x79c068c0e9ed89bed0fc37dad0f8cee9d5ff1c74,1,raw_data/0x79c068c0e9ed89bed0fc37dad0f8cee9d5ff1c74/UniswapExchange.sol,1
0x04391a5a982ceadf17d60def7b5f01462aa4a525,0,raw_data/0x04391a5a982ceadf17d60def7b5f01462aa4a525/UserWallet.sol,1
0xb7b53ec82353ee74e19e7bbfa6be1d2e3bfaaa09,1,raw_data/0xb7b53ec82353ee74e19e7bbfa6be1d2e3bfaaa09/UniswapExchange.sol,1
0xc1b83f70d15c0c5b0392355934d40a47641759df,0,raw_data/0xc1b83f70d15c0c5b0392355934d40a47641759df/UserWallet.sol,1
0xcd55fbb7f2022514bb21c7db316187fea9e36776,0,raw_data/0xcd55fbb7f2022514bb21c7db316187fea9e36776/UserWallet.sol,1
0x2308f7e47cb5ab05331ea268790e4f06d8c0551f,0,raw_data/0x2308f7e47cb5ab05331ea268790e4f06d8c0551f/AutoWallet.sol,1
0x700be58fa44467a0ba6c8e2a0ba94e1e80a4ffe8,0,,0
0x7f7fd2c048734c3f70f8915536df99cdad023674,0,,0
0xbcb3da666c0a6c15e5b3a794f84f3a9d2e33564e,0,,0
0x4a6b42ea45459e1544bdb6bcaab6515c4f18e7ad,1,raw_data/0x4a6b42ea45459e1544bdb6bcaab6515c4f18e7ad/KYL.sol,1
0xfca5a365a2a7090c7111886b1964040fc2e5e249,0,raw_data/0xfca5a365a2a7090c7111886b1964040fc2e5e249/UserWallet.sol,1
0x9c5328bf2cbadd2d647fad3054d136e3dc4fae4c,0,,0
0xc72a7102cae629f46d1b831886f312ca5c18235c,0,raw_data/0xc72a7102cae629f46d1b831886f312ca5c18235c/UserWallet.sol,1
0xb5cb837467e5b95ff1a7b569fe8eeb9e05f0f06f,1,raw_data/0xb5cb837467e5b95ff1a7b569fe8eeb9e05f0f06f/Kawaii.sol,1
0x842e5f159f67b44c0ebb9018c4a5817bba298c1c,1,raw_data/0x842e5f159f67b44c0ebb9018c4a5817bba298c1c/TheBloodyMery.sol,1
0x8d1c1927d68828d8374b8f930419a58586bb3704,0,,0
0x9e52501d73a1cc7afbc45862b636955087d90d51,1,raw_data/0x9e52501d73a1cc7afbc45862b636955087d90d51/DDCoin.sol,1
0x08c3f6e2e8669b091801e0eb7c5deca251aa2b15,0,,0
0x47fade2f9f28e310f4a5d792e37e39123ae74a54,0,,0
0x215d253583D79259C56FfA188DC0744f6A7d26c1,1,raw_data/0x215d253583D79259C56FfA188DC0744f6A7d26c1/OILToken.sol,1
0x84219678dd6903540a9a2d4b442efa67e0960690,0,raw_data/0x84219678dd6903540a9a2d4b442efa67e0960690/UserWallet.sol,1
0x9327d1d3749f3543b21d62645a76c8397261b515,0,,0
0xb75772246cef1740eef86011e3d363f5266feed7,0,raw_data/0xb75772246cef1740eef86011e3d363f5266feed7/UserWallet.sol,1
0x661bb561e7fc5a2b2b5fd883ee35c395c4ae9985,1,raw_data/0x661bb561e7fc5a2b2b5fd883ee35c395c4ae9985/ERC20.sol,1
0xa14a081e6747776354640610f05f71350c87b9c3,1,raw_data/0xa14a081e6747776354640610f05f71350c87b9c3/Gamestarter.sol,1
0x17690cf16a8bb4a4e7a0ba50736903f8149c2ed4,1,raw_data/0x17690cf16a8bb4a4e7a0ba50736903f8149c2ed4/Utagawa.sol,1
0x7ffc2bd9431b059c509b45b33e77852d47de827d,1,raw_data/0x7ffc2bd9431b059c509b45b33e77852d47de827d/GIFT3600.sol,1
0xbfbe715cb4846e453a3353659a2f982185799fe7,1,raw_data/0xbfbe715cb4846e453a3353659a2f982185799fe7/SparkDaoToken.sol,1
0xa04aa54d8e963a0d4370de8e2f9912c6c5f729d7,0,raw_data/0xa04aa54d8e963a0d4370de8e2f9912c6c5f729d7/UserWallet.sol,1
0xf15382fc15326af7934b2cceb8fd2354c9e02e58,0,raw_data/0xf15382fc15326af7934b2cceb8fd2354c9e02e58/UserWallet.sol,1
0xa264c5db51b2664197668a9e52d332ed4ad60377,0,,0
0xa379eda47d90fb4bc2dfa54556421ff0f198ca47,1,raw_data/0xa379eda47d90fb4bc2dfa54556421ff0f198ca47/GUESS_GAME.sol,1
0x1ce822FAf12354C4202Bb95e67564C80c65689a7,1,raw_data/0x1ce822FAf12354C4202Bb95e67564C80c65689a7/SAFEDAO.sol,1
0x0e871b4002b2b3c19fb8ea54274d38f920804f86,1,raw_data/0x0e871b4002b2b3c19fb8ea54274d38f920804f86/PUSH.sol,1
0x4333f23f7f2141b07c06074d2efe0da36b2bb0d8,0,,0
0xa2831d7e74fbe73d3d41775d8037d764e32e56f3,1,raw_data/0xa2831d7e74fbe73d3d41775d8037d764e32e56f3/TPAD.sol,1
0x57501d20cee6be60bd9f54759ce42b7bc052755a,0,,0
0x3d0b9de39b5667a77bcb49d3908c7aa054eb4e10,1,raw_data/0x3d0b9de39b5667a77bcb49d3908c7aa054eb4e10/LASTCROW.sol,1
0x64ad9b2fc6a96c6c1df66234669571c15646c3d9,0,raw_data/0x64ad9b2fc6a96c6c1df66234669571c15646c3d9/UserWallet.sol,1
0x4d544911d0298c9fd37695ded4282e173256e7b1,0,,0
0xc9d4f1cb632b1e2332238b371956734bc09ca31b,0,raw_data/0xc9d4f1cb632b1e2332238b371956734bc09ca31b/LockToken.sol,1
0x62dd16e27bb35489e8072d6d3d61cfe46c7188ad,1,raw_data/0x62dd16e27bb35489e8072d6d3d61cfe46c7188ad/ERC20.sol,1
0xb1b51f475935c4442bd4e9a60e8b6da5ff0fa165,0,,0
0x6586b276a2f9200163b9ffdcd43553c62d295309,1,raw_data/0x6586b276a2f9200163b9ffdcd43553c62d295309/ERC20.sol,1
0x17cafb26d5952333c14da449eddbd9eb440c045a,0,,0
0xc26464e7515e9c99802ca3f36649e62af5c82301,1,raw_data/0xc26464e7515e9c99802ca3f36649e62af5c82301/MoonProtocol.sol,1
0x98306397ca1e278e8cc8a666af42c263078cfe17,0,,0
0x457a0677d206970a20212f95f35378cfc68eaa0c,1,raw_data/0x457a0677d206970a20212f95f35378cfc68eaa0c/KYUDO.sol,1
0x70edb3c3aaac0c8148269f49e7911d9069ae5295,1,raw_data/0x70edb3c3aaac0c8148269f49e7911d9069ae5295/ERC20.sol,1
0xe3340e14d43ecfc70635845ed73d5984fc5d2aa5,1,raw_data/0xe3340e14d43ecfc70635845ed73d5984fc5d2aa5/PenguinFinance.sol,1
0x240cba4e0b5113bb304dcebee8ef2e110a4c9b42,0,raw_data/0x240cba4e0b5113bb304dcebee8ef2e110a4c9b42/UserWallet.sol,1
0x39328fbdcc042235c0a1a672a0e25f19c1cc61e7,1,raw_data/0x39328fbdcc042235c0a1a672a0e25f19c1cc61e7/Escalator.sol,1
0x6e84dc615892797164840d650b190dd86de09f43,1,raw_data/0x6e84dc615892797164840d650b190dd86de09f43/ERC20.sol,1
0xfbce181708f78e6a33a5e39049d76f1e7f42b348,1,raw_data/0xfbce181708f78e6a33a5e39049d76f1e7f42b348/Spume.sol,1
0x7f435566724af7a8f964d0167c77bea310e873fe,0,raw_data/0x7f435566724af7a8f964d0167c77bea310e873fe/Token.sol,1
0x11f3081cd6b2ac5a263e65e206f806bea7fa9c56,1,raw_data/0x11f3081cd6b2ac5a263e65e206f806bea7fa9c56/CompanyTest.sol,1
0x7e6a4d8bf4ac3b9674d47ccdea387d67b3875787,1,raw_data/0x7e6a4d8bf4ac3b9674d47ccdea387d67b3875787/KIBUCHI.sol,1
0x286979791441bc17f4bc32a14b16da502a5c2e62,0,,0
0xa57f4a30665d08c86d5dcc0c903e1ce8f5165f84,0,,0
0x10b4b43e456ff1cd51f98bcba9fda8a9c28b14ae,0,,0
0xe0ed41628fa610f525a989e847a0099f22bc7681,1,raw_data/0xe0ed41628fa610f525a989e847a0099f22bc7681/Miko.sol,1
0x1665424ada17538d56077b038ae27fdd405c7c36,1,raw_data/0x1665424ada17538d56077b038ae27fdd405c7c36/FAQYU.sol,1
0x3987b97130bcd62d782dd508f76dff2fcc0b9f5e,0,,0
0x2fcf8f4878d1a369052d296892c22944d8c9893c,1,raw_data/0x2fcf8f4878d1a369052d296892c22944d8c9893c/ERC20.sol,1
0xd8af3b70abd26ef9e92c273060423904c34a8ed7,1,raw_data/0xd8af3b70abd26ef9e92c273060423904c34a8ed7/ERC20.sol,1
0x43f5fa80cdd26b199334846e9fce7a14761de66c,0,,0
0xa8cc93428c746cb9214b6f8beb28815acdfcd6b9,1,raw_data/0xa8cc93428c746cb9214b6f8beb28815acdfcd6b9/MatrixSamurai.sol,1
0xd83f9f06a1bf2dcbc5abe38b33f4ae7472b166df,0,,0
0x3ecb48df022aa3ea36ff7aa5f8e2ab104ec7a7ab,0,raw_data/0x3ecb48df022aa3ea36ff7aa5f8e2ab104ec7a7ab/UserWallet.sol,1
0xa2278071bdd0b349aa7cedc78163368f883144fc,0,,0
0xba004be7f55c6125c62f26fd0fa4ada5e2b0458b,1,raw_data/0xba004be7f55c6125c62f26fd0fa4ada5e2b0458b/ERC20.sol,1
0xaeded88b4faabc32cfdc9bf13566d52fc38b57a4,1,raw_data/0xaeded88b4faabc32cfdc9bf13566d52fc38b57a4/SANSHO.sol,1
0x10f6bc706b63b3ffdce1e348d89823f33675592a,0,,0
0xafc97166bf03873e5694f7c4ee3c47511b3341e7,0,,0
0x5aa88d2901c68fda244f1d0584400368d2c8e739,1,raw_data/0x5aa88d2901c68fda244f1d0584400368d2c8e739/MultiplicatorX3.sol,1
0x7a4349a749e59a5736efb7826ee3496a2dfd5489,1,raw_data/0x7a4349a749e59a5736efb7826ee3496a2dfd5489/WhaleGiveaway1.sol,1
0xa4f2782b63d80282417e12f48fa1c4a41e5c0312,0,,0
0x7d3f3665b456e9b4c0c57fb3162a1abec22acbcb,0,raw_data/0x7d3f3665b456e9b4c0c57fb3162a1abec22acbcb/UserWallet.sol,1
0xf836e7a376b73e96181e56e508b1435abefe94ed,1,raw_data/0xf836e7a376b73e96181e56e508b1435abefe94ed/GUMIHO.sol,1
0x4df16391b4674426f63893c1c67f7a394c40bd43,1,raw_data/0x4df16391b4674426f63893c1c67f7a394c40bd43/NITO.sol,1
0x9ea89985dda1bbc8cb45f7c04b84df78ed71af8c,1,raw_data/0x9ea89985dda1bbc8cb45f7c04b84df78ed71af8c/GOXX.sol,1
0xfe9816f2c8d6c9b5b64e61ef98da3cd751ca287c,0,,0
0x3c42a8b73d6100c097d3025279d3f2b89a20e15e,1,raw_data/0x3c42a8b73d6100c097d3025279d3f2b89a20e15e/Whitelady.sol,1
0x69a14e73f6dc5de4b07212744fcc76b714edda7e,1,raw_data/0x69a14e73f6dc5de4b07212744fcc76b714edda7e/ERC20.sol,1
0xc93e87fcfe95cf0b34b9df40d1b5df260729c069,0,,0
0x4ad621b47343f695dd65c692d8d7c45ce86b3108,0,,0
0x14464175d95490e9c3f49b4dfa1324d4a7be4f64,1,raw_data/0x14464175d95490e9c3f49b4dfa1324d4a7be4f64/Lilly.sol,1
0x19922cb6315ad8e0d6dd1f7e087245b3ea3f9017,1,raw_data/0x19922cb6315ad8e0d6dd1f7e087245b3ea3f9017/BoredRicksWubbaClub.sol,1
0x23a29db31d0b1e176789043a21313590ce43a784,1,raw_data/0x23a29db31d0b1e176789043a21313590ce43a784/ERC20.sol,1
0xc15298653b047454664da61327de2b7a3b993e41,0,raw_data/0xc15298653b047454664da61327de2b7a3b993e41/UserWallet.sol,1
0x7b4c500c7fe8f38193b604d18cf7d9b10c05a391,0,raw_data/0x7b4c500c7fe8f38193b604d18cf7d9b10c05a391/UserWallet.sol,1
0x6a715ac3cd8eeed14815e2f8b0125ca091c98883,0,,0
0xf4d3774d2351108e06b593304b7757d5804103ac,0,,0
0x45e23a5ce8137736f719d6063c4c6df2bc8b18e6,0,,0
0x74d0fd4292cfe7cf5fad95ac8ad312484cd24eba,1,raw_data/0x74d0fd4292cfe7cf5fad95ac8ad312484cd24eba/Modefi.sol,1
0x50c6ed8237087d996fc086428d90355384d22e9b,0,raw_data/0x50c6ed8237087d996fc086428d90355384d22e9b/CoinMarks.sol,1
0xceaf9dfe40f9c0ba586f2990c4b33c4c98a53d8b,1,raw_data/0xceaf9dfe40f9c0ba586f2990c4b33c4c98a53d8b/QuantumEnergy.sol,1
0xe762e3a881c494605bd57369a765d53eaef9ec2c,0,,0
0x038e20839aebfe12b7956adcbc2511f6f7085164,1,raw_data/0x038e20839aebfe12b7956adcbc2511f6f7085164/ETHVault.sol,1
0xc8f605f6c766e401068bd86a2cb452b83a99fc70,0,,0
0x87144efa500eebf202e029e52b0e2169a84914af,0,raw_data/0x87144efa500eebf202e029e52b0e2169a84914af/UserWallet.sol,1
0xd19ffe6831be59bfb2b1e8ac18192c81e29654a7,1,raw_data/0xd19ffe6831be59bfb2b1e8ac18192c81e29654a7/TCP.sol,1
0xfdad8e49637e441b5dac73456bda665344e171e6,0,raw_data/0xfdad8e49637e441b5dac73456bda665344e171e6/UserWallet.sol,1
0xe10781729130753f60784badae2373ad647f2608,1,raw_data/0xe10781729130753f60784badae2373ad647f2608/TokenBEP20.sol,1
0xbaad59c201e0c9feca917a4d56f5a6aa90222e38,0,,0
0x45ae2311e9e1f562ad6443615ff3d87b79b54eb5,0,,0
0x05826aea5e2cb9fcd32cd8487aa53464a23c5ff4,1,raw_data/0x05826aea5e2cb9fcd32cd8487aa53464a23c5ff4/TEST.sol,1
0x89fd52b8ecfee13545d97c52b2fc0d8cbd00b12b,0,,0
0x466abf3d1347e78a1bd909897b3e3dcae0a07223,0,raw_data/0x466abf3d1347e78a1bd909897b3e3dcae0a07223/Forwarder.sol,1
0x9901880dad72d5101818b678cd44d079b9842e9a,1,raw_data/0x9901880dad72d5101818b678cd44d079b9842e9a/Encrypted.sol,1
0x137fb6ac6795ed74f9dc32c4cccf82b7d90a03a4,0,raw_data/0x137fb6ac6795ed74f9dc32c4cccf82b7d90a03a4/UserWallet.sol,1
0x50ddfe3722fc303cace413df41db23d55025e2e6,1,raw_data/0x50ddfe3722fc303cace413df41db23d55025e2e6/PikewoodFund.sol,1
0x52764b3e652d9a27eede85f5de9e762b54cc6043,0,,0
0x767d40451677070dc550f24bb5671a5ef2f4df6b,1,raw_data/0x767d40451677070dc550f24bb5671a5ef2f4df6b/bitoddinnit.sol,1
0x1f2a7bd6171edf13076d6617a97237f4fd213e93,0,raw_data/0x1f2a7bd6171edf13076d6617a97237f4fd213e93/UserWallet.sol,1
0xe053f7b5513acab661c50a279cc86dccd91b4b9e,1,raw_data/0xe053f7b5513acab661c50a279cc86dccd91b4b9e/MerchDAO.sol,1
0xf02c48a84f5afc822ff64e1a88119701d14b42a6,0,,0
0x5b9c88bf2220a6f427d35db3c4513c56467645b3,0,raw_data/0x5b9c88bf2220a6f427d35db3c4513c56467645b3/UserWallet.sol,1
0x9b1b52e9e8f32832213084a575d75ea6c64ae155,0,raw_data/0x9b1b52e9e8f32832213084a575d75ea6c64ae155/Forwarder.sol,1
0x8f12275d7241f3841d8230f2bf14de4a27b765a6,0,raw_data/0x8f12275d7241f3841d8230f2bf14de4a27b765a6/UserWallet.sol,1
0xe30479a60af3b696cabbc6f559ed95a484b7b12f,0,,0
0x3a5b60606b0e19fc48a2fe3f9e8d572ce40e2e26,0,raw_data/0x3a5b60606b0e19fc48a2fe3f9e8d572ce40e2e26/UserWallet.sol,1
0x77096ba62cb33bb996786c2dded639841585cce8,0,,0
0x9f86f40999522ca55df01b2f3bce93615846c47a,1,raw_data/0x9f86f40999522ca55df01b2f3bce93615846c47a/ERC20.sol,1
0xd5dba139b826fa8a264e97583825ad100e12b48d,0,,0
0xe216bf84afff4b29d8f4aeff301fc7473e3d368c,1,raw_data/0xe216bf84afff4b29d8f4aeff301fc7473e3d368c/NinjazETH.sol,1
0xf06e5d640a60d3e7deb0264d2cc46e0031acceaf,0,,0
0x21108784de7cc103bd8b3ca1eaa5152595d98886,1,raw_data/0x21108784de7cc103bd8b3ca1eaa5152595d98886/Umibozu.sol,1
0x6a6b47ce9e1e8324bc28dfb2e2f1c461ddc7a254,0,raw_data/0x6a6b47ce9e1e8324bc28dfb2e2f1c461ddc7a254/UserWallet.sol,1
0x8cc5d9de2c8df87f2d40d84aa78049ea6e61f973,1,raw_data/0x8cc5d9de2c8df87f2d40d84aa78049ea6e61f973/GO_TO_PLAY.sol,1
0x0dbe1558c929818702ebd0a15301e4c28a8ec78d,0,,0
0x9a3098aa385c7671340f033d98f99050736b3641,1,raw_data/0x9a3098aa385c7671340f033d98f99050736b3641/YearnV3.sol,1
0x67b31606bb44468dc25a603ab8ebbe80b1965511,0,raw_data/0x67b31606bb44468dc25a603ab8ebbe80b1965511/UserWallet.sol,1
0x3597f78c7872db259ce023acc34511c7a79f42e3,1,raw_data/0x3597f78c7872db259ce023acc34511c7a79f42e3/GIFT_1_ETH.sol,1
0x0ae7b7588de17fcb4eef73a5b2438ab90aa26345,1,raw_data/0x0ae7b7588de17fcb4eef73a5b2438ab90aa26345/CSPR.sol,1
0x20d9f55187343aafc6782ba9eb4e00aa312a9d1c,1,raw_data/0x20d9f55187343aafc6782ba9eb4e00aa312a9d1c/ActiasArtemis.sol,1
0x143f2be0c55a091d50e243475b10e5f594fc57c8,0,raw_data/0x143f2be0c55a091d50e243475b10e5f594fc57c8/UserWallet.sol,1
0x4c6335c1a84e768ff47b0babc8eb0509db7dfc0c,1,raw_data/0x4c6335c1a84e768ff47b0babc8eb0509db7dfc0c/BONE.sol,1
0xbe7af5442491ce1ad34cec8f5195f94e14112369,0,,0
0x596af47d2d6651d1a1e40ad3754b7d019eeaffbf,0,,0
0xa3616474378e39a2ae64120329b632eb065ccf7b,0,raw_data/0xa3616474378e39a2ae64120329b632eb065ccf7b/UserWallet.sol,1
0xe7e5925028a377c6ec2681694f6a10ccb235be82,0,,0
0x18c0e9989b104b553310f8235c0bb9e5896a3658,0,,0
0xad32c51c0c63b79bddd41c42a0a0054ac3d12801,0,,0
0xdae0ea76d6dfbb92320a048f9c494ea10cc1b6ee,0,,0
0x860ade56cdb3b7539c9d99f78ddd0d7a4fbfaa67,0,,0
0x2049a5a868492a5bd50935f8a17ded9e80ddff4f,1,raw_data/0x2049a5a868492a5bd50935f8a17ded9e80ddff4f/BTRST.sol,1
0x3268ecb4fcba1ca9f43da8ed05ffc80382cef1da,1,raw_data/0x3268ecb4fcba1ca9f43da8ed05ffc80382cef1da/AddressLottery.sol,1
0xcc0facb2df38c317889410f720be81c2067e0ee8,0,raw_data/0xcc0facb2df38c317889410f720be81c2067e0ee8/LockToken.sol,1
0x3ffe81da77a0186298ea431cd2ba7c2188c22b8e,0,raw_data/0x3ffe81da77a0186298ea431cd2ba7c2188c22b8e/UserWallet.sol,1
0x2e3bf03e9ca1467af5a225573c540bdf2ce0ca18,0,,0
0x76d6b4661b26bd80e9f3e6fef5a0b793169cd325,1,raw_data/0x76d6b4661b26bd80e9f3e6fef5a0b793169cd325/ERC20.sol,1
0x3743200cba0142092d4b61f288f42ba5b2558b2a,0,raw_data/0x3743200cba0142092d4b61f288f42ba5b2558b2a/UserWallet.sol,1
0x638b709b1801b2535d4dc957b4cd533df34a6f68,0,raw_data/0x638b709b1801b2535d4dc957b4cd533df34a6f68/UserWallet.sol,1
0x96ad89df1e05f53eb4ef5b62acba8e96e7df1982,0,raw_data/0x96ad89df1e05f53eb4ef5b62acba8e96e7df1982/UserWallet.sol,1
0xaec8162438b83646518f3bf3a70b048979f81fab,1,raw_data/0xaec8162438b83646518f3bf3a70b048979f81fab/DEDICATED.sol,1
0x944cc50d888f48db0ed841b34308072ca27b1683,0,,0
0x1fbf025ad94dde79f88732f79966a9a435f2772f,1,raw_data/0x1fbf025ad94dde79f88732f79966a9a435f2772f/BLITZQUIZ.sol,1
0x13654147ddd8b0238630128d850d348c0256e238,1,raw_data/0x13654147ddd8b0238630128d850d348c0256e238/AtomicBlue.sol,1
0x5d3168a568ce41d95bb50fe4ff47c17b659b8b55,0,,0
0xdd26576acac06fea9b0f0836e9d314ee6b48c001,0,raw_data/0xdd26576acac06fea9b0f0836e9d314ee6b48c001/UserWallet.sol,1
0xfc29fcfa1657131a9078e1268717b4bfd72dc987,0,raw_data/0xfc29fcfa1657131a9078e1268717b4bfd72dc987/UserWallet.sol,1
0xbcd0b005c0eb9e9410725d6b75cad1f64ae2b06e,0,raw_data/0xbcd0b005c0eb9e9410725d6b75cad1f64ae2b06e/IvtMultiSigWallet.sol,1
0x82218a2a778f2a7d479c257af24c257e1f34578b,1,raw_data/0x82218a2a778f2a7d479c257af24c257e1f34578b/Redem.sol,1
0x780675e973201f8fc566ebf8ffaa8148557b7751,1,raw_data/0x780675e973201f8fc566ebf8ffaa8148557b7751/Polkamon.sol,1
0x0087feb9d0884720347fdd360a51dbff799b3d1e,1,raw_data/0x0087feb9d0884720347fdd360a51dbff799b3d1e/ERC20.sol,1
0x401b40ccc03a512476d406151877bb4b358b6d24,1,raw_data/0x401b40ccc03a512476d406151877bb4b358b6d24/EVN.sol,1
0x80317a0a72b5ba7fa9ea5c40b181714744b8793c,1,raw_data/0x80317a0a72b5ba7fa9ea5c40b181714744b8793c/BONE.sol,1
0x48f6604c5e50828805252a8cc5899746d69b3b8e,1,raw_data/0x48f6604c5e50828805252a8cc5899746d69b3b8e/BETA.sol,1
0xf3856b607d536e3f2db3f451b9a3fb4d375f71a8,0,,0
0x9c6bb630cc303627f95072c44378314afd6d9faf,1,raw_data/0x9c6bb630cc303627f95072c44378314afd6d9faf/ERC20.sol,1
0x917e89aec8e46b3362b553f4c5ab990f07c28a07,1,raw_data/0x917e89aec8e46b3362b553f4c5ab990f07c28a07/StarkWare.sol,1
0xd7789392db3a27150550d55524d934fcefb9f10e,0,raw_data/0xd7789392db3a27150550d55524d934fcefb9f10e/UserWallet.sol,1
0x17f8915142d960b53085782e3afb1c33c4ac0e05,0,,0
0x7dDF7aaDbC1c816497286ceabB38532B34ba69C7,1,raw_data/0x7dDF7aaDbC1c816497286ceabB38532B34ba69C7/Dwagon.sol,1
0x8b5d96752fe46d5e067526560a7154d0f3ea0e4d,0,,0
0xcc8783f6fc0288d501d3cb3dd23bcc34ed93a2eb,0,,0
0xdc7b1007e9093edbb58491e264fdc5aed2919560,1,raw_data/0xdc7b1007e9093edbb58491e264fdc5aed2919560/STACY.sol,1
0x2109c679694b6d6e889eb3b52a386e27664f8692,0,,0
0xb86be98652bddf968ac21912d727d3675a05e23e,1,raw_data/0xb86be98652bddf968ac21912d727d3675a05e23e/KayApache.sol,1
0xdee729849f2cf5ba89ce1c5ce6b3a3958f2d7823,1,raw_data/0xdee729849f2cf5ba89ce1c5ce6b3a3958f2d7823/ERC20.sol,1
0xef3592044fbdeab25af71840c83c2b1236093448,0,raw_data/0xef3592044fbdeab25af71840c83c2b1236093448/EthWallet.sol,1
0xad0fc52c7a96dc0679c311d95a36967d50be569b,1,raw_data/0xad0fc52c7a96dc0679c311d95a36967d50be569b/StandardToken.sol,1
0xff3fcb6a45d174e36f930e75e40ab33ba4785e8b,0,raw_data/0xff3fcb6a45d174e36f930e75e40ab33ba4785e8b/UserWallet.sol,1
0x0f2d6a144e38aacd17844ecf5d561d565e420667,0,,0
0x064157699884433163bdba81a0fab7c425c69a50,1,raw_data/0x064157699884433163bdba81a0fab7c425c69a50/PUSHToken.sol,1
0x7acd140441620e80a850c5d58af92b8123e87875,0,,0
0x5bd8622678013795dcf9be6b946b224c6232f628,0,,0
0x2c536dce29809750c48cda3526acda9f3bbc4b67,1,raw_data/0x2c536dce29809750c48cda3526acda9f3bbc4b67/AIOZ.sol,1
0x674df687581f4e4fdcf5b447e5b5af3332c992a4,1,raw_data/0x674df687581f4e4fdcf5b447e5b5af3332c992a4/RocketVault.sol,1
0xdf805bd5b48e46b583dfe97e0b5d95b3f8a5c7e7,1,raw_data/0xdf805bd5b48e46b583dfe97e0b5d95b3f8a5c7e7/WarInu.sol,1
0x52682a037a8deab04e708055c751556a0840897a,1,raw_data/0x52682a037a8deab04e708055c751556a0840897a/WE_GAME.sol,1
0x8396a8e16f2ec42ae56af994f9256f9f1e162db0,0,,0
0x6a2e025f43ca4d0d3c61bdee85a8e37e81880528,1,raw_data/0x6a2e025f43ca4d0d3c61bdee85a8e37e81880528/test.sol,1
0x829d2578aa1B013665e421ae894d055DA2120cC8,1,raw_data/0x829d2578aa1B013665e421ae894d055DA2120cC8/LFT.sol,1
0xa745a5ffd03c9304a4d858ad3b64f38283b522d0,0,,0
0x021d3b125c74f6b0be6e5ef033cb5b05385b96c5,0,,0
0x6ff869d8727ef71369dd33d7e6fd63da31ae203f,1,raw_data/0x6ff869d8727ef71369dd33d7e6fd63da31ae203f/STARTToken.sol,1
0xa0e64537245f2a91b9f4daed9bd5977f91c2a69d,0,,0
0xe781f9014661e6c2e6ff45e08a3a7fbf4d14787d,1,raw_data/0xe781f9014661e6c2e6ff45e08a3a7fbf4d14787d/ERC20.sol,1
0xb3b84d18bc882922781011aa9da817cdeef52dc2,0,raw_data/0xb3b84d18bc882922781011aa9da817cdeef52dc2/UserWallet.sol,1
0x73f73391e5f56ce371a61fc3e18200a73d44cf6f,0,raw_data/0x73f73391e5f56ce371a61fc3e18200a73d44cf6f/BancorConverter.sol,1
0x14ec05c2daac087cec4f9d0a5dfb4d30b70e9cc0,1,raw_data/0x14ec05c2daac087cec4f9d0a5dfb4d30b70e9cc0/VOL.sol,1
0xedca2aa1d529fa146ea18fc23ac8a06520c4394f,1,raw_data/0xedca2aa1d529fa146ea18fc23ac8a06520c4394f/moon_protocol.sol,1
0x8e9c063b1b88785b7c5229a40095019fd9e443f0,1,raw_data/0x8e9c063b1b88785b7c5229a40095019fd9e443f0/FLURRY.sol,1
0x914108b7f69dc9ece1461be59af80e7c610ace8f,0,raw_data/0x914108b7f69dc9ece1461be59af80e7c610ace8f/UserWallet.sol,1
0x85edecf91177a7647c9dc0aa16d7e790fd03a11a,0,,0
0xc7056a7ece9bb514930745ae7c43529e4dc6fdb3,1,raw_data/0xc7056a7ece9bb514930745ae7c43529e4dc6fdb3/CryptoClassic.sol,1
0x9d94d777a5e279297c15834e9310b24580cc522b,0,,0
0x40eb49c971bceda8ea9998256aa7375f6bf05e90,1,raw_data/0x40eb49c971bceda8ea9998256aa7375f6bf05e90/PulseChain.sol,1
0x1e6c9372529237de6da29cd7de261ba3a1c757a9,0,raw_data/0x1e6c9372529237de6da29cd7de261ba3a1c757a9/UserWallet.sol,1
0x61a956a62828e995f8835e5c425fd735053cd0af,1,raw_data/0x61a956a62828e995f8835e5c425fd735053cd0af/CargoX.sol,1
0xd24bd3877148809e33858ec5e82d61d1d36cbc65,1,raw_data/0xd24bd3877148809e33858ec5e82d61d1d36cbc65/MARSH.sol,1
0xa387c2b305f64e0d4faedd63803b25e1dc411b5a,1,raw_data/0xa387c2b305f64e0d4faedd63803b25e1dc411b5a/JEJUDOGE.sol,1
0xbc7981956a44b5c5de21ad30aec8099c3ca27dba,0,raw_data/0xbc7981956a44b5c5de21ad30aec8099c3ca27dba/HodlETH.sol,1
0xf81748026771329a0aa804cc4df23a7918c87d7f,1,raw_data/0xf81748026771329a0aa804cc4df23a7918c87d7f/BOITEKU.sol,1
0x6089ff131628c31948a1e48c280a2f92b597ffdc,0,raw_data/0x6089ff131628c31948a1e48c280a2f92b597ffdc/UserWallet.sol,1
0x37f8bde1105d57e4ccdc8fff8d297bd5f63d765f,0,,0
0xbd8e29bfa132204950919fc380e5d475f1f61078,0,raw_data/0xbd8e29bfa132204950919fc380e5d475f1f61078/UserWallet.sol,1
0xfc67636c8a10d6238b0dc3508c7e54b9d0288199,0,,0
0x7c72f6bd57c8e82ce8cab6b238d16257c19f9922,1,raw_data/0x7c72f6bd57c8e82ce8cab6b238d16257c19f9922/KILLELON.sol,1
0x93ae110c7ebad5ecc7bd52963a3641a3cc26fbe4,1,raw_data/0x93ae110c7ebad5ecc7bd52963a3641a3cc26fbe4/ERC20.sol,1
0xbc7d5102bc7fed4bc72fd411209247cfa2e2e84b,0,,0
0xef5ea64681176778665a8774ac96927c8b227ce6,0,raw_data/0xef5ea64681176778665a8774ac96927c8b227ce6/UserWallet.sol,1
0xaf531dc0b3b1151af48f3d638eeb6fe6acdfd59f,1,raw_data/0xaf531dc0b3b1151af48f3d638eeb6fe6acdfd59f/TestR.sol,1
0x1a982357df681e9b90ef992334d8172db496b4c8,0,,0
0xaecea37a86a1a74a30664e7808c4c85388a975ed,1,raw_data/0xaecea37a86a1a74a30664e7808c4c85388a975ed/UniswapExchange.sol,1
0xa735080800448d604c601e3eeaf8756d2eee1656,1,raw_data/0xa735080800448d604c601e3eeaf8756d2eee1656/NFTWorldsERC20.sol,1
0x9df0b287ac02ab4366c372bf64d664e4ddf1b789,0,,0
0xb4e74b28b74cafdad07a7c2d016bd97e37cdd773,1,raw_data/0xb4e74b28b74cafdad07a7c2d016bd97e37cdd773/TehLFG.sol,1
0x4c9d1312a2a518f69556dd59018efbf748e838bb,1,raw_data/0x4c9d1312a2a518f69556dd59018efbf748e838bb/Plethori.sol,1
0xb9e7f8568e08d5659f5d29c4997173d84cdf2607,1,raw_data/0xb9e7f8568e08d5659f5d29c4997173d84cdf2607/MiniMeToken.sol,1
0x561eac93c92360949ab1f1403323e6db345cbf31,1,raw_data/0x561eac93c92360949ab1f1403323e6db345cbf31/BANK_SAFE.sol,1
0x880ebf71e53d33112adc93cbb2c2dc5a5cecceeb,1,raw_data/0x880ebf71e53d33112adc93cbb2c2dc5a5cecceeb/ERC20.sol,1
0xc7e454770433c071dd1863eeb27fb7e1adbd3361,1,raw_data/0xc7e454770433c071dd1863eeb27fb7e1adbd3361/RESPAY.sol,1
0xced1ccd311ac355795fe31f8d62baca598459395,0,,0
0x7bd2aa2d05cff7ec806db10338001b5b957bc367,0,,0
0xeb30d6f101f31529b3f16d3181607f044ceae9eb,0,,0
0x27e26641e200a33839ccd02bd78da40432cde6cc,1,raw_data/0x27e26641e200a33839ccd02bd78da40432cde6cc/TokenBEP20.sol,1
0x31e426f77b5f31a1963f64d8f2fffaf4cb9b7d5c,1,raw_data/0x31e426f77b5f31a1963f64d8f2fffaf4cb9b7d5c/OOE.sol,1
0xd424b0a5d4a4d2ee507f1361331899faedd15bc5,1,raw_data/0xd424b0a5d4a4d2ee507f1361331899faedd15bc5/Ryokugyu.sol,1
0xb1e96a586c084a4d9d75973d79b18dddb4a7b512,0,,0
0x0ddeb5de614e48add3e28faa4e198d559d789388,0,raw_data/0x0ddeb5de614e48add3e28faa4e198d559d789388/Forwarder.sol,1
0x7e0d051ec68668d603c4e33255d1aed342a691b7,1,raw_data/0x7e0d051ec68668d603c4e33255d1aed342a691b7/EcoIndustrialChain.sol,1
0xd602e48066a87bf9da01c7735e2c65f20c0cd833,1,raw_data/0xd602e48066a87bf9da01c7735e2c65f20c0cd833/SensoToken.sol,1
0x0b6e701cd51a9e1b5829a4c4fe2130d60c0c4f6c,1,raw_data/0x0b6e701cd51a9e1b5829a4c4fe2130d60c0c4f6c/AnythingAppToken.sol,1
0x6cb051aac5ccc31103c9099d1f417986e3726278,0,,0
0x548bee37486551bea097e6f3abceda07f7af2065,1,raw_data/0x548bee37486551bea097e6f3abceda07f7af2065/Converter.sol,1
0x14ddda446688b73161aa1382f4e4343353af6fc8,1,raw_data/0x14ddda446688b73161aa1382f4e4343353af6fc8/FXPay.sol,1
0x676177e0143b765ec7a0c689374c1e81967b7ba8,0,raw_data/0x676177e0143b765ec7a0c689374c1e81967b7ba8/UserWallet.sol,1
0x81a2f942151d486cdcb49fe56d6d34c6b86339f2,1,raw_data/0x81a2f942151d486cdcb49fe56d6d34c6b86339f2/FlexTon.sol,1
0xdb7855fa1435cc53d76d6c6f8c997803b04a53b3,0,,0
0xdc448e9a183bbe322a58d631fec7b31c62973549,0,,0
0xf5455b46e19e110666e89179327d83f482425ad8,1,raw_data/0xf5455b46e19e110666e89179327d83f482425ad8/RDOGE.sol,1
0xd5c70feddd216a7720eec25684c59638db239bfa,0,,0
0x77fdfe5a2cd208d5e9fd9b45d40cbefcc93a0d6b,0,,0
0xc60e594b089af4a2be7cf7e8a798a90b8a17904f,0,raw_data/0xc60e594b089af4a2be7cf7e8a798a90b8a17904f/UserWallet.sol,1
0xcf2977d94d125b1c08aeb74cf38fce217f1c69be,0,raw_data/0xcf2977d94d125b1c08aeb74cf38fce217f1c69be/UserWallet.sol,1
0xc30c378b2fc7dbc02572c85aff9ab909a72da916,1,raw_data/0xc30c378b2fc7dbc02572c85aff9ab909a72da916/Winklevoss.sol,1
0x508921e6c261eed98093487f1ea6df64f027f3b9,0,raw_data/0x508921e6c261eed98093487f1ea6df64f027f3b9/UserWallet.sol,1
0x198f79cebc47ae76defb848c9d60aa51c33225fa,0,,0
0x4dd7876ddf5f99a1ffac4a93c0b420d3e47dacb7,0,,0
0x1ccf09cee0bbf5e7267c846952fdff0ce6aceb5c,1,raw_data/0x1ccf09cee0bbf5e7267c846952fdff0ce6aceb5c/MMAITOKEN.sol,1
0xd395e0f1159a011de3d9a77e5244cc25e3175814,0,,0
0x30a321b44fae2524131c6b50db29f7b4f92c969e,0,,0
0xaa2924ab6b1e2a74614d1abe347ac1beee1cc9c5,0,raw_data/0xaa2924ab6b1e2a74614d1abe347ac1beee1cc9c5/Forwarder.sol,1
0x038d2962b96a6050477b9d7c7eed0e256004ca22,1,raw_data/0x038d2962b96a6050477b9d7c7eed0e256004ca22/ROPs.sol,1
0xa6303bb076a1ff08df3cf00212cdc01500ff13fe,0,raw_data/0xa6303bb076a1ff08df3cf00212cdc01500ff13fe/BISK.sol,1
0x68c56045028cc2475a4879b9977471947f7ff14b,1,raw_data/0x68c56045028cc2475a4879b9977471947f7ff14b/CATE.sol,1
0xa44cc4d071306f794c09b33d92302685f71bb4ca,0,raw_data/0xa44cc4d071306f794c09b33d92302685f71bb4ca/UserWallet.sol,1
0x50cfc25716064cbaa2d6b92f2bcb5ac9eec654dd,1,raw_data/0x50cfc25716064cbaa2d6b92f2bcb5ac9eec654dd/ERC20.sol,1
0x65088f603a0998876efe5a786fa64ee13e667e0b,1,raw_data/0x65088f603a0998876efe5a786fa64ee13e667e0b/AdexToken.sol,1
0xc9fc4f237c7d1bfb6f4d88664f010a031587c542,1,raw_data/0xc9fc4f237c7d1bfb6f4d88664f010a031587c542/SensoINU.sol,1
0x7750730150eb69f7b3f309e35d9690617641280e,0,raw_data/0x7750730150eb69f7b3f309e35d9690617641280e/SimpleChildToken.sol,1
0x534b35877dc98a39c8b8299e9c97b9d349a22f5a,0,raw_data/0x534b35877dc98a39c8b8299e9c97b9d349a22f5a/UserWallet.sol,1
0x246b4caa2771fbe821c970faeb9d374b96bac161,0,raw_data/0x246b4caa2771fbe821c970faeb9d374b96bac161/DSEasyMultisig.sol,1
0x19a146f62c65690828e7ef3e2d92e415cdc8cff3,0,,0
0x817da1f8403cf675e4e11c6efaa4c53abf618d7d,0,raw_data/0x817da1f8403cf675e4e11c6efaa4c53abf618d7d/UserWallet.sol,1
0x7fe4b973265c296b18f04146c6ecf973b6f7ac7d,1,raw_data/0x7fe4b973265c296b18f04146c6ecf973b6f7ac7d/KISHUSWAP.sol,1
0x3db16d6f74242b57f860f2d038c9c701b9e0e5eb,1,raw_data/0x3db16d6f74242b57f860f2d038c9c701b9e0e5eb/MAJESTIC.sol,1
0x76b2e958a21a8f1cc4ac1bcd3d4c0c0779587e77,1,raw_data/0x76b2e958a21a8f1cc4ac1bcd3d4c0c0779587e77/CuntDAO.sol,1
0xf57f6dd73a460a9909f4602da380bfd59a4abb47,0,raw_data/0xf57f6dd73a460a9909f4602da380bfd59a4abb47/UserWallet.sol,1
0x34dea1ef42ec430e690e5cfdccef60d164c27cca,1,raw_data/0x34dea1ef42ec430e690e5cfdccef60d164c27cca/UniswapExchange.sol,1
0xee375a6a3716f2581f0df8e62871636efa8baa2d,0,,0
0x9d02e3bfa181c93f99cfebefee754c768002e077,1,raw_data/0x9d02e3bfa181c93f99cfebefee754c768002e077/Shibabydoge.sol,1
0x0cf3ed558b69f4d9cf7e1598382bff27745e0abb,0,raw_data/0x0cf3ed558b69f4d9cf7e1598382bff27745e0abb/UserWallet.sol,1
0x3e8f40c81b65d379548c1a62a57f3bf1e14d22aa,0,,0
0x36906368ee731d273866065644b95e03e6c6eba2,0,,0
0x772260b8b04f4278e0b972f77ef37055d7f7ccca,1,raw_data/0x772260b8b04f4278e0b972f77ef37055d7f7ccca/FUTURE.sol,1
0x9e2d29c6139693f08b730fe7b21278cf669292f8,0,,0
0xe6876427957d026336824f429ba605348ffcfe88,1,raw_data/0xe6876427957d026336824f429ba605348ffcfe88/KISHUSWAP.sol,1
0xafbc3c0775681480eb362977e14fa6a031503a33,0,raw_data/0xafbc3c0775681480eb362977e14fa6a031503a33/UserWallet.sol,1
0x6d3d5e1015f69c063b804837255f782ba9d3fefe,0,,0
0xe210c70ac83af4a69ea2922c2b241d6892ee7668,0,raw_data/0xe210c70ac83af4a69ea2922c2b241d6892ee7668/UserWallet.sol,1
0x379420496527a570fd63722deaaaa4f42c538f81,0,,0
0x8db713c3fafaace81f3c241be1ef1bc9a225f710,0,raw_data/0x8db713c3fafaace81f3c241be1ef1bc9a225f710/UserWallet.sol,1
0x2002c9ea6935ce3bd20261c291d956f5ad8ec2ec,0,,0
0xf6c61cb3b0add944ac53c9c2decaf2954f0515cb,1,raw_data/0xf6c61cb3b0add944ac53c9c2decaf2954f0515cb/BigBallerRoulette.sol,1
0xc6f9021b4684c7f1a5e88f72e8b715c3aa952c04,1,raw_data/0xc6f9021b4684c7f1a5e88f72e8b715c3aa952c04/Kattana.sol,1
0xbf7e9b024e7791c99cfd048ae5966a0f76650409,1,raw_data/0xbf7e9b024e7791c99cfd048ae5966a0f76650409/SLIM.sol,1
0x88f0603237e70759481333962b78c03f61c9f254,0,,0
0xeff88f0d9f2ada0fde78f0d7836279cce738d356,1,raw_data/0xeff88f0d9f2ada0fde78f0d7836279cce738d356/ERC20.sol,1
0x97fb06c01335de24dfd6f45f16dfae01d4104ee4,1,raw_data/0x97fb06c01335de24dfd6f45f16dfae01d4104ee4/SporesNetwork.sol,1
0x04cf184f90214a31c40c48ecf6c58504e630110f,0,,0
0xf55c19f7122505655752a457aee1eeaa32ad0670,1,raw_data/0xf55c19f7122505655752a457aee1eeaa32ad0670/Mahina.sol,1
0xad3f6438bbf0cd94e42b58ecb461732b03deec69,1,raw_data/0xad3f6438bbf0cd94e42b58ecb461732b03deec69/SUNDER.sol,1
0x9bc50fba0b3317005060a113cd12bccff4e28136,1,raw_data/0x9bc50fba0b3317005060a113cd12bccff4e28136/UniswapExchange.sol,1
0xbb699fab998f5c8c1616de98ace5dd1834eadf08,0,,0
0x9e7ce36dbd1a9a6c6e80d08e38077745855edd3a,1,raw_data/0x9e7ce36dbd1a9a6c6e80d08e38077745855edd3a/BimCoinToken.sol,1
0xcceeccf9ce3d315d4553228efee0882dc0b15eb8,0,,0
0xba58801cdcc5061e91c9ab5086d8d3aae803f88d,0,raw_data/0xba58801cdcc5061e91c9ab5086d8d3aae803f88d/LockToken.sol,1
0xae04c6183026772bc017ca6d71f36c468d4fbce0,1,raw_data/0xae04c6183026772bc017ca6d71f36c468d4fbce0/UniswapExchange.sol,1
0x340844b39aacbdb4e7718fa14a95758f87a09a9a,1,raw_data/0x340844b39aacbdb4e7718fa14a95758f87a09a9a/DepositCapsule.sol,1
0x910d4d0e099ecdd4b75523d8fba40a7c02e582f3,1,raw_data/0x910d4d0e099ecdd4b75523d8fba40a7c02e582f3/CristianoRonaldo.sol,1
0xd310c9d769b02217cc577ae0ad128dd364d7f4bc,1,raw_data/0xd310c9d769b02217cc577ae0ad128dd364d7f4bc/GAMEE.sol,1
0xd07b4fa434baab7b6d11ce5bea7e7ea4dd95768a,0,,0
0x57badc7f07dbb15c54ddcbe489c72c4b1900a633,0,,0
0x7bcd596bc2518238ba75d122db8341bc3e4328b9,0,raw_data/0x7bcd596bc2518238ba75d122db8341bc3e4328b9/UserWallet.sol,1
0x4dc6f4d93ab9460eaa280901b17d1969edc40b29,0,,0
0x20bfa96109872c985a26d651da85899a125cd1f7,1,raw_data/0x20bfa96109872c985a26d651da85899a125cd1f7/Mintable.sol,1
0xb633ef8adc856b7ab4328c833c860f869152618e,1,raw_data/0xb633ef8adc856b7ab4328c833c860f869152618e/TARO.sol,1
0xc7599a68fb4da82505318124662b3a5c44988b80,0,raw_data/0xc7599a68fb4da82505318124662b3a5c44988b80/UserWallet.sol,1
0xa94f059bea93eef81c386280e8502241cf01e47d,0,raw_data/0xa94f059bea93eef81c386280e8502241cf01e47d/UserWallet.sol,1
0x6ae323189793e83d0e6683a256a301a8ea8abe3e,0,,0
0x8386635356d7e43131741e56d57f843ffb11c460,0,raw_data/0x8386635356d7e43131741e56d57f843ffb11c460/UserWallet.sol,1
0x34bc4f174c027a68f94a7ea6a3b4930e0211b19d,1,raw_data/0x34bc4f174c027a68f94a7ea6a3b4930e0211b19d/GIFT_1_ETH.sol,1
0x4065f837ba6a9cb93953411c7996a45967eaa296,0,raw_data/0x4065f837ba6a9cb93953411c7996a45967eaa296/UserWallet.sol,1
0x6a3841cce3b88fc325b654da2583b788370494ae,0,,0
0x0fcce92b833e9791bb627b792a78e3a965b26459,0,,0
0xdda2044b39fdb4db77ac085866179c548e5d0f15,1,raw_data/0xdda2044b39fdb4db77ac085866179c548e5d0f15/go_quiz.sol,1
0x07d70535e9ef9fc1677c58d94de60b99991ad8e8,1,raw_data/0x07d70535e9ef9fc1677c58d94de60b99991ad8e8/CHINU.sol,1
0x847ca98b89c76d13df3f0a3516f5dadd2f024403,1,raw_data/0x847ca98b89c76d13df3f0a3516f5dadd2f024403/UniswapExchange.sol,1
0x197a1b474cda643f89939ccb4414730a93284243,0,raw_data/0x197a1b474cda643f89939ccb4414730a93284243/UserWallet.sol,1
0xec9cff1e8d43c17ac018121bf1729df08be60f5e,1,raw_data/0xec9cff1e8d43c17ac018121bf1729df08be60f5e/Masterbatedone.sol,1
0xb4974740c61a99fc33fe45549c6572094fb6a600,0,raw_data/0xb4974740c61a99fc33fe45549c6572094fb6a600/OwnableDelegateProxy.sol,1
0x8a2110cfcd869b0fda2e6d8580913ae408275015,1,raw_data/0x8a2110cfcd869b0fda2e6d8580913ae408275015/andr33.sol,1
0x601cb558052b50fc975b8e35dae8853f1c96a1cf,1,raw_data/0x601cb558052b50fc975b8e35dae8853f1c96a1cf/Coin.sol,1
0x1927fc3e4300bd804a156b78316647f7fda54a9a,0,,0
0xdf554c34c21d70e7eccecabb7fa3bb34616f7781,0,,0
0xbe9977b291df333986de9320d4ac314bce594729,0,,0
0x744344373d850286c746aa23b3abe258ce7ea6d6,0,,0
0x5bc159c521bdc136f3d5af679d535a25f01f7f2e,1,raw_data/0x5bc159c521bdc136f3d5af679d535a25f01f7f2e/MNST.sol,1
0x710728d3560f60fc863097023c8a67945544170d,0,,0
0x8e7587c9678f56dee1270cfa31761789bb762566,1,raw_data/0x8e7587c9678f56dee1270cfa31761789bb762566/WolfInu.sol,1
0xd6fc6732fa8c3e7042022efe24bb79ea8d658f01,0,,0
0xe6d4eb643b48d30c0654ec0c86ca04026e353385,0,,0
0x5ef316b9e43743f5a8d2dd14e269002a0ceb9906,1,raw_data/0x5ef316b9e43743f5a8d2dd14e269002a0ceb9906/HOWLMA.sol,1
0xc8e07ff8a82ebe3d13c1431226d70e215c6fba7d,1,raw_data/0xc8e07ff8a82ebe3d13c1431226d70e215c6fba7d/BlueKirbyCunt.sol,1
0x9314e4e2647c76160aa860b1329cd00031e49804,1,raw_data/0x9314e4e2647c76160aa860b1329cd00031e49804/BaseERC20Token.sol,1
0x76dbad8ffb75f489e72a26822dfed5429ea32bc0,0,,0
0xfefea1cf16b85d91d40653ad81c335a9ea7e465b,1,raw_data/0xfefea1cf16b85d91d40653ad81c335a9ea7e465b/Fox.sol,1
0x1ee3e86db3eb58cd13c070ae5aa8056f9ad8fffc,1,raw_data/0x1ee3e86db3eb58cd13c070ae5aa8056f9ad8fffc/HedgiesNFT.sol,1
0xd32d53501b18c67bb518e01cbc86bb84d72d512e,0,raw_data/0xd32d53501b18c67bb518e01cbc86bb84d72d512e/LockToken.sol,1
0xe2373601c3cd4277abfb4d6d81b85c40e517e718,0,,0
0xb3657f4738e0cc432a070880a6c81dfc6d2fae64,1,raw_data/0xb3657f4738e0cc432a070880a6c81dfc6d2fae64/MiloInu.sol,1
0x4dcf1f32acbbca264a9fd85cec811966517d7df4,0,,0
0x809faaf63ee61b9133102b4fbe560219b534b6e4,0,raw_data/0x809faaf63ee61b9133102b4fbe560219b534b6e4/PPCToken.sol,1
0xe2615137c379910897d4c662345a5a1d0b91f719,0,raw_data/0xe2615137c379910897d4c662345a5a1d0b91f719/preSale4.sol,1
0x849019a489c3c26c7a7668e468be81a4d132781f,1,raw_data/0x849019a489c3c26c7a7668e468be81a4d132781f/SimpleDeposit.sol,1
0x1b9f2abae276044d1149a5b5ad5f51f086e0e671,1,raw_data/0x1b9f2abae276044d1149a5b5ad5f51f086e0e671/DisBalancer.sol,1
0x6882f1cd5efd09713387fded3c73d3d5511dc739,1,raw_data/0x6882f1cd5efd09713387fded3c73d3d5511dc739/SHIBASWAP.sol,1
0x0a16b82b7f0069354486cdaa166b8f5083cdbacd,0,,0
0xcc2b04e0687c98a44fd8d5ba1c9320bdc48c3981,1,raw_data/0xcc2b04e0687c98a44fd8d5ba1c9320bdc48c3981/KORI.sol,1
0xe56b6edafec770943e0739c5bd380d796d0e54a0,0,,0
0x95491d30064a4757d83485e2f0d5445332ad1a3a,0,,0
0xffcb27092c88458ae2a1fa0c69eb92eaf7aa064d,1,raw_data/0xffcb27092c88458ae2a1fa0c69eb92eaf7aa064d/BOTS.sol,1
0x60674e375574a6c3b1b543eb74e905d203ee38a0,1,raw_data/0x60674e375574a6c3b1b543eb74e905d203ee38a0/Alienprotocol.sol,1
0x1bafe7d27488f0af68df16d6a984f263908b63ac,0,,0
0xe8972b6083c621180fb62f8e3215eff0972418b6,0,,0
0x02d6b2dc550aa2eec80932180ec633e8e529d18b,1,raw_data/0x02d6b2dc550aa2eec80932180ec633e8e529d18b/Standard.sol,1
0x5c9439b36fac1f152e4610ac6e65dad73421f92d,0,,0
0x2cc8e271f11934f5fa15942dfda2b59432c2e0f3,1,raw_data/0x2cc8e271f11934f5fa15942dfda2b59432c2e0f3/privateTransfer.sol,1
0xb93430ce38ac4a6bb47fb1fc085ea669353fd89e,1,raw_data/0xb93430ce38ac4a6bb47fb1fc085ea669353fd89e/PrivateBank.sol,1
0x5a8003ee9cae173c8c2dcb7e8b6e897c3021ba8a,1,raw_data/0x5a8003ee9cae173c8c2dcb7e8b6e897c3021ba8a/ibff.sol,1
0x1cd51c6cecb1cc94d05bae58b66349e479725bee,0,raw_data/0x1cd51c6cecb1cc94d05bae58b66349e479725bee/Wallet.sol,1
0xaad6bd2b0cfa69d382b75f5098eb0487a4f75095,0,,0
0x4a6f27f92f2fa8c89c0c5ded2f99c3726a313af3,1,raw_data/0x4a6f27f92f2fa8c89c0c5ded2f99c3726a313af3/BillionaireBoyClubDOA.sol,1
0x15e9fadb5962a0cb774bf759183d739f50d1697b,1,raw_data/0x15e9fadb5962a0cb774bf759183d739f50d1697b/SUCHI.sol,1
0x05f856248515cfdfcbf1ad6e7bdf0259b6a0da80,0,raw_data/0x05f856248515cfdfcbf1ad6e7bdf0259b6a0da80/UserWallet.sol,1
0x265c91539255a96e1005a0fd11ca776c183d04f5,1,raw_data/0x265c91539255a96e1005a0fd11ca776c183d04f5/FOR_JACK.sol,1
0x4e27e0fab344b2e0434255ebe755ec0415155e2c,1,raw_data/0x4e27e0fab344b2e0434255ebe755ec0415155e2c/CCAI.sol,1
0xe2e8c8d7b1d4e6b95db84f8fdff7afd09a32c93e,1,raw_data/0xe2e8c8d7b1d4e6b95db84f8fdff7afd09a32c93e/IBY.sol,1
0x059c91fbe603846a3ea16d4ee9ac7dbad9adce86,1,raw_data/0x059c91fbe603846a3ea16d4ee9ac7dbad9adce86/ParallelDAO.sol,1
0x3c3f481950fa627bb9f39a04bccdc88f4130795b,1,raw_data/0x3c3f481950fa627bb9f39a04bccdc88f4130795b/EtherBet.sol,1
0xb330eb3c9453097d754e99d28c2ea5ace1cc83b7,1,raw_data/0xb330eb3c9453097d754e99d28c2ea5ace1cc83b7/MOZ.sol,1
0x1e542747d716dd531b9fca013616143337c25a21,1,raw_data/0x1e542747d716dd531b9fca013616143337c25a21/ERC20.sol,1
0x63a2fd7fbf568ecb5b9e3f8a0e32d11958eb5dae,1,raw_data/0x63a2fd7fbf568ecb5b9e3f8a0e32d11958eb5dae/MustardAPEClassic.sol,1
0x9d9847d1b94e4927c6adf340fe5268b2c8768331,0,,0
0xec18dd30dcbb6394aa00b9ba0935ee56fa1ddb6f,1,raw_data/0xec18dd30dcbb6394aa00b9ba0935ee56fa1ddb6f/UniswapExchange.sol,1
0x5738a9bac550a1a25322a632353ca411d9e93b2a,0,,0
0xfd7ad83b4192c3933165f218c1204957319892da,0,,0
0x6fbac095aec81e52c5859ad6c3c90acda77f096f,0,raw_data/0x6fbac095aec81e52c5859ad6c3c90acda77f096f/UserWallet.sol,1
0x6c74666a2011e7a21b87987665536d6182dc616f,1,raw_data/0x6c74666a2011e7a21b87987665536d6182dc616f/LPI.sol,1
0x6e3faf2dd323d295ba0c90f883fb26b95cff9740,0,raw_data/0x6e3faf2dd323d295ba0c90f883fb26b95cff9740/SmartWallet.sol,1
0x872101db2c0561cf94979833741b840eb95c81bc,0,,0
0xd2018bfaa266a9ec0a1a84b061640faa009def76,1,raw_data/0xd2018bfaa266a9ec0a1a84b061640faa009def76/Pie.sol,1
0x19ff3c317e2bdf1fee7a1b6b4feed5c319f64b31,1,raw_data/0x19ff3c317e2bdf1fee7a1b6b4feed5c319f64b31/IONX.sol,1
0x18a293a29bd8bade3f185abcf6b98d0ad285bc34,1,raw_data/0x18a293a29bd8bade3f185abcf6b98d0ad285bc34/SpaceXStarlinK.sol,1
0x0253d297ec151cc4afa754a6e14d61b1897723af,0,,0
0xe55761b0fea10ac49635a6908ad7b85b18ba3bea,0,,0
0xc8d9ec2a57db57eb104f339037b23e6cad381364,1,raw_data/0xc8d9ec2a57db57eb104f339037b23e6cad381364/TAAGFinance.sol,1
0x01a36ba3727899f1075b0acd52e38433ba025594,0,,0
0x7ec114281059009426d8464c49563cfeeff7372a,0,raw_data/0x7ec114281059009426d8464c49563cfeeff7372a/Forwarder.sol,1
0x397c609760564114da0addf1b1f5cf60a1d1ed31,1,raw_data/0x397c609760564114da0addf1b1f5cf60a1d1ed31/yori.sol,1
0x8196464fb1319b4dad2f4d5690895554c78e17b3,1,raw_data/0x8196464fb1319b4dad2f4d5690895554c78e17b3/Takeoff.sol,1
0xb177660781b751c438d7e7d3c07dd95a94ff8297,0,,0
0x8177c0b908b4f0b8eb53c59b8b634dfc7ac386e2,0,raw_data/0x8177c0b908b4f0b8eb53c59b8b634dfc7ac386e2/UserWallet.sol,1
0x80dcd1757c00fa362eed5f44b2e97e245061838f,0,,0
0x8e1932357c6a66f5c5aeeb79346c35016b7826ac,0,raw_data/0x8e1932357c6a66f5c5aeeb79346c35016b7826ac/UserWallet.sol,1
0xa0861b22a92d1288de87521ff25735894497b845,1,raw_data/0xa0861b22a92d1288de87521ff25735894497b845/Dembele.sol,1
0x2fa1edb24036f4649b785703c508a3193b85b5e5,0,,0
0x9e2ab34f0f0f9022f171f68f5b6a786bd17c13d2,0,,0
0x127b06e4b0d567c74c0731412137fd3a5dd9fb43,0,,0
0x80e81a257c7f6cedc5984f673255d64b17011523,1,raw_data/0x80e81a257c7f6cedc5984f673255d64b17011523/BONE.sol,1
0x778602c7052ef47e155c928eaac6bab7c5983cf6,1,raw_data/0x778602c7052ef47e155c928eaac6bab7c5983cf6/ShikokuInuToken.sol,1
0xbe152d374cbeeb1dfba8f0d96e7399376061c682,1,raw_data/0xbe152d374cbeeb1dfba8f0d96e7399376061c682/SACRED.sol,1
0xb0c689b6fc580ff09a9c363e58bb7f566768fd3a,0,raw_data/0xb0c689b6fc580ff09a9c363e58bb7f566768fd3a/UserWallet.sol,1
0x109c116066681fac29dbf884bf56467fa27b2ba3,1,raw_data/0x109c116066681fac29dbf884bf56467fa27b2ba3/ERC20.sol,1
0xebc3cd927c56bbb2b65d7a9ae8e82f40e33c5295,0,raw_data/0xebc3cd927c56bbb2b65d7a9ae8e82f40e33c5295/UserWallet.sol,1
0x97c443b57d8c9451685e3efca919ee8e7ed7a2c0,0,,0
0xb746c33ae88cc77375572e5a2825cd7a86ae7c79,0,,0
0x53f3914ae38f1e0db932415321e9e269a5c7139b,1,raw_data/0x53f3914ae38f1e0db932415321e9e269a5c7139b/TokenContract.sol,1
0x21f9ad8d9ac703aa808cd575aa9f9254adc2ae5a,1,raw_data/0x21f9ad8d9ac703aa808cd575aa9f9254adc2ae5a/ERC20.sol,1
0xf8b7009966fd67366f0c5f8f088f8e811cc83caf,1,raw_data/0xf8b7009966fd67366f0c5f8f088f8e811cc83caf/Sharkie.sol,1
0x89f70fa9f439dbd0a1bc22a09befc56ada04d9b4,1,raw_data/0x89f70fa9f439dbd0a1bc22a09befc56ada04d9b4/Oracle.sol,1
0x64c619a3d30c5a5bacfc0546fa268add31f5f695,0,raw_data/0x64c619a3d30c5a5bacfc0546fa268add31f5f695/UserWallet.sol,1
0x87a39da37377fd67ddef7eee942b5f69a35fb1c2,1,raw_data/0x87a39da37377fd67ddef7eee942b5f69a35fb1c2/ClickerverseDAO.sol,1
0xb5e209bb8a078cf57ec613e894363fbfb3cc5dcd,1,raw_data/0xb5e209bb8a078cf57ec613e894363fbfb3cc5dcd/Takeoff.sol,1
0xc90153866558e78866c90f64d1ea80c2578dafdc,0,raw_data/0xc90153866558e78866c90f64d1ea80c2578dafdc/UserWallet.sol,1
0xb3cac6896f5b1e993744789f6ddcaac86114aff8,1,raw_data/0xb3cac6896f5b1e993744789f6ddcaac86114aff8/TheFlowerOfSakura.sol,1
0xb204f06ba9cbd2f6251e4b171a2a729b51570e00,0,,0
0xa138d867b0e38a8d3ce81bd2dade64ccd6c388b2,0,raw_data/0xa138d867b0e38a8d3ce81bd2dade64ccd6c388b2/Forwarder.sol,1
0x9ee2cf15cf7c69511e8862fc891e8e7bd8d92978,0,raw_data/0x9ee2cf15cf7c69511e8862fc891e8e7bd8d92978/UserWallet.sol,1
0x90f954dcbd04fdb236bbfabcbef13d6e95f7e878,0,,0
0xc6ccdab99ba95cc18e4f22937f3832c20a6a027a,0,raw_data/0xc6ccdab99ba95cc18e4f22937f3832c20a6a027a/UserWallet.sol,1
0x11b218139cf98b1bd3052341438268a781fe6d9f,0,,0
0x7cb2cef87b20c634624c764736010359fa8b61f1,1,raw_data/0x7cb2cef87b20c634624c764736010359fa8b61f1/InvestInDefi.sol,1
0x30a6e41b971d1bb1fb1fdffd87936882b0a6cac8,0,,0
0x76877ebb364a6972d94fcf6f09f1d4708630379e,0,,0
0x84f1e16c0c3d1520c0b75f2914a992d5e2234cbc,0,raw_data/0x84f1e16c0c3d1520c0b75f2914a992d5e2234cbc/Forwarder.sol,1
0xaa5b28da482ba3b817acaf386675d1c04bbf6327,0,,0
0x4b1b48b9f40e370129de90baf010badca2dab601,0,raw_data/0x4b1b48b9f40e370129de90baf010badca2dab601/UserWallet.sol,1
0x50525700ff6bcbfce93fb2a50869674d42385641,0,raw_data/0x50525700ff6bcbfce93fb2a50869674d42385641/UserWallet.sol,1
0x0e8c132c6244e193e1574f7de169e48bd6e54a04,0,raw_data/0x0e8c132c6244e193e1574f7de169e48bd6e54a04/MultiSigWalletWithDailyLimit.sol,1
0x7a0a686a40fac59b83a17ff1e426244c3dae2dc5,0,,0
0x572a5039375108c6a2af7e896a750b6a8101f7d9,1,raw_data/0x572a5039375108c6a2af7e896a750b6a8101f7d9/OneFuture.sol,1
0xdaeda18ad9fb6e7d2bc7b0860b7271ff3306679f,1,raw_data/0xdaeda18ad9fb6e7d2bc7b0860b7271ff3306679f/ninjazeth.sol,1
0x4de7fcf157f64c791ef8359a3546fa2395bdddbd,1,raw_data/0x4de7fcf157f64c791ef8359a3546fa2395bdddbd/X.sol,1
0x32191c6a87987d1a6b2895083cf63f9c2a97faf8,1,raw_data/0x32191c6a87987d1a6b2895083cf63f9c2a97faf8/SupDucksNFT.sol,1
0x8b566761b674b63621dad3c66cfde242fb8c22db,0,raw_data/0x8b566761b674b63621dad3c66cfde242fb8c22db/UserWallet.sol,1
0x98358ff53dab46224c387917df59c80f247262d9,0,,0
0x496a8a1c9b3aa406a51046e64149b230ccd903a5,1,raw_data/0x496a8a1c9b3aa406a51046e64149b230ccd903a5/NormalToken.sol,1
0xa49d360a08574c5dd9a989bf0ebb3501ba031c80,1,raw_data/0xa49d360a08574c5dd9a989bf0ebb3501ba031c80/GZONE.sol,1
0x6e98ed0b5cc87ad3a4b05137ff4503c3bec26d9e,0,,0
0x79d258fe1aec21b78f7c3ba6b210ed0577853dfd,0,raw_data/0x79d258fe1aec21b78f7c3ba6b210ed0577853dfd/UserWallet.sol,1
0x3bb7201d9490e04be4c6d5225b7d83c3edc68c77,0,,0
0xf86afca50eea9992ffd9db92bbf39a170dff046d,1,raw_data/0xf86afca50eea9992ffd9db92bbf39a170dff046d/KINE.sol,1
0xc92029b1fcafb6d6285d49ee44bcc6cad2a91fd5,1,raw_data/0xc92029b1fcafb6d6285d49ee44bcc6cad2a91fd5/LUXZET.sol,1
0xe5ca7e6697b6830dc28d9a7301af40088d66a43f,0,,0
0x6c58d735f665c695bf97090e062573b91c4a8b8b,1,raw_data/0x6c58d735f665c695bf97090e062573b91c4a8b8b/Coin.sol,1
0x3a862ba102c7a1e65548e8084b45ad589dca299d,1,raw_data/0x3a862ba102c7a1e65548e8084b45ad589dca299d/DegenerateMonkey.sol,1
0x31b4d36f4f8744ebb9b43c9ba03d76ad7d2b7b74,0,,0
0x5067048b25e168a1cc5432e0114334045fd9471d,1,raw_data/0x5067048b25e168a1cc5432e0114334045fd9471d/QRDO.sol,1
0x52adc6c7b15450e04e3b4798b0d57a06506de42d,1,raw_data/0x52adc6c7b15450e04e3b4798b0d57a06506de42d/ARCAM.sol,1
0x13b87fb8e6152032fd525f64f158c129a230b6ee,1,raw_data/0x13b87fb8e6152032fd525f64f158c129a230b6ee/BigBallerRoulette.sol,1
0x893bd178b673c97136bf5ad69ae0466de34ec576,1,raw_data/0x893bd178b673c97136bf5ad69ae0466de34ec576/UniswapExchange.sol,1
0x3413c9f5a28356b9c8f7780f1f75a9560f9a060f,1,raw_data/0x3413c9f5a28356b9c8f7780f1f75a9560f9a060f/LinkPool.sol,1
0xa35219ba28b82ac14680ad926771b07ce35cf8b5,0,raw_data/0xa35219ba28b82ac14680ad926771b07ce35cf8b5/UserWallet.sol,1
0x677813b9cb18c5d3f44bc426aa90c64d5889c964,0,raw_data/0x677813b9cb18c5d3f44bc426aa90c64d5889c964/UserWallet.sol,1
0x066e5df247a2a08f8ca56de941a5a0698c44915a,1,raw_data/0x066e5df247a2a08f8ca56de941a5a0698c44915a/Spartacus.sol,1
0x0fb0a298ca415ab46c9c11882ad2144f66b5d61a,0,,0
0x2cd50544a8f387522616877aa57c17cf2b421733,0,,0
0xe0232df07d0f40c636ff67ea0c5e25d92b64ed98,0,raw_data/0xe0232df07d0f40c636ff67ea0c5e25d92b64ed98/UserWallet.sol,1
0x44daeb65247f05368d839f9987d6edad2384ec4e,0,,0
0x2378c10dcfc98b974d5a3dd5dae595313e87a1a5,1,raw_data/0x2378c10dcfc98b974d5a3dd5dae595313e87a1a5/SHIBAYUSHA.sol,1
0xcf7534f4fc57379c9a6977c86badbb1b51db3e73,0,raw_data/0xcf7534f4fc57379c9a6977c86badbb1b51db3e73/UserWallet.sol,1
0xcc7e207548cf0514511d5280ebe8563c9808a63e,0,,0
0x441ca652fd00fedd0f262fe9677d5bcd396271f0,0,,0
0xf3cbcd20f2cc23658e116f00e90006d833c1fe12,0,raw_data/0xf3cbcd20f2cc23658e116f00e90006d833c1fe12/UserWallet.sol,1
0x2c1080d0ad28d74d3d080b4e27b6e9ef007d70a0,0,raw_data/0x2c1080d0ad28d74d3d080b4e27b6e9ef007d70a0/LockToken.sol,1
0xe6b430e688b76ac89588c587cf8d35e96df88b15,1,raw_data/0xe6b430e688b76ac89588c587cf8d35e96df88b15/zkSyncProxyToken.sol,1
0x6f9579b66f94e61f9828201ffb5e1a836cce768f,0,raw_data/0x6f9579b66f94e61f9828201ffb5e1a836cce768f/UserWallet.sol,1
0x610f771b78256e55a870dda7c41ae57f2d6a5a17,0,,0
0x8a61e944113e7e997eb1acc6ef8e3e307d15f3e7,0,raw_data/0x8a61e944113e7e997eb1acc6ef8e3e307d15f3e7/UserWallet.sol,1
0x0e021fb2b6f69e78020922bbdb39deb1aae7cad4,1,raw_data/0x0e021fb2b6f69e78020922bbdb39deb1aae7cad4/UniswapExchange.sol,1
0x50bda03720edb2ecb8111d7ae30d8320c8767467,0,,0
0x975ce1059318711886d0f24f2f2be0d5dc7e4c61,0,,0
0x726933b4a1521b40dbdfb8601c1ed0a0ce9fc2d5,0,,0
0x4a1b5846edb12ad45c78f2fe3799092d5be34cf2,1,raw_data/0x4a1b5846edb12ad45c78f2fe3799092d5be34cf2/ERC20.sol,1
0x01b9ca34c2b59d74c87820b85b9fb6e6f5f7339f,1,raw_data/0x01b9ca34c2b59d74c87820b85b9fb6e6f5f7339f/Connective.sol,1
0x5c8546a7b86ba30202c09a84f5a72644a2a4f7ba,1,raw_data/0x5c8546a7b86ba30202c09a84f5a72644a2a4f7ba/MyDeposit.sol,1
0x314b20cc7b0a552b784ad5e17915ffb2c59f0937,1,raw_data/0x314b20cc7b0a552b784ad5e17915ffb2c59f0937/Kodachi.sol,1
0x47e1032e26aac4095f33bc8165464a6a4c7d388f,0,,0
0x171f97d21a6760d6496f7b01e34e42b1cc3dec4a,0,raw_data/0x171f97d21a6760d6496f7b01e34e42b1cc3dec4a/UserWallet.sol,1
0xd6c7576b735def0d8ea12d6a21332d8c37fc0fbb,0,,0
0x88e0acd80baf47d984a0ce29fa41ced0e23e087a,0,raw_data/0x88e0acd80baf47d984a0ce29fa41ced0e23e087a/_0xMonacoinToken.sol,1
0xfbfe6e603b40c3da42db3d50c91b24c884162e25,0,raw_data/0xfbfe6e603b40c3da42db3d50c91b24c884162e25/UserWallet.sol,1
0x890734ad9c14296c1527fc41393d403fd28eb601,1,raw_data/0x890734ad9c14296c1527fc41393d403fd28eb601/PNODE.sol,1
0xbad8905614408b74333c45733aa476cf960ca8dd,0,,0
0xe04fc44d8066178c3d518d366cee9167ee3d0cb9,1,raw_data/0xe04fc44d8066178c3d518d366cee9167ee3d0cb9/WhaleCapital.sol,1
0xa713cd91da45713e1ca26c6d84e169698b618c27,1,raw_data/0xa713cd91da45713e1ca26c6d84e169698b618c27/ManufacturingIsAwesome.sol,1
0x6e476f54844c15673020ad7c2b295330d2875f02,1,raw_data/0x6e476f54844c15673020ad7c2b295330d2875f02/JEJUDOGESWAP.sol,1
0x1f4a3265ac297ce140f84c3ee1cba186ce53b49f,1,raw_data/0x1f4a3265ac297ce140f84c3ee1cba186ce53b49f/EPIC.sol,1
0x0cb22b2a43bc537484521094e9fc6d09ddf2583b,0,raw_data/0x0cb22b2a43bc537484521094e9fc6d09ddf2583b/Forwarder.sol,1
0x0ad0ad3db75ee726a284cfafa118b091493938ef,1,raw_data/0x0ad0ad3db75ee726a284cfafa118b091493938ef/RiskHarborCom.sol,1
0x17f6bc17ea21339dea38555f52e6942dc398a24a,0,raw_data/0x17f6bc17ea21339dea38555f52e6942dc398a24a/ERC20Standard.sol,1
0x3c302e18d126a7f1271f2793e5749109a2028ff0,1,raw_data/0x3c302e18d126a7f1271f2793e5749109a2028ff0/Ultima.sol,1
0x6a2802b57be3a7681ba2a0fefbc8fdfc846c7105,0,raw_data/0x6a2802b57be3a7681ba2a0fefbc8fdfc846c7105/Forwarder.sol,1
0xafc64bef784ab94b1f5dd2f59249c477ebc97ead,0,raw_data/0xafc64bef784ab94b1f5dd2f59249c477ebc97ead/HumanStandardToken.sol,1
0x9d03057eb2db305c0f7e86d2de30fb01f40655d0,1,raw_data/0x9d03057eb2db305c0f7e86d2de30fb01f40655d0/FomoSwap.sol,1
0xcb71b51d9159a49050d56516737b4b497e98bb99,1,raw_data/0xcb71b51d9159a49050d56516737b4b497e98bb99/TronTronTron.sol,1
0xf0ee78d1e783599ce23d821c8a7847fc13acd06d,0,raw_data/0xf0ee78d1e783599ce23d821c8a7847fc13acd06d/MgnOwnableMock.sol,1
0x1d532383a2c7d61653dd437d1c0e759ac713137e,0,,0
0x4869b4d681e6a32ebed75ed0a00382ed257ec4f2,0,raw_data/0x4869b4d681e6a32ebed75ed0a00382ed257ec4f2/UserWallet.sol,1
0xd9b9a768a905299b8bae30fc18e3c711e56f46c0,1,raw_data/0xd9b9a768a905299b8bae30fc18e3c711e56f46c0/DegenApes.sol,1
0xf183bcac25cacccf01f4a8727cf773358c8ecb35,1,raw_data/0xf183bcac25cacccf01f4a8727cf773358c8ecb35/EFI.sol,1
0x7991a0bc9cfdb9c545dd1d037028ef41eeda7e77,0,,0
0x6d4f393bf60aee890027d5a560473148fa61385a,1,raw_data/0x6d4f393bf60aee890027d5a560473148fa61385a/EnsoFinance.sol,1
0xf9f60ada5c8651adfd1162a47f3248e0d0f1ac3a,1,raw_data/0xf9f60ada5c8651adfd1162a47f3248e0d0f1ac3a/Allegro.sol,1
0xd3085f6e89f603503eabe33499ed140466c74f92,1,raw_data/0xd3085f6e89f603503eabe33499ed140466c74f92/ERC20.sol,1
0xf4bf20af9ecbe170074ae0b077304ad8f1e73c61,0,raw_data/0xf4bf20af9ecbe170074ae0b077304ad8f1e73c61/UserWallet.sol,1
0x37fdf3376e2ed8da3db05296436a6d85a0c38e8d,1,raw_data/0x37fdf3376e2ed8da3db05296436a6d85a0c38e8d/NINKI.sol,1
0xc963792a69772ef4a20eac3d14f301a3340f4612,1,raw_data/0xc963792a69772ef4a20eac3d14f301a3340f4612/nemesis.sol,1
0x6696ed9c082744cbf4834bc44d2dfb5306c1fd03,0,,0
0x1aa8ec84968e22e176c2fd27e31fab4c66da2440,1,raw_data/0x1aa8ec84968e22e176c2fd27e31fab4c66da2440/ERC20.sol,1
0xe657877c09f6780ead2d9199ad07a81e13682779,1,raw_data/0xe657877c09f6780ead2d9199ad07a81e13682779/UNINFT.sol,1
0xa55d3d26307e738d909c81d51259ff58db3464b2,0,,0
0xd17d0ffdd8c8c3f587dc1f00acca4734de5f81dd,1,raw_data/0xd17d0ffdd8c8c3f587dc1f00acca4734de5f81dd/AVATAR.sol,1
0x788c8e3267bbbcbef81c1f576fd2034ee439a082,1,raw_data/0x788c8e3267bbbcbef81c1f576fd2034ee439a082/ERC20.sol,1
0x5269bd47c81d412538a12c628cbccdef6ba27d68,0,,0
0x60b4e7eb5a7d86a3eae06af121ef73a9b3eb7aee,0,raw_data/0x60b4e7eb5a7d86a3eae06af121ef73a9b3eb7aee/UserWallet.sol,1
0x5c7ef7b9aa09dc78145b805b8ec85ab70ecc890d,0,,0
0xcc9d5b36ff1cc89c889f15471958b86f0f87c71f,1,raw_data/0xcc9d5b36ff1cc89c889f15471958b86f0f87c71f/HEXv3.sol,1
0x661c7c7d2896ca6ca0797ccf392d88d47cac0efd,1,raw_data/0x661c7c7d2896ca6ca0797ccf392d88d47cac0efd/LeverNetwork.sol,1
0xc5f27d3d6b55930e2a405ac6ea91c447bd5d4f7d,0,raw_data/0xc5f27d3d6b55930e2a405ac6ea91c447bd5d4f7d/Forwarder.sol,1
0x8f87faa5917318e58263d45782832e14c89809e6,1,raw_data/0x8f87faa5917318e58263d45782832e14c89809e6/TheHumanMind.sol,1
0x3626b4c7aa23a8a0bf349992e74f2bd98ffa2f18,0,,0
0xfa385e80628d0822880446bc521f8ac0d2fed0ed,0,,0
0x0924610647154bacc7dffb096d608d61838bacd8,0,,0
0x3c12d2e11fde14f6a7e6adb0768f34b969856331,1,raw_data/0x3c12d2e11fde14f6a7e6adb0768f34b969856331/KIMOYI.sol,1
0x183628e8811493fb7df0bc88bdf8c50100033f86,1,raw_data/0x183628e8811493fb7df0bc88bdf8c50100033f86/ERC20.sol,1
0x05d4b87dff01737831463ff982efb66fb2bab0ea,0,raw_data/0x05d4b87dff01737831463ff982efb66fb2bab0ea/UserWallet.sol,1
0xeb01432b191974045645c8a4e61c0c343724530a,1,raw_data/0xeb01432b191974045645c8a4e61c0c343724530a/WCS.sol,1
0xfa6851428ccbc19d10dcfb5727256cb12659f93e,1,raw_data/0xfa6851428ccbc19d10dcfb5727256cb12659f93e/SHIBPIZZA.sol,1
0xd57c7a4367bfc15d8ece196e221db9224931c739,0,,0
0x63d2be6816e92f74154cf3a478cf566f0d309ade,0,raw_data/0x63d2be6816e92f74154cf3a478cf566f0d309ade/LockToken.sol,1
0x49b4e1351254c9b739ebddd69ed92e4e5e8c95a8,1,raw_data/0x49b4e1351254c9b739ebddd69ed92e4e5e8c95a8/MYSTERYLAIKA.sol,1
0xd2a33f334beab6e4c2854becb4585dc7b2da57e8,1,raw_data/0xd2a33f334beab6e4c2854becb4585dc7b2da57e8/MetaMonkeyAI.sol,1
0x28faf2746d74b947b2a09ceff1aed5a46dd6298d,1,raw_data/0x28faf2746d74b947b2a09ceff1aed5a46dd6298d/Coin.sol,1
0x8659f45232f23b57e694804dc51d7064c326b535,1,raw_data/0x8659f45232f23b57e694804dc51d7064c326b535/MetaPets.sol,1
0xf5df66b06dff95226f1e8834eebe4006420d295f,1,raw_data/0xf5df66b06dff95226f1e8834eebe4006420d295f/Alpaca.sol,1
0xb67020e496b6ce4edbef3e828786af6a72b37bf0,0,,0
0xf8f062ebfe370212c0158f658416bea6f181b4d4,0,raw_data/0xf8f062ebfe370212c0158f658416bea6f181b4d4/UserWallet.sol,1
0x280988f22867020605522bf148aeca8d83d168e8,1,raw_data/0x280988f22867020605522bf148aeca8d83d168e8/ERC20.sol,1
0xcab53634830f556f3065e182ccdf502347b4086c,0,,0
0xc51f4c8f688ca467db6d9559d102cfd15dc02f79,0,raw_data/0xc51f4c8f688ca467db6d9559d102cfd15dc02f79/UserWallet.sol,1
0xf1a355a72e7e90a0de8b1f28e50079361cb4a620,1,raw_data/0xf1a355a72e7e90a0de8b1f28e50079361cb4a620/Rabbit2023.sol,1
0x644e216bfd47ca1520711f991bc0deda895becef,0,raw_data/0x644e216bfd47ca1520711f991bc0deda895becef/UserWallet.sol,1
0xcfb4f8ac394dcd67f091e13972ece1e2a7a316ff,0,,0
0xce2aa742a4a60330e6f50274238813380407fbeb,1,raw_data/0xce2aa742a4a60330e6f50274238813380407fbeb/ShibaSwap.sol,1
0x5f43e76c9fee0de08eb088139eb7f9ac9c89d207,1,raw_data/0x5f43e76c9fee0de08eb088139eb7f9ac9c89d207/ERC20.sol,1
0x4056ef1dbc4554f718c3359c1df14ce8ddf9b098,1,raw_data/0x4056ef1dbc4554f718c3359c1df14ce8ddf9b098/MankichInu.sol,1
0xf29b4585d5baf932e1e798e810c9c80aa8f764ac,0,raw_data/0xf29b4585d5baf932e1e798e810c9c80aa8f764ac/UserWallet.sol,1
0x9be441f53e7fc1a92ef21a1905e7e7974b00d303,1,raw_data/0x9be441f53e7fc1a92ef21a1905e7e7974b00d303/BONE.sol,1
0x341591210440f307829553f5e1971d66d4cbce7c,1,raw_data/0x341591210440f307829553f5e1971d66d4cbce7c/SHIBASWAP.sol,1
0x8bac912d040edcee1e74374d7001c9546a8a8b28,0,raw_data/0x8bac912d040edcee1e74374d7001c9546a8a8b28/Forwarder.sol,1
0x5c0693f610d437a47b16795aeb629b58b43525a2,0,,0
0xb9c19c49ed46cf2793cf5d00923dedc3b9d2a7c0,0,raw_data/0xb9c19c49ed46cf2793cf5d00923dedc3b9d2a7c0/UserWallet.sol,1
0x443c7c766165b47e1d3986ea035b75301545fad9,0,raw_data/0x443c7c766165b47e1d3986ea035b75301545fad9/CloneableWallet.sol,1
0xe51ee1d5d6d6c827b5611c3ce6d8c2e9c24ec0b9,0,raw_data/0xe51ee1d5d6d6c827b5611c3ce6d8c2e9c24ec0b9/UserWallet.sol,1
0x2c8d918288c9bc45d23d2ce0199403c29760fb0c,0,raw_data/0x2c8d918288c9bc45d23d2ce0199403c29760fb0c/UserWallet.sol,1
0x544a25596f03127df5166ccb9a0d61f5377fc7ee,0,raw_data/0x544a25596f03127df5166ccb9a0d61f5377fc7ee/Forwarder.sol,1
0x16a233bc85e270e13c8969d9c94164f38f1ed510,0,,0
0xc5514fc162dd7b9acc70b98d1bc57a94f12d79cb,1,raw_data/0xc5514fc162dd7b9acc70b98d1bc57a94f12d79cb/ERC20.sol,1
0x4ef95facd8568c91a1c0fc8e7f873bbc8ac61126,0,,0
0x2cbf9f57e764741e969df8e596fd10d50f5e800d,1,raw_data/0x2cbf9f57e764741e969df8e596fd10d50f5e800d/SHIBASWAP.sol,1
0x8b498ff7d5ce50f7ce5bc3c4ea8c20c42b930ec8,1,raw_data/0x8b498ff7d5ce50f7ce5bc3c4ea8c20c42b930ec8/LOOT.sol,1
0x6894ebf0c892c1346dccd5d832c12796bc049d68,1,raw_data/0x6894ebf0c892c1346dccd5d832c12796bc049d68/BONE.sol,1
0xa6f48eca2c5b90d9fe92f04fcdb39edf03c26d9d,0,,0
0x16ecf8c29ff1f28b72b92e7375a3fec57b6e0c40,1,raw_data/0x16ecf8c29ff1f28b72b92e7375a3fec57b6e0c40/GreatestOfAllTokensClassic.sol,1
0x8faada787a273898cdeaf071e204a96a063b3821,1,raw_data/0x8faada787a273898cdeaf071e204a96a063b3821/TWTR.sol,1
0xd491b89ed3c17f97ac45ef7aa0045184275bc007,0,,0
0x3f3c4047ad966abbaa08082e32c6932c145c36d0,1,raw_data/0x3f3c4047ad966abbaa08082e32c6932c145c36d0/Protocol.sol,1
0x66963e32e2639faaa4f7aedafd7cd7c105571362,0,,0
0x29087c876b9eeaa535032642dbd7773fe6d62147,0,,0
0xe4444642c378598ff93d4dc323a1483726f66ac2,0,raw_data/0xe4444642c378598ff93d4dc323a1483726f66ac2/UserWallet.sol,1
0x35bb84d42038a909d2c281dd87af85e4384c14c3,0,raw_data/0x35bb84d42038a909d2c281dd87af85e4384c14c3/UserWallet.sol,1
0xe3d085b7bdf97c6d003abcec2003b9c5b120d616,1,raw_data/0xe3d085b7bdf97c6d003abcec2003b9c5b120d616/GAIN_GAME.sol,1
0x3a151bb48502e45984d91a5cc5104f7942fb39b0,0,,0
0x7bf94a9a0000b264925316cc80dbc776f83f2a70,1,raw_data/0x7bf94a9a0000b264925316cc80dbc776f83f2a70/POL.sol,1
0x5c0dae5f865a8c03dd95ea0b940e8e033b088820,1,raw_data/0x5c0dae5f865a8c03dd95ea0b940e8e033b088820/UniswapExchange.sol,1
0xb0602d08f6e2c907762a03abfc1c52dfd5148055,0,,0
0x6682358fca9260828f902ca3790d35f3eba45521,0,raw_data/0x6682358fca9260828f902ca3790d35f3eba45521/UserWallet.sol,1
0xb551605ab0aac7df6b278b20560ec698ea395191,1,raw_data/0xb551605ab0aac7df6b278b20560ec698ea395191/ERC20.sol,1
0xecf308d118b78be09860f69f30fdc0733c9dac6c,1,raw_data/0xecf308d118b78be09860f69f30fdc0733c9dac6c/Coin.sol,1
0x03edc7f15b42f4dd8ce6e0d30a06ab6b1f3892bf,0,,0
0x6723164e42b0fddf10a572c4cc8d7c5ee639a56c,1,raw_data/0x6723164e42b0fddf10a572c4cc8d7c5ee639a56c/TokenContract.sol,1
0xa26aab524d5432732c646a591d05219b3b96896b,0,raw_data/0xa26aab524d5432732c646a591d05219b3b96896b/UserWallet.sol,1
0x9fe3dbd3521b0c051b18cb0cca15490da8bc5118,1,raw_data/0x9fe3dbd3521b0c051b18cb0cca15490da8bc5118/HUSL.sol,1
0x968270507fa53e1c1711ed07d047f1cf879e5e69,0,,0
0x4193d90d8372926490c41b54961115544d730401,0,raw_data/0x4193d90d8372926490c41b54961115544d730401/UserWallet.sol,1
0x457feb79801fd33ccc2d01962e5588942e796cc4,0,,0
0x0bf6cbb1fcdefc331781465f91b3a708efdcc4f8,1,raw_data/0x0bf6cbb1fcdefc331781465f91b3a708efdcc4f8/ERC20.sol,1
0x3c1e10048f5699dcf05fc3c5620cedc376874d7a,1,raw_data/0x3c1e10048f5699dcf05fc3c5620cedc376874d7a/MASK.sol,1
0x634461ceddbfd5dbbb7e12b566eb75756d2b8643,1,raw_data/0x634461ceddbfd5dbbb7e12b566eb75756d2b8643/BeatKong.sol,1
0x55e45d8480064be09dbbf34c686e672ed1df027b,1,raw_data/0x55e45d8480064be09dbbf34c686e672ed1df027b/BLACK.sol,1
0x3baf5ad61660ac3406a5ac1ca0be869535ef0ed2,1,raw_data/0x3baf5ad61660ac3406a5ac1ca0be869535ef0ed2/RevenNFT.sol,1
0x6fcd8369e9593408d12d8de5d2da90c25d089d0b,1,raw_data/0x6fcd8369e9593408d12d8de5d2da90c25d089d0b/CMC.sol,1
0x1535a6b56b3044a2b2d86a006523a61e7ee2de6a,1,raw_data/0x1535a6b56b3044a2b2d86a006523a61e7ee2de6a/UnoRe.sol,1
0x9272d147b49bb8f03d381333047a6ce9595e89fa,1,raw_data/0x9272d147b49bb8f03d381333047a6ce9595e89fa/UniswapExchange.sol,1
0x859ea037754ec260e991533172052ec52f8716a2,0,,0
0x2afd733831ae1ec777c0a186b04304b78289eac7,1,raw_data/0x2afd733831ae1ec777c0a186b04304b78289eac7/DiamondDoge.sol,1
0x333b20d643b58263e1558de655fda9cf7d07c401,0,raw_data/0x333b20d643b58263e1558de655fda9cf7d07c401/BitLumensCrowdsale.sol,1
0xc76d6321d0b7d79ab44db907f142412207d67d19,0,,0
0x1de24a0fd69fd6fb4fc8c837ef0961a114717a5e,0,raw_data/0x1de24a0fd69fd6fb4fc8c837ef0961a114717a5e/UserWallet.sol,1
0x72074872b8d60d9a68d9da5d490120807c00a341,0,,0
0x29804bbbccdfb199813afdb61aa9f85b2ff27e35,0,,0
0xd9e9dd9726df8d5847430d423af898c680cab8c8,0,raw_data/0xd9e9dd9726df8d5847430d423af898c680cab8c8/UserWallet.sol,1
0x3e2c55104679cfaca89986d4f31fb07a61c1f9f0,1,raw_data/0x3e2c55104679cfaca89986d4f31fb07a61c1f9f0/UniswapExchange.sol,1
0xc14402080cd90f548e3805e7127a51d99e55da41,0,raw_data/0xc14402080cd90f548e3805e7127a51d99e55da41/UserWallet.sol,1
0x7e6d3ce80b9808353cf48276517a90b64a89dada,1,raw_data/0x7e6d3ce80b9808353cf48276517a90b64a89dada/Beeple.sol,1
0xecfbbda1a0e36c7e00ca7954a35b5290ba07b8ec,0,,0
0x5ec9189b9c1aecb0e00dd5c616cf59b1b92879de,1,raw_data/0x5ec9189b9c1aecb0e00dd5c616cf59b1b92879de/KISHUSWAP.sol,1
0x3866a74cb4121a10e85332b1903cab1a83e6d12d,0,raw_data/0x3866a74cb4121a10e85332b1903cab1a83e6d12d/UserWallet.sol,1
0xfb30d704cafffa3e907313add5d4ce4b6a55b446,0,raw_data/0xfb30d704cafffa3e907313add5d4ce4b6a55b446/UserWallet.sol,1
0x54cd21cd1d4817ed1d66752f0b912570d0c15d20,0,raw_data/0x54cd21cd1d4817ed1d66752f0b912570d0c15d20/UserWallet.sol,1
0xdaa2a7fa2d4c42137760fc4e2692f834ebe58251,0,,0
0x82423fd3ceece807cd361d318d6bc933be4d96aa,0,,0
0x69c13c06a07f13fa47aac176828a6f98eabc28f5,0,raw_data/0x69c13c06a07f13fa47aac176828a6f98eabc28f5/HumanStandardToken.sol,1
0xdf859c9878ef5e742d7bbe3c22a496c088c89fa9,1,raw_data/0xdf859c9878ef5e742d7bbe3c22a496c088c89fa9/FIND.sol,1
0xcc5c1918f7132ad156766d85a07cffa7af49f548,0,,0
0xc420e55c65051f1240ed8abbfd99aa016b5aedfc,0,,0
0xd5cd07a0faa707a8c755febb0964f1e18e5ffff9,1,raw_data/0xd5cd07a0faa707a8c755febb0964f1e18e5ffff9/Journey_YORI_ERC.sol,1
0xb5d018cc53dda89b5a17fa3d1f88ad580250c111,1,raw_data/0xb5d018cc53dda89b5a17fa3d1f88ad580250c111/VERA.sol,1
0x05b090348f21760a3959463e1894e78693cef198,1,raw_data/0x05b090348f21760a3959463e1894e78693cef198/sw33per.sol,1
0x68578b74e120c4c7764dd867d031697b32306fc8,0,,0
0x1be7888cb1d8de7fe525ff5fba64dc1cfdd234e4,0,,0
0xe4eabdca81e31d9acbc4af76b30f532b6ed7f3bf,1,raw_data/0xe4eabdca81e31d9acbc4af76b30f532b6ed7f3bf/Honey.sol,1
0x34571fe9060e1cbc4d1cc5a6ff5aa57c444c47d2,0,,0
0x00e25f0fd5d6a36c252398ca14f3f29128cf5bf9,1,raw_data/0x00e25f0fd5d6a36c252398ca14f3f29128cf5bf9/KWIK.sol,1
0x0d83102ec81853f3334bd2b9e9fcce7adf96ccc7,1,raw_data/0x0d83102ec81853f3334bd2b9e9fcce7adf96ccc7/OpenAddressLottery.sol,1
0xe3b0fe57f7de3281579a504dcc3af491afbb23e5,1,raw_data/0xe3b0fe57f7de3281579a504dcc3af491afbb23e5/private_gift.sol,1
0x6ad0fd12c65a6975135971f73601221463ccfef0,0,,0
0x1615a9e23535e07b2a9e82d9980b84fdb6a4a180,0,,0
0x7d0a1f9c8338d4252d4faf2cc927affa3620b70b,0,,0
0xff603f43946a3a28df5e6a73172555d8c8b02386,1,raw_data/0xff603f43946a3a28df5e6a73172555d8c8b02386/HumanStandardToken.sol,1
0x054f58e1954c4f6f6dc553bb4012b96b0e58c73c,1,raw_data/0x054f58e1954c4f6f6dc553bb4012b96b0e58c73c/TANGO.sol,1
0x3319c667fa0eafe5a59e532b503ff5c65b1145ce,1,raw_data/0x3319c667fa0eafe5a59e532b503ff5c65b1145ce/SHIBASWAP.sol,1
0xca8b2499e566963e9c9b499a6efc3862ec54d5e9,1,raw_data/0xca8b2499e566963e9c9b499a6efc3862ec54d5e9/OpenOcean.sol,1
0x933ce0e674226c8d8e3da30f596e5d833fcef3b2,0,raw_data/0x933ce0e674226c8d8e3da30f596e5d833fcef3b2/DSProxy.sol,1
0xfcf0c71a4785307b808cd9ccad42c0eb3afdf433,0,,0
0xf3639fb3e390c1ea1fa4aa504a7c8e927d119ce9,1,raw_data/0xf3639fb3e390c1ea1fa4aa504a7c8e927d119ce9/BONE.sol,1
0x16e949753b969fd78170ce53c8debe07fca6d554,0,raw_data/0x16e949753b969fd78170ce53c8debe07fca6d554/UserWallet.sol,1
0x1ceaaec5bab1377a31918024f3ee0e26fa457859,1,raw_data/0x1ceaaec5bab1377a31918024f3ee0e26fa457859/SHIBASWAP.sol,1
0x577911df7739dfe9ba9cce4e72b0f23eb7e343e0,0,raw_data/0x577911df7739dfe9ba9cce4e72b0f23eb7e343e0/UserWallet.sol,1
0x1b5fc621a982a6c0e281d3e087264e55e3c95654,1,raw_data/0x1b5fc621a982a6c0e281d3e087264e55e3c95654/ERC20.sol,1
0xc2c39ff58636e103343b9eb03c4d53c112e08ded,0,raw_data/0xc2c39ff58636e103343b9eb03c4d53c112e08ded/UserWallet.sol,1
0x14d6350e6cd20a6f8d40651766792bc2ea367aa0,1,raw_data/0x14d6350e6cd20a6f8d40651766792bc2ea367aa0/SHIBASWAP.sol,1
0x486fdfadfd6498d5c794c517b08d9b4886220bb3,1,raw_data/0x486fdfadfd6498d5c794c517b08d9b4886220bb3/PlutosNetwork.sol,1
0x92d6a3072003b6ea21c84072dfd383deafd2f783,0,,0
0x814f67fa286f7572b041d041b1d99b432c9155ee,1,raw_data/0x814f67fa286f7572b041d041b1d99b432c9155ee/Dragon.sol,1
0xc93d7496b9c252864f8f80ebc7106e3bda78e8e2,1,raw_data/0xc93d7496b9c252864f8f80ebc7106e3bda78e8e2/ERC20.sol,1
0xeef02af34d1cdba75aa59585b95fa068a4612e09,1,raw_data/0xeef02af34d1cdba75aa59585b95fa068a4612e09/SHIBASWAP.sol,1
0xdf233adb100f98022489b20926deb2286583bd14,1,raw_data/0xdf233adb100f98022489b20926deb2286583bd14/GoGalaGames.sol,1
0x719e3bf59d39803390d0dedea93c60617019792c,0,,0
0xdc88f801b9b5b4daf9ffa11de12a0ae928f79c83,0,raw_data/0xdc88f801b9b5b4daf9ffa11de12a0ae928f79c83/UserWallet.sol,1
0x2fa70357136066ce125d42b58445f9d76e525117,1,raw_data/0x2fa70357136066ce125d42b58445f9d76e525117/GoodDog.sol,1
0xd64b72eb22e437ad66e5bb8b1dd0655da3848cbe,0,,0
0x06684e3d5ce17681b49737502a558c8cc73d7a13,1,raw_data/0x06684e3d5ce17681b49737502a558c8cc73d7a13/SolstarterToken.sol,1
0x0c63d5eaf0598e1533f0aa8dde9905cb363c76f0,0,,0
0x4806d638c8881e2a5ae528fdb317cca944c015a8,0,,0
0x353296d6168bd8edc037a9286c66049d2429fd68,1,raw_data/0x353296d6168bd8edc037a9286c66049d2429fd68/BOOST.sol,1
0xf78c3a2c296f1461d621cee93a948eac36cf309a,0,raw_data/0xf78c3a2c296f1461d621cee93a948eac36cf309a/UserWallet.sol,1
0x63793123299cb3f1725aa1e8a2feb7b26c79934b,1,raw_data/0x63793123299cb3f1725aa1e8a2feb7b26c79934b/CoinToken.sol,1
0xda7b20e0e533cdd09706a8a3833a711538d5feb0,1,raw_data/0xda7b20e0e533cdd09706a8a3833a711538d5feb0/STF.sol,1
0x02a0ef3d7f97561f209a2582813ba6cf170098de,1,raw_data/0x02a0ef3d7f97561f209a2582813ba6cf170098de/Shield.sol,1
0xd8384641a8bfdacb7fd66db95ae290462cafeca8,1,raw_data/0xd8384641a8bfdacb7fd66db95ae290462cafeca8/ERC20.sol,1
0xf4727665f750c2764f16180efdbe85b106d1f0ad,1,raw_data/0xf4727665f750c2764f16180efdbe85b106d1f0ad/APYS.sol,1
0x0de56da7b0fd0ad9f095ea5bf0656cac62a0fe2e,1,raw_data/0x0de56da7b0fd0ad9f095ea5bf0656cac62a0fe2e/ERC20.sol,1
0xd2de56b84efa0c91869b6ff15eb79366e3f6e490,0,raw_data/0xd2de56b84efa0c91869b6ff15eb79366e3f6e490/Forwarder.sol,1
0xfb5869d1cc1becba26df6348aa06a2dcea6e0e0e,1,raw_data/0xfb5869d1cc1becba26df6348aa06a2dcea6e0e0e/UniswapExchange.sol,1
0x14906422782e52983d77f00c2d5ba4b7b462b445,0,raw_data/0x14906422782e52983d77f00c2d5ba4b7b462b445/UserWallet.sol,1
0xc48cebeee7f1fff2052a5c7458187463bfd8c6bc,1,raw_data/0xc48cebeee7f1fff2052a5c7458187463bfd8c6bc/NFTb.sol,1
0xb71a390570822d64780a7e52827e30cff239a5fc,0,,0
0xbed848386f561e3d352bab9b4ce568bdb6a944fd,0,,0
0xf8101516fa5291c5deca3dd288c4b616a7a76fd9,0,,0
0xa1a26ddf4f4fd83a3c782014183579fffc6464f9,0,,0
0x944558fea14def0915dec78656684bede158a163,0,raw_data/0x944558fea14def0915dec78656684bede158a163/AutoWallet.sol,1
0x834460e25d4ee4a17955c2056b7b1fdfe35f1755,1,raw_data/0x834460e25d4ee4a17955c2056b7b1fdfe35f1755/EVN.sol,1
0x87f8cc87854168342b3b6952a0f4597bffc8c8df,0,raw_data/0x87f8cc87854168342b3b6952a0f4597bffc8c8df/UserWallet.sol,1
0xb87e28175c3d0ddff479b3680f794d333d4a13ce,1,raw_data/0xb87e28175c3d0ddff479b3680f794d333d4a13ce/Blitmap.sol,1
0x3f41f6ff370a764f4dd3eee7b5b8ec76cfbb6b91,1,raw_data/0x3f41f6ff370a764f4dd3eee7b5b8ec76cfbb6b91/AMATAToken.sol,1
0x2de91872cd4de1ed07d51492e55262b278bcbcd8,1,raw_data/0x2de91872cd4de1ed07d51492e55262b278bcbcd8/ERC20.sol,1
0xbae02f6d6190d5b37a54b1c6c6434c40a949afe2,0,raw_data/0xbae02f6d6190d5b37a54b1c6c6434c40a949afe2/UserWallet.sol,1
0xaf19335b8e7cba10ae2e54951d4547dff75d7956,1,raw_data/0xaf19335b8e7cba10ae2e54951d4547dff75d7956/KST.sol,1
0x2c8827e9718d28f5a5d44b0486c7ce5e4f053f67,0,,0
0x00371fb3b17a13b9591fd135026367e9d2a6c33e,1,raw_data/0x00371fb3b17a13b9591fd135026367e9d2a6c33e/CYS.sol,1
0x2f06281649b6f516464b7936b5502826a034a7ab,1,raw_data/0x2f06281649b6f516464b7936b5502826a034a7ab/Apeinja.sol,1
0xaeb29c7b70ceab600013680850c6533b577108e7,1,raw_data/0xaeb29c7b70ceab600013680850c6533b577108e7/IMXToken.sol,1
0xa1f1bc08d02475086d1aa97e310073fb6a40cb8f,0,,0
0x24c7f13490ed8f5c32c633122c55b906819e0563,0,,0
0x598912606b3a5f8b62e1e9a812b746665aa15416,1,raw_data/0x598912606b3a5f8b62e1e9a812b746665aa15416/CapsuleCoin.sol,1
0x448cd55a8d40fe8e8ba91a67016cf8ac72cbd969,0,raw_data/0x448cd55a8d40fe8e8ba91a67016cf8ac72cbd969/UserWallet.sol,1
0x05aa623656c7eb10a8e49b822d7eac50ab87634c,1,raw_data/0x05aa623656c7eb10a8e49b822d7eac50ab87634c/TriallToken.sol,1
0xf69a9b73a45e8ce7fd75bc0e7773824c585f6f35,1,raw_data/0xf69a9b73a45e8ce7fd75bc0e7773824c585f6f35/UniswapExchange.sol,1
0x683a0d13fb432a7bf934f3ec9684319dfde0fe17,1,raw_data/0x683a0d13fb432a7bf934f3ec9684319dfde0fe17/Pika.sol,1
0x1c8b9914121a99271127297546a33bb7aa584fbb,0,raw_data/0x1c8b9914121a99271127297546a33bb7aa584fbb/UserWallet.sol,1
0xf78f2664edd11c3b8c85c3ae3cec7a9d2ef097e9,0,,0
0xba3f56776d805aeeb4344748f946407331a9d579,1,raw_data/0xba3f56776d805aeeb4344748f946407331a9d579/BOBA.sol,1
0xd396fc7667125df56b500727d1e194648f126d39,0,raw_data/0xd396fc7667125df56b500727d1e194648f126d39/UserWallet.sol,1
0x84067c1f49d381f056a21bcfbb5f809357221a4b,0,raw_data/0x84067c1f49d381f056a21bcfbb5f809357221a4b/UserWallet.sol,1
0x354715ee5fae02b98a4e91e0c55c2646d74ed5d0,0,,0
0x69073f75b9f4120c5431f6913109efebcd614d83,0,,0
0xca5a7b801f5ab593f58865fa7828b2897af489f5,1,raw_data/0xca5a7b801f5ab593f58865fa7828b2897af489f5/KANON.sol,1
0x2bba3cf6de6058cc1b4457ce00deb359e2703d7f,1,raw_data/0x2bba3cf6de6058cc1b4457ce00deb359e2703d7f/HashCoin.sol,1
0x8771a373f3826ac58f3c036e6bb12c64238c3490,0,raw_data/0x8771a373f3826ac58f3c036e6bb12c64238c3490/UserWallet.sol,1
0x78201b76eba27b601e30a2be937846739b34e9f4,0,raw_data/0x78201b76eba27b601e30a2be937846739b34e9f4/UserWallet.sol,1
0x9ecb8d84c01cf1ef9d668cb33763142dcbfad655,1,raw_data/0x9ecb8d84c01cf1ef9d668cb33763142dcbfad655/DeFine.sol,1
0x4ef66E564e89a60041EeBcE4716E142626C2f2F4,1,raw_data/0x4ef66E564e89a60041EeBcE4716E142626C2f2F4/UPStable.sol,1
0xfc87d4f82fc5fe80a2d1692ffee872b2517c34c7,1,raw_data/0xfc87d4f82fc5fe80a2d1692ffee872b2517c34c7/ICBB.sol,1
0x1a2b4b423351af28f472c846ba4e384dde2ba0b3,1,raw_data/0x1a2b4b423351af28f472c846ba4e384dde2ba0b3/Abracadabra.sol,1
0x63a585fc889a56c6ed62571c3fdfffbba148b8e8,0,raw_data/0x63a585fc889a56c6ed62571c3fdfffbba148b8e8/UserWallet.sol,1
0x2207af4d2e95edb40bd02384aeab645db561722a,1,raw_data/0x2207af4d2e95edb40bd02384aeab645db561722a/Argent.sol,1
0xd42961b864d4e95aa3d93ab1db61cf1f81c5d6c7,1,raw_data/0xd42961b864d4e95aa3d93ab1db61cf1f81c5d6c7/Coin.sol,1
0xc225f6b4f81e1cc83882d8a2deae5ba9527326e3,0,raw_data/0xc225f6b4f81e1cc83882d8a2deae5ba9527326e3/UserWallet.sol,1
0x2d5816e93e9a2e18cc0fb5c5e4509dcd9d3e3dc9,0,raw_data/0x2d5816e93e9a2e18cc0fb5c5e4509dcd9d3e3dc9/UserWallet.sol,1
0xb86a05acaa111c331d60f8652a1e9d647ce3f925,0,raw_data/0xb86a05acaa111c331d60f8652a1e9d647ce3f925/Forwarder.sol,1
0x51105f25ae0e22e070725857004997951ad4774a,0,raw_data/0x51105f25ae0e22e070725857004997951ad4774a/Forwarder.sol,1
0x412f69d7c129248cc9733055bbe238bffab7470e,1,raw_data/0x412f69d7c129248cc9733055bbe238bffab7470e/Coin.sol,1
0xff45211ebdfc7ebcc458e584bcec4eac19d6a624,1,raw_data/0xff45211ebdfc7ebcc458e584bcec4eac19d6a624/ENIGMA_GAME.sol,1
0x6d3475a51ef25e210e7f2851ce4af528738a975a,1,raw_data/0x6d3475a51ef25e210e7f2851ce4af528738a975a/BQCCToken.sol,1
0x6d6d0a0a55b11f2bde27291a5ad0684e0fcad915,0,,0
0x259f812a19afb74622350a2ecd251202a50afa98,1,raw_data/0x259f812a19afb74622350a2ecd251202a50afa98/DAISY.sol,1
0xb68608d4971daf38fdef251e3e2a8c1573894975,0,,0
0xfa45554f4031d320e9bafdc57361030756e528ed,1,raw_data/0xfa45554f4031d320e9bafdc57361030756e528ed/ERC20.sol,1
0xb7a6411e183adf76f1ca91712a7efaf5e44c4db5,0,raw_data/0xb7a6411e183adf76f1ca91712a7efaf5e44c4db5/UserWallet.sol,1
0xe28f5eb41138bb4045315fd6d628fbe2c65b6426,0,,0
0x2a7457feb1d6f3710ef525de57f47d9cacb2889f,0,,0
0xd44e7bfd00af13b60b97b9388739ba59b55c3dab,0,,0
0x145f8165c770a6d530301555ae02d38b8a0a89ae,1,raw_data/0x145f8165c770a6d530301555ae02d38b8a0a89ae/Stealthx.sol,1
0xea78c70fb125d37ae39f79ed6670b9cbf4672cfb,0,raw_data/0xea78c70fb125d37ae39f79ed6670b9cbf4672cfb/Token.sol,1
0xf375a11bff3ed7ad12e76d55601719e6473d83db,1,raw_data/0xf375a11bff3ed7ad12e76d55601719e6473d83db/PoWETH.sol,1
0xba14cac9391852fbf351c94f3151b21c77faafbe,1,raw_data/0xba14cac9391852fbf351c94f3151b21c77faafbe/ERC20.sol,1
0x5f1aaa1bddf82d2f1408f46e542b2a7af6f6d2da,0,raw_data/0x5f1aaa1bddf82d2f1408f46e542b2a7af6f6d2da/Wallet.sol,1
0x5961d5686c27eb23ed531e46b59d9cf95d99c45c,1,raw_data/0x5961d5686c27eb23ed531e46b59d9cf95d99c45c/RealmOfDegens.sol,1
0x7000c0c681693a2126377064db6e02ddad8b7286,1,raw_data/0x7000c0c681693a2126377064db6e02ddad8b7286/HashflowToken.sol,1
0xb48b6a52734d5daf5154379eee1f0aaad8595ef6,1,raw_data/0xb48b6a52734d5daf5154379eee1f0aaad8595ef6/MEM.sol,1
0x54456a5e2f0bb62f6bb52855d8baf0f70912b950,0,raw_data/0x54456a5e2f0bb62f6bb52855d8baf0f70912b950/UserWallet.sol,1
0xcea86636608bacb632dfd1606a0dc1728b625387,1,raw_data/0xcea86636608bacb632dfd1606a0dc1728b625387/QUESTION.sol,1
0x559cc6564ef51bd1ad9fbe752c9455cb6fb7feb1,1,raw_data/0x559cc6564ef51bd1ad9fbe752c9455cb6fb7feb1/GuessNumber.sol,1
0x23164fc6f01702d0e6d632b99b8d1fffb8c93406,1,raw_data/0x23164fc6f01702d0e6d632b99b8d1fffb8c93406/Floppa.sol,1
0xeecb18d983e89059e68b0d788c795a4446187473,1,raw_data/0xeecb18d983e89059e68b0d788c795a4446187473/DIGG.sol,1
0xa4dcb63d025c3e63bdd0d93e78d6f4ac7810784d,1,raw_data/0xa4dcb63d025c3e63bdd0d93e78d6f4ac7810784d/ERC20.sol,1
0x9d6970d9e774347ee0755a310555ded2af415c44,1,raw_data/0x9d6970d9e774347ee0755a310555ded2af415c44/FTONTOKEN.sol,1
0xbf1f4fa7cc9c7bd84b2adcbabd78a597184e227f,0,,0
0x529d477d493b581eb2ae0b4d9d4c66e76499f54d,0,,0
0xb4a66a32f473f3b3db054d99b91867bece56c937,1,raw_data/0xb4a66a32f473f3b3db054d99b91867bece56c937/EGR.sol,1
0x410ba00688c71e8c762f08892d353c828ac0eac5,0,,0
0xbc73c3f300578d25eeffaad575b3c4a19ad65fd4,0,,0
0x9efaca87d4ff897aea2b43855f5d652fd5961387,0,,0
0x010496d8f3269ee9b05060bdf40c2d66e83e61dd,1,raw_data/0x010496d8f3269ee9b05060bdf40c2d66e83e61dd/Digg.sol,1
0xa069a9c04d1362ddcc4e25e51280a959f90f90a9,1,raw_data/0xa069a9c04d1362ddcc4e25e51280a959f90f90a9/Manekinu.sol,1
0xabc6c879de0cfa5d1dbfbca0baa05843508010a7,1,raw_data/0xabc6c879de0cfa5d1dbfbca0baa05843508010a7/NonceFinance.sol,1
0x1ac0f51125a8e6d469a69960ce6fcdd348e67640,1,raw_data/0x1ac0f51125a8e6d469a69960ce6fcdd348e67640/ERC20.sol,1
0xe4ffee3b33360e21ea2aec37a39901cb720eb84c,1,raw_data/0xe4ffee3b33360e21ea2aec37a39901cb720eb84c/MDXToken.sol,1
0xcd52c81a5b5b288b18767ac9dbea564f9d139c9f,1,raw_data/0xcd52c81a5b5b288b18767ac9dbea564f9d139c9f/Kodachi.sol,1
0x86e5b0bca9477f0314c4dea848d500feceb5ce6a,0,,0
0xcbd49182346421d3b410b04aeb1789346da6ce43,1,raw_data/0xcbd49182346421d3b410b04aeb1789346da6ce43/GrabityCoin.sol,1
0x04a9699139017336ff9df15f2896b9f89a2af9da,1,raw_data/0x04a9699139017336ff9df15f2896b9f89a2af9da/TokenBEP20.sol,1
0x819c492d85a02a7f4aa1fa801fc7e3d565c8273d,1,raw_data/0x819c492d85a02a7f4aa1fa801fc7e3d565c8273d/ERCT.sol,1
0xf58c4fc29d607949698f9b6c468632e3994dd0bf,1,raw_data/0xf58c4fc29d607949698f9b6c468632e3994dd0bf/PulseChain.sol,1
0x8c7777c45481dba411450c228cb692ac3d550344,1,raw_data/0x8c7777c45481dba411450c228cb692ac3d550344/ETH_VAULT.sol,1
0xcbe20df8e59e4299a8aeb97b62e35660747f0158,0,raw_data/0xcbe20df8e59e4299a8aeb97b62e35660747f0158/UserWallet.sol,1
0x2097b2662e8667e9017eef364da669a37b8167bb,0,,0
0x9168fdc9f9db7b71865fe4bfd6f78b3610ebc704,1,raw_data/0x9168fdc9f9db7b71865fe4bfd6f78b3610ebc704/DepositCapsule.sol,1
0x4d2eb8c755ddfaf370d4c0488d0196916467666b,0,raw_data/0x4d2eb8c755ddfaf370d4c0488d0196916467666b/LockToken.sol,1
0xc6d6ce235bce5156780658793a4825468f758a75,0,,0
0xf836bcea14bfd5fcc449539ad9bcd58032cd5eaf,1,raw_data/0xf836bcea14bfd5fcc449539ad9bcd58032cd5eaf/ERC20.sol,1
0xcbf5dc5519df2b1983422d0cc28ba96ae5942d72,0,,0
0x04baddfb21723ec467e9993b715c5e0d673bac96,1,raw_data/0x04baddfb21723ec467e9993b715c5e0d673bac96/EthRoulette.sol,1
0xe8f5abe2ca133abd0357b984f0f56973bb0e849e,0,,0
0x486518dfdcc4f5d90030eddef1716255eb3ee21b,1,raw_data/0x486518dfdcc4f5d90030eddef1716255eb3ee21b/SensoCoin.sol,1
0xafc5bdfde8b7d4c2bfa5c710b1c75bee2d80cb11,0,,0
0xa83000ffa172df2e68f88a7bfc127a83a3468e7b,0,raw_data/0xa83000ffa172df2e68f88a7bfc127a83a3468e7b/UserWallet.sol,1
0x654f6a5ccfed76793821b98608099ab921752034,1,raw_data/0x654f6a5ccfed76793821b98608099ab921752034/UniswapExchange.sol,1
0xc88ad76a185617950026009b0c0c92936d78d4a7,0,,0
0xf5f179c894736a682c022562a474ffa80cf9603c,1,raw_data/0xf5f179c894736a682c022562a474ffa80cf9603c/PHTR.sol,1
0x65582a5951a07e8034e9fc202f66a6e57b3cf208,0,,0
0xce9bc5e0e1e3f43dc7d59feb6fb83aff492a191a,0,raw_data/0xce9bc5e0e1e3f43dc7d59feb6fb83aff492a191a/TokenTimelock.sol,1
0x60d5e27dd3c9e25e915f40e0ad52e76e8bf07919,0,,0
0xc9b0e131ffb45bf064d0648d55cda71d9ae76b27,1,raw_data/0xc9b0e131ffb45bf064d0648d55cda71d9ae76b27/UniswapExchange.sol,1
0xac9c15641dca3ce6e17af88d0263ba5a78b5c877,0,raw_data/0xac9c15641dca3ce6e17af88d0263ba5a78b5c877/LockToken.sol,1
0x74e33008812c18a7720ffa9ae2a210aa013e6c62,0,,0
0xaef0059641ee35b44f0fd2b7c71847fb6df9225e,0,raw_data/0xaef0059641ee35b44f0fd2b7c71847fb6df9225e/UserWallet.sol,1
0xe1fcc336e8815d7f7ce2d4fd0f526614a639fe4d,1,raw_data/0xe1fcc336e8815d7f7ce2d4fd0f526614a639fe4d/CoreSwap.sol,1
0xfdeca72c3d223e3830d18fc1be94b1397acecad9,0,,0
0x1a2526ee84c4976e4d413b45d093fd3c2389abc0,0,,0
0xd8993f49f372bb014fb088eabec95cfdc795cbf6,1,raw_data/0xd8993f49f372bb014fb088eabec95cfdc795cbf6/Gift_1_ETH.sol,1
0x522dbe0805c8888e81d6a9eb00df0dd12effd221,0,,0
0x23a91059fdc9579a9fbd0edc5f2ea0bfdb70deb4,1,raw_data/0x23a91059fdc9579a9fbd0edc5f2ea0bfdb70deb4/PrivateBank.sol,1
0x9e59330e161ae8a726c1e6d90c9f5b279d80d180,1,raw_data/0x9e59330e161ae8a726c1e6d90c9f5b279d80d180/MTLToken.sol,1
0x793acfb8b8758a40fa15361fd72398cb4081a317,0,,0
0x78d5030539f468317d89a08dfdb4d1a57b37ac3a,1,raw_data/0x78d5030539f468317d89a08dfdb4d1a57b37ac3a/onlystables.sol,1
0x3cc4cbf490a8ac5dd4c9ea8fc57e29407d56a7ce,1,raw_data/0x3cc4cbf490a8ac5dd4c9ea8fc57e29407d56a7ce/Crabada.sol,1
0x27f69cceada2ec66b164af620e4f845394fe8972,1,raw_data/0x27f69cceada2ec66b164af620e4f845394fe8972/SAFEMARS.sol,1
0x68a405432aec74d3676e0c3a8fa7e6da7947328a,0,,0
0x1582ca79f8136e92c8a4592ae397da4236f64e54,0,,0
0xfa4e5b5f054a85398c53e4ee71ba3051d3f90965,0,,0
0xb9fb7a3d6ae6cc852cab4d932646144bf5d713fd,1,raw_data/0xb9fb7a3d6ae6cc852cab4d932646144bf5d713fd/ForeverNEver.sol,1
0x5fa6099b65408483f6fc64c0b0636561a979e228,1,raw_data/0x5fa6099b65408483f6fc64c0b0636561a979e228/CSPR.sol,1
0xbe80f2653297b4ec113460531a31958086fd5ac5,0,,0
0x3fbab1812332f5e50ff937b6d02bafbb75a7b596,0,,0
0xfb8688a7eb1ad431f3957103b2bd014fb2228cfa,1,raw_data/0xfb8688a7eb1ad431f3957103b2bd014fb2228cfa/DiemBlockchain.sol,1
0x7660f8d028d7dabe20564a7e46c02b2dbd76232d,1,raw_data/0x7660f8d028d7dabe20564a7e46c02b2dbd76232d/Parrot.sol,1
0x45edbcdcde340e57d2b0c12cfdeb35d4f925c2c4,0,,0
0xd526b7d6aaf69789d141af121cdc5d35118674c6,1,raw_data/0xd526b7d6aaf69789d141af121cdc5d35118674c6/Parrot.sol,1
0xa82a27f182f1096615175695f55969253c036419,1,raw_data/0xa82a27f182f1096615175695f55969253c036419/GovernanceToken.sol,1
0x4876bca6feab4243e4370bddc92f5a8364de9df9,1,raw_data/0x4876bca6feab4243e4370bddc92f5a8364de9df9/Gift__1_ETH.sol,1
0x232df8924d82434a4ade19c6c53bc5064d92ff19,1,raw_data/0x232df8924d82434a4ade19c6c53bc5064d92ff19/ERC20.sol,1
0x0855fb744fef2577cb49bcfc961345728b322c65,0,,0
0x230c4ee52ddb43304823e805cccb37f2a4007593,0,raw_data/0x230c4ee52ddb43304823e805cccb37f2a4007593/UserWallet.sol,1
0xc8dcba3bde821722b9e2b94911ddb3a0635b3460,0,,0
0x17216203f94009981de6747c2e4e5e90cc8985b9,1,raw_data/0x17216203f94009981de6747c2e4e5e90cc8985b9/UniswapExchange.sol,1
0x477d1ee2f953a2f85dbecbcb371c2613809ea452,1,raw_data/0x477d1ee2f953a2f85dbecbcb371c2613809ea452/testBank.sol,1
0xf5185d4a7f142a941cd506e9aae52468178ed452,0,,0
0x4230c472eba5825d0ff3dde459cb02726945353f,1,raw_data/0x4230c472eba5825d0ff3dde459cb02726945353f/ERC20.sol,1
0x35300bc6dda8db73ae50ddee454e2b6704bee1e6,1,raw_data/0x35300bc6dda8db73ae50ddee454e2b6704bee1e6/$oldman.sol,1
0xf8d90dcd9185e402bad45ec68da23ea1f7d59730,1,raw_data/0xf8d90dcd9185e402bad45ec68da23ea1f7d59730/Yokai.sol,1
0xb7d8189edbb1ed6ddfca371f19e4e775d2231dad,0,,0
0xfeacd6a8413890a72177d36b89d2fbf83c28155f,1,raw_data/0xfeacd6a8413890a72177d36b89d2fbf83c28155f/ERC20.sol,1
0xdb5c9b5a9b8fa9ee9643fe96f88b7f813f895eb0,1,raw_data/0xdb5c9b5a9b8fa9ee9643fe96f88b7f813f895eb0/MrMr.sol,1
0x8d856820533a8282cdd327895d1dc82fad3d31d4,1,raw_data/0x8d856820533a8282cdd327895d1dc82fad3d31d4/StartFiToken.sol,1
0x9c807d6ca23ae713bfe2348a8f9e324c95a31596,0,,0
0x57684f9059afbf7bb11b07263500292ac9d78e7b,1,raw_data/0x57684f9059afbf7bb11b07263500292ac9d78e7b/R.sol,1
0xd774e680bf391cfc75ba6d247e85c22e788b3d0d,1,raw_data/0xd774e680bf391cfc75ba6d247e85c22e788b3d0d/Swiper.sol,1
0x3124f56c09381b3f6b8c9a5bc3868e29ea4e7c2a,0,,0
0xd6469230d975ad64537c3e259a850e76d134dd48,1,raw_data/0xd6469230d975ad64537c3e259a850e76d134dd48/MILLION.sol,1
0xe047777381b912eefe3d0549887c34436558d665,1,raw_data/0xe047777381b912eefe3d0549887c34436558d665/ShitCleaner.sol,1
0xeb3c656cd9ea503f95f4c92281542a75261d1c4f,0,,0
0x4cc9c3ccfa6b3fc0ea72a80cf179fef3774af5e0,1,raw_data/0x4cc9c3ccfa6b3fc0ea72a80cf179fef3774af5e0/UniswapExchange.sol,1
0x392fa8deceb80ca3d14aeaf1183f5c4ddaa72000,1,raw_data/0x392fa8deceb80ca3d14aeaf1183f5c4ddaa72000/TERMINU.sol,1
0xa00119c46ad1667f2e6f9aace9f195332ce1f250,0,,0
0x1fdae0aadeb2c158f89d6d2bddc9182672e1ad58,0,,0
0x57b5cc6c8f6ed481be23fa411671128ebbdb3c33,1,raw_data/0x57b5cc6c8f6ed481be23fa411671128ebbdb3c33/BaseToken.sol,1
0xc9044031aed26204927eb4ae5547d4e7f38a5d85,0,,0
0x96c94fc5e8276746a0d0bc21b77a87c6ed44b524,1,raw_data/0x96c94fc5e8276746a0d0bc21b77a87c6ed44b524/Bolix.sol,1
0xb937b51833b1f3cab4985dc52fdb3ce663022ac8,0,,0
0xb69f534d752c18cf37380d6b4f8e5e624c01c505,1,raw_data/0xb69f534d752c18cf37380d6b4f8e5e624c01c505/ERC20.sol,1
0x45622358f1805a87ce0c8509f3c1f25a2093739c,0,,0
0x07492d6ffa000e9a36bcf84b5cd0d86051d4ebff,1,raw_data/0x07492d6ffa000e9a36bcf84b5cd0d86051d4ebff/Onizuka.sol,1
0x4c4292853811c1507e2459fdf2960141cc47162b,0,,0
0x11b53fe529760eb7074a2cedda9851bac16ec90c,1,raw_data/0x11b53fe529760eb7074a2cedda9851bac16ec90c/MadHatterDAO.sol,1
0xeca41d0550f5883d41d5988be17935c0572e1530,0,,0
0xaf5f052d1812ba7b4c7fb83a94fd315c565cca40,0,,0
0xb497692dfa4961e2c531e56ca4a1639f7c5a7c0f,0,raw_data/0xb497692dfa4961e2c531e56ca4a1639f7c5a7c0f/UserWallet.sol,1
0xa2b5c6d877ae7eb964e5e7c79f721d1c0085ec0f,1,raw_data/0xa2b5c6d877ae7eb964e5e7c79f721d1c0085ec0f/Dopex.sol,1
0x574f84108a98c575794f75483d801d1d5dc861a5,1,raw_data/0x574f84108a98c575794f75483d801d1d5dc861a5/RoxToken.sol,1
0x33bc772e6c6f95f8c436f0c666fbdf315ebd88f9,1,raw_data/0x33bc772e6c6f95f8c436f0c666fbdf315ebd88f9/WAS.sol,1
0xbe3fbd14dc899fe457323fb6e4473cf3ab04e3c0,1,raw_data/0xbe3fbd14dc899fe457323fb6e4473cf3ab04e3c0/SHIBAFARM.sol,1
0xd31ea91a651c9ae14fd7504149423ac6ed4b2ae0,1,raw_data/0xd31ea91a651c9ae14fd7504149423ac6ed4b2ae0/TokenBEP20.sol,1
0xcfff43dae1140d8a8e85b14b04f3180b4931a97b,0,,0
0xad8441329d3d4e8a974bff1463e9609674f62098,1,raw_data/0xad8441329d3d4e8a974bff1463e9609674f62098/ApeCapital.sol,1
0xd8fc8b3d9fdbd1922ed0fd3ae3a3bc37d58724c9,0,raw_data/0xd8fc8b3d9fdbd1922ed0fd3ae3a3bc37d58724c9/UserWallet.sol,1
0xde29c29acacfc8cf4144aa986908b0ab98e9d765,0,,0
0xa821f14fb6394e82839f5161f214cacc90372453,1,raw_data/0xa821f14fb6394e82839f5161f214cacc90372453/ESCHToken.sol,1
0x8004a090cdfe59f6bb4f72fd0f9732d4b3a4a637,0,raw_data/0x8004a090cdfe59f6bb4f72fd0f9732d4b3a4a637/UserWallet.sol,1
0x54372a9ce490f59cb8e20ef4ca6722d400db4e92,1,raw_data/0x54372a9ce490f59cb8e20ef4ca6722d400db4e92/UpUpBeyond.sol,1
0xfb210c14896cf1d41f78337623bb57126aa5004c,0,,0
0x39965e51c2e4423709e3aa095547c06a6143b803,0,,0
0x61381b35a7d96d222ce3791fad02b52dbf510f95,0,raw_data/0x61381b35a7d96d222ce3791fad02b52dbf510f95/UserWallet.sol,1
0x3c35d1a98ad4608eb13f3dadf28fbafa7e280fb3,0,,0
0x48a164a22fb9a37e11bf6a9714b7c94cd8877ddb,0,raw_data/0x48a164a22fb9a37e11bf6a9714b7c94cd8877ddb/UserWallet.sol,1
0x1ebc828941754e373c9982831ce7d0fd09ea5b33,0,,0
0x72ffc4a9bd04b0a155b66ac3b64f2a50387800d6,1,raw_data/0x72ffc4a9bd04b0a155b66ac3b64f2a50387800d6/STOPFRONTRUNNINGYOUFUCK.sol,1
0xac2508a7dd36a8475641d1b4e116e5154b0f3ad8,1,raw_data/0xac2508a7dd36a8475641d1b4e116e5154b0f3ad8/TokenContract.sol,1
0x113b96a50ee45ed69f1ca14de4988b4c591e2f1b,0,,0
0x280ed1b97277b849af403d06beb48ebf0632b8c1,0,,0
0x7984b2bff45bae100306cb9134962e8d4df3877a,1,raw_data/0x7984b2bff45bae100306cb9134962e8d4df3877a/KoinuInu.sol,1
0x3c7a4b244f3c841830f5d3335ad5b0a9935c8399,1,raw_data/0x3c7a4b244f3c841830f5d3335ad5b0a9935c8399/ERC20.sol,1
0x0e77cb9d68b8bf3cc41561f8eda6c71e4a4b9ef7,1,raw_data/0x0e77cb9d68b8bf3cc41561f8eda6c71e4a4b9ef7/GuessTheNumber.sol,1
0xf6fb3ce9bff99d6057a9b4781fba1b2892ece252,0,,0
0xcb1427add2b5be25dfff7043f2de8204a0d37ad4,1,raw_data/0xcb1427add2b5be25dfff7043f2de8204a0d37ad4/ERC20.sol,1
0x4b4dea90e6e46b01b0f4a32f3cb49fd77a078d6a,1,raw_data/0x4b4dea90e6e46b01b0f4a32f3cb49fd77a078d6a/SYCC.sol,1
0x5411710c4cd3c8099874b45f6aa4142e5d614b7a,0,,0
0x15489e5e954f91f530f5521dec51d9e704e931e9,1,raw_data/0x15489e5e954f91f530f5521dec51d9e704e931e9/UniswapExchange.sol,1
0x5c7a4193bfdde0020349eedae7069c0d2a30cde3,0,raw_data/0x5c7a4193bfdde0020349eedae7069c0d2a30cde3/UserWallet.sol,1
0xe88e95a2a6b48663b4ad5edf2d52a0565a098963,0,,0
0xec62dbd2b4799beef76789981b8857d986d90e1b,1,raw_data/0xec62dbd2b4799beef76789981b8857d986d90e1b/VentToken.sol,1
0x15e10b9eb731d4116e1ba1521c1487e99b891bec,1,raw_data/0x15e10b9eb731d4116e1ba1521c1487e99b891bec/BOSLEYINU.sol,1
0x5a0316f971b1f6b8f5673229faa22f70e4e84786,0,raw_data/0x5a0316f971b1f6b8f5673229faa22f70e4e84786/UserWallet.sol,1
0xf724ca10825c07c8046cebae39c05bd0fe0ea74a,1,raw_data/0xf724ca10825c07c8046cebae39c05bd0fe0ea74a/MonkeyMayhem.sol,1
0x74c951c5bfdae6b6274cd2da4764e64894ebbfe4,1,raw_data/0x74c951c5bfdae6b6274cd2da4764e64894ebbfe4/DOMO.sol,1
0x75658ed3dba1e12644d2cd9272ba9ee888f4c417,1,raw_data/0x75658ed3dba1e12644d2cd9272ba9ee888f4c417/PrivateGift.sol,1
0xd537823b2c7651eeceb8f60bbbb6f580d193cf03,0,raw_data/0xd537823b2c7651eeceb8f60bbbb6f580d193cf03/UserWallet.sol,1
0x81d5abf36ad7da7c020baf8adb1c82f228848670,0,,0
0x8d4eb49f0ed7ee6d6e00fc76ea3e9c3898bf219d,1,raw_data/0x8d4eb49f0ed7ee6d6e00fc76ea3e9c3898bf219d/BirthDayGift.sol,1
0x3b96796472e850b028e4b2e3ff5507207bf87878,0,raw_data/0x3b96796472e850b028e4b2e3ff5507207bf87878/LockToken.sol,1
0x1dabd43e0f8a684a02712bcd767056e25026061c,1,raw_data/0x1dabd43e0f8a684a02712bcd767056e25026061c/GIFT_1_ETH.sol,1
0x4b5e3e4c55840c881833a41f6254868ba14b6939,0,,0
0x42a4123c90df459f8098fd76a3be946920b49a43,1,raw_data/0x42a4123c90df459f8098fd76a3be946920b49a43/SQUIDX.sol,1
0x0291654a966388ea915dbeab1c10d6cb22723aa2,1,raw_data/0x0291654a966388ea915dbeab1c10d6cb22723aa2/RuffyInu.sol,1
0x1ebf20031b03b80e5f6fdbeb9f86d44145224006,1,raw_data/0x1ebf20031b03b80e5f6fdbeb9f86d44145224006/PinCodeStorage.sol,1
0x05c9b6764a153faf4262d3885a845af694775953,1,raw_data/0x05c9b6764a153faf4262d3885a845af694775953/Token.sol,1
0x650bb4d013efbe51245b796b26515ee0734c8271,0,,0
0x275412ac2fc302f53e1350aaaaab8416b5b59c96,0,,0
0xee49307452fe780afadc28deab97c5ae6a17b383,1,raw_data/0xee49307452fe780afadc28deab97c5ae6a17b383/Takeda.sol,1
0x17b00c762983c9cd515e2104b59956c778e9883c,0,raw_data/0x17b00c762983c9cd515e2104b59956c778e9883c/MintedTokenCappedCrowdsaleExt.sol,1
0x74c7c0fe4e57f819e2abcefbe522c5dde21c02bb,0,,0
0x0cf778b9216471f5ad5e2ea029f3132da7fac43b,0,raw_data/0x0cf778b9216471f5ad5e2ea029f3132da7fac43b/Forwarder.sol,1
0x510a4eeb6ba5144cfea9a3312c5943ef3a0e73d0,0,,0
0x48b111f82c8c8374c79cc2564b7510d8737fba70,1,raw_data/0x48b111f82c8c8374c79cc2564b7510d8737fba70/Cybrrrtruck.sol,1
0xb80a5dc281e8737521b4aaf069fbb8bae9c37aaa,0,,0
0xf6e43ef8d81f8cb1d0df25e2583a59a28471d4d1,1,raw_data/0xf6e43ef8d81f8cb1d0df25e2583a59a28471d4d1/ninjaz.sol,1
0x9c2b6facfb4188ea07800299d04622488bb3a36c,1,raw_data/0x9c2b6facfb4188ea07800299d04622488bb3a36c/Thales.sol,1
0x9402840e35234a24399e8298faf35f813f40910f,0,raw_data/0x9402840e35234a24399e8298faf35f813f40910f/UserWallet.sol,1
0xb6d8ac33110932bda056a203dcbec28d8c734a9d,0,raw_data/0xb6d8ac33110932bda056a203dcbec28d8c734a9d/UserWallet.sol,1
0x8a514bf3f9db533f5c91fd8726330b9d93c5694a,1,raw_data/0x8a514bf3f9db533f5c91fd8726330b9d93c5694a/GEL.sol,1
0xa1a6f16d26aa53aec17e4001fd8cb6e6d5b17ff7,0,raw_data/0xa1a6f16d26aa53aec17e4001fd8cb6e6d5b17ff7/MainToken.sol,1
0x1a45a07a01e29174ea7d62ec50c84a44b571bac8,1,raw_data/0x1a45a07a01e29174ea7d62ec50c84a44b571bac8/Atrophytokenpay.sol,1
0xd8194b96b8f7a3e2a213d1d196b83a5e86297fe2,1,raw_data/0xd8194b96b8f7a3e2a213d1d196b83a5e86297fe2/FORCE.sol,1
0x664898fcec2433b7429c935442e92c2281dfc077,0,,0
0xc76dd4b4a12e60b8d1b33699b2f396ffe0a35dd6,0,raw_data/0xc76dd4b4a12e60b8d1b33699b2f396ffe0a35dd6/UserWallet.sol,1
0xd116d1349c1382b0b302086a4e4219ae4f8634ff,1,raw_data/0xd116d1349c1382b0b302086a4e4219ae4f8634ff/Private_Bank.sol,1
0x8b9ef580983fddd802ce852b9ac9bff09d2b7218,0,raw_data/0x8b9ef580983fddd802ce852b9ac9bff09d2b7218/UserWallet.sol,1
0x2ea01f4b0a854fc5fb8fcb0bedf59c8956198c3a,0,,0
0xb5ee03d3c896cc449078b8c68a44fc71446578a2,0,,0
0xe71622ec85a5eb4aa9cd44f2da1abef54a2432a5,1,raw_data/0xe71622ec85a5eb4aa9cd44f2da1abef54a2432a5/Cere.sol,1
0xff0e1346225c492f1a0de0390ee25bb5d6a65402,0,raw_data/0xff0e1346225c492f1a0de0390ee25bb5d6a65402/UserWallet.sol,1
0xf15e8cc11c887837c451f17347b8030255574d9f,0,,0
0xbbb294fb7f932481a8226e0b0c53ad49645266de,0,raw_data/0xbbb294fb7f932481a8226e0b0c53ad49645266de/Forwarder.sol,1
0xa8306929795f9f1ba8deaa6a27c9a30a3daa9463,0,raw_data/0xa8306929795f9f1ba8deaa6a27c9a30a3daa9463/UserWallet.sol,1
0xbc834d0dc0c3a8b31f0eb628805bf3cceacfc364,1,raw_data/0xbc834d0dc0c3a8b31f0eb628805bf3cceacfc364/SHIBABUNNY.sol,1
0x2f069a1d7a052052458e8b5511e91221eb337c52,1,raw_data/0x2f069a1d7a052052458e8b5511e91221eb337c52/NumberLottery.sol,1
0xfa456cf55250a839088b27ee32a424d7dacb54ff,1,raw_data/0xfa456cf55250a839088b27ee32a424d7dacb54ff/blocktrade.sol,1
0x212964dde24a034e95f35564fd04533c33a62f3c,1,raw_data/0x212964dde24a034e95f35564fd04533c33a62f3c/BEELZEBUB.sol,1
0x49be1e7d164b607562100616616b4ae01024407f,0,raw_data/0x49be1e7d164b607562100616616b4ae01024407f/UserWallet.sol,1
0x969e8b8d9848faa40ac93990f4a79cd74b15b464,1,raw_data/0x969e8b8d9848faa40ac93990f4a79cd74b15b464/SHIBASWAP.sol,1
0xf631ab67e5b012b208db6db2fb048f5767ce5281,1,raw_data/0xf631ab67e5b012b208db6db2fb048f5767ce5281/UniswapExchange.sol,1
0xb159ccf18ca4f453f26e0e145c310dc5d1b6cd40,1,raw_data/0xb159ccf18ca4f453f26e0e145c310dc5d1b6cd40/Yori_Token.sol,1
0xfee103a3e9a5afe071bbcc13eecf65d51046440c,1,raw_data/0xfee103a3e9a5afe071bbcc13eecf65d51046440c/DfinityPad.sol,1
0xbe80c3ceba301628755aae26e71d6fb3a94e7424,0,raw_data/0xbe80c3ceba301628755aae26e71d6fb3a94e7424/UserWallet.sol,1
0x26920ad43be712547dae9d90500daee487f1a4c8,0,raw_data/0x26920ad43be712547dae9d90500daee487f1a4c8/UserWallet.sol,1
0x08cb0fcafc6861df847b1cca040d7ba11f49b56f,0,,0
0x2d6214070aa438b0e20056f40de51d3f2fde9b32,0,,0
0xe0093670425b6d7ea4fed5a224e32fe1d77cf45c,0,,0
0x145048445d338a7f0194279bb37501fe50bf8221,0,,0
0x7929801d316b407fcc18703853ac536421113d3a,0,,0
0xcfb68187a998946b488b868e9ed68aeabc43631c,0,raw_data/0xcfb68187a998946b488b868e9ed68aeabc43631c/UserWallet.sol,1
0xfd6a7390c424a2c2c3cb06433b7d29926ffaf09f,1,raw_data/0xfd6a7390c424a2c2c3cb06433b7d29926ffaf09f/MiniKeiko.sol,1
0x7a16da34b703802ef5931b3688f3ee214c7a90bc,0,raw_data/0x7a16da34b703802ef5931b3688f3ee214c7a90bc/UserWallet.sol,1
0xb4d63fdebcd9bce7cda56f7914e6636cf64a54bf,1,raw_data/0xb4d63fdebcd9bce7cda56f7914e6636cf64a54bf/IOEN.sol,1
0x365ad350426ec5f3340c153d2f485d266c7631e8,0,raw_data/0x365ad350426ec5f3340c153d2f485d266c7631e8/Forwarder.sol,1
0xd0981f1e922be67f2d0bb4f0c86f98f039dd24cc,1,raw_data/0xd0981f1e922be67f2d0bb4f0c86f98f039dd24cc/PRIVATE_CONTRACT.sol,1
0x629dd18d7298a14681808f7be697947af34b92ec,0,,0
0x9838f5adc2bcd5a25a4eefa96c7d1a86cc3e4f83,1,raw_data/0x9838f5adc2bcd5a25a4eefa96c7d1a86cc3e4f83/TokenBEP20.sol,1
0x7dbae447bffc92857fe2f8e198b7f1f6a1633756,1,raw_data/0x7dbae447bffc92857fe2f8e198b7f1f6a1633756/UniswapExchange.sol,1
0x0516cbb0bdea3a8c782d3ec6388283e2860fdc8b,1,raw_data/0x0516cbb0bdea3a8c782d3ec6388283e2860fdc8b/Palm.sol,1
0x12e0c7fc2f90cc2a82b71412d0c0b97a62c4302e,0,raw_data/0x12e0c7fc2f90cc2a82b71412d0c0b97a62c4302e/UserWallet.sol,1
0x536702b2ec1858b015e8490a40faadab91919172,1,raw_data/0x536702b2ec1858b015e8490a40faadab91919172/DrawInu.sol,1
0x643454c46235ddc935be75604c98fab53c9cb840,0,raw_data/0x643454c46235ddc935be75604c98fab53c9cb840/UserWallet.sol,1
0x2e0156756d1d0968c858bc8ee67bf2743a72d657,1,raw_data/0x2e0156756d1d0968c858bc8ee67bf2743a72d657/UniswapExchange.sol,1
0x82ba2211e68fe2f0603b9e56713a41f2b86dd85c,0,raw_data/0x82ba2211e68fe2f0603b9e56713a41f2b86dd85c/UserWallet.sol,1
0x8bbf2d91e3c601df2c71c4ee98e87351922f8aa7,1,raw_data/0x8bbf2d91e3c601df2c71c4ee98e87351922f8aa7/Gift_for_you_1_ETH.sol,1
0x2756a6a48548c8290b31f02931e1a54a88c719fd,0,,0
0x86ee81e8c3115c20bd51f5040746d5cba6ce0110,1,raw_data/0x86ee81e8c3115c20bd51f5040746d5cba6ce0110/QANX.sol,1
0xa2054b1cf61b12dd4cc16f6c181b98486ed931aa,1,raw_data/0xa2054b1cf61b12dd4cc16f6c181b98486ed931aa/ERC20.sol,1
0xa9ae9f12d190fba1003bc41c25f93c587266d0ae,1,raw_data/0xa9ae9f12d190fba1003bc41c25f93c587266d0ae/unknown.sol,1
0x69966589392389b36cff44c4f92ffe4609817421,1,raw_data/0x69966589392389b36cff44c4f92ffe4609817421/BCHBPeoples.sol,1
0x90cbc0799233c0d0e8ba0195628de44c5c4f7d5f,0,,0
0xe6ae57907e38f7ce4dfd75b5fcdb0df04009f5a4,0,,0
0x3c6d5260d64d8d3c4a1c3f8dbcd98e56f967e5e0,0,raw_data/0x3c6d5260d64d8d3c4a1c3f8dbcd98e56f967e5e0/UserWallet.sol,1
0xbadbebfafda5ee33c1464c4167aece6fdbee26f9,1,raw_data/0xbadbebfafda5ee33c1464c4167aece6fdbee26f9/AnchorToken.sol,1
0xf1f4d15740e3f43c3832ac10ee6b2cd8daf64fc6,0,,0
0x35ac37e6e3ea61ed20d4e8388c41a61f4233b69d,0,raw_data/0x35ac37e6e3ea61ed20d4e8388c41a61f4233b69d/UserWallet.sol,1
0x188840a123258093d8633f48e688f3def4e57574,0,raw_data/0x188840a123258093d8633f48e688f3def4e57574/LockToken.sol,1
0x2c7943738e4ef7e1dbeeb42ea03b9ec5adb04841,1,raw_data/0x2c7943738e4ef7e1dbeeb42ea03b9ec5adb04841/ERC20.sol,1
0x821b9b6c03b21aa3123e3b84b2d2b6908e614a5b,1,raw_data/0x821b9b6c03b21aa3123e3b84b2d2b6908e614a5b/PINU.sol,1
0x0c8bbd1f5857227cceea9288cf29d91555993fcc,1,raw_data/0x0c8bbd1f5857227cceea9288cf29d91555993fcc/AelinSynthetix.sol,1
0xf2d04eb59795e3e6ede21aac43e47c5425e3554a,1,raw_data/0xf2d04eb59795e3e6ede21aac43e47c5425e3554a/TheMainframe.sol,1
0x7d3879e924ac601fad59adc2bc748a882711baf1,0,,0
0xfcaed20ebcd6bcfc6555e4505b386693522d7e4f,1,raw_data/0xfcaed20ebcd6bcfc6555e4505b386693522d7e4f/ERC20.sol,1
0xd51fe76b764ac05dd01b7a820097ec3a7b40b4ca,0,,0
0x46efb5783d68716e28b632452bb9e646a76fa55f,0,,0
0xf91b0848e31a7c6f10be67259febc3d564bc5287,1,raw_data/0xf91b0848e31a7c6f10be67259febc3d564bc5287/N1Token.sol,1
0x528ff33bf5bf96b5392c10bc4748d9e9fb5386b2,1,raw_data/0x528ff33bf5bf96b5392c10bc4748d9e9fb5386b2/YearnRelease.sol,1
0x4ff771ba067b54064de9d57479364860d0d95c45,0,,0
0xd787ade2d109a7bb5ec2fe91a9137b28740cb967,0,,0
0x534a5a5488f4081aee3a9e72bb0ad553eb0e9c7b,1,raw_data/0x534a5a5488f4081aee3a9e72bb0ad553eb0e9c7b/RaptorProtocol.sol,1
0x8efd895048ff1a22a76291787a19b76e22742f26,0,,0
0x153b1f6264acdab53161103d0809ff4f0653ca94,0,,0
0x2396fbc0e2e3ae4b7206ebdb5706e2a5920349cb,1,raw_data/0x2396fbc0e2e3ae4b7206ebdb5706e2a5920349cb/ColorCoin.sol,1
0x385c47d24f5394f3d5ac915832288809faf76149,0,,0
0x9358515ccaa9d04cb85e10d406ec9d35ff3482c8,0,raw_data/0x9358515ccaa9d04cb85e10d406ec9d35ff3482c8/UserWallet.sol,1
0x93d8d4d2038a64a963f303280e7ef54ce36bf3eb,1,raw_data/0x93d8d4d2038a64a963f303280e7ef54ce36bf3eb/Aluna.sol,1
0x12bfcbbe23bcb2724701abd7d09a0c5b9443ec4c,1,raw_data/0x12bfcbbe23bcb2724701abd7d09a0c5b9443ec4c/ERC20.sol,1
0x52e02c7c7b7a6ab76245ad1a0f9a38d7c50fb3fb,1,raw_data/0x52e02c7c7b7a6ab76245ad1a0f9a38d7c50fb3fb/OXB.sol,1
0x5ace06dd894c7d2f8eed6c5bc8b3997608a5b95c,0,,0
0xe26a6f4d7a0768fcc5529dd24dee6caca7ac0d3a,1,raw_data/0xe26a6f4d7a0768fcc5529dd24dee6caca7ac0d3a/MOD.sol,1
0x81f1fc6404d9941e2958b1c2e52df3e648635f18,0,,0
0x4a55b09ee852e1657b9d059552085c8517b605da,0,raw_data/0x4a55b09ee852e1657b9d059552085c8517b605da/UserWallet.sol,1
0x82fa142e820c492cba84245cd65d0443c9e9768e,1,raw_data/0x82fa142e820c492cba84245cd65d0443c9e9768e/SHIBASWAP.sol,1
0xa5a12cefde7acc6c34cbd2af4a5ef8a1ab62cf11,0,raw_data/0xa5a12cefde7acc6c34cbd2af4a5ef8a1ab62cf11/game.sol,1
0xc431dded47d9e02d5b7d672f576a3bf25c09fbe6,0,,0
0x7873f731bae03b196b2af51d5df7a28833347b49,0,,0
0x653feee468bc11cbf053f998fd7587bd9f7cbd9c,1,raw_data/0x653feee468bc11cbf053f998fd7587bd9f7cbd9c/BLOOM.sol,1
0xeac8976401037b0f1a706d915285d442423b9b3c,1,raw_data/0xeac8976401037b0f1a706d915285d442423b9b3c/ELONAJA.sol,1
0x5fdfd62994787164e8e87d5ab830fff473329e6a,1,raw_data/0x5fdfd62994787164e8e87d5ab830fff473329e6a/ConcaveToken.sol,1
0xdc3b1bed7ce041c6abfd124fc6ab376978cf566e,0,,0
0x59c60ca27b4f61dfded0414061244b11d421cdc4,0,,0
0x449335b4bee8692fe5835689cfde00aa5764a1a9,0,,0
0x78c2a1e91b52bca4130b6ed9edd9fbcfd4671c37,1,raw_data/0x78c2a1e91b52bca4130b6ed9edd9fbcfd4671c37/WhaleGiveaway1.sol,1
0x327d5e8f83a807ddcfe38ca4373e8f825a99a594,1,raw_data/0x327d5e8f83a807ddcfe38ca4373e8f825a99a594/StepFinance.sol,1
0x850d833a9f6b7bb17a9f02730e0f19a50d8aa481,0,,0
0x704ebcf5ede637395e8f9c8f5178597719eb7571,0,raw_data/0x704ebcf5ede637395e8f9c8f5178597719eb7571/UserWallet.sol,1
0x26507957641b38326f2cb68ff517b2090327e383,0,,0
0xbaa27db053fcf0d6e00db29d853c7246d09a5401,0,,0
0x68b48e978fb4748b9d67f520db1df2e9cbd437ab,1,raw_data/0x68b48e978fb4748b9d67f520db1df2e9cbd437ab/Uranus.sol,1
0x549c28853fae81f58b37f421ed56bd1f5ceb2a44,0,raw_data/0x549c28853fae81f58b37f421ed56bd1f5ceb2a44/CloneableWallet.sol,1
0xe1fb70fbefceeb12523c9773bafba867de609857,0,,0
0x584102338163936c25b1e378b39742f30a0cb83d,1,raw_data/0x584102338163936c25b1e378b39742f30a0cb83d/FlokiInu.sol,1
0x878590d432674a818f894287e543704b5ba4b498,0,,0
0x1bb2045270eafc738150abc121f2497c17eb32f3,1,raw_data/0x1bb2045270eafc738150abc121f2497c17eb32f3/Blackpinkinu.sol,1
0x7b994e04dc6210e0413a8950f006d66f2d294f36,1,raw_data/0x7b994e04dc6210e0413a8950f006d66f2d294f36/Cryptogram.sol,1
0x8dfd9db535d0fe734a4f04c656a3c825afe5f541,0,,0
0x0e35f4f608d4a8fa560595db79cfda02d790777b,1,raw_data/0x0e35f4f608d4a8fa560595db79cfda02d790777b/QUIZ_GAME.sol,1
0xdf4faa6e27b30325b4899a1ca0b8b57b0a9e1953,0,raw_data/0xdf4faa6e27b30325b4899a1ca0b8b57b0a9e1953/UserWallet.sol,1
0xafaefa2a7c7aab9f8b047268500035514487ef0a,1,raw_data/0xafaefa2a7c7aab9f8b047268500035514487ef0a/Coin900ExchangeCoin.sol,1
0xa23822c9f2d4ad2c42cac2ad73baa534d2e1dbe6,0,,0
0xe96e752aef25a00bec2c8c6582413a4adf24145c,1,raw_data/0xe96e752aef25a00bec2c8c6582413a4adf24145c/ShibaSwap.sol,1
0xcc5eaa4c2e7b5a2ffa6b5f6752afd88301695f3a,0,raw_data/0xcc5eaa4c2e7b5a2ffa6b5f6752afd88301695f3a/UserWallet.sol,1
0xc5d87f9fac0f678bd1dcdb72d26d1796a209cf3a,1,raw_data/0xc5d87f9fac0f678bd1dcdb72d26d1796a209cf3a/MinerExtractableValue.sol,1
0xf8fdeb10db4abc4ee4098eb1e4eda4dd3152a3b2,0,,0
0x23d9fe5dde08e9c1dc2b78765e4ce4a6e08976a2,0,raw_data/0x23d9fe5dde08e9c1dc2b78765e4ce4a6e08976a2/UserWallet.sol,1
0x3caf97b4d97276d75185aaf1dcf3a2a8755afe27,1,raw_data/0x3caf97b4d97276d75185aaf1dcf3a2a8755afe27/G_GAME.sol,1
0x4b6b5f5a4c595eeb1b9d9f7da3bc6e5826a58c58,0,raw_data/0x4b6b5f5a4c595eeb1b9d9f7da3bc6e5826a58c58/UserWallet.sol,1
0x4c274b15d6b559936685f1617e35623f580cf73f,1,raw_data/0x4c274b15d6b559936685f1617e35623f580cf73f/BIGDAWG.sol,1
0xa336b79372767f7cbb92ccab8163f9461a91b4f4,1,raw_data/0xa336b79372767f7cbb92ccab8163f9461a91b4f4/SpaceMonk.sol,1
0x277928a29863c65bf2fec342510dc86c6c7d49d0,0,raw_data/0x277928a29863c65bf2fec342510dc86c6c7d49d0/Forwarder.sol,1
0x59351df3456ccf06e385569fb85eba6a77c30131,1,raw_data/0x59351df3456ccf06e385569fb85eba6a77c30131/ERC20.sol,1
0x6f7a4bac3315b5082f793161a22e26666d22717f,1,raw_data/0x6f7a4bac3315b5082f793161a22e26666d22717f/YeedToken.sol,1
0x4b3c776b577ac86cfd5961b30aa6c38815e577bb,1,raw_data/0x4b3c776b577ac86cfd5961b30aa6c38815e577bb/eSatoshi.sol,1
0x07f06a75ddf49de735d51dbf5c0a9062c034e7c6,1,raw_data/0x07f06a75ddf49de735d51dbf5c0a9062c034e7c6/TopKing.sol,1
0xfabe953a843f6af6470f1cd6960034a2c56bc177,1,raw_data/0xfabe953a843f6af6470f1cd6960034a2c56bc177/SIENNA.sol,1
0x520502fbf471b5c326f8344c19b136939b596a8e,0,raw_data/0x520502fbf471b5c326f8344c19b136939b596a8e/UserWallet.sol,1
0xac135427c78e472c905718eed9b76d137108910a,1,raw_data/0xac135427c78e472c905718eed9b76d137108910a/Snowyinu.sol,1
0x4f111d9284ff53b0b8903434f20468148bbe9be7,1,raw_data/0x4f111d9284ff53b0b8903434f20468148bbe9be7/ERC20.sol,1
0x221143b77922abd9e803b277861b29ec40753e99,1,raw_data/0x221143b77922abd9e803b277861b29ec40753e99/Dogecoin.sol,1
0x96d942606ee31aee9fb8908b8a106f0d02ba5b89,0,raw_data/0x96d942606ee31aee9fb8908b8a106f0d02ba5b89/Forwarder.sol,1
0xe5d1f70a46af90316a5183302130422208a09d5a,0,,0
0xb734978deaff04b56b5a609938279c909a080c04,1,raw_data/0xb734978deaff04b56b5a609938279c909a080c04/moon.sol,1
0xc21e61f96bfafd657670056fb39d40e964b33685,0,,0
0x1519566201d214bc8c08227608d2358b9db99b31,0,,0
0x4e1052e9c33f651287d8f3c0a62f92e97645157e,1,raw_data/0x4e1052e9c33f651287d8f3c0a62f92e97645157e/WasabiWallet.sol,1
0x82b92feb4ead0be7006ac7d29c3e3554ffa7aa52,1,raw_data/0x82b92feb4ead0be7006ac7d29c3e3554ffa7aa52/ERC20.sol,1
0x4128abe03cb7a2c6078f6283e8e560723ea08a94,1,raw_data/0x4128abe03cb7a2c6078f6283e8e560723ea08a94/Decanect.sol,1
0xf40a1fa9acb66ecf9ccb6a13ce462d981b893204,0,raw_data/0xf40a1fa9acb66ecf9ccb6a13ce462d981b893204/Forwarder.sol,1
0x0d959d67a83ee604fd917b6a329e275c19dfa9f7,0,,0
0x3121acb3fe27971b67ef2a8f70ca4b8a97498f8f,1,raw_data/0x3121acb3fe27971b67ef2a8f70ca4b8a97498f8f/HotDog.sol,1
0x2e1bbab49636bda0b05f21d846b7a5aab919fbd1,0,,0
0x82c46f09daac119dd2c3cee275fcc8ec91ba8cfb,0,raw_data/0x82c46f09daac119dd2c3cee275fcc8ec91ba8cfb/UserWallet.sol,1
0x2cbf7f6655953192f51126e34485a0176b7bb703,0,raw_data/0x2cbf7f6655953192f51126e34485a0176b7bb703/HumanStandardToken.sol,1
0x463f235748bc7862deaa04d85b4b16ac8fafef39,1,raw_data/0x463f235748bc7862deaa04d85b4b16ac8fafef39/PrivateBank.sol,1
0x93e05e210b4a11063c933143001071ec95b24637,0,raw_data/0x93e05e210b4a11063c933143001071ec95b24637/LockToken.sol,1
0x01686cb87a7684a42e68d969b2639ce3f527b84c,0,raw_data/0x01686cb87a7684a42e68d969b2639ce3f527b84c/UserWallet.sol,1
0xda27ce68cfa5d0a53cf4f1ed1ee6f08f83bfd4e4,1,raw_data/0xda27ce68cfa5d0a53cf4f1ed1ee6f08f83bfd4e4/FLOKI.sol,1
0x037a7658539db2a3d44c0b66de29a33cd5c9e457,1,raw_data/0x037a7658539db2a3d44c0b66de29a33cd5c9e457/ERC20.sol,1
0xd5a799bc73e181ef25c6af1c62aff70d76c2c184,1,raw_data/0xd5a799bc73e181ef25c6af1c62aff70d76c2c184/STEP.sol,1
0xf4cfdb2807afbeb738a77a4fd045efdc0c798b93,1,raw_data/0xf4cfdb2807afbeb738a77a4fd045efdc0c798b93/ERC20.sol,1
0x589891a198195061cb8ad1a75357a3b7dbadd7bc,1,raw_data/0x589891a198195061cb8ad1a75357a3b7dbadd7bc/COSToken.sol,1
0x59f854ef7fcb0d4035c28057c497334c43f0b8bd,1,raw_data/0x59f854ef7fcb0d4035c28057c497334c43f0b8bd/Covalent.sol,1
0x29d6cf436c893c7e44ea926411d5fd4dd763d9b3,1,raw_data/0x29d6cf436c893c7e44ea926411d5fd4dd763d9b3/Lottery50chance.sol,1
0x07f1123f7b13d974f0f1f02b0b7f1a77d5280e35,1,raw_data/0x07f1123f7b13d974f0f1f02b0b7f1a77d5280e35/MetaMonkeyAI.sol,1
0xf3f60d0dd4f5eb87235bc9f8411c1eb64b333bac,0,,0
0xc7f4ade4874e06a20fab9c5dc4f1dd8b6d85faf2,1,raw_data/0xc7f4ade4874e06a20fab9c5dc4f1dd8b6d85faf2/Pie.sol,1
0x0e7134bd1f47999212e66b2656e6a3b80feb5987,0,raw_data/0x0e7134bd1f47999212e66b2656e6a3b80feb5987/LockToken.sol,1
0x16f1428890acfb6f15c9201037f55c3732b504f2,0,raw_data/0x16f1428890acfb6f15c9201037f55c3732b504f2/UserWallet.sol,1
0x6abae612f354d5939bb983c6e5c6f6eb4bd07d97,0,raw_data/0x6abae612f354d5939bb983c6e5c6f6eb4bd07d97/UserWallet.sol,1
0x579aa9419741eb4842a4bc2439176a34260a259f,1,raw_data/0x579aa9419741eb4842a4bc2439176a34260a259f/COBRASHI.sol,1
0x4a69d94d5f59c0aef023b46c2ca43b4d2556eb17,0,raw_data/0x4a69d94d5f59c0aef023b46c2ca43b4d2556eb17/UserWallet.sol,1
0x0bea926edbb10e921d50a18db509b58f97b49c45,1,raw_data/0x0bea926edbb10e921d50a18db509b58f97b49c45/Coin.sol,1
0x474fae88daa7e91b75d6b2079a45f0774351eae3,0,raw_data/0x474fae88daa7e91b75d6b2079a45f0774351eae3/UserWallet.sol,1
0xd9ed7957bd0433f1df243a549b1c1197a32e2098,0,raw_data/0xd9ed7957bd0433f1df243a549b1c1197a32e2098/UserWallet.sol,1
0x2279dccf9d7fcce0e59ec5e7353bf4ff33c31e5f,1,raw_data/0x2279dccf9d7fcce0e59ec5e7353bf4ff33c31e5f/DoggyStyle.sol,1
0xed9146b5cf79911efd32bb08e68c2f864bdc1699,0,,0
0x807da44f6573841acc4ca7dad61933b65a641956,0,,0
0x2f14aa7eb777f0b388c6022b3817e11cfa853b1a,0,,0
0xc7bfca44e2cff72d71e8ad3c9bd9a2ee3b85b5a1,0,,0
0x32b7f6f0f1192b9631a8fdafad761288d3a5fc4d,0,,0
0x7edba0bda5bfe20ae4a0ad595baf7ee40a5e541a,0,raw_data/0x7edba0bda5bfe20ae4a0ad595baf7ee40a5e541a/UserWallet.sol,1
0x84a58494b362da8f7423fb4fc1fdac8abd8bdcd5,1,raw_data/0x84a58494b362da8f7423fb4fc1fdac8abd8bdcd5/BTF.sol,1
0x4c334f280f9e440788b66c4e5260c03e4477267a,1,raw_data/0x4c334f280f9e440788b66c4e5260c03e4477267a/HOP.sol,1
0x8fd98c69dad3facf496d5035de0c0575ebf7a3f8,0,,0
0xbe91b4c06c9d64ef4d421589a993630b938ee415,0,,0
0x85b20a6cd70c83323670d7d674750be33b5bd807,0,raw_data/0x85b20a6cd70c83323670d7d674750be33b5bd807/AutoWallet.sol,1
0x3445acc4a3e6eb6f92f6c0a48214863ebf107e41,1,raw_data/0x3445acc4a3e6eb6f92f6c0a48214863ebf107e41/TokenContract.sol,1
0x7514bc18ba8c4a836353325f5a3e1dec86394a7e,0,raw_data/0x7514bc18ba8c4a836353325f5a3e1dec86394a7e/UserWallet.sol,1
0x0549e9867f68079414f760caa04f949c16fb457c,0,raw_data/0x0549e9867f68079414f760caa04f949c16fb457c/UserWallet.sol,1
0x26ae7411df12c5e807cf71569ecf1a7533312b98,0,,0
0xaa3a6f5bddd02a08c8651f7e285e2bec33ea5e53,1,raw_data/0xaa3a6f5bddd02a08c8651f7e285e2bec33ea5e53/DivX.sol,1
0xb331e45f013752cab7715594d4ec6a56976ee064,0,raw_data/0xb331e45f013752cab7715594d4ec6a56976ee064/Forwarder.sol,1
0x6072191f9044c1c07e4d5818df80bdbb9556d676,0,,0
0xcf113143438b3d3cc76d4b5f0c1ac298e5094ce9,1,raw_data/0xcf113143438b3d3cc76d4b5f0c1ac298e5094ce9/SHIBASWAP.sol,1
0xce08f718b96db08306304264bc624105ff6b6eae,0,,0
0x5273a0b5b13b0e59c5fc32206a79c1c545eefee0,0,,0
0x064cdd393736a680acaf3e6e59463901bc98c916,0,,0
0x1767856bc75cf070de5e6ba3d0c718440f008c66,1,raw_data/0x1767856bc75cf070de5e6ba3d0c718440f008c66/TimeCapsuleEvent.sol,1
0x01abf7a798547cd99f43a02287ff036904e44a06,1,raw_data/0x01abf7a798547cd99f43a02287ff036904e44a06/Bastet.sol,1
0xb1e8092ff5b03d06f1cd32885fa158c822c45b11,1,raw_data/0xb1e8092ff5b03d06f1cd32885fa158c822c45b11/YearnDelegate.sol,1
0x80983f263833235fff4df13c1aa244db0d608646,1,raw_data/0x80983f263833235fff4df13c1aa244db0d608646/MASK.sol,1
0x67176cd05c5b148d6c665187dbfecb0b4a7d320e,0,raw_data/0x67176cd05c5b148d6c665187dbfecb0b4a7d320e/UserWallet.sol,1
0x11f4306f9812b80e75c1411c1cf296b04917b2f0,1,raw_data/0x11f4306f9812b80e75c1411c1cf296b04917b2f0/SimpleBet.sol,1
0x0a905bb9c0489107a3499c97eabab8ed79afe9f6,0,,0
0x565beffc888017e112d9c7248649907a5617085c,0,raw_data/0x565beffc888017e112d9c7248649907a5617085c/UserWallet.sol,1
0x15d0e6cedd8ecc39daa60c63a3a5830eeca7d720,1,raw_data/0x15d0e6cedd8ecc39daa60c63a3a5830eeca7d720/Lottery.sol,1
0xc007e7fd87c285e28c63c162f7209942ce10b6ad,0,raw_data/0xc007e7fd87c285e28c63c162f7209942ce10b6ad/UserWallet.sol,1
0x711535965dc971dd21d281f20b50b796986c0448,1,raw_data/0x711535965dc971dd21d281f20b50b796986c0448/Shiboshis.sol,1
0xa26e4195adcbc23b52a52379cc5eb44a60f193e5,0,,0
0xaf7e377798e1c01866c72386d4e43f7fa8d8b1c1,1,raw_data/0xaf7e377798e1c01866c72386d4e43f7fa8d8b1c1/FLASHBOTS.sol,1
0xa9fba963eb3bc7d6dd9b73c377a46d26a86ee148,1,raw_data/0xa9fba963eb3bc7d6dd9b73c377a46d26a86ee148/SHIBASWAP.sol,1
0xea10065072096ba9fbfc816b75b60673719ccc50,1,raw_data/0xea10065072096ba9fbfc816b75b60673719ccc50/HCOOKIES.sol,1
0x455c31c92810770bcdaeec9287e45b7979aa1e60,1,raw_data/0x455c31c92810770bcdaeec9287e45b7979aa1e60/ELON.sol,1
0xe97d4208f3b6c70c5701cf0ae99b3a6d50d2740a,1,raw_data/0xe97d4208f3b6c70c5701cf0ae99b3a6d50d2740a/SupDuckS.sol,1
0x4d9f1714363d4cbddfec9b8f8469df594b2368d5,1,raw_data/0x4d9f1714363d4cbddfec9b8f8469df594b2368d5/ERC20.sol,1
0xf3e231d763650eb6a26002acb4b9c777fddc0538,0,raw_data/0xf3e231d763650eb6a26002acb4b9c777fddc0538/UserWallet.sol,1
0xf3a91464a870f464254515bb0063405b61db7229,1,raw_data/0xf3a91464a870f464254515bb0063405b61db7229/LOOTFLOOR.sol,1
0x3365cd7b3303aad373771adb90c5c213c2431d7e,1,raw_data/0x3365cd7b3303aad373771adb90c5c213c2431d7e/ERC20.sol,1
0xa3e49821f72979740f3d9d353c13556b0e538672,0,,0
0x228fb8d52623f7d948659883664a0618e3c71669,1,raw_data/0x228fb8d52623f7d948659883664a0618e3c71669/CAW.sol,1
0x8372ede9ab840366fe4b6367198b071374b4cc69,1,raw_data/0x8372ede9ab840366fe4b6367198b071374b4cc69/eSHIB.sol,1
0x5ea43cbc1573bd6e9496cfbf12cabebdff1962e8,1,raw_data/0x5ea43cbc1573bd6e9496cfbf12cabebdff1962e8/EA.sol,1
0x3d20a654034f62241253727519c97cf9e998b299,0,,0
0x94aaf229ee72177649f1aef0779955cd420db105,1,raw_data/0x94aaf229ee72177649f1aef0779955cd420db105/Pandora.sol,1
0x7a3d70f5c5c92b5d3503194c32bf824691fa2bca,1,raw_data/0x7a3d70f5c5c92b5d3503194c32bf824691fa2bca/Element.sol,1
0x973aecf305351e5e7fd178b738f734f6644b1008,1,raw_data/0x973aecf305351e5e7fd178b738f734f6644b1008/Protocol.sol,1
0x4be07e849f0f6fe1543e25b4594d5515f2523071,1,raw_data/0x4be07e849f0f6fe1543e25b4594d5515f2523071/Solanium.sol,1
0x01feeb2e889c223f95a3993c95983b12e0eb52bf,0,,0
0xd0a13c9cc7340ba11d1bfdf616d3b975f1f7f025,1,raw_data/0xd0a13c9cc7340ba11d1bfdf616d3b975f1f7f025/Shuinsen.sol,1
0x9743d973357b6cf4c959957bde3467aa4f9b1636,1,raw_data/0x9743d973357b6cf4c959957bde3467aa4f9b1636/ERC20.sol,1
0xb59eb33524e04de7faba35dac1dccdd6bd83eeaf,0,raw_data/0xb59eb33524e04de7faba35dac1dccdd6bd83eeaf/TokenERC20.sol,1
0x9ee5f3c26fb2a9440cfcd51f4aa1c91570321fb6,0,,0
0x4f084d24c51aa77f3073c34ebd540be0b6019102,0,,0
0xc8254988cf36d44bfea36b971127a7ab003158f8,0,,0
0x5276a86c2320e4ca31b7b9f8e775a72fa5b2920b,0,raw_data/0x5276a86c2320e4ca31b7b9f8e775a72fa5b2920b/UserWallet.sol,1
0xc2af7ee226441e972c1ec33f82fbacaebc4bb9b8,0,,0
0x3368f9f169a1183f8f5fe123ded4f5c33e63c8f3,1,raw_data/0x3368f9f169a1183f8f5fe123ded4f5c33e63c8f3/ERC20.sol,1
0x6f0371247d21d7afad6e624f6e8dbb3bff0455c2,1,raw_data/0x6f0371247d21d7afad6e624f6e8dbb3bff0455c2/WuTang.sol,1
0xd52f3c8434899dd458e283ac048fd75483061065,1,raw_data/0xd52f3c8434899dd458e283ac048fd75483061065/BACONDAO.sol,1
0x00767fa00d142f9c410de48dcb537c59e7cc2c28,1,raw_data/0x00767fa00d142f9c410de48dcb537c59e7cc2c28/ERC20.sol,1
0x364d0b264ab4b7f42780212b3d5ed6c7fe53faaa,1,raw_data/0x364d0b264ab4b7f42780212b3d5ed6c7fe53faaa/Shenlong.sol,1
0xc1ef6f4e0f5ee911df31e07f1169e53576025406,0,raw_data/0xc1ef6f4e0f5ee911df31e07f1169e53576025406/UserWallet.sol,1
0xad1aa68300588aa5842751ddcab2afd4a69e9016,1,raw_data/0xad1aa68300588aa5842751ddcab2afd4a69e9016/ETH_ANONIM_TRANSFER.sol,1
0x861ade1f559b2e0b273e7d02fbef0b2e005ad9e7,1,raw_data/0x861ade1f559b2e0b273e7d02fbef0b2e005ad9e7/LEASHSWAP.sol,1
0x609f09c551f9cb3e9638f0d35eeadfcb43cadd6c,1,raw_data/0x609f09c551f9cb3e9638f0d35eeadfcb43cadd6c/DPET.sol,1
0xb2642b69cf231a2e7c6e0ee8be817576270e0efe,1,raw_data/0xb2642b69cf231a2e7c6e0ee8be817576270e0efe/SoshuNakahara.sol,1
0x820ba67398c3ea745eb8766fd3f444a92d4de316,1,raw_data/0x820ba67398c3ea745eb8766fd3f444a92d4de316/Dogecoin3.sol,1
0x264a8682be8aa0802b8fe18a38a6b57966b2f584,0,,0
0x78faf034c61f4158a4a12bfa372187a21405ae33,1,raw_data/0x78faf034c61f4158a4a12bfa372187a21405ae33/MyCompanyWallet.sol,1
0x53d8e2773b7d706fdabc9ec30543b39874ab2738,1,raw_data/0x53d8e2773b7d706fdabc9ec30543b39874ab2738/BONE.sol,1
0x81f098b491f05bf719869e8166c27d05f0f323dd,0,,0
0x250323442981df67c4d1dfe851db30c990983ff1,0,raw_data/0x250323442981df67c4d1dfe851db30c990983ff1/UserWallet.sol,1
0x64ca355db65b5bf152c78893a7533307586cef58,0,,0
0x1eb786d07d1f49b0f4b329cef579933df3acbf3c,1,raw_data/0x1eb786d07d1f49b0f4b329cef579933df3acbf3c/ERC20.sol,1
0x96fb28a0e016616959a50007f5d8969d7bcf6d2f,1,raw_data/0x96fb28a0e016616959a50007f5d8969d7bcf6d2f/XenBlock.sol,1
0x0db2ef0df9c70811f8b363a04eb25f1a8c9d2081,1,raw_data/0x0db2ef0df9c70811f8b363a04eb25f1a8c9d2081/ERC20.sol,1
0x5d9141de262dbb5c79373af37791e756689d323c,1,raw_data/0x5d9141de262dbb5c79373af37791e756689d323c/BONE.sol,1
0xe96ea3e2eb0195517cddf190c3580b7b4cba11c1,1,raw_data/0xe96ea3e2eb0195517cddf190c3580b7b4cba11c1/BONE.sol,1
0x5524cb193e00e1024df517ab34fea492ee59a1ac,0,,0
0x2820ec0950f372b04295849be831ee45a7567893,0,,0
0xc6ccdb23fb9c9d4fe43fc7073622f95ab35fe5c2,1,raw_data/0xc6ccdb23fb9c9d4fe43fc7073622f95ab35fe5c2/WorldEliteInu.sol,1
0xb7bbe273aba62e86e5c43d48609453a154609b7d,1,raw_data/0xb7bbe273aba62e86e5c43d48609453a154609b7d/GBA.sol,1
0x7709826730475f4c3cbbfdf19f767caf50ac5d1c,1,raw_data/0x7709826730475f4c3cbbfdf19f767caf50ac5d1c/ERC20.sol,1
0x73dae8c7e28bf424045273240a1c9d843619b37c,0,,0
0x1c3757b2010ad9da65f9aeaec38007feddb89e5c,0,raw_data/0x1c3757b2010ad9da65f9aeaec38007feddb89e5c/UserWallet.sol,1
0x510ab4f7dd675fb1849f3f1d884df14f8c661cf7,0,,0
0xe1325c180241db45f4c8fb4bda0b59488a98d15c,0,raw_data/0xe1325c180241db45f4c8fb4bda0b59488a98d15c/UserWallet.sol,1
0xe12a2d0c6932b56f3d5598b6574c51326698a272,0,,0
0x8fa269b6da92482c49849140a415beb279aaf2d2,1,raw_data/0x8fa269b6da92482c49849140a415beb279aaf2d2/Volcano.sol,1
0xece9b0235bf498b552816982f2f4ceacd636e6fa,0,,0
0x23a4bf5390f0b29e14d3bb2f6a3eaf42c3d980df,1,raw_data/0x23a4bf5390f0b29e14d3bb2f6a3eaf42c3d980df/ERC20.sol,1
0x855af10faf11d4a6f6102a1babd77453d18066b7,1,raw_data/0x855af10faf11d4a6f6102a1babd77453d18066b7/BONE.sol,1
0x824b17c876e89519a06736b9c76709e9f1671f22,0,,0
0x12510e575bd040c66bbc1d173ee289b9cb6dc392,1,raw_data/0x12510e575bd040c66bbc1d173ee289b9cb6dc392/ElonPay.sol,1
0xb0edfc78d732f1f44cf01078b1bc3fc49c6ac919,1,raw_data/0xb0edfc78d732f1f44cf01078b1bc3fc49c6ac919/STONES.sol,1
0xc51a16e0573c796a445bfda2ec33d9ab9151dfbd,1,raw_data/0xc51a16e0573c796a445bfda2ec33d9ab9151dfbd/ERC20.sol,1
0x3870b366d614d16f2d566d4ecffdb72e13136c7f,0,raw_data/0x3870b366d614d16f2d566d4ecffdb72e13136c7f/UserWallet.sol,1
0x35c3034556b81132e682db2f879e6f30721b847c,1,raw_data/0x35c3034556b81132e682db2f879e6f30721b847c/PinCodeEtherStorage.sol,1
0x841cfe20c05c8a2d6ea624276eb49e9a844be4a7,1,raw_data/0x841cfe20c05c8a2d6ea624276eb49e9a844be4a7/bike.sol,1
0x900635aeba8d329cfa7efc4b15fd5bc83c4995a5,1,raw_data/0x900635aeba8d329cfa7efc4b15fd5bc83c4995a5/ERC20.sol,1
0xf0d8d53970741f54f45ffba054d9ecd70519db07,0,,0
0x6a1973044c0c83923d728e834af5615a3bc02970,1,raw_data/0x6a1973044c0c83923d728e834af5615a3bc02970/ADAPAD.sol,1
0x104261ab1706703e3387e5737014094ddfd19ae0,1,raw_data/0x104261ab1706703e3387e5737014094ddfd19ae0/ERC20.sol,1
0xa83feedfc28432971780dc7d05d1d71a10061b70,1,raw_data/0xa83feedfc28432971780dc7d05d1d71a10061b70/LEASHSWAP.sol,1
0xaae35597b12c6b36fa678871a031bb05046e2cd7,0,raw_data/0xaae35597b12c6b36fa678871a031bb05046e2cd7/UserWallet.sol,1
0x2b601d7f1b05189131193ae23933b1e355b4be2b,0,,0
0x787080326e1f7e0eae490efdb18e90cfd0ae2692,1,raw_data/0x787080326e1f7e0eae490efdb18e90cfd0ae2692/MyCompanyWallet.sol,1
0x634041ff9615469c7f506cb870bee2e26d05eaf2,0,raw_data/0x634041ff9615469c7f506cb870bee2e26d05eaf2/UserWallet.sol,1
0x661c5d1e65e0fc850c0a67c424c8549cb12ff6e3,0,,0
0xbb51397fb8d3b91a08eff3c34d5c869c1d149ec5,1,raw_data/0xbb51397fb8d3b91a08eff3c34d5c869c1d149ec5/GUESS_THE_WORD.sol,1
0x42a8abcbb4cd7919e6dae1ca570a0269783151aa,1,raw_data/0x42a8abcbb4cd7919e6dae1ca570a0269783151aa/ERC20.sol,1
0x3470e0838f530f6e919170e0635bd68e3f532256,0,raw_data/0x3470e0838f530f6e919170e0635bd68e3f532256/Forwarder.sol,1
0xb6d00b8c999bb828d57b6de28a4de8d5ef605bae,1,raw_data/0xb6d00b8c999bb828d57b6de28a4de8d5ef605bae/UniswapExchange.sol,1
0x08f752ca51958d3247988601488f0257b77bfd5b,0,raw_data/0x08f752ca51958d3247988601488f0257b77bfd5b/UserWallet.sol,1
0x048f88f8c2b332e7ffef3ce72561b5954f4c6e00,0,,0
0xcc48c77827aaf2ff6562df793a365e58e288d4de,0,raw_data/0xcc48c77827aaf2ff6562df793a365e58e288d4de/UserWallet.sol,1
0x12d9b0ed88b37852974b4f6cd24a84870c03c9b7,1,raw_data/0x12d9b0ed88b37852974b4f6cd24a84870c03c9b7/CultReflects.sol,1
0x52412d82ffb4a54de7986c86b841f84dcfaec510,1,raw_data/0x52412d82ffb4a54de7986c86b841f84dcfaec510/LAUNCAO.sol,1
0x9954ff0295443c01f562dccb1f893be464e01986,1,raw_data/0x9954ff0295443c01f562dccb1f893be464e01986/pahoo.sol,1
0x65cbb10be65db0d3e0545704ac0955801ebbcc88,0,,0
0xe5824f424ecccf6b2238ebbf92c7cd0b2de2c73f,1,raw_data/0xe5824f424ecccf6b2238ebbf92c7cd0b2de2c73f/Binbogami.sol,1
0x6e7d3322417c6df46c2eb4b05b846e356b622c7c,0,,0
0xc57fc2c9fd3130933bd29f01ff940dc52bc4115b,1,raw_data/0xc57fc2c9fd3130933bd29f01ff940dc52bc4115b/CryptoRoulette.sol,1
0x56701bc0a107121f197b91eb332eafefe85f658c,0,,0
0xcb8ef859f8df233e3975745934e473a2f9250944,1,raw_data/0xcb8ef859f8df233e3975745934e473a2f9250944/Rekt.sol,1
0x62d5c4a317b93085697cfb1c775be4398df0678c,1,raw_data/0x62d5c4a317b93085697cfb1c775be4398df0678c/TransferReg.sol,1
0x7994cba75a8e4d336f9236ced0b3864f47607ed8,0,,0
0xc6790fca7f73648a8fb4cd5efcc261814c85e6de,0,raw_data/0xc6790fca7f73648a8fb4cd5efcc261814c85e6de/UserWallet.sol,1
0x4946917e0491e13024820ec17980898792f24ec1,1,raw_data/0x4946917e0491e13024820ec17980898792f24ec1/UniswapExchange.sol,1
0x507f78f23cb0cf2c3ba19be56e304aa1d63ff819,0,,0
0x5d86451f4f5d40c840aadc30193d8bc3dda59715,0,raw_data/0x5d86451f4f5d40c840aadc30193d8bc3dda59715/UserWallet.sol,1
0xd7394087e1dbbe477fe4f1cf373b9ac9459565ff,1,raw_data/0xd7394087e1dbbe477fe4f1cf373b9ac9459565ff/RealTract.sol,1
0xab863eb703019190ca8679f9fe3781760ff0028f,0,,0
0x72222cbf9b8c98dc56cb1cf3c621ca81afbf576d,0,,0
0xa0267ce42807c85c05b1a111334ff05feb5bcbae,1,raw_data/0xa0267ce42807c85c05b1a111334ff05feb5bcbae/KAMI.sol,1
0xf3b450002c7bc300ea03c9463d8e8ba7f821b7c6,1,raw_data/0xf3b450002c7bc300ea03c9463d8e8ba7f821b7c6/Oracle.sol,1
0x920014ce62a83df0d197ad916db1081f1b380e59,1,raw_data/0x920014ce62a83df0d197ad916db1081f1b380e59/DejitaruKaida.sol,1
0xf8fc614f091a64a8a960195f31e776a23712f87e,1,raw_data/0xf8fc614f091a64a8a960195f31e776a23712f87e/PussInBoots.sol,1
0x521a0d4917b1dec2c21b4807a3dd41c5325aa637,1,raw_data/0x521a0d4917b1dec2c21b4807a3dd41c5325aa637/VCCT.sol,1
0x510820b74d0d1e0310d670a94ee6f3204238da37,1,raw_data/0x510820b74d0d1e0310d670a94ee6f3204238da37/UniswapExchange.sol,1
0x811b783c762d7635a6c1dc58fb62bfaa61092f32,1,raw_data/0x811b783c762d7635a6c1dc58fb62bfaa61092f32/TokenBEP20.sol,1
0xb1f4ca3c6256f415e420de511504af8ea8a9c8e0,1,raw_data/0xb1f4ca3c6256f415e420de511504af8ea8a9c8e0/CryptoRoulette.sol,1
0x93fafefe6f4ddd4f844b1b154e6962f4f47e1726,1,raw_data/0x93fafefe6f4ddd4f844b1b154e6962f4f47e1726/ERC20.sol,1
0x688f3f76e01bc7124913508bc7b1cd3928da9624,0,,0
0xaf86b3c8506a83a0097a1b4b5aadbdb900834f98,1,raw_data/0xaf86b3c8506a83a0097a1b4b5aadbdb900834f98/Solstarter.sol,1
0xe7e782298009e69f77a1ecd1dd20fca10d2c4e00,1,raw_data/0xe7e782298009e69f77a1ecd1dd20fca10d2c4e00/ERC20.sol,1
0xb0b798db83574fda60fec1dea57f90b4f49e8df5,0,raw_data/0xb0b798db83574fda60fec1dea57f90b4f49e8df5/MultiSigWallet.sol,1
0x1d9d6296cb40b3ad2fc169e85427cabe81eec418,1,raw_data/0x1d9d6296cb40b3ad2fc169e85427cabe81eec418/ERC20.sol,1
0x1144edea5b3e403469d920006e061b501a845804,1,raw_data/0x1144edea5b3e403469d920006e061b501a845804/FableOfDoge.sol,1
0xf1c335bc9f6417c8b3acc50a6b3b7bad60d95ce5,0,,0
0x17280da053596e097604839c61a2ef5efb7d493f,1,raw_data/0x17280da053596e097604839c61a2ef5efb7d493f/Jobchain.sol,1
0x6a4cb0cd2eafab8ff363d968e4792ef8cc358f40,0,raw_data/0x6a4cb0cd2eafab8ff363d968e4792ef8cc358f40/LockToken.sol,1
0x7dc35bc0330a4c863e9ee6d71c1406b4f9b59751,1,raw_data/0x7dc35bc0330a4c863e9ee6d71c1406b4f9b59751/TokenBEP20.sol,1
0x348bb716bc4378560cd269f4a039aba957e24d1b,1,raw_data/0x348bb716bc4378560cd269f4a039aba957e24d1b/ELongD.sol,1
0x9671065b4fad632222de0f4e0d873fe26d908e3d,1,raw_data/0x9671065b4fad632222de0f4e0d873fe26d908e3d/UniswapExchange.sol,1
0x6f16b4bb4eb188155fb20354b201a182384d3e59,0,,0
0xb8aacbd35c529f3236d7713f4ef2cfcebfa415cc,1,raw_data/0xb8aacbd35c529f3236d7713f4ef2cfcebfa415cc/Concave.sol,1
0x17cdfe159c3915df8fc89fc9cbee7680fa0106d9,1,raw_data/0x17cdfe159c3915df8fc89fc9cbee7680fa0106d9/PARA.sol,1
0xb771390b9ec9f6777958838f53635724ddb80454,0,,0
0x744d70fdbe2ba4cf95131626614a1763df805b9e,1,raw_data/0x744d70fdbe2ba4cf95131626614a1763df805b9e/SNT.sol,1
0xb4145f50be26a32a8e48e8d6d350df0057abfea0,0,,0
0x9b38172f0ff97aee6c1d0f1a1871fd2295fbd82a,1,raw_data/0x9b38172f0ff97aee6c1d0f1a1871fd2295fbd82a/BetaFinance.sol,1
0x37680469b27660d5038522e840353152b0d19287,0,,0
0x4b425f6e98b52a13646f6a0cfb58cce0b54ca5b3,0,,0
0x7c465f2da66d5f2bba5618a968307920ad10f8cf,0,,0
0xec3da6eb53e214bdae147cc58bf2c401105d5a1c,1,raw_data/0xec3da6eb53e214bdae147cc58bf2c401105d5a1c/CAW.sol,1
0xc6fbe1a9ad6ce9a9cc939a006e54d7976b3ffe32,1,raw_data/0xc6fbe1a9ad6ce9a9cc939a006e54d7976b3ffe32/UniswapExchange.sol,1
0x93d63ee29e2208d6eee1bb344ecdf55bf05c9318,0,raw_data/0x93d63ee29e2208d6eee1bb344ecdf55bf05c9318/UserWallet.sol,1
0x0b187097b8f273f9bfe556a7fc9aee6f99897c8c,1,raw_data/0x0b187097b8f273f9bfe556a7fc9aee6f99897c8c/STAKEDAO.sol,1
0xd5ca9876e0aff422171400a1179a776507eec728,0,raw_data/0xd5ca9876e0aff422171400a1179a776507eec728/UserWallet.sol,1
0x9e7e09167a3faa0d04a23966c41ba485b8248d41,0,,0
0x8dd3844d18f1fd6b1f9cbc8244a5002855c00bf9,1,raw_data/0x8dd3844d18f1fd6b1f9cbc8244a5002855c00bf9/vLaunch.sol,1
0x0669ccc47a1f220679249491e3151f97bdd7dace,0,raw_data/0x0669ccc47a1f220679249491e3151f97bdd7dace/Forwarder.sol,1
0x89d93fca077927b07fe91a91f8c238c6bbce2656,0,raw_data/0x89d93fca077927b07fe91a91f8c238c6bbce2656/UserWallet.sol,1
0x9b1ef7cbc18927940653abba9badddbb5cc1caf9,1,raw_data/0x9b1ef7cbc18927940653abba9badddbb5cc1caf9/TheWhiteRabbitDAO.sol,1
0xb38beba95e0e21a97466c452454debe2658527f7,1,raw_data/0xb38beba95e0e21a97466c452454debe2658527f7/Gift_1_ETH.sol,1
0x48d47124e71c269b336c7ad3c2b9496fe52a139f,0,,0
0x3763730dafc789e59c9b298e59fa07d32e7b5b24,0,raw_data/0x3763730dafc789e59c9b298e59fa07d32e7b5b24/UserWallet.sol,1
0xbf15b95d7e045553db70a7d1dc8a67a683bfe717,1,raw_data/0xbf15b95d7e045553db70a7d1dc8a67a683bfe717/Vabble.sol,1
0x0aae75e22dd865952a5e7c612adc7685cc7ebf11,0,,0
0x51d43b6ae869940c61c415660a73cfe85a6a03fa,1,raw_data/0x51d43b6ae869940c61c415660a73cfe85a6a03fa/PEPENOBI.sol,1
0x48a08a6c8f7987829b32aad0f0cd066bf4acb062,1,raw_data/0x48a08a6c8f7987829b32aad0f0cd066bf4acb062/NFT.sol,1
0x744e4c6bbac4b949613de785df058ea2f2522ccc,1,raw_data/0x744e4c6bbac4b949613de785df058ea2f2522ccc/UniswapExchange.sol,1
0x3e3fb3c77be19f845fc6465b269199643435aac2,0,raw_data/0x3e3fb3c77be19f845fc6465b269199643435aac2/Forwarder.sol,1
0x645194f4b498a0ba93c5761870f01e662e927e47,1,raw_data/0x645194f4b498a0ba93c5761870f01e662e927e47/Solanium.sol,1
0x0b26d9e71be79bcd2445b8fde3afa149ab1fdfa4,0,,0
0xde3a026ee602f8f1c55d584f75e09f442db6288b,0,raw_data/0xde3a026ee602f8f1c55d584f75e09f442db6288b/UserWallet.sol,1
0x3c83daa6d6fb473133dab0fc6acb95f471a76588,0,raw_data/0x3c83daa6d6fb473133dab0fc6acb95f471a76588/UserWallet.sol,1
0x614fbf31863f0d0ec04eb763255abcb8fb5a473f,0,,0
0x74712a17615a00a73fa51e807b93273759a6b1ad,1,raw_data/0x74712a17615a00a73fa51e807b93273759a6b1ad/MonsterInuFi.sol,1
0xe4e873b8b73b290913ce7f26b55a2e809e1b9013,1,raw_data/0xe4e873b8b73b290913ce7f26b55a2e809e1b9013/JEJUDOGE.sol,1
0xad2f167654d3a79ca76840a87f7878be3f65192c,1,raw_data/0xad2f167654d3a79ca76840a87f7878be3f65192c/BITE.sol,1
0xacc28c476130bd114f3f00ac12303396742ef316,0,raw_data/0xacc28c476130bd114f3f00ac12303396742ef316/UserWallet.sol,1
0x54da7ad0cf26f99c75602e8b40552594f7e630e7,0,raw_data/0x54da7ad0cf26f99c75602e8b40552594f7e630e7/UserWallet.sol,1
0x60ca5347e2f1e461d1c19b2588822195e54bc58b,1,raw_data/0x60ca5347e2f1e461d1c19b2588822195e54bc58b/INUendo.sol,1
0xe564dafa5f66eea047233e7a34bd210b7366bab4,1,raw_data/0xe564dafa5f66eea047233e7a34bd210b7366bab4/KODACHITOKEN.sol,1
0x5f7593e74433a6c6fc227f9517db8f62f9962c18,1,raw_data/0x5f7593e74433a6c6fc227f9517db8f62f9962c18/UniswapExchange.sol,1
0x31efc9363c30e683f4034e90c4a273ed9ab1db49,1,raw_data/0x31efc9363c30e683f4034e90c4a273ed9ab1db49/UniswapExchange.sol,1
0x9cd2601d93795bcf35336feb9fd02ddff30f49c4,0,,0
0x26872f9f10aeaf63ab65bb0173079892449753ca,0,raw_data/0x26872f9f10aeaf63ab65bb0173079892449753ca/TokenERC20.sol,1
0x2bb03376575f56711b2f1ca8d84b1681eac93f79,1,raw_data/0x2bb03376575f56711b2f1ca8d84b1681eac93f79/ElonXVitalik.sol,1
0xe779059b6dabd502cfc6b83a919dc02376f481b8,1,raw_data/0xe779059b6dabd502cfc6b83a919dc02376f481b8/UniswapExchange.sol,1
0x564532a6368c0e979928bd82f60ea724ed2e2921,1,raw_data/0x564532a6368c0e979928bd82f60ea724ed2e2921/DiabloElon.sol,1
0x45178d7217d5308121702646e27443c808ed3bbf,1,raw_data/0x45178d7217d5308121702646e27443c808ed3bbf/SHIBASWAP.sol,1
0x244a16cb9dd0f664ce62815daf661bc1a3a0d54e,0,raw_data/0x244a16cb9dd0f664ce62815daf661bc1a3a0d54e/UserWallet.sol,1
0xc43e92c3496a2d9c8993e8001ffe4b8d6f0972af,1,raw_data/0xc43e92c3496a2d9c8993e8001ffe4b8d6f0972af/PAJEETSTAN.sol,1
0xfb555efcd7a681a9c3cb5d90935eb9c48e8d340b,1,raw_data/0xfb555efcd7a681a9c3cb5d90935eb9c48e8d340b/ERC20.sol,1
0x18669253ac9bda70cd6b0be41998edb33fd6e543,0,,0
0x44ebe7fb46e9c453a3005ecbed33fa51f2a758f5,0,,0
0xb0917f301a15b2f039ed0b43d800577e75ac3013,1,raw_data/0xb0917f301a15b2f039ed0b43d800577e75ac3013/BMON.sol,1
0xbf333b53d9010988fd26c9b9ce3c7658748e7e15,0,,0
0xe8654479238966e26118625fe5d51e3598dfb618,1,raw_data/0xe8654479238966e26118625fe5d51e3598dfb618/BOBA.sol,1
0x043669a87dfea9e3ef612ff3f2f302adc1404f2e,0,,0
0x54bd6876ca88069da65f314e9b74b07bed03af99,0,raw_data/0x54bd6876ca88069da65f314e9b74b07bed03af99/UserWallet.sol,1
0xad6d0a8ab54fd1cf4d93cad142261cbac73a1294,0,,0
0xd0a928feb1af99928243279e1b600814baeb5f8e,1,raw_data/0xd0a928feb1af99928243279e1b600814baeb5f8e/SHIBASWAP.sol,1
0x8586b2a8e6cd04cae359762a12435dd3b5c57920,1,raw_data/0x8586b2a8e6cd04cae359762a12435dd3b5c57920/KoriInu.sol,1
0xda7fcb066a41e7930f686df48dc9eedf8e8d4250,0,,0
0x95e61ce12b0bc684d6b5641d8c88046582ca2699,0,,0
0xc441c2d92b1b2fd3a266e6a8cf5bfb673b1abe15,1,raw_data/0xc441c2d92b1b2fd3a266e6a8cf5bfb673b1abe15/CheeseCake.sol,1
0x48e60362460f9f7c91bd5667e9c470724342ae32,1,raw_data/0x48e60362460f9f7c91bd5667e9c470724342ae32/UniswapExchange.sol,1
0x1f10822c753a1f587923d9916e64738ee7c27419,1,raw_data/0x1f10822c753a1f587923d9916e64738ee7c27419/GPHToken.sol,1
0x03356e9b3271168ee51b5092a7b0740be8643da1,1,raw_data/0x03356e9b3271168ee51b5092a7b0740be8643da1/ERC20.sol,1
0x93ed3fbe21207ec2e8f2d3c3de6e058cb73bc04d,1,raw_data/0x93ed3fbe21207ec2e8f2d3c3de6e058cb73bc04d/MiniMeToken.sol,1
0x0cf838b4d4e27c0982e759a30860218466d39c03,1,raw_data/0x0cf838b4d4e27c0982e759a30860218466d39c03/EPIK.sol,1
0xc18d0d64396cd084ab44be1e7b5a9b35e197f482,0,raw_data/0xc18d0d64396cd084ab44be1e7b5a9b35e197f482/UserWallet.sol,1
0xaa4b30f3962908f70f2eb311164591d697752c81,0,,0
0x0fccf14b2b3d1076867e2407b206e0349cf11554,0,raw_data/0x0fccf14b2b3d1076867e2407b206e0349cf11554/Forwarder.sol,1
0x17d0059af2b4b8006567294815bf3509158f5272,0,raw_data/0x17d0059af2b4b8006567294815bf3509158f5272/Forwarder.sol,1
0x8fef4b18053ffad9277dd94f7b34e1950df4e042,0,raw_data/0x8fef4b18053ffad9277dd94f7b34e1950df4e042/UserWallet.sol,1
0xbb07f99d25ca9b233e3b358aa1f1950023ac4c8a,0,,0
0x8524dea9976c2e668a75315d336b2e9e239db518,0,,0
0x379ed524a95e04badd1100e4aeb0643c6342dc6d,0,,0
0x8976bdb09dbe3bdbbed826ba9420f7320629d711,0,,0
0xe1d1dc4d645af1b4fd2b2b47c4b70d5b2d53e298,1,raw_data/0xe1d1dc4d645af1b4fd2b2b47c4b70d5b2d53e298/LetGoodTimesRoll.sol,1
0xaa886d744622645e2245b245d39e4a1f4029e359,0,,0
0x969e584c565054b06b9ecf3f0091d1e064d4aae1,1,raw_data/0x969e584c565054b06b9ecf3f0091d1e064d4aae1/ToTheMoon.sol,1
0x144461ba378e25cf141df22ac73bcc27318ab359,1,raw_data/0x144461ba378e25cf141df22ac73bcc27318ab359/SanzunoKawa.sol,1
0xd454b0dc70aac2b1cf2cca3989aa07927b602707,0,,0
0x3263b9caa0f3934cf48f656ddfd74e0e94078874,0,raw_data/0x3263b9caa0f3934cf48f656ddfd74e0e94078874/UserWallet.sol,1
0x6bc9b8ebd06625aed844cdb0ca576409c1e0bfa5,0,raw_data/0x6bc9b8ebd06625aed844cdb0ca576409c1e0bfa5/UserWallet.sol,1
0x9c59056e3621c3e9a64fa74965c08b248c98d390,0,raw_data/0x9c59056e3621c3e9a64fa74965c08b248c98d390/UserWallet.sol,1
0x1b564965a6a4a0c535b578d6a9697058bdcf8f43,0,,0
0x210cbb54ec85d3a30b70946e0e66cf1a8c6e9d4a,0,,0
0xe28f6b3dff59e883df5a5924e1bd543565fade4a,0,raw_data/0xe28f6b3dff59e883df5a5924e1bd543565fade4a/UserWallet.sol,1
0x957312c8a57873b76b7297038b758045c5a602c7,0,raw_data/0x957312c8a57873b76b7297038b758045c5a602c7/UserWallet.sol,1
0x2975bd9011f9240cd50c16b1de0f0780a35febf0,0,,0
0xc7b158aba6354bf864cae620ebe53940a229b374,0,raw_data/0xc7b158aba6354bf864cae620ebe53940a229b374/UserWallet.sol,1
0x024fadd67b499f8d5cea81c87fa9ee1ee0b92061,1,raw_data/0x024fadd67b499f8d5cea81c87fa9ee1ee0b92061/FOXHOUNDTOKEN.sol,1
0x5313c8277d09e8ec52ea635e1156a543e7c75958,0,raw_data/0x5313c8277d09e8ec52ea635e1156a543e7c75958/CloneableWallet.sol,1
0xf63fed1f54c128f0646bd89d46718e8e2ff78b08,0,raw_data/0xf63fed1f54c128f0646bd89d46718e8e2ff78b08/UserWallet.sol,1
0xe65c53087e1a40b7c53b9a0ea3c2562ae2dfeb24,1,raw_data/0xe65c53087e1a40b7c53b9a0ea3c2562ae2dfeb24/RichestTakeAll.sol,1
0x6e996150346de5d6190add889163263cce1218c9,1,raw_data/0x6e996150346de5d6190add889163263cce1218c9/ShubyInu.sol,1
0xdbc239504342d90df8d12403d78c2f185d4074b3,1,raw_data/0xdbc239504342d90df8d12403d78c2f185d4074b3/BotAI.sol,1
0x3668eba58190c7bb2d63cb484467ff0a42fb3367,1,raw_data/0x3668eba58190c7bb2d63cb484467ff0a42fb3367/WECANGAME.sol,1
0x022a9b227be86a5509ae0f039c736478cbfac8e3,1,raw_data/0x022a9b227be86a5509ae0f039c736478cbfac8e3/SQUID.sol,1
0x9e848094408fe669cf910adcf18e41644e61ffb9,0,,0
0xbc9a00419091337d62228b0242b9770fe4e62d5a,0,raw_data/0xbc9a00419091337d62228b0242b9770fe4e62d5a/Forwarder.sol,1
0x01add1d6941b031b197c4a06679fc79bc08d0bb0,0,,0
0x9d2ef3375158493a553b14f130fe5ee5e98097b7,1,raw_data/0x9d2ef3375158493a553b14f130fe5ee5e98097b7/HAPE.sol,1
0x1c82bdbd43a3c8bf455d170c4cda55d923f86517,1,raw_data/0x1c82bdbd43a3c8bf455d170c4cda55d923f86517/tamasutra.sol,1
0x2b4435ba4fa3e705814915a07f28997846e00e97,1,raw_data/0x2b4435ba4fa3e705814915a07f28997846e00e97/NPCINU.sol,1
0x793dcdde6dd0aebfbe8fe92af83cff1f5941829d,0,raw_data/0x793dcdde6dd0aebfbe8fe92af83cff1f5941829d/Forwarder.sol,1
0x14ff18d6262f0c95554bbbfcc228fe302873e2ff,0,raw_data/0x14ff18d6262f0c95554bbbfcc228fe302873e2ff/UserWallet.sol,1
0x8c0a100dbee557e9cdf1f8f2ee6a5b917b71c953,1,raw_data/0x8c0a100dbee557e9cdf1f8f2ee6a5b917b71c953/UniswapExchange.sol,1
0x6fee1491b58bd6c927e631580dba6d3dbfd46c7a,1,raw_data/0x6fee1491b58bd6c927e631580dba6d3dbfd46c7a/Gon.sol,1
0xf3945212fc9889fffe978f98d62eee0785d0d210,0,,0
0x7e40d1350dead2da8aa1a80a2750754bcf7b1f6d,0,,0
0xd41364856b885ee6d922eea500e672841434d177,0,,0
0x5882a0ed80ca3dc839e58d10f022408c74c9890e,1,raw_data/0x5882a0ed80ca3dc839e58d10f022408c74c9890e/Breast.sol,1
0x82f57cb5899d0b661cc206c568d39868d705acda,1,raw_data/0x82f57cb5899d0b661cc206c568d39868d705acda/ERC20.sol,1
0xcf8b2320ba72d1164f450f909f9f1ec5ecb3db8d,0,raw_data/0xcf8b2320ba72d1164f450f909f9f1ec5ecb3db8d/UserWallet.sol,1
0x21d16cb6cf8ee3577c6d2963a2d9ecf6546f1a38,0,,0
0x41a1729dc30ba049adad9471d4da2401fa5b4889,0,raw_data/0x41a1729dc30ba049adad9471d4da2401fa5b4889/DVIP.sol,1
0xbed0907ab6b26b84cad73fb80a395337ec4c23d7,1,raw_data/0xbed0907ab6b26b84cad73fb80a395337ec4c23d7/UltimateYeild.sol,1
0x65a0e89b309ecb8c6040a0c2b7d172f75dcefbdc,0,raw_data/0x65a0e89b309ecb8c6040a0c2b7d172f75dcefbdc/Forwarder.sol,1
0xdb683c6282106ba9e99ae59c58bc4b955626076b,0,,0
0xff5a11c0442028ee2a60d31e6ebb3cbac121ffe5,1,raw_data/0xff5a11c0442028ee2a60d31e6ebb3cbac121ffe5/Conductor.sol,1
0x387fdfd5479546289c8e040627a9af26d31856bd,0,raw_data/0x387fdfd5479546289c8e040627a9af26d31856bd/MultiSigWalletWithDailyLimit.sol,1
0xb2505b56648f42fd55bdd01109f6b9ab0696b309,1,raw_data/0xb2505b56648f42fd55bdd01109f6b9ab0696b309/WhatIf.sol,1
0xea38eaa3c86c8f9b751533ba2e562deb9acded40,1,raw_data/0xea38eaa3c86c8f9b751533ba2e562deb9acded40/FuelToken.sol,1
0x0ec88086a5498f08de99551e4e5098b040bc5320,0,raw_data/0x0ec88086a5498f08de99551e4e5098b040bc5320/UserWallet.sol,1
0x8815ff7d61c506ccf5abdf307e24560765489a8e,0,raw_data/0x8815ff7d61c506ccf5abdf307e24560765489a8e/UserWallet.sol,1
0xc0bf10374936fa949f2f1463506b3755afa2d7f0,1,raw_data/0xc0bf10374936fa949f2f1463506b3755afa2d7f0/Shiba_Burn_Protocol.sol,1
0xf9eb0d0997778b689e6d2f8615eeab5940247dce,0,raw_data/0xf9eb0d0997778b689e6d2f8615eeab5940247dce/UserWallet.sol,1
0x06a2fec35dd8a5eb427ff10f645577dc99a7379c,1,raw_data/0x06a2fec35dd8a5eb427ff10f645577dc99a7379c/ERC20.sol,1
0xeed0e4ff307342058e7e445113586828ee52dd48,1,raw_data/0xeed0e4ff307342058e7e445113586828ee52dd48/OptimismInu.sol,1
0x40139eb40080a1c2bcd2e08f17e175a7d1353b7c,0,raw_data/0x40139eb40080a1c2bcd2e08f17e175a7d1353b7c/lockEtherPay.sol,1
0x70677b183e5014fb35f681bc06ae0fe0e071f78f,0,raw_data/0x70677b183e5014fb35f681bc06ae0fe0e071f78f/UserWallet.sol,1
0x3f56c726b2323e59fe792723d11a4afc1f922cdd,1,raw_data/0x3f56c726b2323e59fe792723d11a4afc1f922cdd/PMON.sol,1
0x9d1d32d3bf82ec5d0069514b411524931eb6d06a,0,raw_data/0x9d1d32d3bf82ec5d0069514b411524931eb6d06a/UserWallet.sol,1
0xec73c457211db636d4432b80e8a8c403533a1388,1,raw_data/0xec73c457211db636d4432b80e8a8c403533a1388/LandProxy.sol,1
0xace3601cc19cd02b6db419bbaeb7a4b2d36a4b23,0,,0
0xcdd802ebd144daf453d6e6a9e648dd43629427ac,0,,0
0x5906fa068db26d433914e343d4889e3c79cbaaf3,1,raw_data/0x5906fa068db26d433914e343d4889e3c79cbaaf3/eDOGE.sol,1
0xa64ea8089a4b0253edcae9c71ffcdb576988044a,0,raw_data/0xa64ea8089a4b0253edcae9c71ffcdb576988044a/BoxTrade.sol,1
0x97c041ac152d7ccb4d21cb2ee87e504ddd148c34,1,raw_data/0x97c041ac152d7ccb4d21cb2ee87e504ddd148c34/Arweave.sol,1
0x76a7cd95ee2ab94e7a86940de141e95619cfa8a8,0,,0
0x752406cbfd32593fc422da69cdd702d1eaadc121,1,raw_data/0x752406cbfd32593fc422da69cdd702d1eaadc121/For_Test.sol,1
0x30138d15636865f82faf8dbde2ece25b403ed025,0,,0
0xd9fbd9500951aa1bbde9f62636b0cf07936572e1,0,,0
0x2a0f041bc3e10f4b67c31cc0f45c29b66d07c794,1,raw_data/0x2a0f041bc3e10f4b67c31cc0f45c29b66d07c794/Kodachi.sol,1
0xa64f0e7b592228cdf74083e382516b8e32d846e8,1,raw_data/0xa64f0e7b592228cdf74083e382516b8e32d846e8/DOGECLASSIC2.sol,1
0x5d7cc83d6bb478ca591784ac14ef9afbf4843ec7,1,raw_data/0x5d7cc83d6bb478ca591784ac14ef9afbf4843ec7/Madis.sol,1
0x57438691d6a4a456f8417197a9c0e66f9c51a655,0,,0
0x7bc51b19abe2cfb15d58f845dad027feab01bfa0,1,raw_data/0x7bc51b19abe2cfb15d58f845dad027feab01bfa0/DividendDistributor.sol,1
0x34a3a66c30e93ea6c03558adb0fd0969b4b54612,0,raw_data/0x34a3a66c30e93ea6c03558adb0fd0969b4b54612/Forwarder.sol,1
0x159a01c824ddbe34f73c565256e8f0cf75a83c08,1,raw_data/0x159a01c824ddbe34f73c565256e8f0cf75a83c08/IONX.sol,1
0x5d2362d44151e32541fc93818487b92ecc00b1b3,1,raw_data/0x5d2362d44151e32541fc93818487b92ecc00b1b3/Unknown.sol,1
0x675f6e3a0abe9014d7d1dbe0ae565b9256b45303,1,raw_data/0x675f6e3a0abe9014d7d1dbe0ae565b9256b45303/TokenContract.sol,1
0xb91b59e605b9593c29bf6f8ef1b5f70f103c44e9,0,,0
0x2f20b3a71f9754085626de356e6b9113654c9386,0,raw_data/0x2f20b3a71f9754085626de356e6b9113654c9386/Forwarder.sol,1
0xb69eedf6c803027e5fbca9b426aa4a9a5483acde,1,raw_data/0xb69eedf6c803027e5fbca9b426aa4a9a5483acde/VEGA.sol,1
0xbd135d00b63e12d6ad8d2b45445c799ee17b5fc1,0,,0
0x851bfc6cf6ee8bb715ef05040b8a9ce8a96453d3,0,raw_data/0x851bfc6cf6ee8bb715ef05040b8a9ce8a96453d3/Forwarder.sol,1
0x1089a933afb52a8faf89064c7dd8109f254df518,0,raw_data/0x1089a933afb52a8faf89064c7dd8109f254df518/UserWallet.sol,1
0x0d26917c4aa3a7bb54e378552e7dbe6257aed1a5,0,raw_data/0x0d26917c4aa3a7bb54e378552e7dbe6257aed1a5/HumanStandardToken.sol,1
0x61932fbd9fd8f998bc901ac0a08e04ee8e0387e0,1,raw_data/0x61932fbd9fd8f998bc901ac0a08e04ee8e0387e0/BAYC.sol,1
0x33b44a1d150f3feaa40503ad20a75634adc39b18,1,raw_data/0x33b44a1d150f3feaa40503ad20a75634adc39b18/TimeCapsule.sol,1
0xae3bf0f077ed66dda9fb1b5475942c919ef3bb0d,1,raw_data/0xae3bf0f077ed66dda9fb1b5475942c919ef3bb0d/Sandstone.sol,1
0x8be4ed8fb9136b798e75cc70940157628637302b,0,raw_data/0x8be4ed8fb9136b798e75cc70940157628637302b/UserWallet.sol,1
0x83a9b280103b3217f03cb4149bafb9d9f4c6904b,0,raw_data/0x83a9b280103b3217f03cb4149bafb9d9f4c6904b/UserWallet.sol,1
0x762e2868ae665bfdbb8190bd0450b977bfaf5c28,0,,0
0xe799a8fd37ee4ef0946459bba3222aebb2be251a,0,,0
0x9c48382d0d3227337851ac5d904c2079a05f858e,0,raw_data/0x9c48382d0d3227337851ac5d904c2079a05f858e/UserWallet.sol,1
0x227a0fe0028d884f667c7e01db4532e13ed65df6,0,,0
0xa0174f796d3b901adaa16cfbb589330462be0329,1,raw_data/0xa0174f796d3b901adaa16cfbb589330462be0329/PrivateInvestment.sol,1
0x5ee9d70ae0e3b1949a802251ca55e6293ff49313,1,raw_data/0x5ee9d70ae0e3b1949a802251ca55e6293ff49313/Plucker.sol,1
0x1d50e5622f6a1e52059aa3660aa49d17b0872145,0,,0
0xdad02644b70cbb20dec56d25282ddc65bb7805a1,1,raw_data/0xdad02644b70cbb20dec56d25282ddc65bb7805a1/Transfer.sol,1
0x39f9abd69eb5dfbc7dff2f4f11ba329251ece5d1,0,,0
0x75b679bb4ddc8c77ffc5b33f1d139dc9d8f9f51f,1,raw_data/0x75b679bb4ddc8c77ffc5b33f1d139dc9d8f9f51f/Arbitrum.sol,1
0x7855db143c1eb6ead3fd795481994c15720a2897,1,raw_data/0x7855db143c1eb6ead3fd795481994c15720a2897/GreenToken.sol,1
0x87d83289bd557837ac9ece20bf4cbb9e942ecf69,0,raw_data/0x87d83289bd557837ac9ece20bf4cbb9e942ecf69/UserWallet.sol,1
0xa610723ada7889825bbb6e76dd9155b6ee0b8905,1,raw_data/0xa610723ada7889825bbb6e76dd9155b6ee0b8905/EMOJI.sol,1
0x67fe8dbf5ed0aa9d7a127e5e061d715a1eff3712,1,raw_data/0x67fe8dbf5ed0aa9d7a127e5e061d715a1eff3712/ExpERC20Token.sol,1
0xeca0d7e398ee6806696f15d722029d78337ac079,0,,0
0xd9a84fa6b014a307330f8af0bfa7f519f7604b81,1,raw_data/0xd9a84fa6b014a307330f8af0bfa7f519f7604b81/QuakeArenaNFT.sol,1
0xe29246b88d5e433ffa21b513bd0303d1faea89ef,0,raw_data/0xe29246b88d5e433ffa21b513bd0303d1faea89ef/UserWallet.sol,1
0x7f13885239b6167cf1ed6994a1a222b1c2bef9f2,0,,0
0xb25736b92689b70387ff07344ba52f279e405d6b,0,,0
0xeb9a4b185816c354db92db09cc3b50be60b901b6,0,raw_data/0xeb9a4b185816c354db92db09cc3b50be60b901b6/OriginSportToken.sol,1
0x0dbce1083e55d34a7763558e5eedef04e4d93d85,1,raw_data/0x0dbce1083e55d34a7763558e5eedef04e4d93d85/DYDZ.sol,1
0x78d9a4f9303f97ef99f152bf0474d017c6ebb972,0,,0
0x70c01853e4430cae353c9a7ae232a6a95f6cafd9,1,raw_data/0x70c01853e4430cae353c9a7ae232a6a95f6cafd9/TestBank.sol,1
0x7acb62d2deb2edaf6c42498e6f9ed00b16f2e78d,0,,0
0x19d1b3082677519010937e912c99d5849d140865,0,,0
0xdc254e1901cda0b8c5a2ec13fa058dbedf85cd29,0,,0
0x336a9d946bb170d997b4443ff25b2911df56da59,1,raw_data/0x336a9d946bb170d997b4443ff25b2911df56da59/RatTrap.sol,1
0xee84b8be22ec5635ea6177a8172ed915728ba8f2,1,raw_data/0xee84b8be22ec5635ea6177a8172ed915728ba8f2/Gel.sol,1
0xc1b2b9b859acc555c3231318002bffbedb66b545,1,raw_data/0xc1b2b9b859acc555c3231318002bffbedb66b545/CATE.sol,1
0x8fac4e9b281b5bf0153b30ac7e053b930f12c334,0,raw_data/0x8fac4e9b281b5bf0153b30ac7e053b930f12c334/Forwarder.sol,1
0xeee39bc144a5fa2d23b285350147d014723b8ab9,0,raw_data/0xeee39bc144a5fa2d23b285350147d014723b8ab9/UserWallet.sol,1
0x56eabfc3abf1a51f8779983ba8fea830f7c26454,0,,0
0x1f4949def30b04ba36a0fa03d9f5a6df88e1c642,0,,0
0xee89e957d4a8c162f1113aaa164995ad058446a8,0,,0
0xb580478033099cab009e3e71ef638a0268b4b9f9,0,,0
0xc6c2411d78af77209c59b759d3f23c87a5450be3,1,raw_data/0xc6c2411d78af77209c59b759d3f23c87a5450be3/CoinToken.sol,1
0xfa8a1f358a8c6052740de869ab5cc43e0fa04ef0,0,raw_data/0xfa8a1f358a8c6052740de869ab5cc43e0fa04ef0/LockToken.sol,1
0x9352d363c9f81dcf9f4e06ddf6c4f73402fb35ea,1,raw_data/0x9352d363c9f81dcf9f4e06ddf6c4f73402fb35ea/ParagonsDAO.sol,1
0x23c59e1cd51d8a116675f83b5edc755a4c53af56,1,raw_data/0x23c59e1cd51d8a116675f83b5edc755a4c53af56/Fei.sol,1
0x1dfe572c25ca0520803a180f4dd759b7b5c094ad,0,,0
0xe4b4ed26e5a1cef541ab0a5d609df2912c5516b1,0,raw_data/0xe4b4ed26e5a1cef541ab0a5d609df2912c5516b1/ProductProtocolToken.sol,1
0xd54835ab54d4e658f8155e423c11c0fad4d43ce8,1,raw_data/0xd54835ab54d4e658f8155e423c11c0fad4d43ce8/TigerSwap.sol,1
0x8bab04f1ed70bbee190989b477fd26b7bda5bade,0,,0
0xa35c4f0add987f36ff16cdfcb893860c9750e85c,0,raw_data/0xa35c4f0add987f36ff16cdfcb893860c9750e85c/UserWallet.sol,1
0xf420e97a6601f860e496f39aefadffe8e9bca252,0,raw_data/0xf420e97a6601f860e496f39aefadffe8e9bca252/UserWallet.sol,1
0xa9636222afa20e1511628dc1e0bde31a8ee12947,1,raw_data/0xa9636222afa20e1511628dc1e0bde31a8ee12947/ShibCMSN.sol,1
0xc5290fcf1393cf04dd1f53d48a4b4157ac42e503,0,raw_data/0xc5290fcf1393cf04dd1f53d48a4b4157ac42e503/UserWallet.sol,1
0xf534f39a57ff41c301e754eeb9ca2dc81260a4ee,0,,0
0x5d96ffa2a659c61b1d5676de5090736b8b9389b7,1,raw_data/0x5d96ffa2a659c61b1d5676de5090736b8b9389b7/MBIRD.sol,1
0x6bfabf7783affad24e4a2897d5f3cbbcd26941fe,1,raw_data/0x6bfabf7783affad24e4a2897d5f3cbbcd26941fe/SealCore.sol,1
0x82caa87d95124cd9c8a8d8fed310cfb3ffb1e35a,0,,0
0xa3b7653c5b1c0d95b05ba48063e8592a1235c2ac,0,raw_data/0xa3b7653c5b1c0d95b05ba48063e8592a1235c2ac/UserWallet.sol,1
0x9e52e6861bee69f8138a7b715735a9de81f0c6d8,0,,0
0xc19f837a02991a01f7456503ab28a19b64f17607,1,raw_data/0xc19f837a02991a01f7456503ab28a19b64f17607/TokenBEP20.sol,1
0x4bcb1a8e5c31c44876889b98c55e2f8310894f19,1,raw_data/0x4bcb1a8e5c31c44876889b98c55e2f8310894f19/FABLE.sol,1
0x3646259fb4fbce6ad0aa32ec79ae4b0ce43757b0,0,,0
0xa4e0104085017800567d72a0bfa864b88018a318,1,raw_data/0xa4e0104085017800567d72a0bfa864b88018a318/SifchainFinance.sol,1
0xbe8aa8829fa6ae4a7c78fa2ec11cbdbc81fe72a3,0,,0
0x5680b79b4c75f1f2bcded181be0729d5d8573775,1,raw_data/0x5680b79b4c75f1f2bcded181be0729d5d8573775/ERC20.sol,1
0xc95c78b32e5158407e1b9659561a2944f4346f03,0,raw_data/0xc95c78b32e5158407e1b9659561a2944f4346f03/UserWallet.sol,1
0xb82aa446946d89c1372153e9db07973109bc6be8,0,raw_data/0xb82aa446946d89c1372153e9db07973109bc6be8/Forwarder.sol,1
0x4d200a0a7066af311baba7a647b1cce54ae2f9a5,1,raw_data/0x4d200a0a7066af311baba7a647b1cce54ae2f9a5/Gift__1_ETH.sol,1
0x1d0806c2c8e69c7c10357ee1f010d1584e0213c2,1,raw_data/0x1d0806c2c8e69c7c10357ee1f010d1584e0213c2/YAT.sol,1
0xe34e9e65f677dff45cf88771109fcd9049486cdf,1,raw_data/0xe34e9e65f677dff45cf88771109fcd9049486cdf/UniswapExchange.sol,1
0x7a8721a9d64c74da899424c1b52acbf58ddc9782,1,raw_data/0x7a8721a9d64c74da899424c1b52acbf58ddc9782/PrivateDeposit.sol,1
0x61402cad3249386d52df06ba253e6266dfe40475,1,raw_data/0x61402cad3249386d52df06ba253e6266dfe40475/ERC20.sol,1
0x0a2aed8debddb2ce3ab4ada1a49b06f42e214e3f,1,raw_data/0x0a2aed8debddb2ce3ab4ada1a49b06f42e214e3f/Titan.sol,1
0xbe1de9c82bba374389d5ea048089f472d7035a7f,1,raw_data/0xbe1de9c82bba374389d5ea048089f472d7035a7f/SPACEX.sol,1
0x8f3d275e5db7774b37059b10ab0827244d7545ae,0,raw_data/0x8f3d275e5db7774b37059b10ab0827244d7545ae/UserWallet.sol,1
0x7d12e8dcd93fd5ff15955ff6d926590e0f8be222,1,raw_data/0x7d12e8dcd93fd5ff15955ff6d926590e0f8be222/ERC20.sol,1
0x6897e2d556387ccb574e6ab7857ffd6ab8020fe2,0,,0
0x7fa2f486a6f318d20bc3978e5f5271f460cb57dd,1,raw_data/0x7fa2f486a6f318d20bc3978e5f5271f460cb57dd/XDAO.sol,1
0x1af0b9c47e5d5e33c2eeb8f75657c9b6a4747251,1,raw_data/0x1af0b9c47e5d5e33c2eeb8f75657c9b6a4747251/TRQ.sol,1
0xc4023c7c8cfda5186de24d20c7134be8bcf23d74,1,raw_data/0xc4023c7c8cfda5186de24d20c7134be8bcf23d74/IMPACT.sol,1
0x61db2fb090d890ea9fc09dd837fd47cf2f92ee26,1,raw_data/0x61db2fb090d890ea9fc09dd837fd47cf2f92ee26/ANT1GOON.sol,1
0xcc96f6b7db56e8d4ccaee3a6346137cb26cb307b,0,raw_data/0xcc96f6b7db56e8d4ccaee3a6346137cb26cb307b/UserWallet.sol,1
0x5d5c842499f49f856c1ee246dea3bfd302f04545,0,raw_data/0x5d5c842499f49f856c1ee246dea3bfd302f04545/Forwarder.sol,1
0x362c08e4de83bb4ffcee7d13d71db6b9bc02daba,0,,0
0x8df36b9bb1e0e1ca7bde0423fc2b180e0a1ac232,1,raw_data/0x8df36b9bb1e0e1ca7bde0423fc2b180e0a1ac232/ERC20.sol,1
0x6382d7cdd8eb96b1ec0303e63778f408b1aa41fd,0,raw_data/0x6382d7cdd8eb96b1ec0303e63778f408b1aa41fd/UserWallet.sol,1
0xbe3415729d5fe14130f8c58c2e20cb13a205896e,1,raw_data/0xbe3415729d5fe14130f8c58c2e20cb13a205896e/Shibasia.sol,1
0x0eb3b4e36f474d64fb15dbc2225e4310d6d7deda,0,raw_data/0x0eb3b4e36f474d64fb15dbc2225e4310d6d7deda/UserWallet.sol,1
0xd7cfb207d78f174d2ce6f2b0455da0f8c9edb4dc,1,raw_data/0xd7cfb207d78f174d2ce6f2b0455da0f8c9edb4dc/DotmoovsToken.sol,1
0x09fc701c14844568b8dd262cf447ac92e417089b,0,,0
0xd26ec4aef4e11027221ec48841504f32d05d38e6,0,,0
0x2376c2358e6d20d3954c80f6a5ae1f00adeefffe,0,raw_data/0x2376c2358e6d20d3954c80f6a5ae1f00adeefffe/UserWallet.sol,1
0x5c040d3a8143d6eb606f559ef7aaaa8b38eab927,0,,0
0x8e6849acfd76f38beabce5b774eaf270364286a7,0,raw_data/0x8e6849acfd76f38beabce5b774eaf270364286a7/UserWallet.sol,1
0xc13937940132eedc133e91dc5652a524e8ddc465,0,,0
0x4b7d5fda50eb657a53c65884df17f3461791e578,0,,0
0x03c9436d54db599018842387d9d6075d81580726,1,raw_data/0x03c9436d54db599018842387d9d6075d81580726/UniswapExchange.sol,1
0x75a17f41d2e11201f0b1f445fa3f5c2f7eeaa2ab,1,raw_data/0x75a17f41d2e11201f0b1f445fa3f5c2f7eeaa2ab/FABLE.sol,1
0xc4477a5bcc2cee83b2092177fcc49cf187db8a5b,0,,0
0x155d0d3a8598d50c95d0d7ae1356b4b619b1589c,1,raw_data/0x155d0d3a8598d50c95d0d7ae1356b4b619b1589c/ZEUS42069.sol,1
0x01b21934ba28dfd8a22c4d21c710290500a5081f,1,raw_data/0x01b21934ba28dfd8a22c4d21c710290500a5081f/SmallRoulette.sol,1
0x90b6082ae77e5fb8e5214e9c7cc18bade7be7693,1,raw_data/0x90b6082ae77e5fb8e5214e9c7cc18bade7be7693/Montero.sol,1
0x629ec9c057da763d17664d37b858af75f0523c08,0,raw_data/0x629ec9c057da763d17664d37b858af75f0523c08/UserWallet.sol,1
0x1521074a4423265c7c9ddd88296997eaea210dc5,1,raw_data/0x1521074a4423265c7c9ddd88296997eaea210dc5/UniswapExchange.sol,1
0xddad0f29454cc9788a022f5d9db2fe335ffaea6d,1,raw_data/0xddad0f29454cc9788a022f5d9db2fe335ffaea6d/METAS.sol,1
0xf0708e3e7ba7147c0ead84114f0dacf3e7d10329,0,raw_data/0xf0708e3e7ba7147c0ead84114f0dacf3e7d10329/UserWallet.sol,1
0x6672415ad8ad712e3c7f20223068e26f53d13bf5,1,raw_data/0x6672415ad8ad712e3c7f20223068e26f53d13bf5/ERC20.sol,1
0x9e3ca09cdcf4d7c891b740061e287fd9289509de,0,,0
0x9b87a343d40aa5e19c6551b9aa47299a44668adf,0,,0
0xf70d589d76eebdd7c12cc5eec99f8f6fa4233b9e,1,raw_data/0xf70d589d76eebdd7c12cc5eec99f8f6fa4233b9e/WhaleGiveaway2.sol,1
0x16aae4b322501c339ed31a41fb915ae305528585,1,raw_data/0x16aae4b322501c339ed31a41fb915ae305528585/Quizzo.sol,1
0x5bdb5940bb37a1d94e193ce45b7d0a44ac42ef22,0,raw_data/0x5bdb5940bb37a1d94e193ce45b7d0a44ac42ef22/UserWallet.sol,1
0x60c0c6be92b7b435474ac426e5f7ac3249721f24,1,raw_data/0x60c0c6be92b7b435474ac426e5f7ac3249721f24/BONE.sol,1
0x86715bd57b85f9a964747c32136e8e9739c5deb3,1,raw_data/0x86715bd57b85f9a964747c32136e8e9739c5deb3/ERC20.sol,1
0xf41508920bfc0e78e8080ca1603aba6a363fc587,1,raw_data/0xf41508920bfc0e78e8080ca1603aba6a363fc587/TokenContract.sol,1
0xb35bbac9157cd7552da93ac8785c64550663fe4a,1,raw_data/0xb35bbac9157cd7552da93ac8785c64550663fe4a/TakmorDAO.sol,1
0xd99c3a7480fcd5f4f8ada0e7a32d4c3d2099af36,0,raw_data/0xd99c3a7480fcd5f4f8ada0e7a32d4c3d2099af36/UserWallet.sol,1
0x80f28d8954ac16a7d2511426731a79b4c1253edd,0,raw_data/0x80f28d8954ac16a7d2511426731a79b4c1253edd/UserWallet.sol,1
0x95d388bf8bf6cf049957e2a29b31fbd54a46d728,1,raw_data/0x95d388bf8bf6cf049957e2a29b31fbd54a46d728/ERC20.sol,1
0xfe8baaf8b7dfe338e33640cbd13cc9e3016f0626,0,raw_data/0xfe8baaf8b7dfe338e33640cbd13cc9e3016f0626/Forwarder.sol,1
0x07d33756f0954b5fbd186c70af404ecce1932b44,0,raw_data/0x07d33756f0954b5fbd186c70af404ecce1932b44/Crowdsale.sol,1
0xb45af98ba34a22ebfbbdc3183176600093f63237,1,raw_data/0xb45af98ba34a22ebfbbdc3183176600093f63237/DLTA.sol,1
0xa5a33246a23fae3061519f56282d21f96e77830a,0,,0
0x062e659a3c8991bc1739e72c68edb9ac7b5a8ca7,1,raw_data/0x062e659a3c8991bc1739e72c68edb9ac7b5a8ca7/RouletteGame.sol,1
0x64e57b5a16998874bd93d317e659da96e868ddcc,1,raw_data/0x64e57b5a16998874bd93d317e659da96e868ddcc/SHIBARMY.sol,1
0xe822d16c4a9e17ca2480ac62e4627a89de3ccea8,1,raw_data/0xe822d16c4a9e17ca2480ac62e4627a89de3ccea8/PAD.sol,1
0xdec94f0eef0723052e0ac4a47a8fdef7a54a2f69,0,,0
0x4d3c14f7316e63d236f4a7476f75acb5c052c1f7,0,,0
0xf3b935b18e1e5e9ccdbea70bd46282463947c818,0,raw_data/0xf3b935b18e1e5e9ccdbea70bd46282463947c818/UserWallet.sol,1
0x7acf1ac9b4dd1b1fd7a0e9bcfb598922607d816d,0,raw_data/0x7acf1ac9b4dd1b1fd7a0e9bcfb598922607d816d/UserWallet.sol,1
0x952374fb2f8f8c63e5d9a43252e62f7efc1f4429,1,raw_data/0x952374fb2f8f8c63e5d9a43252e62f7efc1f4429/BONE.sol,1
0x45c877a85b81759ac1e4f6bca6beab1f10085353,0,raw_data/0x45c877a85b81759ac1e4f6bca6beab1f10085353/UserWallet.sol,1
0x39a537a127922aa00c9f34686966db153cb23f9f,1,raw_data/0x39a537a127922aa00c9f34686966db153cb23f9f/BurpERC20Token.sol,1
0xfcb73b36a05a061e0257cd557a52251e4cf618e2,0,raw_data/0xfcb73b36a05a061e0257cd557a52251e4cf618e2/UserWallet.sol,1
0xc0afaae7e9bed90b999ee1bf136f88132b059a1d,0,raw_data/0xc0afaae7e9bed90b999ee1bf136f88132b059a1d/UserWallet.sol,1
0xb6693d3eeaf38c4c4a166b6d734da33aaafc9df4,0,raw_data/0xb6693d3eeaf38c4c4a166b6d734da33aaafc9df4/UserWallet.sol,1
0x14c926f2290044b647e1bf2072e67b495eff1905,1,raw_data/0x14c926f2290044b647e1bf2072e67b495eff1905/BethereumToken.sol,1
0x2d027fcae8ea8fdd04d40fe274fa644adb1a526c,0,,0
0x0df182c1b6418917293484027a48f7be63b32088,1,raw_data/0x0df182c1b6418917293484027a48f7be63b32088/HEXPOD.sol,1
0x6a0f9b494064d1009a954b4947248e3a137ab059,0,,0
0xd950ac30fc7796fd1d53e698c21fef3736625fc5,0,raw_data/0xd950ac30fc7796fd1d53e698c21fef3736625fc5/UserWallet.sol,1
0x7fa9c57ed8924337938f3ea5d17c9054a3b09b21,0,raw_data/0x7fa9c57ed8924337938f3ea5d17c9054a3b09b21/AutoWallet.sol,1
0xd022969da8a1ace11e2974b3e7ee476c3f9f99c6,1,raw_data/0xd022969da8a1ace11e2974b3e7ee476c3f9f99c6/PreSaleFund.sol,1
0x6f8acc0d62916089088dacfb15148176111c0f69,0,,0
0xf90c1cebec99d90bec5c915ac881bc02c32df11f,1,raw_data/0xf90c1cebec99d90bec5c915ac881bc02c32df11f/Tona.sol,1
0xea14318b721e5552ab8da95eff0b7d9352731bbb,1,raw_data/0xea14318b721e5552ab8da95eff0b7d9352731bbb/BONE.sol,1
0x3ea48b200cfda39041916763e8cb6d873cebed05,0,,0
0x129e719c424a7a6fbdeb7ca3d65186892d54ea8c,1,raw_data/0x129e719c424a7a6fbdeb7ca3d65186892d54ea8c/QUIZ_GAME.sol,1
0x877664f7df9c9df1a077e4068e4dcae9b33fb2b0,1,raw_data/0x877664f7df9c9df1a077e4068e4dcae9b33fb2b0/BONE.sol,1
0x9d0ce155c21cd3213aea3dee05c7e1429c04b9f2,0,raw_data/0x9d0ce155c21cd3213aea3dee05c7e1429c04b9f2/UserWallet.sol,1
0xa0af7f736d28abe150a2ca15aae1112cad030a32,1,raw_data/0xa0af7f736d28abe150a2ca15aae1112cad030a32/MartVerse.sol,1
0x2ee3190f72aa70d58e3e7ea03205c261a022e9d6,0,,0
0x79b1b53aa068742e4333d47e28ae5cb2f8e71aaa,1,raw_data/0x79b1b53aa068742e4333d47e28ae5cb2f8e71aaa/UniswapExchange.sol,1
0xebd9f21cef56f48a5f0c523d10e649d9a8e9d240,0,raw_data/0xebd9f21cef56f48a5f0c523d10e649d9a8e9d240/UserWallet.sol,1
0x5c4e88ca6e4c7df37a9ebc5650eec6ceedbaafb5,1,raw_data/0x5c4e88ca6e4c7df37a9ebc5650eec6ceedbaafb5/Discord.sol,1
0x498084f26dddd677a8117c83084c3ea637f5a50f,1,raw_data/0x498084f26dddd677a8117c83084c3ea637f5a50f/MarshallInu.sol,1
0xb03490f286cb4df472e6c43e9bae0238c7d9a13a,1,raw_data/0xb03490f286cb4df472e6c43e9bae0238c7d9a13a/BinanceNFT.sol,1
0x2cc7631e547a6c732090c9c03db523b17578e3a0,0,,0
0x13663a5a793dacd6620a6b970be8f0364812b7d7,1,raw_data/0x13663a5a793dacd6620a6b970be8f0364812b7d7/UniswapExchange.sol,1
0x8ad47fe7e5efdf6eec65d24930da27f9cf89e1ae,1,raw_data/0x8ad47fe7e5efdf6eec65d24930da27f9cf89e1ae/DragonKyla.sol,1
0xe6ada200c4e52aff6bbdef9337f171e0a818a429,0,raw_data/0xe6ada200c4e52aff6bbdef9337f171e0a818a429/UserWallet.sol,1
0xf5a12f67d2a53b5af7478b85da5c622101c2ff34,1,raw_data/0xf5a12f67d2a53b5af7478b85da5c622101c2ff34/NARUTO.sol,1
0x6ff79790cd542729702a73e3604934a944ca388a,1,raw_data/0x6ff79790cd542729702a73e3604934a944ca388a/KISHUSWAP.sol,1
0x9d335bb5836f167ea16a2401214957de3cbbcecb,1,raw_data/0x9d335bb5836f167ea16a2401214957de3cbbcecb/SIL.sol,1
0xecdc6df2a548ef5683f9ea5bfe9c48da46356fb1,0,,0
0x73bffeb53906a1f657cdc2ffa8433f712a055f1b,1,raw_data/0x73bffeb53906a1f657cdc2ffa8433f712a055f1b/NewYearn.sol,1
0xc304349d7cc07407b7844d54218d29d1a449b854,1,raw_data/0xc304349d7cc07407b7844d54218d29d1a449b854/GIFT_FOR_MIKLE.sol,1
0x0e5316eebb5f00f6905658b937be9cc29cb475e8,0,,0
0x653ca77972818a0a8588a2ebe11866bdc1593fb3,1,raw_data/0x653ca77972818a0a8588a2ebe11866bdc1593fb3/ASTRO.sol,1
0x0d9d6902d64a1fbfcee2762f23a5d0996ade553c,1,raw_data/0x0d9d6902d64a1fbfcee2762f23a5d0996ade553c/BONE.sol,1
0xa53f5c6193e9f4032a91de28adb1ae23438a7643,0,,0
0x9b11efcaaa1890f6ee52c6bb7cf8153ac5d74139,1,raw_data/0x9b11efcaaa1890f6ee52c6bb7cf8153ac5d74139/ATMToken.sol,1
0x32f259814609e063ee7e7ed5d0f94b02af14a5db,0,raw_data/0x32f259814609e063ee7e7ed5d0f94b02af14a5db/UserWallet.sol,1
0x2fee96cd4ebb0fdd5e0b70474f6929fb2de45974,0,,0
0x36c9ca0ebb4bb6b33db0eaee6f5323814f357cb1,1,raw_data/0x36c9ca0ebb4bb6b33db0eaee6f5323814f357cb1/Infinity.sol,1
0x80d9b122dc3a16fdc41f96cf010ffe7e38d227c3,0,raw_data/0x80d9b122dc3a16fdc41f96cf010ffe7e38d227c3/Pub.sol,1
0x17b7b0ceda671bfbd9258f4a4a553042072152e4,1,raw_data/0x17b7b0ceda671bfbd9258f4a4a553042072152e4/Unagii.sol,1
0x9f083c2ca47fd6917d118a62675a55bb19a8b7e6,1,raw_data/0x9f083c2ca47fd6917d118a62675a55bb19a8b7e6/ERC20.sol,1
0xcbeaec699431857fdb4d37addbbdc20e132d4903,1,raw_data/0xcbeaec699431857fdb4d37addbbdc20e132d4903/YOYOW.sol,1
0x77d8310e583822f89688fb474ebec53b50368cdc,0,raw_data/0x77d8310e583822f89688fb474ebec53b50368cdc/UserWallet.sol,1
0x86af6f36d1b1f579b70d99665f4f301527973a16,0,,0
0xf20d670a5dc7289a8e4231f2311fa206f7b2816b,0,,0
0x99e68dc19fe39d69e3299b04c1c4c6683be9f593,0,,0
0x7694fdeb8d2a21c70f7ac7ed31d15e0b25070066,1,raw_data/0x7694fdeb8d2a21c70f7ac7ed31d15e0b25070066/LEV.sol,1
0x44498e9282e5b63a8e97f5cc20850ec8e703acf0,0,,0
0x86c2b85fd87d360ace3df81e2875a0c8865e4067,1,raw_data/0x86c2b85fd87d360ace3df81e2875a0c8865e4067/Tubby.sol,1
0xe3948f634ebb98d15a70598f423d2cf7d7ae322e,0,,0
0xec91d9da60cb103f1968dac60c879665dcdf2853,0,,0
0xc7241404e5acc5eee8a7c2cd4e0716d4e5179224,0,raw_data/0xc7241404e5acc5eee8a7c2cd4e0716d4e5179224/UserWallet.sol,1
0x977344511012380d404f5c939f8d8ca210c8b8a8,0,raw_data/0x977344511012380d404f5c939f8d8ca210c8b8a8/LockToken.sol,1
0xd4340609d39eb7d49afc4455c25a6465fc6b6f9a,0,raw_data/0xd4340609d39eb7d49afc4455c25a6465fc6b6f9a/LockToken.sol,1
0x81b462c9e26f8421d18b9ad933db6707497ad50d,1,raw_data/0x81b462c9e26f8421d18b9ad933db6707497ad50d/UniswapExchange.sol,1
0x22c186b8093f5e3fd0f58f3d66de71f05eba2ccc,0,,0
0x6af32f358ae45e37c90f901cc8df458ed341b4fd,0,raw_data/0x6af32f358ae45e37c90f901cc8df458ed341b4fd/Forwarder.sol,1
0x4fc8f0d1190896f5a60afed2cc09ec05aab74255,0,raw_data/0x4fc8f0d1190896f5a60afed2cc09ec05aab74255/UserWallet.sol,1
0x9cb6dd255a6bbe32130ce645ec45c0a3e9d87a4a,1,raw_data/0x9cb6dd255a6bbe32130ce645ec45c0a3e9d87a4a/NovaMind.sol,1
0xfc8784ccfc5d9d7b8b89dbb36d16cf188a82d841,0,raw_data/0xfc8784ccfc5d9d7b8b89dbb36d16cf188a82d841/UserWallet.sol,1
0xd1df4617efe82e8d0a476f8d4505385a612404de,1,raw_data/0xd1df4617efe82e8d0a476f8d4505385a612404de/RAZE.sol,1
0xb0c1e30c87cb1f7e985448e6cdf2193581ee6b04,0,,0
0x841a104dce76b6980340271f906ca90afc574155,0,raw_data/0x841a104dce76b6980340271f906ca90afc574155/UserWallet.sol,1
0x48c1b2f3efa85fbafb2ab951bf4ba860a08cdbb7,1,raw_data/0x48c1b2f3efa85fbafb2ab951bf4ba860a08cdbb7/HAND.sol,1
0xf083152d814a747e15bb143c78e3054a59201a51,0,raw_data/0xf083152d814a747e15bb143c78e3054a59201a51/Forwarder.sol,1
0x1536e1f38f1d262137d738bff26ab72a3cf1955d,1,raw_data/0x1536e1f38f1d262137d738bff26ab72a3cf1955d/RAYDIUM.sol,1
0x307c6cfa88ab0b513eb8d7056b438711586375e3,0,,0
0x09bab8aea852fb8a820f5376105ff895ab442278,0,raw_data/0x09bab8aea852fb8a820f5376105ff895ab442278/Forwarder.sol,1
0xed28ef42af3a742c9ccbc897210c61f6d468a439,1,raw_data/0xed28ef42af3a742c9ccbc897210c61f6d468a439/POLYELON.sol,1
0x8a16006a5962bcfac364e582aa3a7b0acef8ed6a,1,raw_data/0x8a16006a5962bcfac364e582aa3a7b0acef8ed6a/GAMEE.sol,1
0x90467861a8b1ef2357371d7898a761e48ec36bc1,0,raw_data/0x90467861a8b1ef2357371d7898a761e48ec36bc1/UserWallet.sol,1
0x5454f57a4fc2a4aa642298d0c4f379013f803157,1,raw_data/0x5454f57a4fc2a4aa642298d0c4f379013f803157/Connectivedao.sol,1
0xba839bc49dd509d15df940bc5fdb0f4cab6ae5fe,1,raw_data/0xba839bc49dd509d15df940bc5fdb0f4cab6ae5fe/Orihara.sol,1
0x1daa46cff464143a2248f11eafcec6e18079fd58,0,raw_data/0x1daa46cff464143a2248f11eafcec6e18079fd58/Forwarder.sol,1
0x0bd15f0e5d2f8abf2a0a898bee852486fdc57b12,0,,0
0x02f95f9550a4dd401a81c743cb9a5253c7bacbde,0,,0
0x60496e89b647ee2c2e9501327bd8c834cb22a13b,1,raw_data/0x60496e89b647ee2c2e9501327bd8c834cb22a13b/ERC20.sol,1
0x42b90792c8a58437b7fae2911e7d7d2d29f96b43,0,,0
0xc315df5c45b8802e9617705a0f0997340690c7c1,1,raw_data/0xc315df5c45b8802e9617705a0f0997340690c7c1/ERC20.sol,1
0x00d82d85396facbb63a99ddb1d31b5cf35bba43a,0,,0
0xe53fc700a304a2335a8cddb8f25025fecbf1455d,0,raw_data/0xe53fc700a304a2335a8cddb8f25025fecbf1455d/Forwarder.sol,1
0x3f06078e59fc3398b3dcc8a243cd2f7ae445ec85,0,raw_data/0x3f06078e59fc3398b3dcc8a243cd2f7ae445ec85/UserWallet.sol,1
0xd6e0038d7ce6d8c08c25b1ed0c338f84e92cf025,0,raw_data/0xd6e0038d7ce6d8c08c25b1ed0c338f84e92cf025/TokenTimelock.sol,1
0xb130a7e1a5de36a37ec68e135d04ba940681d2fa,1,raw_data/0xb130a7e1a5de36a37ec68e135d04ba940681d2fa/FIFAPE.sol,1
0x6357865d91ebc7d772c53d90c3c3ae750197acbc,1,raw_data/0x6357865d91ebc7d772c53d90c3c3ae750197acbc/Coin.sol,1
0x08642e5577c6cacbc962c88db525f1a2fffc8d7b,0,raw_data/0x08642e5577c6cacbc962c88db525f1a2fffc8d7b/UserWallet.sol,1
0x03653ecf22259dec93f0573988ee6635f07b6604,0,,0
0x32f8dc774cf9e519f2c66675a03782053734cce8,0,raw_data/0x32f8dc774cf9e519f2c66675a03782053734cce8/DGDb_Auction.sol,1
0xfbd9dca39ff28e7fdb0cc5e32709dc13c8945e16,0,,0
0x282660f07c82099578e5a7f959d91d188d28e14d,0,raw_data/0x282660f07c82099578e5a7f959d91d188d28e14d/Forwarder.sol,1
0xdd4164fc65eeed67fc547e01324a4076b0776980,1,raw_data/0xdd4164fc65eeed67fc547e01324a4076b0776980/DFL.sol,1
0x82365e957e2e6c0e8fe8e2db35af620816d44c1e,1,raw_data/0x82365e957e2e6c0e8fe8e2db35af620816d44c1e/ERC20.sol,1
0x618f39fcd9dc3ad77bbb27fc34b268d1ac4caed0,0,raw_data/0x618f39fcd9dc3ad77bbb27fc34b268d1ac4caed0/UserWallet.sol,1
0x11e86e8fa83b0828fea2f79529ceb69bb56f558d,0,,0
0x9a1fcb083e1f96d800f3dfcda60d18a3e5e2b34f,0,,0
0x06e9d8584c5b97beba8541dedfd5cd66908ff730,0,raw_data/0x06e9d8584c5b97beba8541dedfd5cd66908ff730/DSProxy.sol,1
0x13643aacc028fbaae4543401d0a753511cdee3b7,1,raw_data/0x13643aacc028fbaae4543401d0a753511cdee3b7/CRACKINU.sol,1
0xdf0410007901c8b9fd323f2e278df3445a59556b,0,raw_data/0xdf0410007901c8b9fd323f2e278df3445a59556b/UserWallet.sol,1
0x9d077caa5915e46800c9bed8b13ecc8f9131d760,0,raw_data/0x9d077caa5915e46800c9bed8b13ecc8f9131d760/UserWallet.sol,1
0xaf743f15ffce798b0a7b979578b54211cc98ecf7,0,,0
0x55d7a9ffff4d6d0031655fc78fb13f0252b4e955,1,raw_data/0x55d7a9ffff4d6d0031655fc78fb13f0252b4e955/SOTA.sol,1
0x471c97a71d838b1027c414fb7b099724d76942cb,0,,0
0xcabd10ed33d3fd1df9609f64f53b9efce60f4155,1,raw_data/0xcabd10ed33d3fd1df9609f64f53b9efce60f4155/UniswapExchange.sol,1
0xe49282e140bb705a9fd517fbb26f6558615ce31f,0,,0
0xaf777a0628d8408e6419f359d28b1b81e4078860,0,raw_data/0xaf777a0628d8408e6419f359d28b1b81e4078860/Forwarder.sol,1
0xb65d1999d4b3b55e4e04d614bde46cafa2a21ce2,1,raw_data/0xb65d1999d4b3b55e4e04d614bde46cafa2a21ce2/BONE.sol,1
0x86b5cccab2c573d5321740be15c7b80be235277a,1,raw_data/0x86b5cccab2c573d5321740be15c7b80be235277a/SecretDeFi.sol,1
0xaf41189aed017e8bf37615629f760ece097e5f8d,0,,0
0xa51c62117be6714d93df5ffeff532d831db73afb,1,raw_data/0xa51c62117be6714d93df5ffeff532d831db73afb/Dexlab.sol,1
0xb10bf52185833a00a96862fcad0836986b1536c5,0,,0
0x228dc030d347959ff099c64bc0fa55252921dc82,0,,0
0x75041597d8f6e869092d78b9814b7bcdeeb393b4,1,raw_data/0x75041597d8f6e869092d78b9814b7bcdeeb393b4/Gift_1_ETH.sol,1
0x2b703f40956671dc48215d6d38891558f6fe2416,0,,0
0xd33dbdafee33a8dfc9f7b837312330e46c9f4d0f,0,raw_data/0xd33dbdafee33a8dfc9f7b837312330e46c9f4d0f/LockToken.sol,1
0x2ec4185f5d409c654b9e7853313a173e91f00436,1,raw_data/0x2ec4185f5d409c654b9e7853313a173e91f00436/UniswapExchange.sol,1
0x56ced3581487c2f982b9bb06c6fbb25f86d75f76,0,,0
0xbbbaa52bf010660519eb63aeca418f067c34bd4e,1,raw_data/0xbbbaa52bf010660519eb63aeca418f067c34bd4e/UniswapExchange.sol,1
0xe6fe3e31703b7cfad86db0fd03fa20e2b67d37cb,0,raw_data/0xe6fe3e31703b7cfad86db0fd03fa20e2b67d37cb/UserWallet.sol,1
0x0491eef0024c500b462434cb71868cc484a155b8,0,raw_data/0x0491eef0024c500b462434cb71868cc484a155b8/UserWallet.sol,1
0x93cbc59cced9311d3c26a24b45017bac5d74f708,1,raw_data/0x93cbc59cced9311d3c26a24b45017bac5d74f708/Namida.sol,1
0xe6db0ae1b072b6a85ecb92da51002423ad1cf3c2,0,raw_data/0xe6db0ae1b072b6a85ecb92da51002423ad1cf3c2/UserWallet.sol,1
0x511afa4115821828e4471d0858301c391bfc227f,0,raw_data/0x511afa4115821828e4471d0858301c391bfc227f/UserWallet.sol,1
0x2af0882c4f97e9a5b2119f0b358a4404cfef9b22,0,raw_data/0x2af0882c4f97e9a5b2119f0b358a4404cfef9b22/UserWallet.sol,1
0xf318ce6b0248493f5e094b9c89c59503b5ec2fd4,0,,0
0xf810d6598d093d26735a03549d6690d25d0852a3,0,raw_data/0xf810d6598d093d26735a03549d6690d25d0852a3/OwnableDelegateProxy.sol,1
0x19c366386ed73c276ebf883d9c29a4d9208f54e1,1,raw_data/0x19c366386ed73c276ebf883d9c29a4d9208f54e1/GAC.sol,1
0x0daaeae945c28056e2cf47754d0de9a303e54cd4,1,raw_data/0x0daaeae945c28056e2cf47754d0de9a303e54cd4/veDill.sol,1
0xa16cdcba1d6cb6874ff9fd8a6c8b82a3f834f512,1,raw_data/0xa16cdcba1d6cb6874ff9fd8a6c8b82a3f834f512/Deposit.sol,1
0x2d9ceb3108af8dfb5136c7c88d781507ce600c76,0,,0
0xc453dd0d333ab62dfbe9be76d75e52c289a173b6,1,raw_data/0xc453dd0d333ab62dfbe9be76d75e52c289a173b6/SAUDICULT.sol,1
0x6aca3926832968122cd6f4163b21cfb3542b6dd1,1,raw_data/0x6aca3926832968122cd6f4163b21cfb3542b6dd1/Worldcoin.sol,1
0x24a6a8a7229270a62ed98c812b3ada4f1f1fc0a0,0,,0
0xbbeacf3325f6fca83df1fbd5c8c8ddb5803c53e5,0,,0
0x82c746804cfeb53cd7af7dc4542007f74251a3d0,0,raw_data/0x82c746804cfeb53cd7af7dc4542007f74251a3d0/UserWallet.sol,1
0xcd97d8c83c2523e56a7a533befdfba7b8b3771c6,0,,0
0x30a4b61e2990ee8458bc351d9321565bedd3d7aa,1,raw_data/0x30a4b61e2990ee8458bc351d9321565bedd3d7aa/CancerInu.sol,1
0xe7d092ce4122eae60b31a43cc8b68c4f26062457,0,,0
0x357f69d1e20419083147b00f7609bbbababdf391,1,raw_data/0x357f69d1e20419083147b00f7609bbbababdf391/BabyTrump.sol,1
0xb75a5e36cc668bc8fe468e8f272cd4a0fd0fd773,0,raw_data/0xb75a5e36cc668bc8fe468e8f272cd4a0fd0fd773/Token.sol,1
0x87771cf3ac7595929465a82e9a786e832ee7849f,0,,0
0x14cf9eecc8849f5e5afcefd7d88b26c70bf55382,0,raw_data/0x14cf9eecc8849f5e5afcefd7d88b26c70bf55382/UserWallet.sol,1
0x00a0226d6b429f0fd42ca2c09cd6bb2b66d3a95e,0,raw_data/0x00a0226d6b429f0fd42ca2c09cd6bb2b66d3a95e/UserWallet.sol,1
0x1ac9b824f273c6b14d62acd3c465bf5765918741,0,,0
0x6b0977c7309d1bf44c39d8465f42b0291377af1c,0,raw_data/0x6b0977c7309d1bf44c39d8465f42b0291377af1c/LockToken.sol,1
0xfbd0d35d80b31b4730d50a60ed8c41a053922252,0,,0
0x46ccf7d400f6eaec79367acaa9d410e79f8064fc,0,,0
0xf3f3dd2b5d9f3de1b1ceb6ad84683bf31adf29d1,1,raw_data/0xf3f3dd2b5d9f3de1b1ceb6ad84683bf31adf29d1/SAFE_GIFT.sol,1
0xaa3308cabf0a39b432e310303e7f388b8eb41b9c,1,raw_data/0xaa3308cabf0a39b432e310303e7f388b8eb41b9c/LUCIDTECH.sol,1
0x7b67b5bcc1cc19462148b4891f0227870933906d,0,,0
0x2a67439ab746f59fb7722d6579b1b0fb1fcac208,1,raw_data/0x2a67439ab746f59fb7722d6579b1b0fb1fcac208/VSWAP.sol,1
0xcb55c57caf2b6f9f9274436eccb31d8faf5bf07f,0,raw_data/0xcb55c57caf2b6f9f9274436eccb31d8faf5bf07f/UserWallet.sol,1
0xdf2385d2ad16261f2efb91a490e77a3eea86ffe3,1,raw_data/0xdf2385d2ad16261f2efb91a490e77a3eea86ffe3/ERC20.sol,1
0x79fb69a262471d14064f4c4bcaabca0d6a2e3d85,0,,0
0x63ce6b284ece3bab7526761307de9e045750d665,0,,0
0x35f05d4a52b7fcd8e339e7c94a68a5af066ee202,0,,0
0x49678f3ef925c7382c1e80d55fc13dfeffc717c4,1,raw_data/0x49678f3ef925c7382c1e80d55fc13dfeffc717c4/WENSAM.sol,1
0x1579efe89924325b4d642ce747216d58b5fdf54a,1,raw_data/0x1579efe89924325b4d642ce747216d58b5fdf54a/KiefCoin.sol,1
0x5579f11c0be897f6c290b9a615ab869778e683c9,1,raw_data/0x5579f11c0be897f6c290b9a615ab869778e683c9/EASY.sol,1
0x9b3bee1333df59b1ae79c5734a62896d9d6bc819,1,raw_data/0x9b3bee1333df59b1ae79c5734a62896d9d6bc819/SMAUG.sol,1
0x6a7278a200ebf025f4081418ac83867dfad436ac,0,,0
0xaea5418057d0e37a6e69e588e7f393e946846d62,1,raw_data/0xaea5418057d0e37a6e69e588e7f393e946846d62/CarnieQuiz.sol,1
0x8611f8d9849a70c039b91f452c7cd87861e0200a,1,raw_data/0x8611f8d9849a70c039b91f452c7cd87861e0200a/ERC20.sol,1
0x1cfa8673b0e12ff39a609ba73e8bdaf1a0657ecd,0,,0
0x33e0973883df118acd32dc6d9b94d7968acae109,1,raw_data/0x33e0973883df118acd32dc6d9b94d7968acae109/TraceNetwork.sol,1
0x269fdbd4ab23a838df1880955a311fef6ab95abf,0,,0
0x58783c26d60af17698dae3c419f81d956bcdc128,0,raw_data/0x58783c26d60af17698dae3c419f81d956bcdc128/UserWallet.sol,1
0x5e46cf16babb7aec6ba06fb0dfb825d3b9047c99,0,,0
0xc6a304ef55ef693b485336c04047a4c8cec5c2ae,1,raw_data/0xc6a304ef55ef693b485336c04047a4c8cec5c2ae/FLX.sol,1
0x9291002ff4b1de0a0854a202250f7e87c41f4568,0,,0
0x1c9abbad4fd7f4b81ae768103f097e61fed16cb2,0,raw_data/0x1c9abbad4fd7f4b81ae768103f097e61fed16cb2/UserWallet.sol,1
0xc5ce9c06a0caf0e4cbd90572b6550feafd69b740,1,raw_data/0xc5ce9c06a0caf0e4cbd90572b6550feafd69b740/DEDIC_GIFT.sol,1
0xd1be3e16e5790b955104311ed0af5204b92967cd,1,raw_data/0xd1be3e16e5790b955104311ed0af5204b92967cd/ProofofXen.sol,1
0x698974aae604f19b1e09e1bd4389162abc83dd9c,1,raw_data/0x698974aae604f19b1e09e1bd4389162abc83dd9c/ERC20.sol,1
0x1e4e0045ca298cd84566d1ee648e2c3d877b5127,0,raw_data/0x1e4e0045ca298cd84566d1ee648e2c3d877b5127/UserWallet.sol,1
0x01cf25c7ec19ee5dece80b121121c731037b3d53,1,raw_data/0x01cf25c7ec19ee5dece80b121121c731037b3d53/TokenBEP20.sol,1
0xe6f245bb5268b16c5d79a349ec57673e477bd015,1,raw_data/0xe6f245bb5268b16c5d79a349ec57673e477bd015/AddressLotteryV2.sol,1
0x0dcfb49cc4e4dcf6b4615ac74986c6d6335ffd28,0,,0
0xf33277f6c5310bc926b03b8bdab79dcbcb7fda9e,1,raw_data/0xf33277f6c5310bc926b03b8bdab79dcbcb7fda9e/BONE.sol,1
0x2ee8d6689a611da392ff83960c06ab5c50ddc9f9,0,,0
0x605cd8a8c8b64717cce849e97b029a1a93412d0f,0,raw_data/0x605cd8a8c8b64717cce849e97b029a1a93412d0f/Forwarder.sol,1
0xb2f01c2fbf27ec891771af661a35c5252eb62d25,0,,0
0x741c4da3a77562edc4df5d9e385cc121d8e46af2,1,raw_data/0x741c4da3a77562edc4df5d9e385cc121d8e46af2/SHIBASWAP.sol,1
0x14a6e93c45e2f4f17232526fe84c160117b9c164,0,,0
0x244a835e6de81ce2c8cc185cdf21ff00d81e592b,1,raw_data/0x244a835e6de81ce2c8cc185cdf21ff00d81e592b/ERC20.sol,1
0x3b058f02ce5285f2edeca853f1afb807a4bda0ce,0,,0
0x815af2aa04cc0c7c3891fb3f619ab4535b19b6ec,0,raw_data/0x815af2aa04cc0c7c3891fb3f619ab4535b19b6ec/UserWallet.sol,1
0xbc7351d62c463d8b2417f9a35c4134dbb701b258,1,raw_data/0xbc7351d62c463d8b2417f9a35c4134dbb701b258/DUET.sol,1
0x8c20b3bae58d58278066c1f83bc05aa3b461ea98,0,raw_data/0x8c20b3bae58d58278066c1f83bc05aa3b461ea98/UserWallet.sol,1
0x950247e6697d3e62b80cb49ffd5cb78a1cab7233,1,raw_data/0x950247e6697d3e62b80cb49ffd5cb78a1cab7233/ILLUSION.sol,1
0x2285ad64d809b9cb4324d36be11fa21f9831fbbb,0,,0
0x4c4757b23526ba13876f8ef3efe973618266e3e8,1,raw_data/0x4c4757b23526ba13876f8ef3efe973618266e3e8/UZMINI_KO.sol,1
0x541e88059a4eff35edc8c38bb5a1e7495472288c,1,raw_data/0x541e88059a4eff35edc8c38bb5a1e7495472288c/STOS.sol,1
0xe55335790e0a573b5a11b36a82e404d919de33f8,1,raw_data/0xe55335790e0a573b5a11b36a82e404d919de33f8/ERC20.sol,1
0xfd070a101af68111fb50763fbf93ed55b5828395,0,raw_data/0xfd070a101af68111fb50763fbf93ed55b5828395/Forwarder.sol,1
0x6645e0a9321fa3bae5602616d592e6715d7d3287,0,,0
0xfedb7220507d9cb362ead1c77937e1c2078f24d5,1,raw_data/0xfedb7220507d9cb362ead1c77937e1c2078f24d5/ALPHR.sol,1
0x6907e03a5918165e34401143e43589eb7d3ab26e,0,,0
0x988a24acfbef3c895fe168f93c656126230198d0,0,,0
0x801427e0b00c5aa46f96550e1e33ad7f00077e19,1,raw_data/0x801427e0b00c5aa46f96550e1e33ad7f00077e19/AdminUpgradeablityProxy.sol,1
0x0684a256b8a6434cf10ee81bc1bcdcbba3365daa,1,raw_data/0x0684a256b8a6434cf10ee81bc1bcdcbba3365daa/what_is.sol,1
0xb1891188399ca5905ef2ed02fc05f58931d19f5e,0,raw_data/0xb1891188399ca5905ef2ed02fc05f58931d19f5e/UserWallet.sol,1
0xe541156da00a8c7f9d79f38858d64c9344da7029,1,raw_data/0xe541156da00a8c7f9d79f38858d64c9344da7029/MER.sol,1
0x85c7af2186cbb6710f7e9e752b2cf86883e09ee4,1,raw_data/0x85c7af2186cbb6710f7e9e752b2cf86883e09ee4/caw.sol,1
0x916d7967a82f8d52d0ea46edb95d4f5502bdc4be,0,raw_data/0x916d7967a82f8d52d0ea46edb95d4f5502bdc4be/UserWallet.sol,1
0xf2eb2aef385a4495fa860930c94d796bba060afb,0,raw_data/0xf2eb2aef385a4495fa860930c94d796bba060afb/UserWallet.sol,1
0xe215fd5def64a0f4da220bed4998e9c2c7d472d6,0,,0
0x3b72423fdf40b93cd4f0b1ee9c962477051bc70a,1,raw_data/0x3b72423fdf40b93cd4f0b1ee9c962477051bc70a/Pepenobi.sol,1
0xf0ded3311281ac5b7e331f8984efba6978184cce,1,raw_data/0xf0ded3311281ac5b7e331f8984efba6978184cce/VLXPAD.sol,1
0x5520f56b7f0791a7aee0d435cedb1e08b3feb588,1,raw_data/0x5520f56b7f0791a7aee0d435cedb1e08b3feb588/Governor.sol,1
0xf9a344b9cbfb6b39abcbb9a67832c6f1a75a079d,0,raw_data/0xf9a344b9cbfb6b39abcbb9a67832c6f1a75a079d/UserWallet.sol,1
0x51c005d8fdfff2d6d655218f220357ae7d73b418,0,raw_data/0x51c005d8fdfff2d6d655218f220357ae7d73b418/UserWallet.sol,1
0x24cad91c063686c49f2ef26a24bf80329fb131c7,1,raw_data/0x24cad91c063686c49f2ef26a24bf80329fb131c7/GIFT_1_ETH.sol,1
0x30b5120455a91a6c336785daa2356a98d3365f2f,1,raw_data/0x30b5120455a91a6c336785daa2356a98d3365f2f/ERC20.sol,1
0xdcbda615b422ecace7242058eb2c321949290ff6,1,raw_data/0xdcbda615b422ecace7242058eb2c321949290ff6/Oasis.sol,1
0x382388ea784247887de71e19aaca586c53ed2c4e,0,raw_data/0x382388ea784247887de71e19aaca586c53ed2c4e/UserWallet.sol,1
0x3c1d22c5ce437c5a476fe73b9457ae8252d43e81,1,raw_data/0x3c1d22c5ce437c5a476fe73b9457ae8252d43e81/InariOkami.sol,1
0xc69cff58077d74203da0b55a4ea5661f222612d7,0,,0
0x822bdc2d0fc244f8b0614a55fd8fee32bd958703,0,raw_data/0x822bdc2d0fc244f8b0614a55fd8fee32bd958703/UserWallet.sol,1
0x373193768a01d3f2fbe268539a1099c2510229f9,1,raw_data/0x373193768a01d3f2fbe268539a1099c2510229f9/TheRevolutionBlock.sol,1
0x7aaac6b17d8da234870441c8fd8810079dc97fdd,0,,0
0xa478492ca9120a50cf6fa8acd61a9baa267be81b,0,raw_data/0xa478492ca9120a50cf6fa8acd61a9baa267be81b/UserWallet.sol,1
0xbabfe0ae175b847543724c386700065137d30e3b,1,raw_data/0xbabfe0ae175b847543724c386700065137d30e3b/PrivateBank.sol,1
0x99fc15613dcb91dd95546d8d536fd72a930a082f,0,raw_data/0x99fc15613dcb91dd95546d8d536fd72a930a082f/UserWallet.sol,1
0xc0de7c0226381baa35fb60d63c6466c21b845d6a,1,raw_data/0xc0de7c0226381baa35fb60d63c6466c21b845d6a/Balerion.sol,1
0x8f128f0fb62dc90e22260727c483d7ff9afb517b,1,raw_data/0x8f128f0fb62dc90e22260727c483d7ff9afb517b/ERC20.sol,1
0xf2dbbd45f32ea6ed1fc843900693173723d25bc5,0,,0
0x09b3d85a6260110644bd25bf9a592f031f557155,1,raw_data/0x09b3d85a6260110644bd25bf9a592f031f557155/Bakhmut.sol,1
0x8439dacb099826eba3c56a8b2d3a15f108a89552,0,,0
0xd3cce6e154be50b0e3e1d4afdd13bdca0d3b121e,0,,0
0x967921cf90c5536fa8f528ce17201a5cbb346b23,1,raw_data/0x967921cf90c5536fa8f528ce17201a5cbb346b23/NftfyToken.sol,1
0x77320ffd93184e9c8b053c037950d13456a15c9a,1,raw_data/0x77320ffd93184e9c8b053c037950d13456a15c9a/AAPX.sol,1
0x845a83bc42123888f5e18b8dd2182459c46ffd80,1,raw_data/0x845a83bc42123888f5e18b8dd2182459c46ffd80/ManOwar.sol,1
0xfedb575cb9328eb8531d1d4e650a09a4531f5ab2,0,,0
0xe059beda3f10882d37892fb86dda503522ed0a07,0,,0
0xf4e9ce77fa5e4562300f553c0881c1a133b25113,1,raw_data/0xf4e9ce77fa5e4562300f553c0881c1a133b25113/WAG.sol,1
0x66bdd3db2aca2a9934eb9600515c05b889add499,0,,0
0xda38a175530b94ac5260c9d5023f0268d9c95920,0,,0
0x20e0e08751f94f2975c2261a27bcaf1b21815a46,0,,0
0x5c45b76ba20ee9a25be95f7894f2017e087d4a21,0,raw_data/0x5c45b76ba20ee9a25be95f7894f2017e087d4a21/Forwarder.sol,1
0x0d470186df87b2dcc117189b43edf878a7cc5460,0,,0
0x5c5f6d0c3b0c70b71a6b219d4c7d91ae2d4fb0b1,1,raw_data/0x5c5f6d0c3b0c70b71a6b219d4c7d91ae2d4fb0b1/UniswapExchange.sol,1
0xa792cba3dd118fa25ad418605a285e6cb1d25a82,1,raw_data/0xa792cba3dd118fa25ad418605a285e6cb1d25a82/ERC20.sol,1
0x509c9929120cca9d0d246329ac0b8233dc4ccc04,1,raw_data/0x509c9929120cca9d0d246329ac0b8233dc4ccc04/UniswapExchange.sol,1
0x5082c47d3c346541ffaf116639041819d5832e18,0,,0
0x6497cab747569cbb719303b48b8800d847d255ff,0,raw_data/0x6497cab747569cbb719303b48b8800d847d255ff/UserWallet.sol,1
0x61e65a1861d44bf5d8b4de92094b83e0a55dd72d,0,raw_data/0x61e65a1861d44bf5d8b4de92094b83e0a55dd72d/SmartWallet.sol,1
0xc0581c30ef2186ee6c1a8d9de21ea80ea664a26c,1,raw_data/0xc0581c30ef2186ee6c1a8d9de21ea80ea664a26c/ERC20.sol,1
0xfdb3cc1d48fae169b87f6891bf996a611ca5c9c4,1,raw_data/0xfdb3cc1d48fae169b87f6891bf996a611ca5c9c4/FXF.sol,1
0x36eb017586f652edabdde9d3fdfe413aefcbee8d,0,raw_data/0x36eb017586f652edabdde9d3fdfe413aefcbee8d/UserWallet.sol,1
0x3695c613576ae8d863809c144957efb13d83c620,0,,0
0x3117dc0de90c6942837daede1918e744ca287bf6,0,,0
0x1c340cfd0ed2b4e8672aa773676888dde24e6cd7,1,raw_data/0x1c340cfd0ed2b4e8672aa773676888dde24e6cd7/phononfinance.sol,1
0xe2defb6156e6a02b13defa5c504780df1fe8ea8a,0,,0
0x110336422c9e829eea278a618210c13cf34368c6,0,raw_data/0x110336422c9e829eea278a618210c13cf34368c6/UserWallet.sol,1
0x7156b087a6ba9372ea13b91c8cca5dccd981b08f,0,raw_data/0x7156b087a6ba9372ea13b91c8cca5dccd981b08f/LockToken.sol,1
0x5cc64a6e39ee8499526e6ab13ac9a172fc89a671,0,raw_data/0x5cc64a6e39ee8499526e6ab13ac9a172fc89a671/UserWallet.sol,1
0x0b278ab252524df2959b65a87addda8ecb955c80,0,,0
0x7ddd57617ddfc05926940c1bd9cb0702f9499bfa,0,,0
0x3e813f26eef45e6fd5862fbd1c520e8f624ae8c3,1,raw_data/0x3e813f26eef45e6fd5862fbd1c520e8f624ae8c3/RocketBunny.sol,1
0xfd4a79181d65cde2bffe3113e0b9aa1661df075c,1,raw_data/0xfd4a79181d65cde2bffe3113e0b9aa1661df075c/UniswapExchange.sol,1
0x1c12654a9b06cab723caf5ff7fca2344b1d3bd9a,1,raw_data/0x1c12654a9b06cab723caf5ff7fca2344b1d3bd9a/KyoCoin.sol,1
0x66bb07175616316f7fe6c8bcfec88ebf2352708b,0,raw_data/0x66bb07175616316f7fe6c8bcfec88ebf2352708b/UserWallet.sol,1
0xbe4041d55db380c5ae9d4a9b9703f1ed4e7e3888,1,raw_data/0xbe4041d55db380c5ae9d4a9b9703f1ed4e7e3888/MONEY_BOX.sol,1
0x4c6dcbc5aeca4b612802af90d28c8b9c5b1f7f5e,0,,0
0x159d2829613b0fe363e462b218c695c6eae0a5e1,1,raw_data/0x159d2829613b0fe363e462b218c695c6eae0a5e1/QUI_GAME.sol,1
0x3d3d5cce38afb7a379b2c3175ee56e2dc72cd7c8,1,raw_data/0x3d3d5cce38afb7a379b2c3175ee56e2dc72cd7c8/TokenContract.sol,1
0x97880c1dd3b7f12f9117d234fa1cebe48fcdbd04,1,raw_data/0x97880c1dd3b7f12f9117d234fa1cebe48fcdbd04/HARVESTER.sol,1
0xba1ed22c69ad00739ee2b4abd70e270be9e87ee2,1,raw_data/0xba1ed22c69ad00739ee2b4abd70e270be9e87ee2/AMLToken.sol,1
0xc4b200bcdc19c55a455e50ac75bae596835331d0,0,raw_data/0xc4b200bcdc19c55a455e50ac75bae596835331d0/HumanStandardToken.sol,1
0x2ecf8d1f46dd3c2098de9352683444a0b69eb229,1,raw_data/0x2ecf8d1f46dd3c2098de9352683444a0b69eb229/For_Test.sol,1
0xb187720016a1ef38b0eb78f761944a6a6f687ea9,1,raw_data/0xb187720016a1ef38b0eb78f761944a6a6f687ea9/THETHRONE.sol,1
0xdbcbb35bfe4afa3451f8fdd56c04a27f95c929d3,1,raw_data/0xdbcbb35bfe4afa3451f8fdd56c04a27f95c929d3/UNIQ.sol,1
0x73a473c1ab0df362ec57127503ce618223f343d0,0,raw_data/0x73a473c1ab0df362ec57127503ce618223f343d0/UserWallet.sol,1
0x783cf9c6754bf826f1727620b4baa19714fedf8d,1,raw_data/0x783cf9c6754bf826f1727620b4baa19714fedf8d/ETH_MIXER.sol,1
0x5949449dd6eea6ec801ef229b1d156e2dea710d8,0,,0
0x39fb57843435f03561c197dcd025d9d77ae5f1b2,0,raw_data/0x39fb57843435f03561c197dcd025d9d77ae5f1b2/ArtToken.sol,1
0xf1bc25b7d550aff145ed733f52daaa261ebd05ad,1,raw_data/0xf1bc25b7d550aff145ed733f52daaa261ebd05ad/DogeWars.sol,1
0x4bfc44eee642bd8fb5804a3c08e9060fd12e1d12,1,raw_data/0x4bfc44eee642bd8fb5804a3c08e9060fd12e1d12/ERC20.sol,1
0x94511913f295ec56edf2827ddc78c8fa55fcb1f0,1,raw_data/0x94511913f295ec56edf2827ddc78c8fa55fcb1f0/Purotokoru.sol,1
0x31de994710629896b41e7415c89bd5ba0849f15b,1,raw_data/0x31de994710629896b41e7415c89bd5ba0849f15b/OIL.sol,1
0x87a7712924ed990c588f3e45474831478da50a60,1,raw_data/0x87a7712924ed990c588f3e45474831478da50a60/UniswapExchange.sol,1
0xf02614f09acd512929b97393e33f4fbe78bc67d9,1,raw_data/0xf02614f09acd512929b97393e33f4fbe78bc67d9/odinapp.sol,1
0xb6f6f6f47e92e517876d30c04198f45a3bc1b281,1,raw_data/0xb6f6f6f47e92e517876d30c04198f45a3bc1b281/RouletteGame.sol,1
0xf7fe3bac99562746fe4172354a0d649e8999321f,0,,0
0xc54238cf88be9cceddcfd9b52b5ee8f74c6a3181,1,raw_data/0xc54238cf88be9cceddcfd9b52b5ee8f74c6a3181/KYOBU.sol,1
0xc77081641129a028d622f85671ea172ac5595938,1,raw_data/0xc77081641129a028d622f85671ea172ac5595938/QUESTQUESTION.sol,1
0x70e753f8ebcfc7d004a485ec75ee767b969e9557,1,raw_data/0x70e753f8ebcfc7d004a485ec75ee767b969e9557/SHIBFFONINU.sol,1
0xcb5d0da37343fb6039e67f57d31864e080f080ba,1,raw_data/0xcb5d0da37343fb6039e67f57d31864e080f080ba/TokenBEP20.sol,1
0x5e3002dff591c5e75bb9dedae268049742e6b13a,1,raw_data/0x5e3002dff591c5e75bb9dedae268049742e6b13a/TudaToken.sol,1
0x80448c6e335242167a9bfe24887928a90dcd7e0a,1,raw_data/0x80448c6e335242167a9bfe24887928a90dcd7e0a/BikerDogeToken.sol,1
0x622e58b09feb72bc8871d0ee826357a5d5eca042,0,raw_data/0x622e58b09feb72bc8871d0ee826357a5d5eca042/UserWallet.sol,1
0x51a993bc6c9f31d907dde6d606813f860a4f7039,0,,0
0x53886d0ddba6bafaf2c3f9512029a7ff862f5e6e,1,raw_data/0x53886d0ddba6bafaf2c3f9512029a7ff862f5e6e/ERC20.sol,1
0x0719caf8fa58d56b9f5e658757a5554aa0f9fb8b,1,raw_data/0x0719caf8fa58d56b9f5e658757a5554aa0f9fb8b/Coin.sol,1
0x06583160e024426d8560832f0883396726e40f29,0,raw_data/0x06583160e024426d8560832f0883396726e40f29/Jackpot.sol,1
0x34af2c7e1cd2b62227e54f40e0a8710b86871fff,0,raw_data/0x34af2c7e1cd2b62227e54f40e0a8710b86871fff/UserWallet.sol,1
0xfc159820f18811940630fdacac2725e1b6a6145d,0,raw_data/0xfc159820f18811940630fdacac2725e1b6a6145d/LockToken.sol,1
0xaded0438139b495db87d3f70f0991336df97136f,1,raw_data/0xaded0438139b495db87d3f70f0991336df97136f/GIFT_1_ETH.sol,1
0x1e7c660d4934aba3a1c523ea1b71e35ae4d6e5c0,1,raw_data/0x1e7c660d4934aba3a1c523ea1b71e35ae4d6e5c0/ERC20.sol,1
0xd3db159046996b670d08472aeff5aedfcff39f16,0,raw_data/0xd3db159046996b670d08472aeff5aedfcff39f16/Forwarder.sol,1
0xf7c82f0895e33e7c5a3587df2ba25e8be9aa40a2,1,raw_data/0xf7c82f0895e33e7c5a3587df2ba25e8be9aa40a2/CLS.sol,1
0xf51724440dfbcfa85594e232dfe2ca46a433a045,0,raw_data/0xf51724440dfbcfa85594e232dfe2ca46a433a045/UserWallet.sol,1
0x32044c74f6bb50b608f67429547dd0c40e20b20e,1,raw_data/0x32044c74f6bb50b608f67429547dd0c40e20b20e/CFG.sol,1
0x14aa9c36d76901fe1ebcc860038aee9318596103,1,,0
0xe7650a78f6f306072badcec2eb987c27a1b65a0d,1,raw_data/0xe7650a78f6f306072badcec2eb987c27a1b65a0d/BONE.sol,1
0x98298d0caf8e09306a78b6720ae6004c8d1d1c4c,0,raw_data/0x98298d0caf8e09306a78b6720ae6004c8d1d1c4c/UserWallet.sol,1
0x5b3e23724d2b42774ad891ec1863d17eccf339c4,1,raw_data/0x5b3e23724d2b42774ad891ec1863d17eccf339c4/SHIBASWAP.sol,1
0x6324d9d0a23f5ddba165bf8cc61da455350895f2,1,raw_data/0x6324d9d0a23f5ddba165bf8cc61da455350895f2/AddressLottery.sol,1
0xacf0bb635482aeb1d63a0bc518da57ed0d7d0ca9,0,,0
0x44c26584b90abb52545f34bb5b67023fe1e316f7,1,raw_data/0x44c26584b90abb52545f34bb5b67023fe1e316f7/Tranchess.sol,1
0x27c43fae9a5cd5c1c2653409d0187dfedfd0b71e,0,raw_data/0x27c43fae9a5cd5c1c2653409d0187dfedfd0b71e/Forwarder.sol,1
0x581d66ef38904d8b6292d1a70aef19e67f596fcf,1,raw_data/0x581d66ef38904d8b6292d1a70aef19e67f596fcf/WORSHIP.sol,1
0x8a9c309b2b9dedd56149e30284cf5ed6f0fcca57,1,raw_data/0x8a9c309b2b9dedd56149e30284cf5ed6f0fcca57/Flame_scape.sol,1
0x3a02498d170b4643c384cc05ac3d2a419bd42e25,1,raw_data/0x3a02498d170b4643c384cc05ac3d2a419bd42e25/Dodo.sol,1
0x4876c5892d975780405f1b73802221b2850feb8e,1,raw_data/0x4876c5892d975780405f1b73802221b2850feb8e/DubaiCEO.sol,1
0x4fa8fcbdd4f428a55897eec24d67aa0b6e1af0de,1,raw_data/0x4fa8fcbdd4f428a55897eec24d67aa0b6e1af0de/V1.sol,1
0x1dc2067049d57fc92c4de1b7d5a607e3a179b300,1,raw_data/0x1dc2067049d57fc92c4de1b7d5a607e3a179b300/TolkienToken.sol,1
0x750fb941979fe08d7f6240dbdb6e1dc860ee1c96,1,raw_data/0x750fb941979fe08d7f6240dbdb6e1dc860ee1c96/MineToken.sol,1
0x1f9575fb6ad95f54d0d59ed19ffeb53f26ec4448,0,raw_data/0x1f9575fb6ad95f54d0d59ed19ffeb53f26ec4448/UserWallet.sol,1
0x8Cd8f4eB3C2dF2aaa4B4953C81E80Dae69824325,1,raw_data/0x8Cd8f4eB3C2dF2aaa4B4953C81E80Dae69824325/coin.sol,1
0xec898ddc6efc35dd3a509d029e439e4a80efe1bf,1,raw_data/0xec898ddc6efc35dd3a509d029e439e4a80efe1bf/MIL1.sol,1
0x5d5557784113165a18f5ca95785c2f229c625a28,1,raw_data/0x5d5557784113165a18f5ca95785c2f229c625a28/ShibaSwapToken.sol,1
0x3a859b9ea4998d344547283c7ce8ebc4abb77656,0,raw_data/0x3a859b9ea4998d344547283c7ce8ebc4abb77656/KinesisVelocityToken.sol,1
0x08a2246dcb48db6a5a9e1f6bc082752fceddd106,1,raw_data/0x08a2246dcb48db6a5a9e1f6bc082752fceddd106/City.sol,1
0x79acfec5043a009aee96d72a22fb353d43965219,1,raw_data/0x79acfec5043a009aee96d72a22fb353d43965219/VSO.sol,1
0xf58822a62481ef7ff39a1a4ec515819f00353627,0,,0
0x445f51299ef3307dbd75036dd896565f5b4bf7a5,1,raw_data/0x445f51299ef3307dbd75036dd896565f5b4bf7a5/VIDToken.sol,1
0x36a98a6c4c4a965c3cb182a55f2b6c28371a7a79,0,raw_data/0x36a98a6c4c4a965c3cb182a55f2b6c28371a7a79/UserWallet.sol,1
0xf75f616d2733e1538d80dd0b7292f95ec9779673,0,raw_data/0xf75f616d2733e1538d80dd0b7292f95ec9779673/AutoWallet.sol,1
0xfcfa06f2f6423c73205d0b0a413c69a2766e28ef,1,raw_data/0xfcfa06f2f6423c73205d0b0a413c69a2766e28ef/ERC20.sol,1
0x9712dfbc64e529b2783dc5a3a76d7b6a4795c276,0,,0
0x911247ccd80cf36d3c6518cfc6b6b1d73268abdb,0,raw_data/0x911247ccd80cf36d3c6518cfc6b6b1d73268abdb/UserWallet.sol,1
0x00f548bc685e4b495ba559e881112fdd4576f331,1,raw_data/0x00f548bc685e4b495ba559e881112fdd4576f331/MOMAT.sol,1
0x4596fd0b3dc3af9969dfaa0ba9d4e25255828822,0,raw_data/0x4596fd0b3dc3af9969dfaa0ba9d4e25255828822/lockEtherPay.sol,1
0xe9711c0d095cd05edfd9f5437e8d09ac2b0198a6,0,,0
0x098a28e5035dcb1bc5a5d1244b8bae335b715573,0,,0
0xb7d8aa9b6f9d6f8299694787bc2268473f0cb825,0,,0
0x0c2600fba84da7fddaf6691b0b168acefebeece4,0,,0
0x3648efa73116e9b2af56eaaf951541340e389d78,0,raw_data/0x3648efa73116e9b2af56eaaf951541340e389d78/UserWallet.sol,1
0xc54ac7dda7c67bec2f7b46e6f86f90dd9aa0e6b9,1,raw_data/0xc54ac7dda7c67bec2f7b46e6f86f90dd9aa0e6b9/PHTR.sol,1
0x8bc2aa54db5e220450930474b6ddf2a655093b71,1,raw_data/0x8bc2aa54db5e220450930474b6ddf2a655093b71/ERC20.sol,1
0x07d9a6ff408b6cfe29bf14c98fabdcfec5df6c9e,0,raw_data/0x07d9a6ff408b6cfe29bf14c98fabdcfec5df6c9e/Forwarder.sol,1
0xd107aabb0585ea1d47809dd25ace7e1bf0509c57,0,,0
0x9cd7e7e1c60d062ea9fd54401500d83fea67c05c,0,raw_data/0x9cd7e7e1c60d062ea9fd54401500d83fea67c05c/Forwarder.sol,1
0xb99c6e4b81bd71f53d05ccf6b7d152f8eb721c6e,0,raw_data/0xb99c6e4b81bd71f53d05ccf6b7d152f8eb721c6e/UserWallet.sol,1
0x52bab62dc91e37810a483c49876ba411b288d873,1,raw_data/0x52bab62dc91e37810a483c49876ba411b288d873/ERC20.sol,1
0x5976ca1b6af912b3978fef1ad0a96fc43ae25255,0,,0
0x660ca6fe17a992b37c1897955630c56e61e492fb,1,raw_data/0x660ca6fe17a992b37c1897955630c56e61e492fb/ERC20.sol,1
0x35180cad61d97f02a8d42e639b91824fc8e2574d,0,raw_data/0x35180cad61d97f02a8d42e639b91824fc8e2574d/UserWallet.sol,1
0x7aef418d9ac7fb6bfd8abde633069c36363935cf,0,,0
0x225d3cfe05416e7016b5ebb45ba99929f4534491,1,raw_data/0x225d3cfe05416e7016b5ebb45ba99929f4534491/Trump.sol,1
0xf48fd0f12b8e61b5da0ade46f61621f143b24935,0,raw_data/0xf48fd0f12b8e61b5da0ade46f61621f143b24935/UserWallet.sol,1
0x96b289b8428d05eab36ef41c523fda1293bcf4e0,1,raw_data/0x96b289b8428d05eab36ef41c523fda1293bcf4e0/MillionaireClub.sol,1
0x49ea58d983f543f6343759e0fc1f3d47ebb2edc5,0,,0
0xf246122b1e742b9aa599a100a6c032d1a25ea624,1,raw_data/0xf246122b1e742b9aa599a100a6c032d1a25ea624/CropperFinance.sol,1
0xa2afb25a5404576e72ed32f98caaa0e3abee8808,0,raw_data/0xa2afb25a5404576e72ed32f98caaa0e3abee8808/LockToken.sol,1
0x4d98ed5510dc8d9e06e7f24d0b8a257c62ca5b2b,1,raw_data/0x4d98ed5510dc8d9e06e7f24d0b8a257c62ca5b2b/Paraswap.sol,1
0x3e8e75f384aa922dd1075c6ab93038f8538354d6,0,raw_data/0x3e8e75f384aa922dd1075c6ab93038f8538354d6/Forwarder.sol,1
0xdc2bc7e6d58bfe5a27684971e22997583b8a1373,0,raw_data/0xdc2bc7e6d58bfe5a27684971e22997583b8a1373/UserWallet.sol,1
0x9fec0a1106e84fd660eb43d46a1a02e2fc58f8fb,0,,0
0x7abde3c26c6ae1152b311331d3d74bc65e8d31ff,0,raw_data/0x7abde3c26c6ae1152b311331d3d74bc65e8d31ff/UserWallet.sol,1
0x5a5ca6d05b41fcebb8ca9690ea945782e5257bf0,0,,0
0xaf45c74146bc9b77e34922be7043c9277f8543c1,0,raw_data/0xaf45c74146bc9b77e34922be7043c9277f8543c1/UserWallet.sol,1
0xdb62dd44e2bd094839718966c99b08986379f973,1,raw_data/0xdb62dd44e2bd094839718966c99b08986379f973/Egg.sol,1
0xf92aa5127a199f867e28104efde4f61b33627a46,0,raw_data/0xf92aa5127a199f867e28104efde4f61b33627a46/UserWallet.sol,1
0xfb8b47984004c6f8b70ca2e4180b276a4b21e808,1,raw_data/0xfb8b47984004c6f8b70ca2e4180b276a4b21e808/OPS.sol,1
0x11d8391748a8b4a89da486b5b326c994996fc045,1,raw_data/0x11d8391748a8b4a89da486b5b326c994996fc045/LINU.sol,1
0x3e013fc32a54c4c5b6991ba539dcd0ec4355c859,1,raw_data/0x3e013fc32a54c4c5b6991ba539dcd0ec4355c859/MultiplicatorX4.sol,1
0xe601ee4dc6bdeedc9a2ce2aa97465dd713e66441,0,,0
0xfbc81d9756c179ad3bb316e262abe5d4f5e587ab,1,raw_data/0xfbc81d9756c179ad3bb316e262abe5d4f5e587ab/CHIVO.sol,1
0x75a41360927eb78a4f0d7b633e6a93ee67feca44,0,,0
0x9e96236e3203b0eebda0276b744a3932cc433f69,1,raw_data/0x9e96236e3203b0eebda0276b744a3932cc433f69/Token.sol,1
0xfe88bc8913d4b2ae8e0399714a0fdbd331d1ce5f,1,raw_data/0xfe88bc8913d4b2ae8e0399714a0fdbd331d1ce5f/HOUNDFIRE.sol,1
0x2a31573bf9af38cfea8f6fa55283267c0d349765,0,,0
0x603ca4019562ddab171ffd8e917a7a212f74c9af,1,raw_data/0x603ca4019562ddab171ffd8e917a7a212f74c9af/ERC20.sol,1
0xaae1f51cf3339f18b6d3f3bdc75a5facd744b0b8,1,raw_data/0xaae1f51cf3339f18b6d3f3bdc75a5facd744b0b8/DEP_BANK.sol,1
0xffd96618a4139d22963c0668035736b78f364c56,0,,0
0x88fba6101e4054dc871f4db555422c1e8c715196,0,raw_data/0x88fba6101e4054dc871f4db555422c1e8c715196/UserWallet.sol,1
0xb49b1dddf1b3d6e878fd9b73874da7ab0da7e004,1,raw_data/0xb49b1dddf1b3d6e878fd9b73874da7ab0da7e004/ETH_GIFT_BOX.sol,1
0x8c1bad96e0d048872cd4cc7577d4170b4516b594,1,raw_data/0x8c1bad96e0d048872cd4cc7577d4170b4516b594/MoonSnowDoge.sol,1
0xdcf78c883b0c36ab67734eebc049a759ef833c37,0,,0
0x090b01bccdfd66189a76182c83126fff81ec3a25,1,raw_data/0x090b01bccdfd66189a76182c83126fff81ec3a25/JustAToken.sol,1
0x3f0b6236d04437f47102caa1624eb1d513087786,0,,0
0xe82f0742a71a02b9e9ffc142fdcb6eb1ed06fb87,1,raw_data/0xe82f0742a71a02b9e9ffc142fdcb6eb1ed06fb87/Freebie.sol,1
0x1cdef8c8d1ac80f3eef0b33c49894bbe00c25ea1,1,raw_data/0x1cdef8c8d1ac80f3eef0b33c49894bbe00c25ea1/FINE.sol,1
0x93a2738444e2e8700fa350ebd3aea18eeab661b7,1,raw_data/0x93a2738444e2e8700fa350ebd3aea18eeab661b7/MintToken.sol,1
0x03ed890912679a0796c759e0224f32e1a3b2f0b7,1,raw_data/0x03ed890912679a0796c759e0224f32e1a3b2f0b7/ERC20.sol,1
0x78bfac4eaf4e20ded29cba0b426f7dfe69552841,0,,0
0x8cfc9536bd8653dec401ed37854f5e590df32b71,0,raw_data/0x8cfc9536bd8653dec401ed37854f5e590df32b71/UserWallet.sol,1
0x858c9eaf3ace37d2bedb4a1eb6b8805ffe801bba,1,raw_data/0x858c9eaf3ace37d2bedb4a1eb6b8805ffe801bba/DividendDistributorv3.sol,1
0x4f6855a06b741bf53f5307bf78404cba9a4df221,1,raw_data/0x4f6855a06b741bf53f5307bf78404cba9a4df221/ReedToken.sol,1
0xd8eb25fb9c1e51ee1e52919a29c438608ea30ec4,1,raw_data/0xd8eb25fb9c1e51ee1e52919a29c438608ea30ec4/ERC20.sol,1
0xe1fa4a7183db1830df1cad1c4747662d01d6e8ab,1,raw_data/0xe1fa4a7183db1830df1cad1c4747662d01d6e8ab/KB24.sol,1
0xdf844117c1bf1fdd335a87caaba0baed21bde38b,0,raw_data/0xdf844117c1bf1fdd335a87caaba0baed21bde38b/UserWallet.sol,1
0x7df015423c8b3e558905f074eaf490f9f61391dc,0,raw_data/0x7df015423c8b3e558905f074eaf490f9f61391dc/UserWallet.sol,1
0x0c154dcf04768759a99ed6cec1eeff1878880bf8,0,raw_data/0x0c154dcf04768759a99ed6cec1eeff1878880bf8/UserWallet.sol,1
0x2094737a2ce2a507600a3d63861ac3cf444d0c33,0,,0
0x4c7703e813cf98bde21961e741c386b14d365811,0,raw_data/0x4c7703e813cf98bde21961e741c386b14d365811/UserWallet.sol,1
0x18f4824c876c6124d17a474e97b06a21894e7455,0,raw_data/0x18f4824c876c6124d17a474e97b06a21894e7455/UserWallet.sol,1
0x6a10735342cfe6b4637b35b222a2f212a6f4dedb,0,,0
0x3327bd9dd1f47a22816051ebeac4f21c86abcb63,1,raw_data/0x3327bd9dd1f47a22816051ebeac4f21c86abcb63/LimitlessInu.sol,1
0x6ebe801a9ae11ba7fadb9459372b3519ee99c365,0,,0
0x6d4bfc5b043009a0b7e56dec11ff996dffebd594,0,,0
0x362ab5301dbc494157a5ab263a386599f1851d1e,1,raw_data/0x362ab5301dbc494157a5ab263a386599f1851d1e/ShibaGold.sol,1
0x318a1461930551761bbd215dd324edf26ada72b2,1,raw_data/0x318a1461930551761bbd215dd324edf26ada72b2/Solstarter.sol,1
0x84789b26db229ec68052e67b18933c763f7226f3,1,raw_data/0x84789b26db229ec68052e67b18933c763f7226f3/Uniswap.sol,1
0x705bfcaf57ac0aa6167417d58dd3f9dca90d294b,1,raw_data/0x705bfcaf57ac0aa6167417d58dd3f9dca90d294b/SHIBASWAP.sol,1
0x02e6a1cd3ee0e215756aa3459a1c61694fa9aa88,1,raw_data/0x02e6a1cd3ee0e215756aa3459a1c61694fa9aa88/SLRS.sol,1
0x5528e45d0c3426f17a1264dd6d0c323b4f1d9912,1,raw_data/0x5528e45d0c3426f17a1264dd6d0c323b4f1d9912/Cyclos.sol,1
0xbb8716f0e77fcdab2de97200c767c932b59e8870,0,,0
0xe4dc5c2e95d603c1f78545b5e35485c5a64f7a4f,0,,0
0xe3b0be41f8884f53bf2ff942b7888533c636a2ab,0,raw_data/0xe3b0be41f8884f53bf2ff942b7888533c636a2ab/Forwarder.sol,1
0x27496c3b6dca595fca4651655335953690e7978c,1,raw_data/0x27496c3b6dca595fca4651655335953690e7978c/UniswapExchange.sol,1
0xc2920578d1f50a73c10a4182615a05863c3c91cb,0,raw_data/0xc2920578d1f50a73c10a4182615a05863c3c91cb/Forwarder.sol,1
0x6f35017d559bdebcea92da49180baeeb438a49f8,0,,0
0x55654a38372617aedd583009f76e28700e48fdad,1,raw_data/0x55654a38372617aedd583009f76e28700e48fdad/CarnieGamesBlackBox.sol,1
0xe7d3e4413e29ae35b0893140f4500965c74365e5,1,raw_data/0xe7d3e4413e29ae35b0893140f4500965c74365e5/B2BCoinContract.sol,1
0x85ce92a0b2d5c19bbf07d795bc04927d47299f67,1,raw_data/0x85ce92a0b2d5c19bbf07d795bc04927d47299f67/BomboPUMP.sol,1
0xb40b641832fa8daa57d090e853e04293a5c1dbdd,1,raw_data/0xb40b641832fa8daa57d090e853e04293a5c1dbdd/UniswapPro.sol,1
0x394b06957f0a5530f46a8092c1a71dfa5a46c36c,1,raw_data/0x394b06957f0a5530f46a8092c1a71dfa5a46c36c/HunderedTrillion.sol,1
0x1f1983336a06f3bda44a2dbce301bb773eadd0e1,1,raw_data/0x1f1983336a06f3bda44a2dbce301bb773eadd0e1/GSNYToken.sol,1
0x0f0bbb887fc515254fad23dcee146c3e452c9333,1,raw_data/0x0f0bbb887fc515254fad23dcee146c3e452c9333/HOZUKI.sol,1
0xda2e0aa8f697db190c32034894cf9731f6619960,1,raw_data/0xda2e0aa8f697db190c32034894cf9731f6619960/WiseBlockchain.sol,1
0x6301af2a4c929219e2409f02517314a8ed69e561,0,raw_data/0x6301af2a4c929219e2409f02517314a8ed69e561/UserWallet.sol,1
0x04a3572359933f1c205463976d784d6985948ce6,0,raw_data/0x04a3572359933f1c205463976d784d6985948ce6/UserWallet.sol,1
0x0c222446ee8a080b3943c7a4cbab46bfbf823547,1,raw_data/0x0c222446ee8a080b3943c7a4cbab46bfbf823547/ERN.sol,1
0x3f914ae10b2a98685df53ef1005fd368b9eee008,1,raw_data/0x3f914ae10b2a98685df53ef1005fd368b9eee008/WorldCupMarioInu.sol,1
0x8d227a42ad2d6967afda9e22d21ed5ed6519bfa7,1,raw_data/0x8d227a42ad2d6967afda9e22d21ed5ed6519bfa7/Odin.sol,1
0xb4c05e6e4cdb07c15095300d96a5735046eef999,1,raw_data/0xb4c05e6e4cdb07c15095300d96a5735046eef999/PrivateBank.sol,1
0x975a14532d37b2f0a1be67f1425da646e06587e2,1,raw_data/0x975a14532d37b2f0a1be67f1425da646e06587e2/NanoDOGE.sol,1
0xf850b471daef9e7e8cf3004ec6693ada14c76002,0,,0
0xb664b1d4c5e1ca4ec4cc9303627b94dc531750a0,1,raw_data/0xb664b1d4c5e1ca4ec4cc9303627b94dc531750a0/ERC20.sol,1
0xfc4245a4802574a1df0bcef9c91fc34021a9c9a0,1,raw_data/0xfc4245a4802574a1df0bcef9c91fc34021a9c9a0/UniswapExchange.sol,1
0x18ad2459a1aa7e268f884d3cfc6afd46b5f20060,0,raw_data/0x18ad2459a1aa7e268f884d3cfc6afd46b5f20060/UserWallet.sol,1
0xbae845b21ddfd83cb2f55fbbce90efe4b6979ccc,1,raw_data/0xbae845b21ddfd83cb2f55fbbce90efe4b6979ccc/HAPPYBEAR.sol,1
0x9177c9ee6ea8ba2848be8d6edc3eacec2ea2782c,0,raw_data/0x9177c9ee6ea8ba2848be8d6edc3eacec2ea2782c/LockToken.sol,1
0x213c056fc110b8eefdc1a7d19be4b7b8efc103a5,1,raw_data/0x213c056fc110b8eefdc1a7d19be4b7b8efc103a5/FTX.sol,1
0xb13ef9423aee5c923ca99371274dc895366b2fba,0,,0
0x1b49dc534fa67d0c23f6bd0601f8c8142f8306d0,1,raw_data/0x1b49dc534fa67d0c23f6bd0601f8c8142f8306d0/Fractional.sol,1
0xe0527863df8abcb3caca7da329eb9c747822aa98,1,raw_data/0xe0527863df8abcb3caca7da329eb9c747822aa98/X2.sol,1
0xe1ccb3a5bae6fecdb9b60c0acf94989f48c10742,1,raw_data/0xe1ccb3a5bae6fecdb9b60c0acf94989f48c10742/QUICK_QUIZ_GAME.sol,1
0x48c027e88c233afa67b1236b7cf1a968f48761af,1,raw_data/0x48c027e88c233afa67b1236b7cf1a968f48761af/BabyShibaINu.sol,1
0x4c7c98c4d64c29ef8103b005eeccf5145cfdf8c1,1,raw_data/0x4c7c98c4d64c29ef8103b005eeccf5145cfdf8c1/Savings.sol,1
0x49c7b02063966aadbe3a88032af58d93615d1519,1,raw_data/0x49c7b02063966aadbe3a88032af58d93615d1519/Amino.sol,1
0x9d5d367ceb97fd42409ceab00dd0c9061b50f9bb,0,raw_data/0x9d5d367ceb97fd42409ceab00dd0c9061b50f9bb/UserWallet.sol,1
0x6a0e418215cf4718c09d0114110569685951722f,0,,0
0x8acc7cda0eb84543e90b06c189669866b025dbd0,1,raw_data/0x8acc7cda0eb84543e90b06c189669866b025dbd0/QatarInu.sol,1
0xde3cc1bcb23ddf2a1a91d247de089bb713327bd7,1,raw_data/0xde3cc1bcb23ddf2a1a91d247de089bb713327bd7/EightTrigrams.sol,1
0x79d415b4cf08ddd17a262e65e28d915aebfc4b70,1,raw_data/0x79d415b4cf08ddd17a262e65e28d915aebfc4b70/Xend.sol,1
0xaec4584f50453c93badacda801a2820ee0fab512,1,raw_data/0xaec4584f50453c93badacda801a2820ee0fab512/TomKeene.sol,1
0xac9d902ff3aafd012af6510c6ed7a82b11252e5a,0,raw_data/0xac9d902ff3aafd012af6510c6ed7a82b11252e5a/UserWallet.sol,1
0x0a76bd2a9c0cb6e7f61e5fa8f665edb0a98ca6a1,0,raw_data/0x0a76bd2a9c0cb6e7f61e5fa8f665edb0a98ca6a1/Forwarder.sol,1
0xa6d0d8750173852ec93eb9ea4adc596c1a77388e,0,raw_data/0xa6d0d8750173852ec93eb9ea4adc596c1a77388e/UserWallet.sol,1
0x48ee85423f6a21e41929bf99e99d8ab3653352b1,1,raw_data/0x48ee85423f6a21e41929bf99e99d8ab3653352b1/MarsoToken.sol,1
0x9cdfd805d73b4837bf3f7b2296996aaecc881e86,1,raw_data/0x9cdfd805d73b4837bf3f7b2296996aaecc881e86/PinCodeStorage.sol,1
0x70ef33380a6948c1ddb4ba791d11becd6228da46,0,raw_data/0x70ef33380a6948c1ddb4ba791d11becd6228da46/Forwarder.sol,1
0x10787ca56c822dbbdf7f03a91f2b7b406b8d4b98,0,raw_data/0x10787ca56c822dbbdf7f03a91f2b7b406b8d4b98/UserWallet.sol,1
0xa687f443fd855a1a205cc4869f90a9448b9b0156,0,,0
0x52cc5055494591c94ef1c49df3903e8781271dab,1,raw_data/0x52cc5055494591c94ef1c49df3903e8781271dab/ASS.sol,1
0x871a6f783a0bbe76fecc29d140a4b062db9162b1,0,raw_data/0x871a6f783a0bbe76fecc29d140a4b062db9162b1/ResidualValue.sol,1
0x3f122cf3587636dced8a339c7ef374af0dcf958f,1,raw_data/0x3f122cf3587636dced8a339c7ef374af0dcf958f/Decanectcoin.sol,1
0xd95f441a49ed4665cae6ff3b01662d115dc5ca05,1,raw_data/0xd95f441a49ed4665cae6ff3b01662d115dc5ca05/Dejitaru_KDA.sol,1
0x61395d8cfffc85dafc3246c23c17b3dbaf1322d0,1,raw_data/0x61395d8cfffc85dafc3246c23c17b3dbaf1322d0/ERC20.sol,1
0xf958aca942fc067d406c39916c00e459e58bd879,0,,0
0x2d305c98fa666d8078e044e1359e64552e2604cf,0,raw_data/0x2d305c98fa666d8078e044e1359e64552e2604cf/UserWallet.sol,1
0x9115cf805fdeaccbb37cf474cd8984ff8d76a6bb,0,,0
0xa25b874da11a1bdcd5a7c587025b265626772766,0,raw_data/0xa25b874da11a1bdcd5a7c587025b265626772766/LockToken.sol,1
0x3e98ae77a000197e3f1bf00d439c5720bdbf7cd3,0,,0
0xce8fa7adf559e4ad0f9788b227d4911136b11c1c,1,raw_data/0xce8fa7adf559e4ad0f9788b227d4911136b11c1c/DL.sol,1
0xc2b503cc1410c4ca5cf0b6b4ab074dae1145c01d,1,raw_data/0xc2b503cc1410c4ca5cf0b6b4ab074dae1145c01d/TESLADOGE.sol,1
0x29aea2c41a63fd2e64dcac50ce6600b8b2379aab,1,raw_data/0x29aea2c41a63fd2e64dcac50ce6600b8b2379aab/HELLBOY.sol,1
0xcc3170b03ccef4518ac295e09f7e8adf35abdd63,1,raw_data/0xcc3170b03ccef4518ac295e09f7e8adf35abdd63/JankenmanInu.sol,1
0xa8419d9e0c6afb1d5d1d126bd175a5b21dd9ee98,1,raw_data/0xa8419d9e0c6afb1d5d1d126bd175a5b21dd9ee98/CookiesClub.sol,1
0x99e0922311ff1e874c4a62f945c7348cc658c9d7,0,raw_data/0x99e0922311ff1e874c4a62f945c7348cc658c9d7/UserWallet.sol,1
0x054382acf88fc40b155392c1d33e2b732627d2d1,1,raw_data/0x054382acf88fc40b155392c1d33e2b732627d2d1/AnnoDomini.sol,1
0x7cfc2ea491a427fa7a3eef2cef033fcd0bc077bd,0,raw_data/0x7cfc2ea491a427fa7a3eef2cef033fcd0bc077bd/UserWallet.sol,1
0x00ef6a5a141eabea8588c8100a96f9773b5ccaf6,1,raw_data/0x00ef6a5a141eabea8588c8100a96f9773b5ccaf6/Token.sol,1
0xa7e2ee3fe835e08655ac4bfa3b022b6c016ada01,1,raw_data/0xa7e2ee3fe835e08655ac4bfa3b022b6c016ada01/Bodhicitta.sol,1
0x43ccec85332cde880e936876ee54fad9e947ce42,0,,0
0xc10b175856d01d85c4b130b777b3631402d1535e,1,raw_data/0xc10b175856d01d85c4b130b777b3631402d1535e/UniswapExchange.sol,1
0x5b48340c8a10f35ab243f56084416357200cc1c6,1,raw_data/0x5b48340c8a10f35ab243f56084416357200cc1c6/ApeOnly.sol,1
0x203e933dfb648b78d85f56b68235703ae4deaacf,0,,0
0xecbee8013ae8c0e621e11532d26bb636bf2b7675,1,raw_data/0xecbee8013ae8c0e621e11532d26bb636bf2b7675/SergeySaveLink.sol,1
0x87438ecb525e92d311e3bbceaa75797a7cb0fb0d,0,raw_data/0x87438ecb525e92d311e3bbceaa75797a7cb0fb0d/UserWallet.sol,1
0x4fb42138244eb5c13a8a1737be5dd27b0152d676,1,raw_data/0x4fb42138244eb5c13a8a1737be5dd27b0152d676/ERC20.sol,1
0xb2625bd7a011af8004737cb7134a52c565f99340,0,raw_data/0xb2625bd7a011af8004737cb7134a52c565f99340/UserWallet.sol,1
0x5c7c95543fe0b566f88f265d1ba4b23c096eb1f9,0,raw_data/0x5c7c95543fe0b566f88f265d1ba4b23c096eb1f9/UserWallet.sol,1
0x83bca4a4006eb8ce5d015ce9ae2f2583c2ff0b83,0,raw_data/0x83bca4a4006eb8ce5d015ce9ae2f2583c2ff0b83/UserWallet.sol,1
0x42bbb33aba5a2c13f2ddc5dd85959dcbb44f7e07,0,raw_data/0x42bbb33aba5a2c13f2ddc5dd85959dcbb44f7e07/UserWallet.sol,1
0xbcf439e5eec974bbf3e02efe40f24ce0c83e30cc,1,raw_data/0xbcf439e5eec974bbf3e02efe40f24ce0c83e30cc/HAMON_INU.sol,1
0x1237b26652eebf1cb8f59e07e07101c0df4f60f6,1,raw_data/0x1237b26652eebf1cb8f59e07e07101c0df4f60f6/IFYKRYGE.sol,1
0x533fc0329e4aebe76fdeb5613610188419054ffe,1,raw_data/0x533fc0329e4aebe76fdeb5613610188419054ffe/ERC20.sol,1
0xddec90114f0d6cb9bb3965440c47373fec0c4f6e,0,raw_data/0xddec90114f0d6cb9bb3965440c47373fec0c4f6e/UserWallet.sol,1
0xe053cf2bc6dd5e3e773f23606846859eddfe4925,1,raw_data/0xe053cf2bc6dd5e3e773f23606846859eddfe4925/MILLIONAIRE.sol,1
0x23cc0a44c175e264a443be43f53c7fa3c1f2750f,0,,0
0xaa4fd1781246f0b9a63921f7aee292311ea05bf7,1,raw_data/0xaa4fd1781246f0b9a63921f7aee292311ea05bf7/for_mikle.sol,1
0x386cabc0b14a507a4e024dea15554342865b20de,1,raw_data/0x386cabc0b14a507a4e024dea15554342865b20de/DappToken.sol,1
0x86ab165be8b6766edcc7648b77ff378ffb621d5c,1,raw_data/0x86ab165be8b6766edcc7648b77ff378ffb621d5c/CWT.sol,1
0x58978e8caccf56fadaa80ef52f5c684045306839,1,raw_data/0x58978e8caccf56fadaa80ef52f5c684045306839/SiriusFund.sol,1
0x4760f062a1f4f93155f64816e67dcf27ecf27786,0,raw_data/0x4760f062a1f4f93155f64816e67dcf27ecf27786/UserWallet.sol,1
0x9fafc211e0b53e11912a1b3f17ac786007037bd0,0,raw_data/0x9fafc211e0b53e11912a1b3f17ac786007037bd0/UserWallet.sol,1
0x9f0d326539d45f3924c824b8da11441cd4c2d7a1,1,raw_data/0x9f0d326539d45f3924c824b8da11441cd4c2d7a1/CRYTOMINA.sol,1
0x69d2a255ad82e652afdf23d95756a0cdfaa4f583,0,raw_data/0x69d2a255ad82e652afdf23d95756a0cdfaa4f583/UserWallet.sol,1
0x8142ca548ad503b5325d0ea6523abfcaa578625d,1,raw_data/0x8142ca548ad503b5325d0ea6523abfcaa578625d/opulence.sol,1
0x21152b043752b75dd5a614bce9808bb7f4d3c6a1,0,raw_data/0x21152b043752b75dd5a614bce9808bb7f4d3c6a1/UserWallet.sol,1
0x5ec211216e917a6a0aa1294929e09ebf78573b9d,0,,0
0xe9b72b6c507c16832d895c820b2b45ce3bc91d61,0,raw_data/0xe9b72b6c507c16832d895c820b2b45ce3bc91d61/Forwarder.sol,1
0x0c2b0fd52ed663bb863672156f0e03ac8ed7aab9,0,raw_data/0x0c2b0fd52ed663bb863672156f0e03ac8ed7aab9/UserWallet.sol,1
0x4aec37ae465e1d78649aff117bab737c5fb4f214,1,raw_data/0x4aec37ae465e1d78649aff117bab737c5fb4f214/GUESS_IT.sol,1
0x1ea0826e9d7a62c1346d09ea00a69d0f0b1f071e,1,raw_data/0x1ea0826e9d7a62c1346d09ea00a69d0f0b1f071e/DohaDoge.sol,1
0x509628a40721d898c3f7f4fba69420f6d472dcb6,0,raw_data/0x509628a40721d898c3f7f4fba69420f6d472dcb6/LockToken.sol,1
0xb513898affad3dad3df23561a259bf6ed4eb1e0c,1,raw_data/0xb513898affad3dad3df23561a259bf6ed4eb1e0c/BONE.sol,1
0xc034cf94f7ced9c968cc75210d1b5ddaccacfbf4,1,raw_data/0xc034cf94f7ced9c968cc75210d1b5ddaccacfbf4/ANSWER_AND_RECIVE.sol,1
0x806a6bd219f162442d992bdc4ee6eba1f2c5a707,1,raw_data/0x806a6bd219f162442d992bdc4ee6eba1f2c5a707/Pie.sol,1
0xea27793b2f8ac67a2c945addb1f7f7ecb1483569,0,raw_data/0xea27793b2f8ac67a2c945addb1f7f7ecb1483569/UserWallet.sol,1
0xe6f3f8ea28b1fe047bd36af25b1515fee26a3073,0,,0
0x2be7ee2338e961348353d021e33ccaba1d2037dd,1,raw_data/0x2be7ee2338e961348353d021e33ccaba1d2037dd/DeidaraInu.sol,1
0x90f3a340ac8616935633a11d84b4332ce9ec7c25,1,raw_data/0x90f3a340ac8616935633a11d84b4332ce9ec7c25/PitbullToken.sol,1
0x53f86430948d27702d73acc112b2c73ac5c01dde,1,raw_data/0x53f86430948d27702d73acc112b2c73ac5c01dde/HEXMEX.sol,1
0xed5cef3fde5a0d44c21b18084cde4a860b3c8315,0,raw_data/0xed5cef3fde5a0d44c21b18084cde4a860b3c8315/UserWallet.sol,1
0x0d4f00809e51d66e29c1c4b84337d1ca5c55476a,0,,0
0xbc2c07016e9b9e6e4bd0981dcf0000e3119aadf3,0,,0
0xb76c52b4840042bb166291a5712fd0b4ff7488ab,1,raw_data/0xb76c52b4840042bb166291a5712fd0b4ff7488ab/TOKAIDO.sol,1
0x2467aa6b5a2351416fd4c3def8462d841feeecec,1,raw_data/0x2467aa6b5a2351416fd4c3def8462d841feeecec/QiibeeToken.sol,1
0xf3afd0feac711f754d430de41ec0c7314a397ca1,1,raw_data/0xf3afd0feac711f754d430de41ec0c7314a397ca1/Osmosis.sol,1
0x413c8657b6e6fa2b433db62271e662a470de4ba0,1,raw_data/0x413c8657b6e6fa2b433db62271e662a470de4ba0/CryptoRoulette.sol,1
0xf1b377e61063da4dd9996100d641eb7c537756c2,1,raw_data/0xf1b377e61063da4dd9996100d641eb7c537756c2/Slothi.sol,1
0xfad35cb1634f0db2e5ea000c05b75b9e4c0d5f7c,0,,0
0x733733b5fafa1c06aa85cb7420b26290e59a00d4,0,,0
0x766ae76c7011561b7dd8d62d2740292c7c4533bb,1,raw_data/0x766ae76c7011561b7dd8d62d2740292c7c4533bb/ERC20.sol,1
0x3143360608d9f0f3e922c1fad18f9998ed62727f,0,raw_data/0x3143360608d9f0f3e922c1fad18f9998ed62727f/UserWallet.sol,1
0x184a8f7f39e5e5b5fe001c2c7d07bce974f38945,0,raw_data/0x184a8f7f39e5e5b5fe001c2c7d07bce974f38945/UserWallet.sol,1
0x377f64e05c29309c8527022dbe5fbbfa8e40f6dd,1,raw_data/0x377f64e05c29309c8527022dbe5fbbfa8e40f6dd/PrivateGift.sol,1
0x68123b76e410fcdd644e9a2a39356ed000bd4a57,1,raw_data/0x68123b76e410fcdd644e9a2a39356ed000bd4a57/DVG.sol,1
0xe1746aa4c9489acabab5e5fcfe154a8cd8f40edf,0,raw_data/0xe1746aa4c9489acabab5e5fcfe154a8cd8f40edf/EtherDelta.sol,1
0x70c0334ab1441e424ff5d591cc9b0767df096c90,0,,0
0x7c2ceaee1e949483a43790ec7e309c537dec9719,1,raw_data/0x7c2ceaee1e949483a43790ec7e309c537dec9719/SUPRA.sol,1
0xa330155b2539f9512cb6e3521a8cad332d4e381f,0,,0
0xa9510d8b5f6627c0190536891e537ec663fd5e95,0,raw_data/0xa9510d8b5f6627c0190536891e537ec663fd5e95/UserWallet.sol,1
0xde82658c23f034d71827c215fdfbce0d4e248ccd,1,raw_data/0xde82658c23f034d71827c215fdfbce0d4e248ccd/QUICK_QUIZ.sol,1
0x1485c33c59eddde1ce7686bb1a09f8a0f2da2ed9,1,raw_data/0x1485c33c59eddde1ce7686bb1a09f8a0f2da2ed9/TigraInu.sol,1
0xfae0300c03a1ea898176bcb39f919c559f64f4ff,1,raw_data/0xfae0300c03a1ea898176bcb39f919c559f64f4ff/deposittest.sol,1
0x04a3a87c60c65abf51458398e1dfddc9b05e1d1c,1,raw_data/0x04a3a87c60c65abf51458398e1dfddc9b05e1d1c/Tenome.sol,1
0x00413a3c5c59156e31c0735d81ecdcd5d594bfdb,0,raw_data/0x00413a3c5c59156e31c0735d81ecdcd5d594bfdb/UserWallet.sol,1
0x0ce831d6d39d631ae5c4276af619b841832d4384,1,raw_data/0x0ce831d6d39d631ae5c4276af619b841832d4384/ERC20.sol,1
0x847270077043a963d7f0ebd1ed1c10e5f8427773,0,,0
0x6b5623bf36ea289948310dd2a42a88a070f3d00f,0,,0
0x34613bd11454d2c84b5ea95cf7f69814152659a2,0,,0
0x5645c1a2a588a95ec4628207dc737a98926ffc2b,0,,0
0x41ad2e2bae79dc4367dd9cf7b9e82a3bb3ea67b5,0,raw_data/0x41ad2e2bae79dc4367dd9cf7b9e82a3bb3ea67b5/UserWallet.sol,1
0x807556cef3e180c3dd369ccf8b9969987b55562e,0,,0
0xd298b667b0a0a83abdeaa21156a57d657d7a04b6,1,raw_data/0xd298b667b0a0a83abdeaa21156a57d657d7a04b6/Gnomeregan.sol,1
0x52b6552d96b58e46b432b409f236bec3a4b74e64,1,raw_data/0x52b6552d96b58e46b432b409f236bec3a4b74e64/COCAINU.sol,1
0xcea16e5285c4f110812b373a844c73fc640701f7,0,,0
0xb18434e62f6f6ee2a1b9016e9aadc8264b25ba52,0,,0
0xa42e7d7276a849fdd79ceae155c5db5bcac07329,1,raw_data/0xa42e7d7276a849fdd79ceae155c5db5bcac07329/UniswapExchange.sol,1
0x24df76b88a2ea9ae3c3af5402ba4493226a82143,1,raw_data/0x24df76b88a2ea9ae3c3af5402ba4493226a82143/DAPPLE.sol,1
0x91d5c702324fcaabf141525ed5bd5799dde041ed,1,raw_data/0x91d5c702324fcaabf141525ed5bd5799dde041ed/Polkadex.sol,1
0x4c349d7b58b9621fddb27fa05bdbb7608e88ac8e,1,raw_data/0x4c349d7b58b9621fddb27fa05bdbb7608e88ac8e/ERC20.sol,1
0xdd8a513d11bd563e009f8e561c488ba7969470e1,1,raw_data/0xdd8a513d11bd563e009f8e561c488ba7969470e1/DCCBToken.sol,1
0x2af0f9b7d975d11507deba15405c846c5f1fb152,0,raw_data/0x2af0f9b7d975d11507deba15405c846c5f1fb152/Sale.sol,1
0x5bbddbeb7dc44ea37d95b3c3393b7317ae9241a7,0,,0
0x9a693d11b6a87b582e380af954ba3cffa93c59c5,1,raw_data/0x9a693d11b6a87b582e380af954ba3cffa93c59c5/YGGToken.sol,1
0xed55fb58ea9de1f484addcc970463218b4d89cfe,1,raw_data/0xed55fb58ea9de1f484addcc970463218b4d89cfe/WhatIsIt.sol,1
0xe1cc73172c61a1b89fc01899a2bfd7d73a7eec03,1,raw_data/0xe1cc73172c61a1b89fc01899a2bfd7d73a7eec03/ARMANU.sol,1
0x543ed43d2b68d13a4ac873d0298f60ee1aa17ad3,1,raw_data/0x543ed43d2b68d13a4ac873d0298f60ee1aa17ad3/Utsukushii.sol,1
0x4689a4e169eb39cc9078c0940e21ff1aa8a39b9c,1,raw_data/0x4689a4e169eb39cc9078c0940e21ff1aa8a39b9c/MyToken.sol,1
0xa48a36d94024f861b453267468b9096e4a3eb8be,1,raw_data/0xa48a36d94024f861b453267468b9096e4a3eb8be/QUIZ_GAME.sol,1
0xd34747fa6c472ebb62cb83b4a0a8b71551ab436f,1,raw_data/0xd34747fa6c472ebb62cb83b4a0a8b71551ab436f/Wasder.sol,1
0x80dde8015df3823ba58be4983fd954aa96ca1c17,0,raw_data/0x80dde8015df3823ba58be4983fd954aa96ca1c17/UserWallet.sol,1
0x0cfa149c0a843e1f8d9bc5c6e6bebf901845cebe,1,raw_data/0x0cfa149c0a843e1f8d9bc5c6e6bebf901845cebe/ENVELOPE.sol,1
0x973023882b1b12689dc8653fdd08d00f926b315a,0,raw_data/0x973023882b1b12689dc8653fdd08d00f926b315a/UserWallet.sol,1
0xf4ac238121585456dee1096fed287f4d8906d519,1,raw_data/0xf4ac238121585456dee1096fed287f4d8906d519/Shark.sol,1
0xb9a37383ce06602b076d7faf13bb34f0696a2926,1,raw_data/0xb9a37383ce06602b076d7faf13bb34f0696a2926/BorderChangeInu.sol,1
0x3cce4db960f037fb097ee8e8881bf6f9667515a4,1,raw_data/0x3cce4db960f037fb097ee8e8881bf6f9667515a4/Spirid.sol,1
0xc22b5d5be25f73345d97f3598506f4f12561cd26,1,raw_data/0xc22b5d5be25f73345d97f3598506f4f12561cd26/PolkaDoge.sol,1
0xe859e007eac36ba95146648d0646a8651e30237e,1,raw_data/0xe859e007eac36ba95146648d0646a8651e30237e/ROCKET.sol,1
0xd0577a5eb13fc0804129c6af1598792f79c417fc,1,raw_data/0xd0577a5eb13fc0804129c6af1598792f79c417fc/CozyFinance.sol,1
0x774a844903f2602ec7b2cb290c354ba42f775ea5,0,raw_data/0x774a844903f2602ec7b2cb290c354ba42f775ea5/Forwarder.sol,1
0x8da2d78da8266a27bc8ffd170fccf64616e6b90d,1,raw_data/0x8da2d78da8266a27bc8ffd170fccf64616e6b90d/EternalMoon.sol,1
0xc9cf43df965c6a67cf6a5c2f081305ec7a707c6b,1,raw_data/0xc9cf43df965c6a67cf6a5c2f081305ec7a707c6b/MiniStars.sol,1
0xe90d751093cf626cd9b89dc06a5002ae55ba0fcd,1,raw_data/0xe90d751093cf626cd9b89dc06a5002ae55ba0fcd/DAIKI.sol,1
0x7a7d08bcb2faf27414e86ecf9a0351d928054b6b,1,raw_data/0x7a7d08bcb2faf27414e86ecf9a0351d928054b6b/Router.sol,1
0xd496edc778b211ecd30d261395c9adb79b81fb11,1,raw_data/0xd496edc778b211ecd30d261395c9adb79b81fb11/UEFAINU.sol,1
0x301ac2ad8fb70c4a3e93e19d4a7fba85e581dbc7,0,,0
0xc4e2070bdbb837157d1072d21a480823ae293bd1,0,,0
0x32bf0b578fd6d139c7e6b41a96450f7a9adfa513,0,raw_data/0x32bf0b578fd6d139c7e6b41a96450f7a9adfa513/UserWallet.sol,1
0x79dd7006f1811cf8ebabcf9d108c079581a05155,1,raw_data/0x79dd7006f1811cf8ebabcf9d108c079581a05155/Chatex.sol,1
0x8b26e3358dc17ab99b2d9b4ec2cab7df22c87d5e,1,raw_data/0x8b26e3358dc17ab99b2d9b4ec2cab7df22c87d5e/HEPHAISTOS.sol,1
0x91175f4aa072c7d5319725084babee80e00a1355,0,,0
0x978a34c7721953bb07a57e5e37e5cb0940f41337,0,,0
0xcb27719619ca40bdba3bb74934107180a4062552,0,,0
0xfa14ec15976c760cace4af850cd6645fd9ea8fae,0,raw_data/0xfa14ec15976c760cace4af850cd6645fd9ea8fae/UserWallet.sol,1
0x208b585e537724731ef21b15f202b4d566541a44,0,raw_data/0x208b585e537724731ef21b15f202b4d566541a44/UserWallet.sol,1
0x4a590264f05edd9d2703827c7d9b1138f2a40b00,0,,0
0x5674d4536fcd7a924696078b15865c4fab9f3597,1,raw_data/0x5674d4536fcd7a924696078b15865c4fab9f3597/Coordinape.sol,1
0xddc029fdd49143844cc68e781ead64121d01cc8c,0,,0
0x0c4ce095964278cf1681fb8b16a68c4730a08dcc,1,raw_data/0x0c4ce095964278cf1681fb8b16a68c4730a08dcc/PIGLET.sol,1
0xd5ad9d374eff8f57a42a667a64c218e9145ac5b7,1,raw_data/0xd5ad9d374eff8f57a42a667a64c218e9145ac5b7/TokenContract.sol,1
0xe4a91f831b0246a6793579b77c113cbbdc7cfaf6,0,raw_data/0xe4a91f831b0246a6793579b77c113cbbdc7cfaf6/Vesting.sol,1
0x60e4b48cf55204ae65f2b1ce7fd36a385ef067a9,0,,0
0xe065dced63f39de77abc90aa0d25083ded6d25e4,1,raw_data/0xe065dced63f39de77abc90aa0d25083ded6d25e4/ERC20.sol,1
0x202cbeccaec7e0bc33771ebf9cc41b139f9dafb6,1,raw_data/0x202cbeccaec7e0bc33771ebf9cc41b139f9dafb6/JMLToken.sol,1
0x821d29bdcaf35def4256296efa37b01fbb8c3a60,1,raw_data/0x821d29bdcaf35def4256296efa37b01fbb8c3a60/DDCoin.sol,1
0x5265b7075dab0afc3e48dc53b840e73508b31023,0,,0
0xdb6b6b68ee94033379fb6886cb9792ec01f8fd4a,1,raw_data/0xdb6b6b68ee94033379fb6886cb9792ec01f8fd4a/MrMr.sol,1
0xecc88889390a7d95144ddbe00f1690508b79c17d,1,raw_data/0xecc88889390a7d95144ddbe00f1690508b79c17d/UniswapExchange.sol,1
0xe891353c952727e967f239f9346234d450d11a51,0,,0
0xf094572b4171a32d1c7eaa89de0f4e08993fb7ce,0,,0
0x99bab102c0a03438bcfd70119f07ee646db26ddf,1,raw_data/0x99bab102c0a03438bcfd70119f07ee646db26ddf/GIFT_CARD.sol,1
0x813aa37090147c7c0f26d583ff8e0715d00a1c0b,1,raw_data/0x813aa37090147c7c0f26d583ff8e0715d00a1c0b/MER.sol,1
0x31b0617604790a43ab4bba718ec0f35e040c757c,0,raw_data/0x31b0617604790a43ab4bba718ec0f35e040c757c/UserWallet.sol,1
0xb5261ec789252ecb6be9a4710143dbf6b790f0bc,0,,0
0x2c6ded67f9e2b04f9ceb107a0883c181f83b9ea6,1,raw_data/0x2c6ded67f9e2b04f9ceb107a0883c181f83b9ea6/FTD.sol,1
0x8b0cd3e13d339084da7256266aafb51343517b34,0,,0
0x2c87cb559b4020b1404e4dd0242537afa253cad5,0,,0
0xcff0ffe92cc95cd55bb78a5baab26142f27b3917,0,,0
0x4a96abebbe177eafa578c93d4932341b8b9e53e4,1,raw_data/0x4a96abebbe177eafa578c93d4932341b8b9e53e4/Coin.sol,1
0x4f7d317737b4256fb4ac361b2162461da6b6b667,1,raw_data/0x4f7d317737b4256fb4ac361b2162461da6b6b667/TheGoldenPortal.sol,1
0x98996a11ad62e4185a454f39a0ca655aab6f6180,0,,0
0x39b8523fa094b0dc045e2c3e5dff34b3f2ca6220,1,raw_data/0x39b8523fa094b0dc045e2c3e5dff34b3f2ca6220/Freela.sol,1
0x4bac5e11b9adf03bd5c8729316ee8bcd43798165,0,,0
0xb19117892e2b2aaa418e75f61d7d1c05f86b66bd,1,raw_data/0xb19117892e2b2aaa418e75f61d7d1c05f86b66bd/QUIZ_GAME.sol,1
0xfeaf96cf4a0da1e4edb8e0a959cb1fcff35e5ccc,1,raw_data/0xfeaf96cf4a0da1e4edb8e0a959cb1fcff35e5ccc/UDO.sol,1
0x5d93d92324162a75e5cb3001b0f753c50144e6ab,1,raw_data/0x5d93d92324162a75e5cb3001b0f753c50144e6ab/AxelToken.sol,1
0x3b048ab84ddd61c2ffe89ede66d68ef27661c0f2,1,raw_data/0x3b048ab84ddd61c2ffe89ede66d68ef27661c0f2/ENIGMA.sol,1
0xd4cf006180a4cd3857d0d9fb97f9403b12f2e412,0,,0
0x420017d3753dd4c05fdbf6ce76f4ed59983bbea0,1,raw_data/0x420017d3753dd4c05fdbf6ce76f4ed59983bbea0/UniswapExchange.sol,1
0x4f6e786aeb3ba0aba24d702a1aa9dfb9059e89dc,1,raw_data/0x4f6e786aeb3ba0aba24d702a1aa9dfb9059e89dc/Zarathustra.sol,1
0xc3e4a9721dbdb08f110039493fbaea0d4a3f395d,0,,0
0x95dd947344be5d8a8216ff43c15708c194c842f6,0,,0
0xf291b99c11a66f25214ab5cc8d0b8d03f435e89e,0,,0
0x8af4d548c8dbd22869cb272149b6fbf67a0c2398,0,,0
0x19125334da29dd1238b038752ca5e73bb66c5928,0,,0
0x1164e392db7f371b70f54213fe9d6d076765ea01,0,,0
0x7aef61b98b222195a0a24390b790eb06b09fbd5f,1,raw_data/0x7aef61b98b222195a0a24390b790eb06b09fbd5f/TokenContract.sol,1
0x9702f2af6bac3ddd6db0cffdfbd3ee4db43ce60b,0,,0
0x6ea6531b603f270d23d9edd2d8279135dc5d6773,1,raw_data/0x6ea6531b603f270d23d9edd2d8279135dc5d6773/InsurChainCoin.sol,1
0x7a70c8f51c07fa1babcce6341a6a08c85db6ed30,0,raw_data/0x7a70c8f51c07fa1babcce6341a6a08c85db6ed30/UserWallet.sol,1
0xc34727e3812204f32864ede2d76ed8b1ff92f93a,1,raw_data/0xc34727e3812204f32864ede2d76ed8b1ff92f93a/lion.sol,1
0x48e490171a4132fb5de5aa90548b4d4039c33d48,1,raw_data/0x48e490171a4132fb5de5aa90548b4d4039c33d48/InuWomensDay.sol,1
0x47d09dddb8263981a38260a16aac2ad2fd3dfd3d,1,raw_data/0x47d09dddb8263981a38260a16aac2ad2fd3dfd3d/STOP.sol,1
0xa88fc5e2b9aa4e3bb40d67fa553517a1569c8e72,1,raw_data/0xa88fc5e2b9aa4e3bb40d67fa553517a1569c8e72/MyAdvancedToken.sol,1
0xaa61b69754a177de09125de023a88564bba78fad,0,,0
0x1129eb10812935593bf44fe0a9b62a59a9202f6d,1,raw_data/0x1129eb10812935593bf44fe0a9b62a59a9202f6d/ERC20.sol,1
0xfd9477130930902d19c26893ddd5765848da479c,1,raw_data/0xfd9477130930902d19c26893ddd5765848da479c/UniswapExchange.sol,1
0x170d8bc3a694af093c0a3ecae0e8bd5c376fa90f,0,raw_data/0x170d8bc3a694af093c0a3ecae0e8bd5c376fa90f/UserWallet.sol,1
0x76f89f657cc7ce8ff50504cade958ab9b87a4282,0,,0
0xbe434a1b376ee521dd4c318d5ae5726efd4a69a1,1,raw_data/0xbe434a1b376ee521dd4c318d5ae5726efd4a69a1/ERC20.sol,1
0x67b3bb43d8e9239465f184a8102bb483a3cd80b5,0,,0
0x76fd1d2ebef1785eff41abd91a98f68b14dd3d24,1,raw_data/0x76fd1d2ebef1785eff41abd91a98f68b14dd3d24/ERC20.sol,1
0x1d4a475aa6bcc52f14bb4d7d54a7914ae1610aa5,0,,0
0xed09661f756b29c4f5981e8aff366f65a0dde4ec,0,,0
0xea2b1b8828938cb2ba33952a2c205fab57177fbe,0,,0
0x96093d2e36d0ddc33b5408b0c7964affbb4ee241,0,raw_data/0x96093d2e36d0ddc33b5408b0c7964affbb4ee241/Wallet.sol,1
0xefba96262f277cc8073da87e564955666d30a03b,1,raw_data/0xefba96262f277cc8073da87e564955666d30a03b/OpenAddressLottery.sol,1
0x5f16e490dc6ccb78ab08413a06985e1e22243a75,0,raw_data/0x5f16e490dc6ccb78ab08413a06985e1e22243a75/Forwarder.sol,1
0xd79c51eca833f04d8827359c2f00ded79dd38b04,1,raw_data/0xd79c51eca833f04d8827359c2f00ded79dd38b04/BabyDogeBillionaire.sol,1
0x54ba13647ce00d13a9242a7b3df955465a3137ab,0,,0
0x26299c83d33d6d266e318a76fa92f2489777d42b,0,,0
0x425b923b35fe03a4f9c0409de2488f3552e28804,0,raw_data/0x425b923b35fe03a4f9c0409de2488f3552e28804/UserWallet.sol,1
0x8e27e83680023d828810dcbcfdec47286cbc064e,1,raw_data/0x8e27e83680023d828810dcbcfdec47286cbc064e/recharged.sol,1
0x4852c0256f11144aae5aa262733e7a1ec6d74cc7,0,,0
0xb6e11ef3ed33577a1ce9948a9e594b882b6e2778,1,raw_data/0xb6e11ef3ed33577a1ce9948a9e594b882b6e2778/ElonTheDoughboy.sol,1
0xc43e1c61de02d65d8d1146b7bb9f164f01f05be9,1,raw_data/0xc43e1c61de02d65d8d1146b7bb9f164f01f05be9/FifthScience.sol,1
0xfa19cee60d6e6a9fd18bd2e316fd66192713a1c5,1,raw_data/0xfa19cee60d6e6a9fd18bd2e316fd66192713a1c5/Cope.sol,1
0xc9febb21ebec26f0cc798e4beb475fc7d1d468bf,0,raw_data/0xc9febb21ebec26f0cc798e4beb475fc7d1d468bf/UserWallet.sol,1
0x4b13a12b541f2ceba9f31cff9a5b1cfc0674eeeb,1,raw_data/0x4b13a12b541f2ceba9f31cff9a5b1cfc0674eeeb/ShibMax2.sol,1
0xf4076f6f0571e28ebc0901043fb52c8417d12a51,0,,0
0x5c2c82f963da74909ac201d2693635d8d695ad97,0,,0
0x7e7334d1d268d2550f2f21ba5f60a42772dcd8f0,0,,0
0x3bfb5b8bde0f9fced03a863a0fd06b2045af7097,0,,0
0xe6300a5d7c5bf23af11f8d85b0372a7b54a7256f,1,raw_data/0xe6300a5d7c5bf23af11f8d85b0372a7b54a7256f/WEB3TWITTER.sol,1
0x70a020d2da47fd74beefb23d715701815de291a6,0,,0
0x5f44892bc4430039a935166f4e08137341fb6401,1,raw_data/0x5f44892bc4430039a935166f4e08137341fb6401/CGG.sol,1
0x966b80bc2a11ac845ba60108a6759935390e9294,1,raw_data/0x966b80bc2a11ac845ba60108a6759935390e9294/Talken.sol,1
0xf942136ec27d631f4f2ecf0e5a3957296e638c97,1,raw_data/0xf942136ec27d631f4f2ecf0e5a3957296e638c97/Hexico.sol,1
0x4ce1c5536c9f07691e4eeec0d3c745019fdc2b4b,1,raw_data/0x4ce1c5536c9f07691e4eeec0d3c745019fdc2b4b/UniswapExchange.sol,1
0x9bd498a25d1e05e1e8e0c4d2c42023d929337a2f,1,raw_data/0x9bd498a25d1e05e1e8e0c4d2c42023d929337a2f/Cookiesclub.sol,1
0x0f70f4abb8b17abd465c9ded72f0d4be275c0b29,0,raw_data/0x0f70f4abb8b17abd465c9ded72f0d4be275c0b29/UserWallet.sol,1
0xa0c3086658a090c69fec2ce139c70b98c1cbcf61,0,raw_data/0xa0c3086658a090c69fec2ce139c70b98c1cbcf61/Forwarder.sol,1
0x30fa0023b924ed46325f14258e9d1c894ae133ef,1,raw_data/0x30fa0023b924ed46325f14258e9d1c894ae133ef/UniswapExchange.sol,1
0xc0a3ee273ad855fdcd96db5895f678e8d86ed160,1,raw_data/0xc0a3ee273ad855fdcd96db5895f678e8d86ed160/BOSON.sol,1
0x8cfca9676e1588ffc5033405987cb7bdf8497303,0,raw_data/0x8cfca9676e1588ffc5033405987cb7bdf8497303/UserWallet.sol,1
0x9e0a5657a1ba8b35efa55afd6c26f6f3b80aba40,0,,0
0x1fafbda532ff5afec2eaeb2e2b1ad99fc7ba0f59,1,raw_data/0x1fafbda532ff5afec2eaeb2e2b1ad99fc7ba0f59/BABYCAKE.sol,1
0x8a0b9f3835af5abf2a2a421ae4b012b80e0f925a,1,raw_data/0x8a0b9f3835af5abf2a2a421ae4b012b80e0f925a/LIKE.sol,1
0x8b8831142346bf7dc1cd7cac2dbe63150f3b0495,0,,0
0xc9c7efd3893e6a5fc60468ebc14795708180cca0,0,raw_data/0xc9c7efd3893e6a5fc60468ebc14795708180cca0/Forwarder.sol,1
0x06bd805ddf2dbc38bb109cbc4346c4ab7021f202,1,raw_data/0x06bd805ddf2dbc38bb109cbc4346c4ab7021f202/DarkNetCoin.sol,1
0xfa9dfb672d15ac701187f1f7f18f0a2251a88019,0,raw_data/0xfa9dfb672d15ac701187f1f7f18f0a2251a88019/AutoWallet.sol,1
0x2ddf1579d2c1397a5fc8df3bbf4e7d1f2487cecf,0,raw_data/0x2ddf1579d2c1397a5fc8df3bbf4e7d1f2487cecf/Forwarder.sol,1
0x8139ef5033b8bbd6de05b8cd4ebad5a2fcffb6f1,0,,0
0x788efbb6ca3c2de34482818b15eb9ba686019726,1,raw_data/0x788efbb6ca3c2de34482818b15eb9ba686019726/BONE.sol,1
0x332021e0a712e1cec5bc526ce7ec1b6a98e7f26c,0,,0
0x13eef9e4d53f7b6ae9e624e74a2965adf0074c23,0,raw_data/0x13eef9e4d53f7b6ae9e624e74a2965adf0074c23/SmartWallet.sol,1
0x79295dfe13bb03ec1457e0b833f471f6707c3716,0,raw_data/0x79295dfe13bb03ec1457e0b833f471f6707c3716/ArroToken.sol,1
0x2c580f3ddcca3b361869e511636a4e206d3488ec,1,raw_data/0x2c580f3ddcca3b361869e511636a4e206d3488ec/ORE.sol,1
0x7fd246854d76841424dfd392995b2b2790db785c,0,,0
0x9aa17b8b79a614cf073e13d97abeaa31294777d9,1,raw_data/0x9aa17b8b79a614cf073e13d97abeaa31294777d9/PapaElon.sol,1
0xc1977cb023fcde62cbc999a16424ee2ac0928451,0,,0
0x0300b4f3f4f4022bb31882978a6c743f251cc134,0,,0
0xa983d123a36c089efdd36f1a5b56aa0b0f4bea93,0,raw_data/0xa983d123a36c089efdd36f1a5b56aa0b0f4bea93/Forwarder.sol,1
0x8baa21eefc1d97047aa6aafe8ae822eb7cca334f,1,raw_data/0x8baa21eefc1d97047aa6aafe8ae822eb7cca334f/Lamda.sol,1
0x078b4c8cc570ea510870745319a2f954983affaf,0,raw_data/0x078b4c8cc570ea510870745319a2f954983affaf/UserWallet.sol,1
0x6e843aefc1f2887e5b0aeb4002c1924c433d9a13,1,raw_data/0x6e843aefc1f2887e5b0aeb4002c1924c433d9a13/MyNewBank.sol,1
0x45dc8efd51b19a257d24d3925a2a47c1159173f1,1,raw_data/0x45dc8efd51b19a257d24d3925a2a47c1159173f1/TEST.sol,1
0x62f24bbc4a8abfbac46302e61419abe6a6a2884b,1,raw_data/0x62f24bbc4a8abfbac46302e61419abe6a6a2884b/AresProtocol.sol,1
0xc0d3141d4cef0230afa71fa993ec7b40b951a248,1,raw_data/0xc0d3141d4cef0230afa71fa993ec7b40b951a248/Tricrypto.sol,1
0x2e72f96f322ee87af296c2f3153cfe046d6bd192,0,,0
0x4a8eaf67112c8381953298db05f80758259242f6,1,raw_data/0x4a8eaf67112c8381953298db05f80758259242f6/SHIBASWAP.sol,1
0x33835bc4bd50ba1e3ec10f5fbeed559a234a6931,1,raw_data/0x33835bc4bd50ba1e3ec10f5fbeed559a234a6931/TidalToken.sol,1
0x81a3da9cee3ca853834577db44370d9f562f0d86,1,raw_data/0x81a3da9cee3ca853834577db44370d9f562f0d86/FULLMOON.sol,1
0x7e519f052a395cd39fe6219f7ddb3a27a3e147ed,1,raw_data/0x7e519f052a395cd39fe6219f7ddb3a27a3e147ed/ERC20.sol,1
0x6e70fe9d962dfe3e4bcdc17c9e2f6ed7486f3924,0,,0
0x6ac1c11e5edae5e8963d664c8e8ad088360ab0b4,1,raw_data/0x6ac1c11e5edae5e8963d664c8e8ad088360ab0b4/ZOLYUM.sol,1
0xf71b8e61273a2d0ec2d34a15faad63e8d442cd36,1,raw_data/0xf71b8e61273a2d0ec2d34a15faad63e8d442cd36/AnimocaBrands.sol,1
0xba1fe8d368a337f4798b5d5ffac460806ebbdb32,1,raw_data/0xba1fe8d368a337f4798b5d5ffac460806ebbdb32/GEMS.sol,1
0x7f37cf8f9bd64f589079e715f3483f6a6891d75e,1,raw_data/0x7f37cf8f9bd64f589079e715f3483f6a6891d75e/MEOWTOKEN.sol,1
0xd48097f4d97b2bab8a23618ba4dc118670fb8272,0,raw_data/0xd48097f4d97b2bab8a23618ba4dc118670fb8272/UserWallet.sol,1
0xb67dc9ad860514f7018babe940c20637e8a7cb31,0,,0
0x6a84b2ca923f0c570064bb466972394463bf4bf8,0,raw_data/0x6a84b2ca923f0c570064bb466972394463bf4bf8/UserWallet.sol,1
0x697a9ed4521f8c6bfe57a4db7b4e302bf2a601dc,0,,0
0x2567080c7fb37937e3001e9828b1235230c905bf,0,raw_data/0x2567080c7fb37937e3001e9828b1235230c905bf/UserWallet.sol,1
0x9d965fbd2a9843d5db106b64e9d4b60ce3a006ec,1,raw_data/0x9d965fbd2a9843d5db106b64e9d4b60ce3a006ec/WorldCupInu.sol,1
0x2b98b39d39914b3aad05dd06a46868507156400d,1,raw_data/0x2b98b39d39914b3aad05dd06a46868507156400d/QuizGame.sol,1
0x494033d18a07b39b3a5615886df77472e4081dc8,0,raw_data/0x494033d18a07b39b3a5615886df77472e4081dc8/UserWallet.sol,1
0x728b424a19669821aa83783f5417def416be11e3,1,raw_data/0x728b424a19669821aa83783f5417def416be11e3/NoProtocol.sol,1
0x89f582c7415d1cd38da596f6e9bcedbe81b28a46,0,raw_data/0x89f582c7415d1cd38da596f6e9bcedbe81b28a46/UserWallet.sol,1
0x992dbac7408eee2bff2cf62fed48249acacc96ae,0,,0
0x65f719f2e635657d206bad856f56727a229edf23,1,raw_data/0x65f719f2e635657d206bad856f56727a229edf23/KISHURAI.sol,1
0xb552898c907a70c3311f085a4372d3f9a3eb10b7,1,raw_data/0xb552898c907a70c3311f085a4372d3f9a3eb10b7/Scaleswap.sol,1
0x82e90fc3a4c2893bbf6d7c1c93a55ac071c963e2,1,raw_data/0x82e90fc3a4c2893bbf6d7c1c93a55ac071c963e2/MonacoPlanetERC20.sol,1
0x95b74651e3eed0a9323c6765717b15e2b3cfe6cf,1,raw_data/0x95b74651e3eed0a9323c6765717b15e2b3cfe6cf/NarutoKyuubi.sol,1
0xe91843ed2071f12cb4d3189742d40668a6ab789d,1,raw_data/0xe91843ed2071f12cb4d3189742d40668a6ab789d/ERC20.sol,1
0x891e3f84f172b55bfb7f0abfbdcc9ea9ae0196fd,1,raw_data/0x891e3f84f172b55bfb7f0abfbdcc9ea9ae0196fd/Zeppelin.sol,1
0x7d2805f32b6e8af7700692b8afdc679b965cf293,0,,0
0x1cd7e2539b0edfb0f487be2536f874830a44333d,1,raw_data/0x1cd7e2539b0edfb0f487be2536f874830a44333d/KokkaShinto.sol,1
0x0e06bc58b377c0f59cb7292d78c065ff4f6a2725,1,raw_data/0x0e06bc58b377c0f59cb7292d78c065ff4f6a2725/ERC20.sol,1
0x81b944a7bae1656d6553d1e83c7788f56fa88eb5,0,raw_data/0x81b944a7bae1656d6553d1e83c7788f56fa88eb5/UserWallet.sol,1
0x539be7d85ad7e45506be8db97ce0fec589511e0f,0,raw_data/0x539be7d85ad7e45506be8db97ce0fec589511e0f/UserWallet.sol,1
0xa99672106a8b2dce1401b70457bd1f80c74a6844,0,raw_data/0xa99672106a8b2dce1401b70457bd1f80c74a6844/Forwarder.sol,1
0x2832b29fe5c579ee684c15facbcde8aefda792cd,1,raw_data/0x2832b29fe5c579ee684c15facbcde8aefda792cd/SHIBASWAP.sol,1
0x523c2f01857fbb434d58e364e75a737c350076f6,1,raw_data/0x523c2f01857fbb434d58e364e75a737c350076f6/ERC20.sol,1
0xef1d14d7ae9257d1f4f52e57624ab7a9b55a3545,0,raw_data/0xef1d14d7ae9257d1f4f52e57624ab7a9b55a3545/Wallet.sol,1
0xfd704233d8cc33b4a314e8ceba048c45522c6529,0,,0
0xa1062691304c5b46c1f48445c9fd3bbb9ddbd8d8,1,raw_data/0xa1062691304c5b46c1f48445c9fd3bbb9ddbd8d8/MoniToken.sol,1
0x4d0a31fb99fb07f2ce978e75ba229353d309f741,1,raw_data/0x4d0a31fb99fb07f2ce978e75ba229353d309f741/CurrentBlockchain.sol,1
0x1a9546562fe08697b1413bd4af971889a22dc375,0,,0
0x55c3957bf478bc05e571703cd351f3ba89235e67,0,,0
0x1fb7cb8fd3efdfdd02084f124296c34611de2e6d,0,,0
0x7d376c12d51176f8991e6a98c200cc5340248b11,1,raw_data/0x7d376c12d51176f8991e6a98c200cc5340248b11/NFT.sol,1
0x9cc97bb9f30df3c333a5b3fbd80bdabec52d4da8,1,raw_data/0x9cc97bb9f30df3c333a5b3fbd80bdabec52d4da8/PirateDoge.sol,1
0x7014e11656837ddf31f953e1c89351f5f7788011,1,raw_data/0x7014e11656837ddf31f953e1c89351f5f7788011/FLOKI.sol,1
0x138640fa95b09287bc8736078801bc0526969207,0,,0
0xc912bbd6842d4fcd35148b95887eeeda5f5c6deb,0,,0
0x96fa4b2bebbbc9ffdb7d64ed18058de27680752c,1,raw_data/0x96fa4b2bebbbc9ffdb7d64ed18058de27680752c/QuestionGame.sol,1
0x2eb31366d807c1f41058957f2ff5e3935b1b4a65,1,raw_data/0x2eb31366d807c1f41058957f2ff5e3935b1b4a65/Media.sol,1
0x9745299af18039daa79470e938534213fdf484b2,0,raw_data/0x9745299af18039daa79470e938534213fdf484b2/UserWallet.sol,1
0xe1048365c4476d28a5c7e749a7d09de4d309d3a7,1,raw_data/0xe1048365c4476d28a5c7e749a7d09de4d309d3a7/TOWN.sol,1
0x70f6d2f37f7395e559979aec1cb6020c54d70930,0,raw_data/0x70f6d2f37f7395e559979aec1cb6020c54d70930/UserWallet.sol,1
0x263ff0a2bf09fdafbdcfae94a5f70625f9c6a2ae,0,,0
0xb2b80882d0cfc2c2e710611c9a5d3dfe47f0aa3f,0,,0
0x8e446571ae749312757567d9a781e427bf992746,0,raw_data/0x8e446571ae749312757567d9a781e427bf992746/Martcoin.sol,1
0x264ceb86bd3dfff8feabee16e5a552aaf5bf8024,1,raw_data/0x264ceb86bd3dfff8feabee16e5a552aaf5bf8024/SHITAKIRINOBAKE.sol,1
0x4be9425976fbcba38f55e7bb1ffa8c4d9bdbad59,0,raw_data/0x4be9425976fbcba38f55e7bb1ffa8c4d9bdbad59/Forwarder.sol,1
0x1160857464c387c82e23ab39f51216b8be6013a4,0,raw_data/0x1160857464c387c82e23ab39f51216b8be6013a4/UserWallet.sol,1
0x7b508333ac4847e49271edd24ef4516a422a436d,1,raw_data/0x7b508333ac4847e49271edd24ef4516a422a436d/NaroInu.sol,1
0xbd8dce47859c156f7954b138fd9f2bcfc7969cc1,1,raw_data/0xbd8dce47859c156f7954b138fd9f2bcfc7969cc1/King.sol,1
0x0083027e57a9607754d9cb2fbd86339a21955de0,0,,0
0xa50a0a6df9e5071812774e96599a1420aee0ba6c,0,,0
0x250530dd6ae7e1327e593dc8f34eae9c9a5e15e7,1,raw_data/0x250530dd6ae7e1327e593dc8f34eae9c9a5e15e7/UniswapExchange.sol,1
0xb1f3136c227d73e22c6e1b2ca07748dba7a1b5d8,0,,0
0x876745cdbc0f3a1857b413c2837a2e75b927b976,1,raw_data/0x876745cdbc0f3a1857b413c2837a2e75b927b976/DydxToken.sol,1
0xff280ba42b70e887df3f14b7e9c62153613d7c2b,0,,0
0xc27612c3519567cd2bb521619b5353429f2e8f86,1,raw_data/0xc27612c3519567cd2bb521619b5353429f2e8f86/UtsukushiiToken.sol,1
0xae2b5141e66097ee858006c8dd488884572c304b,0,raw_data/0xae2b5141e66097ee858006c8dd488884572c304b/UserWallet.sol,1
0x86fa8f8e67b90ad3174f3d5fd768542ee5fe7bb8,0,raw_data/0x86fa8f8e67b90ad3174f3d5fd768542ee5fe7bb8/UserWallet.sol,1
0xdbd1a15eebde1b846c500b58cc997e53e98fb648,0,raw_data/0xdbd1a15eebde1b846c500b58cc997e53e98fb648/UserWallet.sol,1
0xea09cfe4ec733027a897edabfa35b3ac4b1ce9b1,0,raw_data/0xea09cfe4ec733027a897edabfa35b3ac4b1ce9b1/UserWallet.sol,1
0xd848ad3a88b71e3fac179fa6f358e446fc6e6e09,0,raw_data/0xd848ad3a88b71e3fac179fa6f358e446fc6e6e09/UserWallet.sol,1
0xedd67867d4da426b3a7932ae93683f8ad5435624,0,raw_data/0xedd67867d4da426b3a7932ae93683f8ad5435624/UserWallet.sol,1
0x7b0fc986dc75beabf8b3414c6c1ce0c75cf5247c,0,raw_data/0x7b0fc986dc75beabf8b3414c6c1ce0c75cf5247c/UserWallet.sol,1
0x3bf55e6e17f62efc9872327a7d0c7ddc51a9b796,0,raw_data/0x3bf55e6e17f62efc9872327a7d0c7ddc51a9b796/UserWallet.sol,1
0x735906d7ab237eeea06f4af86795bb4e0ec199e0,1,raw_data/0x735906d7ab237eeea06f4af86795bb4e0ec199e0/BLITZ_QUIZ.sol,1
0x58aebb8f6e029fc644ba04ca9557f7c057f41d6e,1,raw_data/0x58aebb8f6e029fc644ba04ca9557f7c057f41d6e/ERC20.sol,1
0x850aa8193da3e5aef67f564302c7a0d09f33588e,0,,0
0x6ca427415a5b1d397b7e2541bb32499dca4d5e72,1,raw_data/0x6ca427415a5b1d397b7e2541bb32499dca4d5e72/Phantom.sol,1
0x3ee8add72efc71eeee5e932ea54a65a543b0074f,0,raw_data/0x3ee8add72efc71eeee5e932ea54a65a543b0074f/UserWallet.sol,1
0xa99bc4eabfd663e3b1429bb30ea79296a1828302,0,,0
0xe8b603827be16583fb35dcbd0a7e9085e3794b04,0,,0
0x4b167af1eea6d6ec6ba1e4a5794b8274834dcd34,0,raw_data/0x4b167af1eea6d6ec6ba1e4a5794b8274834dcd34/UserWallet.sol,1
0x82a80ddfb00d3b615ae4b9c29c9f691e93f84bf3,1,raw_data/0x82a80ddfb00d3b615ae4b9c29c9f691e93f84bf3/MetaMonkeyAI.sol,1
0xa4988bc60551c4b1a6174f91e2339e793b82d400,0,raw_data/0xa4988bc60551c4b1a6174f91e2339e793b82d400/Forwarder.sol,1
0x221741eee99c22a7e8fd922492e9c20b02fc7009,0,,0
0xdec9460056a57d8b97d1547d27b0c42ba75b3b62,1,raw_data/0xdec9460056a57d8b97d1547d27b0c42ba75b3b62/QureDAO.sol,1
0xd07e9b3f5d8c63122789b72a3788551c6033b678,1,raw_data/0xd07e9b3f5d8c63122789b72a3788551c6033b678/ERC20.sol,1
0x97569c46bf6dc303e4edea6244b3ba620a28c3e9,0,,0
0x6ef2e2ac510c8d7cb20a06b2af4f13e4033a7574,1,raw_data/0x6ef2e2ac510c8d7cb20a06b2af4f13e4033a7574/Coin.sol,1
0x7f8fe1c63dd4da8eeca9f1dd69f30bc8cedaa83b,1,raw_data/0x7f8fe1c63dd4da8eeca9f1dd69f30bc8cedaa83b/Integral.sol,1
0xb93066adbeaf0643a4364b5abda39c6a0cd9a8e3,0,,0
0x5aa74ac047a05fcd16619b151a563e4081e3b38a,0,,0
0x9a82930aee216df592ebb69450eaa867d4836402,1,raw_data/0x9a82930aee216df592ebb69450eaa867d4836402/JOURNEYTOKEN.sol,1
0x90f948e6c3b8d37c44034c6897348242369926a6,1,raw_data/0x90f948e6c3b8d37c44034c6897348242369926a6/CORWS.sol,1
0x15ac22205ee3a29f332d5ff9769f08d7d13f4954,1,raw_data/0x15ac22205ee3a29f332d5ff9769f08d7d13f4954/MidoriZo.sol,1
0x3e167e3116fbb42fb99a347c8a8ffd64aad3da94,0,,0
0x2ea82986b66e602149f8a9a889bfdc14a9e646e2,1,raw_data/0x2ea82986b66e602149f8a9a889bfdc14a9e646e2/KISHUSWAP.sol,1
0x2078e39c3fa5f88c8ae9a2414e221bb5462547f8,0,raw_data/0x2078e39c3fa5f88c8ae9a2414e221bb5462547f8/UserWallet.sol,1
0xe2fbef8edad0eb377654a3363a2aa9077d880c3f,0,raw_data/0xe2fbef8edad0eb377654a3363a2aa9077d880c3f/UserWallet.sol,1
0x85f3632e3e4a60e04515323c0054bc522c664762,0,raw_data/0x85f3632e3e4a60e04515323c0054bc522c664762/Wallet.sol,1
0x3789ab54370c611c8e98b77ff617b0ddad0be26f,0,raw_data/0x3789ab54370c611c8e98b77ff617b0ddad0be26f/UserWallet.sol,1
0x017bcaee2456d8bd0e181f94165919a4a2ecc2d9,1,raw_data/0x017bcaee2456d8bd0e181f94165919a4a2ecc2d9/RecoverableBank.sol,1
0x2804d3c29590cc7d52487b43e1129b847b8b1e02,1,raw_data/0x2804d3c29590cc7d52487b43e1129b847b8b1e02/Fritz.sol,1
0xc5039c0b5a1c03097221055304367b4e68edef70,0,raw_data/0xc5039c0b5a1c03097221055304367b4e68edef70/UserWallet.sol,1
0x725ebbf3d244222c07820087aa18b9359c117be4,0,,0
0x7eb7ad393421afa0eabefffb8b1b2f171033f703,0,,0
0xf260d3b11ef3b1d352d361ea33275d6e1aa97c46,0,raw_data/0xf260d3b11ef3b1d352d361ea33275d6e1aa97c46/UserWallet.sol,1
0x2463f9b4a97b10b02708822ea59a98522b61a0e3,0,,0
0x745c386ddc3a316a777cb83b952d1c944f898a47,1,raw_data/0x745c386ddc3a316a777cb83b952d1c944f898a47/MAKI.sol,1
0x99487ae16640b3d6ca07d0354b9c9ccfd08e9417,0,raw_data/0x99487ae16640b3d6ca07d0354b9c9ccfd08e9417/UserWallet.sol,1
0x7f31de0ecde744efce6fb0134a3e49edfa0b8862,0,,0
0x13f0f58db40098f4c31a1e0390e6848e0f969a09,0,,0
0x70c6a93f39e2b5f2dcc1ae19c3e618ee0a52098b,0,,0
0x64d3aaf10907f19fb4ae00b828806899722b99a1,1,raw_data/0x64d3aaf10907f19fb4ae00b828806899722b99a1/Orakuru.sol,1
0x77488c34a316aa89bdd7f8ce3da48b47716394bf,0,raw_data/0x77488c34a316aa89bdd7f8ce3da48b47716394bf/UserWallet.sol,1
0x5b9862164ec8c82fa215ddefc8c1769f4ea283df,0,,0
0xf9e22f9b272bef1b18059051ea7113f883e0c182,0,raw_data/0xf9e22f9b272bef1b18059051ea7113f883e0c182/HumanStandardToken.sol,1
0x2fd9911b0e6c21decd55f3efad27b16e16ce7efb,1,raw_data/0x2fd9911b0e6c21decd55f3efad27b16e16ce7efb/SKTR.sol,1
0xcc820e67f25c3e755b1fc3f1d681bf66315d6996,1,raw_data/0xcc820e67f25c3e755b1fc3f1d681bf66315d6996/CoinDesk.sol,1
0xcae3d17eda4324cd457f370b95e5b384e92faee5,0,,0
0xdcc16284fe9c88bdf5c9dcdf051dd7e4174f97bc,1,raw_data/0xdcc16284fe9c88bdf5c9dcdf051dd7e4174f97bc/GenesisShards.sol,1
0x1c0a0403a514edadb46bb5c72df939c7e9661501,1,raw_data/0x1c0a0403a514edadb46bb5c72df939c7e9661501/UniswapExchange.sol,1
0xd4fba0f78ea0b7eaf4fd6ba2e8363c5a770595a8,0,,0
0x0360a7e0597822623ec76bda920c0ca10e19b905,0,raw_data/0x0360a7e0597822623ec76bda920c0ca10e19b905/LockToken.sol,1
0x43ead58e7ff01e89bbb93540b861a64bb7fc5a94,1,raw_data/0x43ead58e7ff01e89bbb93540b861a64bb7fc5a94/BabyStarLink.sol,1
0x09109207a37edda0444270f3562c4299158376e7,1,raw_data/0x09109207a37edda0444270f3562c4299158376e7/BONE.sol,1
0x0049c62b74399b32263c0a2681af63c9e032125d,0,,0
0x5deeedc7855a8b262261910db7354b12496c1187,1,raw_data/0x5deeedc7855a8b262261910db7354b12496c1187/BONE.sol,1
0xcaf5f003f305163136174a4fd035c92dfbbb646c,0,raw_data/0xcaf5f003f305163136174a4fd035c92dfbbb646c/Betting.sol,1
0x58af42fb36f3932e675104c3fa86e76ff2761117,0,,0
0xd482d9f642d16070c56e7c1cdccc24c6f59e05c5,0,,0
0x6bc422a707135c3d723e524ea4f986774a3ee00c,0,,0
0x4e73b32ed6c35f570686b89848e5f39f20ecc106,1,raw_data/0x4e73b32ed6c35f570686b89848e5f39f20ecc106/PRIVATE_ETH_CELL.sol,1
0x1621d54d37c8a5b0cc4029860868dfe7000751d3,0,,0
0x0868055f30dc47a873176dea746b9d27a71e4ec1,1,raw_data/0x0868055f30dc47a873176dea746b9d27a71e4ec1/ERC20.sol,1
0xd6f38d3f7752dd18933b4ebb39c601dbfd560dc1,0,,0
0x9bdb9d9bd3e348d93453400e46e71dd519c60503,1,raw_data/0x9bdb9d9bd3e348d93453400e46e71dd519c60503/GIFT__1_ETH.sol,1
0x3de3860a8aac0b94c50d427c9c2569727a83c712,0,,0
0xd53c1a0d3e419ae3b2d25f1c474a76067d2e0b8f,0,raw_data/0xd53c1a0d3e419ae3b2d25f1c474a76067d2e0b8f/Forwarder.sol,1
0xe830d955cbe549d9bcf55e3960b86ffac6ef83f1,1,raw_data/0xe830d955cbe549d9bcf55e3960b86ffac6ef83f1/ETH_GIFT.sol,1
0xd4a76a7d464f365f1e6ff3b6cd264362a3411b37,0,,0
0xce6f8c9a89c0cd01a0cfc8f75aa2cce064b5c6c2,0,raw_data/0xce6f8c9a89c0cd01a0cfc8f75aa2cce064b5c6c2/Forwarder.sol,1
0xc68643bccde12df925469fe45df8a60812e64b36,0,raw_data/0xc68643bccde12df925469fe45df8a60812e64b36/TokenMintERC20Token.sol,1
0xa08ea6579162b1f08b0a8b878d29447426351b3b,0,raw_data/0xa08ea6579162b1f08b0a8b878d29447426351b3b/Forwarder.sol,1
0xeccf46644a87370e46b1ebb26c0944bd484ca09d,0,raw_data/0xeccf46644a87370e46b1ebb26c0944bd484ca09d/Forwarder.sol,1
0xef95b9dd4e326236c9d04819c13aa84e85a72b56,0,,0
0xf6491019dbe3093feab603530ed73be23e760767,1,raw_data/0xf6491019dbe3093feab603530ed73be23e760767/SHIBASWAP.sol,1
0xe416d4c55b74dc4ee209e1dbf27475a40902a8a2,0,raw_data/0xe416d4c55b74dc4ee209e1dbf27475a40902a8a2/UserWallet.sol,1
0x5fd2da4828cb7acb5ebea8e0554779d8040bce9e,0,,0
0xf00720ebec92279591B77237d72D69127441ABb2,1,raw_data/0xf00720ebec92279591B77237d72D69127441ABb2/PEIPEI.sol,1
0xa3f7b2fa41f3d8ed76d2be4ab177adc219ea1c96,1,raw_data/0xa3f7b2fa41f3d8ed76d2be4ab177adc219ea1c96/CommunityPolice.sol,1
0xaf4a1046c019203a1a0951019b39c85aa931a4db,1,raw_data/0xaf4a1046c019203a1a0951019b39c85aa931a4db/BONE.sol,1
0x16bd0d92e0841c10913a0141b85114d79f2d3c7c,0,raw_data/0x16bd0d92e0841c10913a0141b85114d79f2d3c7c/UserWallet.sol,1
0x8c8dcfb4cb6c11d62c1429516f5ba491eb1e3dc3,0,raw_data/0x8c8dcfb4cb6c11d62c1429516f5ba491eb1e3dc3/UserWallet.sol,1
0x32ed66427407dc3a65c631cb308c1550c0e3c229,0,,0
0x8a5fae0e085496bb66897eb3b97ad9cce4b08909,1,raw_data/0x8a5fae0e085496bb66897eb3b97ad9cce4b08909/KarateInu.sol,1
0x7770492a9a5f848d6ec8219e2c77a0a2a87f8192,0,,0
0x3caccd1890790a62652a51951c331a9c3fa1b232,1,raw_data/0x3caccd1890790a62652a51951c331a9c3fa1b232/TheSevens.sol,1
0x832f8716009bedea6eacf012e6dc8a7927c1bc9c,1,raw_data/0x832f8716009bedea6eacf012e6dc8a7927c1bc9c/DAFI.sol,1
0x2f5854646497ff426df56c86f134d1f313fe4f90,1,raw_data/0x2f5854646497ff426df56c86f134d1f313fe4f90/Metamask.sol,1
0x681a0855ca1755df7d27bb931fb03a8f942d7425,1,raw_data/0x681a0855ca1755df7d27bb931fb03a8f942d7425/Bitspawn.sol,1
0xcf1f5fed0e6c1bf4d113026f5ff949a50a1df3cc,1,raw_data/0xcf1f5fed0e6c1bf4d113026f5ff949a50a1df3cc/ERC20.sol,1
0x7ee665c2265c9a6b2ac8b70c4f9811af72810cb1,1,raw_data/0x7ee665c2265c9a6b2ac8b70c4f9811af72810cb1/URORY.sol,1
0x8d6220e5643636f94dd2f3106fbcc0c074b7f063,0,raw_data/0x8d6220e5643636f94dd2f3106fbcc0c074b7f063/EbookToken.sol,1
0xbdfda1a0706e241860af5f275d32db17182e3f17,1,raw_data/0xbdfda1a0706e241860af5f275d32db17182e3f17/TateVsPaul.sol,1
0x14ad9e887758d2e16919d86962bd464a9d3b54a0,1,raw_data/0x14ad9e887758d2e16919d86962bd464a9d3b54a0/evgr.sol,1
0x993f5c3023943769aed89fcf91c28b9a1e487f7d,0,,0
0x39ce970c5a06788b3198fa215f0d899ab8ceb168,0,raw_data/0x39ce970c5a06788b3198fa215f0d899ab8ceb168/UserWallet.sol,1
0xd16404d3e5bda0ec647806121e9c73dbbafec105,1,raw_data/0xd16404d3e5bda0ec647806121e9c73dbbafec105/WrappedUltraSoundMoney.sol,1
0xabcb4793ecce5db06977a6271eea13d46fe7d1b5,1,raw_data/0xabcb4793ecce5db06977a6271eea13d46fe7d1b5/SPARTA.sol,1
0x822bbc4683cfeb9b9020696780ea1d54726b8b88,0,,0
0xea9303e211e7efa55846fd13877af0bca3d52a62,0,raw_data/0xea9303e211e7efa55846fd13877af0bca3d52a62/UserWallet.sol,1
0x1a848855b63dac25b339deea78d48b890511ab07,1,raw_data/0x1a848855b63dac25b339deea78d48b890511ab07/OSF.sol,1
0x0acb6eb22212ccb4639d59aabf4f0128e7966266,0,,0
0x58d5736ede923a04053c9177f691abfef462896d,1,raw_data/0x58d5736ede923a04053c9177f691abfef462896d/BlackPool.sol,1
0xcf547fdbe78e52dc9dae647f4c01ec269bba05c3,1,raw_data/0xcf547fdbe78e52dc9dae647f4c01ec269bba05c3/DFND.sol,1
0x7e3e6DB63aAa23f25fdD97064093681dfDFf5A07,1,raw_data/0x7e3e6DB63aAa23f25fdD97064093681dfDFf5A07/coin.sol,1
0x2ceb6170bedaf5807da04fd2e98c626a4b4d55ef,0,raw_data/0x2ceb6170bedaf5807da04fd2e98c626a4b4d55ef/MainToken.sol,1
0x97d62ec099777c9db981a922164b1c9dc5058ed9,0,raw_data/0x97d62ec099777c9db981a922164b1c9dc5058ed9/UserWallet.sol,1
0x7affc5061f1f11a4eb94a3ea93f7af0a999a14dd,0,,0
0x23de906bee8ff7a4cb7d28d7fafb0972d0508c67,0,raw_data/0x23de906bee8ff7a4cb7d28d7fafb0972d0508c67/HumanStandardToken.sol,1
0x240547d3893959390a23a448e87ec874a36e4f60,0,raw_data/0x240547d3893959390a23a448e87ec874a36e4f60/PassiveForwarder.sol,1
0x34787b6b81173385729242caad95837321cc1bf9,1,raw_data/0x34787b6b81173385729242caad95837321cc1bf9/SOUL.sol,1
0xa42d2cf57b21328e7494b8ba33cc2eb0ffa395eb,1,raw_data/0xa42d2cf57b21328e7494b8ba33cc2eb0ffa395eb/K4M.sol,1
0x2d6911f39c037574da9a4ccf7aea9598c365d603,0,raw_data/0x2d6911f39c037574da9a4ccf7aea9598c365d603/SmartWallet.sol,1
0x25932356b9d368bae700c3df450e43487f007d54,1,raw_data/0x25932356b9d368bae700c3df450e43487f007d54/MetaMonkeyAI_Token.sol,1
0xb00ee0b54935501c7c65019e74d0fda1c0907fb0,0,,0
0x2747f058e56b0c5317b621bbf1b47ea777c384c0,0,raw_data/0x2747f058e56b0c5317b621bbf1b47ea777c384c0/Forwarder.sol,1
0x1da7ef30104345159b0ed735d2f08f28d9f7f5bf,0,raw_data/0x1da7ef30104345159b0ed735d2f08f28d9f7f5bf/UserWallet.sol,1
0x1935a3bdda592733c77455829eae758326ef2d6b,1,raw_data/0x1935a3bdda592733c77455829eae758326ef2d6b/Kwik.sol,1
0xb6f3fb78b87a13d607c8081e14f77cb59d945cba,1,raw_data/0xb6f3fb78b87a13d607c8081e14f77cb59d945cba/YearnFinanceToken.sol,1
0x66b6f371a0387fc309731e9622e5266ab02d67ad,0,raw_data/0x66b6f371a0387fc309731e9622e5266ab02d67ad/Betting.sol,1
0xc21f36b84b03711465f8c0084ca60985b9e570c9,1,raw_data/0xc21f36b84b03711465f8c0084ca60985b9e570c9/MatrixETF.sol,1
0x165569b8cb75c44e2c884a5aa51f427153dff11a,1,raw_data/0x165569b8cb75c44e2c884a5aa51f427153dff11a/Polkasol.sol,1
0x3d3266c50781fd25ef94e6446ac2146d1c96472f,0,raw_data/0x3d3266c50781fd25ef94e6446ac2146d1c96472f/UserWallet.sol,1
0xeabf8089b7c068861dc0f2eb244fbe04394b1cfa,0,raw_data/0xeabf8089b7c068861dc0f2eb244fbe04394b1cfa/UserWallet.sol,1
0x3616037a688b060bc9760c1d018219d4f369317c,0,,0
0x244018d0de80164e6cb6c19d4553f5d7122b064f,0,raw_data/0x244018d0de80164e6cb6c19d4553f5d7122b064f/UserWallet.sol,1
0xa930baca5ab978928ef95979235a1c078df2a0b1,0,raw_data/0xa930baca5ab978928ef95979235a1c078df2a0b1/AutoWallet.sol,1
0xb268f9ee0514d61003b7d92b4370d7f3b2de1ae6,0,raw_data/0xb268f9ee0514d61003b7d92b4370d7f3b2de1ae6/UserWallet.sol,1
0xa11af803ac1f7b6638f734a4d001c392c48b162a,1,raw_data/0xa11af803ac1f7b6638f734a4d001c392c48b162a/ZevsToken.sol,1
0x6e77dccada8754933049d9620b1fccf71f44370c,0,,0
0xf5bb91af80dfb5044b77f31e4189d66fac1ffa5b,1,raw_data/0xf5bb91af80dfb5044b77f31e4189d66fac1ffa5b/RavenToken.sol,1
0x2f4828b6862de5067073bb5e602761f6fdd4baef,1,raw_data/0x2f4828b6862de5067073bb5e602761f6fdd4baef/OrganicMoonDoge.sol,1
0x5c0cbdf9ee64439aa54a1e2c0320ea11a85e807b,0,,0
0xcb84cd6af885769ab32d967c526d7960c04f60e6,0,,0
0x445740b855186e4303a79e269a10aa33c484d1b0,1,raw_data/0x445740b855186e4303a79e269a10aa33c484d1b0/ERC20.sol,1
0xf9bafa2dfd3829f47a6eec76a52bcf47f751cfc3,0,raw_data/0xf9bafa2dfd3829f47a6eec76a52bcf47f751cfc3/Forwarder.sol,1
0xba7420597a0444a1d20d829d77377d886c451bb1,1,raw_data/0xba7420597a0444a1d20d829d77377d886c451bb1/SHIBASWAP.sol,1
0xe7d84cbee9b2234e53bde7ea093e7d1e198ca46a,0,raw_data/0xe7d84cbee9b2234e53bde7ea093e7d1e198ca46a/TokenERC20.sol,1
0xff12840671687bee10cd1b775be58ac7a3942446,1,raw_data/0xff12840671687bee10cd1b775be58ac7a3942446/helix.sol,1
0xe2b244b2472734d32a51a0ace07c9ac7abdd9adb,0,raw_data/0xe2b244b2472734d32a51a0ace07c9ac7abdd9adb/UserWallet.sol,1
0x3179b4a66fa2153a09111dab721a117499b44832,1,raw_data/0x3179b4a66fa2153a09111dab721a117499b44832/ERC20.sol,1
0x66b1498bd19d6ea03f3a34d40bbfc4697d9448da,0,raw_data/0x66b1498bd19d6ea03f3a34d40bbfc4697d9448da/UserWallet.sol,1
0x6b4c7ddd88c675db9da2226dd80bc11aa2763805,0,,0
0x19f3f4b091f784122692c416a5aa1a4fd1a9e54a,0,raw_data/0x19f3f4b091f784122692c416a5aa1a4fd1a9e54a/LockToken.sol,1
0xbc56b7eebde5678577141611a4529c61267f0585,0,,0
0xbf883e68ef04683f68573cdb2aec5f4bee5aea2d,1,raw_data/0xbf883e68ef04683f68573cdb2aec5f4bee5aea2d/Quidproquo.sol,1
0x220050ebe137f0f5dcdd37c6cbf4c220c291b6af,1,raw_data/0x220050ebe137f0f5dcdd37c6cbf4c220c291b6af/SHAGON.sol,1
0xe61c316eeb0a6d86dc9feb788ce176d07a49ec49,1,raw_data/0xe61c316eeb0a6d86dc9feb788ce176d07a49ec49/TwosInu.sol,1
0x23f890c412f3f06784a30ba40ed4832a0fca55f0,1,raw_data/0x23f890c412f3f06784a30ba40ed4832a0fca55f0/debugContract.sol,1
0xb7eba92353825252286e549d6e8436a297b25d67,1,raw_data/0xb7eba92353825252286e549d6e8436a297b25d67/BABYAPE.sol,1
0xb734e8383c9320a86261cc8be32c3a6d0c915d11,0,raw_data/0xb734e8383c9320a86261cc8be32c3a6d0c915d11/UserWallet.sol,1
0x9889f685ea420aa987e4e29b89e8683fb894869c,0,,0
0x505a0beec064e0ea7273c2f1feaca124e76103f2,0,raw_data/0x505a0beec064e0ea7273c2f1feaca124e76103f2/UserWallet.sol,1
0x99ccb501c77e3f61f4ad10adbcbce11ce9aeef9d,0,raw_data/0x99ccb501c77e3f61f4ad10adbcbce11ce9aeef9d/UserWallet.sol,1
0x69a7ee23c2bfd05b91f9adca330045c60164e1c2,1,raw_data/0x69a7ee23c2bfd05b91f9adca330045c60164e1c2/eAKITA.sol,1
0x71D7Bf0338E52C51Eb15e2ef3Ed182dA3E5c7db0,1,raw_data/0x71D7Bf0338E52C51Eb15e2ef3Ed182dA3E5c7db0/ZHONGHUA.sol,1
0x5773681cbebf0f3fb79fdb139bda12efbc12a7a9,1,raw_data/0x5773681cbebf0f3fb79fdb139bda12efbc12a7a9/LOVELY.sol,1
0xffd851c08e5fb2d67a6e59b6b2e748e9054ce2ac,1,raw_data/0xffd851c08e5fb2d67a6e59b6b2e748e9054ce2ac/UMB.sol,1
0xdbe9807450ac6f058c168dc992b8d68113ced3aa,1,raw_data/0xdbe9807450ac6f058c168dc992b8d68113ced3aa/OkidokiSocial.sol,1
0xfd364ee774d8352201964e84f4d10393fdaaf11a,0,,0
0xb825f942164e24228c8c4a4f51c913cfb7d59244,1,raw_data/0xb825f942164e24228c8c4a4f51c913cfb7d59244/Kodachi.sol,1
0x29bd0a39be9a2d64641b2d94abd292730b815430,0,,0
0xcf9fbffec9e0e5bbc62e79bf1965f5db76955661,1,raw_data/0xcf9fbffec9e0e5bbc62e79bf1965f5db76955661/MESH.sol,1
0x1845a35a44e81e2f9fa488b65b5ac18bc60922f1,0,raw_data/0x1845a35a44e81e2f9fa488b65b5ac18bc60922f1/UserWallet.sol,1
0xdcddf643fa0acf7dedc9a79ae5b83ecdf31656f9,0,,0
0x955cd02e396f8a0256272ac8df16f6d65f3ce54a,1,raw_data/0x955cd02e396f8a0256272ac8df16f6d65f3ce54a/Globedex.sol,1
0xb139be26dce1d17f1f1c33f128cf1d03d9e58f76,0,raw_data/0xb139be26dce1d17f1f1c33f128cf1d03d9e58f76/UserWallet.sol,1
0x0d2f49341f6d97e0be7fa13c27cd93c06d94deb4,0,,0
0x3cdf76cd5ad0c9cd1ecb3dcfe204379a767a3dbf,1,raw_data/0x3cdf76cd5ad0c9cd1ecb3dcfe204379a767a3dbf/ERC20.sol,1
0x17dfcfcd15c91c5deb761213f3548d965e7d7f72,0,,0
0xbae339b730cb3a58eff2f2f2fa4af579332c3e1c,1,raw_data/0xbae339b730cb3a58eff2f2f2fa4af579332c3e1c/TestingR.sol,1
0x4768819da48e883c425031e9a0ff9d9e9b419f4c,1,raw_data/0x4768819da48e883c425031e9a0ff9d9e9b419f4c/NAOS.sol,1
0x765f0c16d1ddc279295c1a7c24b0883f62d33f75,1,raw_data/0x765f0c16d1ddc279295c1a7c24b0883f62d33f75/DTXToken.sol,1
0x5c2a6f9409f52f58a0ff3f89bf17548483b03deb,0,,0
0xda8a938fa494348aeefcc57a4b1927ebfc9c91f9,1,raw_data/0xda8a938fa494348aeefcc57a4b1927ebfc9c91f9/SAFEMOONSWAP.sol,1
0x2b36410cc31c9739583b8f109d07adae474790f8,0,raw_data/0x2b36410cc31c9739583b8f109d07adae474790f8/CloneableWallet.sol,1
0x36c7c76a4f01cab01690e08ac37fdb033f91ae52,1,raw_data/0x36c7c76a4f01cab01690e08ac37fdb033f91ae52/BONE.sol,1
0x6e8b6f2d02eacbe33b4c45154cbfa53df1b542ea,1,raw_data/0x6e8b6f2d02eacbe33b4c45154cbfa53df1b542ea/CalorieCoin.sol,1
0x4c7172391291da1072b95a4c8ef89ba04170da4c,0,,0
0x9432e856976a2ba7523fe11638a82bc178936824,0,raw_data/0x9432e856976a2ba7523fe11638a82bc178936824/UserWallet.sol,1
0xceb2a44f05f6129d4703fd786b3872de8f20eb0b,1,raw_data/0xceb2a44f05f6129d4703fd786b3872de8f20eb0b/DobbyInu.sol,1
0x68e8d43dc6b0206259317ace74e503abdc198a9c,0,,0
0xb91c4326670c41597bd619af4b6b85dd7307abce,1,raw_data/0xb91c4326670c41597bd619af4b6b85dd7307abce/SHIBASWAP.sol,1
0xb46bd6f438554ea26e08a33767d496f82adac3ec,1,raw_data/0xb46bd6f438554ea26e08a33767d496f82adac3ec/ERC20.sol,1
0x1033e43c3d569db83fcfde8e2c72d5c3952fae3e,0,,0
0x4ed633f9ebcfd9a1b575736934cbae26bcace6b5,1,raw_data/0x4ed633f9ebcfd9a1b575736934cbae26bcace6b5/SHIBASWAP.sol,1
0x6630fdb15babdd6a1f34c8cf590d481626bd88c0,0,raw_data/0x6630fdb15babdd6a1f34c8cf590d481626bd88c0/Forwarder.sol,1
0x751c793c61607fc4eebac19cf7030673443a4a83,0,,0
0xb42f39858a989b614f69db5a4c751978c5002837,1,raw_data/0xb42f39858a989b614f69db5a4c751978c5002837/FCL.sol,1
0x28edc81ceeb58bce7586833d9cef5b59afddf0b1,1,raw_data/0x28edc81ceeb58bce7586833d9cef5b59afddf0b1/TokenContract.sol,1
0xfdda4ed3ae7791801f138fba993deead38bb3939,0,,0
0x8800bfd0dc3a3f7ee5b0f1133cd559945945c659,1,raw_data/0x8800bfd0dc3a3f7ee5b0f1133cd559945945c659/OPTIMISM.sol,1
0x10923783734b12d0b56187f772cfd808dfd8c5ad,1,raw_data/0x10923783734b12d0b56187f772cfd808dfd8c5ad/JEROMEPOWELLINU.sol,1
0xdc505fbad00c2d90d013d9cd7e96321dc7201e42,0,,0
0xe2ba684bd2eb4a12e85dfb984db7a4dc24c2ca3f,1,raw_data/0xe2ba684bd2eb4a12e85dfb984db7a4dc24c2ca3f/ERC20.sol,1
0xe3509bc04870e280427b9a7297072d0e672c78b2,0,,0
0x33d80d596d87d0011f1d759d359692850eb83c3d,0,,0
0xd9484cc715560a4718d609063ec790c8972adfc5,0,,0
0xc76cbe4b88c781b7c29fa6402e7cc6e9196878f8,0,raw_data/0xc76cbe4b88c781b7c29fa6402e7cc6e9196878f8/UserWallet.sol,1
0xa2da6263b921df12f173d7696bdfff08a1890519,0,raw_data/0xa2da6263b921df12f173d7696bdfff08a1890519/UserWallet.sol,1
0xa9aebbf67433e3e8206af6fc2ddd99ff8e7cc137,1,raw_data/0xa9aebbf67433e3e8206af6fc2ddd99ff8e7cc137/guess_tw.sol,1
0x1e0f20bde7faa6cf09bd3006285439d7e356addb,1,raw_data/0x1e0f20bde7faa6cf09bd3006285439d7e356addb/ERC20Token.sol,1
0xfbf8c5f715a0e201fa495dd99db6ce84a81c9f76,0,raw_data/0xfbf8c5f715a0e201fa495dd99db6ce84a81c9f76/UserWallet.sol,1
0x278cedbd6f113b67152fd26f86e1237e1a42e90b,0,raw_data/0x278cedbd6f113b67152fd26f86e1237e1a42e90b/UserWallet.sol,1
0x59335080522fa941bcbdb6e15a6f2ee5a455dc5a,1,raw_data/0x59335080522fa941bcbdb6e15a6f2ee5a455dc5a/AdvanceToken.sol,1
0x35c154342c13f4f526e9d1427b529a976b2a8c35,0,raw_data/0x35c154342c13f4f526e9d1427b529a976b2a8c35/UserWallet.sol,1
0x9ff54e72b8478bd1512c8ba34c1d863544a65db6,0,,0
0x1eda439555f9c2ad5b12761f3c99897d9bdd9d95,1,raw_data/0x1eda439555f9c2ad5b12761f3c99897d9bdd9d95/KISHUSWAP.sol,1
0xe054dd30026149b171b5349c19e4656acd70786a,1,raw_data/0xe054dd30026149b171b5349c19e4656acd70786a/CSPR.sol,1
0x4e84cdcc5fce3177b0cfacd24258ba86a4bd5815,0,,0
0x01180d350f23e143d9bd4627355866ba5a39ec32,1,raw_data/0x01180d350f23e143d9bd4627355866ba5a39ec32/TalosDotCom.sol,1
0x5d29d8c7b2fe3905c9ce25a889d7bb7dd8dee0fe,0,,0
0x412340a9039a319d94de428b12885b3991fe373c,1,raw_data/0x412340a9039a319d94de428b12885b3991fe373c/Polker.sol,1
0x930dfbdc5e9f1984a8d87de29d6a79fbb2bb7b32,1,raw_data/0x930dfbdc5e9f1984a8d87de29d6a79fbb2bb7b32/Birthday_Gift.sol,1
0x2ec08e59ed827be587897edcdbff59215e785496,1,raw_data/0x2ec08e59ed827be587897edcdbff59215e785496/WrappedGamestop.sol,1
0xbd1392975bd18a9c4dd805d85d97d363a0d5c0ac,0,raw_data/0xbd1392975bd18a9c4dd805d85d97d363a0d5c0ac/UserWallet.sol,1
0x941d225236464a25eb18076df7da6a91d0f95e9e,1,raw_data/0x941d225236464a25eb18076df7da6a91d0f95e9e/ETH_FUND.sol,1
0x9af0d71c0adf080eda9aa05df8041f8b707d6d83,0,,0
0xfa0e81f4f4ff94649ada9a884b4c56a709c7eeb6,0,,0
0xf6d20a154fe9b7e09c2fa0ed4a573b17e1fb548f,0,,0
0xd518db222f37f9109db8e86e2789186c7e340f12,1,raw_data/0xd518db222f37f9109db8e86e2789186c7e340f12/D_BANK.sol,1
0x427ffbb5ea7207f23f0578f06ddee2b8908edab9,0,,0
0xf63951c13c3e1df4dde26378610b83a57c06a70e,0,,0
0xa7296a9c8d2f620d5cc38ecdd930dfdec3923c60,1,raw_data/0xa7296a9c8d2f620d5cc38ecdd930dfdec3923c60/SHIBEREUM.sol,1
0xcb33ba014340aac7644184772c4c5f431b3e1ad9,1,raw_data/0xcb33ba014340aac7644184772c4c5f431b3e1ad9/BBC.sol,1
0x2001aae9bc593b5e0f19d452f3080dc56a0cec5f,0,raw_data/0x2001aae9bc593b5e0f19d452f3080dc56a0cec5f/LockToken.sol,1
0xc2012081478a8e8b6717a96361205fbd7b4400bc,0,,0
0x2cfc5bb059a08e7746f20cf44ad1875055769020,1,raw_data/0x2cfc5bb059a08e7746f20cf44ad1875055769020/LSDINU.sol,1
0x50a66ff61bdce0907fab2af834a28ac38cbcf926,0,,0
0x0f8cc60f5094c2104c892ce6266a98f15c76c18e,0,,0
0x5434fab78c0ef1f376e89997bafe28ed7ce66bda,1,raw_data/0x5434fab78c0ef1f376e89997bafe28ed7ce66bda/RyuInu.sol,1
0xc0f80c148ca3e6e23b87bb5c780e0c6e60ef9110,0,,0
0x47787f821b1b83e5aa1f58b1221dd46b60e6283d,1,raw_data/0x47787f821b1b83e5aa1f58b1221dd46b60e6283d/SupDucks.sol,1
0x444fd826977d02a509c28d3cdfab853ac196199f,1,raw_data/0x444fd826977d02a509c28d3cdfab853ac196199f/BOBAMASK.sol,1
0xe579cda4ce3148e507f273eaef1ecc5454e3f60b,1,raw_data/0xe579cda4ce3148e507f273eaef1ecc5454e3f60b/FuckYouScalpers.sol,1
0x09139db29c129fd4494a31d75b84c59b8b0cf65e,0,,0
0x5353a94fd6a9ea4fdc0256360048586acc5a9e09,0,raw_data/0x5353a94fd6a9ea4fdc0256360048586acc5a9e09/UserWallet.sol,1
0x5f5b7520ef0bbcec1495ae7833513e92f8a91725,1,raw_data/0x5f5b7520ef0bbcec1495ae7833513e92f8a91725/ZombieClassic.sol,1
0xc2e48cb880a4471c0408ce9463d275a471aa442e,1,raw_data/0xc2e48cb880a4471c0408ce9463d275a471aa442e/ERC20.sol,1
0x44da99c77587970124383909718a9ad62a24a9db,1,raw_data/0x44da99c77587970124383909718a9ad62a24a9db/SHFL.sol,1
0xae810a4efa359feb5e9ddc0b76be51f1b772df1d,0,,0
0xda7cb1edad4ec9224a79718babb6715f7407184a,1,raw_data/0xda7cb1edad4ec9224a79718babb6715f7407184a/Safuchain.sol,1
0x439d81774e67542d8af55305591255605bded910,1,raw_data/0x439d81774e67542d8af55305591255605bded910/INUSTRATOR.sol,1
0x3aede0a7a32ba931c74d85ed15dbc5027f00a89e,0,raw_data/0x3aede0a7a32ba931c74d85ed15dbc5027f00a89e/UserWallet.sol,1
0xec605f29988df581750412bf9cf0389b677579e7,0,raw_data/0xec605f29988df581750412bf9cf0389b677579e7/TokenTimelock.sol,1
0x0484ff6a74c12f09ea4e524f8431760d493113f3,0,,0
0x59a4ff37728ff98efec6aa380daf2b3ad0eff657,1,raw_data/0x59a4ff37728ff98efec6aa380daf2b3ad0eff657/CryptoPunk.sol,1
0x3b5bb1beeb92b49c7effa28c17147ea8d14b66ff,0,raw_data/0x3b5bb1beeb92b49c7effa28c17147ea8d14b66ff/UserWallet.sol,1
0xb58f4ca7f61ba2195611e183a255e90a90e15d79,1,raw_data/0xb58f4ca7f61ba2195611e183a255e90a90e15d79/EtherBank.sol,1
0xa2baafaf30042b6dc1a541af1a9063c58da614f8,0,raw_data/0xa2baafaf30042b6dc1a541af1a9063c58da614f8/SmartWallet.sol,1
0x63e615531c1d7f6779303da9ce33d96ca9a14030,1,raw_data/0x63e615531c1d7f6779303da9ce33d96ca9a14030/ERC20.sol,1
0xAdD1077851588300c8C7d0313e71F4D68E2414D6,1,raw_data/0xAdD1077851588300c8C7d0313e71F4D68E2414D6/k3psavToken.sol,1
0x844e121cfbbbc10d12c5f2d0d982f6fa83643974,0,,0
0x9bdd6b1693b9efeca8c89bec407ec58659f58cd0,0,,0
0xc27b565e30bbb1a9b01b2f5ffd37eef4833a159f,0,raw_data/0xc27b565e30bbb1a9b01b2f5ffd37eef4833a159f/UserWallet.sol,1
0xdf8a9869001eac244a43c29ef8d0c7b2b2b26d3b,1,raw_data/0xdf8a9869001eac244a43c29ef8d0c7b2b2b26d3b/IROH.sol,1
0xaa437cb4f51118ed09d7ffd6a37c91a0a4157aeb,0,,0
0x4d8f1d16ac520a5b67321f49dc35619a52bf48a8,0,raw_data/0x4d8f1d16ac520a5b67321f49dc35619a52bf48a8/UserWallet.sol,1
0x56af6596f28d9e6f289521d31affdb95c412265e,1,raw_data/0x56af6596f28d9e6f289521d31affdb95c412265e/LOOiXToken.sol,1
0x30d7e6e5efe8e7af891e88748fa452d22a064f72,0,raw_data/0x30d7e6e5efe8e7af891e88748fa452d22a064f72/HumanStandardToken.sol,1
0x93460ba3b52d4658ff6faae7e84e4211c7cbb896,1,raw_data/0x93460ba3b52d4658ff6faae7e84e4211c7cbb896/Papiswap.sol,1
0x73a205588fcbdcee32e7daf61f6bbb521c60713f,0,,0
0x35acaf423c512052b3be35fa278c3c01c2249eb0,1,raw_data/0x35acaf423c512052b3be35fa278c3c01c2249eb0/BONE.sol,1
0xa2350ce59e8e7bbc0361aa77849d8a513fca2c0b,0,,0
0x86d03cc1e3d4b2a6d338aa279d7c9afdc624b141,1,raw_data/0x86d03cc1e3d4b2a6d338aa279d7c9afdc624b141/ShibaSwap.sol,1
0xf509bc36ed5eb5c651d732a2e75469bf8848f079,0,,0
0x704079e823e42a936bbaac5163434c2515473836,1,raw_data/0x704079e823e42a936bbaac5163434c2515473836/CONUNDRUM.sol,1
0x7d438ebe642700948354c21be472ffc18de725dc,1,raw_data/0x7d438ebe642700948354c21be472ffc18de725dc/KANEKI_KEN.sol,1
0xe85a89ea165aef44277b383cc559ae1816eb1c2e,0,,0
0x07088546106b55a3968e59be21f5d290526db468,0,raw_data/0x07088546106b55a3968e59be21f5d290526db468/UserWallet.sol,1
0x654aaedeabc6a37818c0a5350f4b3dc6f5632632,0,raw_data/0x654aaedeabc6a37818c0a5350f4b3dc6f5632632/UserWallet.sol,1
0xa057969f01b3678343db25a6a1e7af4ab8bcfcba,1,raw_data/0xa057969f01b3678343db25a6a1e7af4ab8bcfcba/Meebits.sol,1
0xde2fd9f14d050d08bebd684bdf14b70ca3c52206,0,,0
0xb1b930543631b4158d11a34278d6e2f9a0e7dcd6,0,raw_data/0xb1b930543631b4158d11a34278d6e2f9a0e7dcd6/Forwarder.sol,1
0x566faf60b96b55b0eb77a5197aa880babb983163,1,raw_data/0x566faf60b96b55b0eb77a5197aa880babb983163/Arbitrum.sol,1
0x82ced7b239fc06e59f11819883d68a0e0925e59e,1,raw_data/0x82ced7b239fc06e59f11819883d68a0e0925e59e/ProofofProfit.sol,1
0x4e3c436c5afc39a7bde7c262994bd4fec4c10293,0,raw_data/0x4e3c436c5afc39a7bde7c262994bd4fec4c10293/UserWallet.sol,1
0x0d834a961e9c85783029c2fcffc924dfe9c0494e,0,,0
0xe8dc21704f145db0a47cfa1b66bdd4aab5377df1,0,,0
0x79b84109bcfa0daf5e75b3038faca5cdc44a4323,0,,0
0x053a9e5debb20e36e5ea48a826754965557da0db,0,raw_data/0x053a9e5debb20e36e5ea48a826754965557da0db/UserWallet.sol,1
0x4c3d09e964de6232d978be506f4becc4f0c2b309,1,raw_data/0x4c3d09e964de6232d978be506f4becc4f0c2b309/ERC20.sol,1
0x4938469b824b9a442a4e75ffe39e327529d13664,1,raw_data/0x4938469b824b9a442a4e75ffe39e327529d13664/mmai.sol,1
0x52867c3df4fcc83f583ea4c8902f9109fec7b98b,0,raw_data/0x52867c3df4fcc83f583ea4c8902f9109fec7b98b/UserWallet.sol,1
0x63cf571289410a5bf8369060b85ac194f3713bb9,0,,0
0x149f6ab33593e771ae82305793349a2ec3a012ee,1,raw_data/0x149f6ab33593e771ae82305793349a2ec3a012ee/MNTKong.sol,1
0x2b7184f2cba49bf7093297951598aea0f546f0be,1,raw_data/0x2b7184f2cba49bf7093297951598aea0f546f0be/Gigachad.sol,1
0xaf30494294ec47a3230ba868f32958d24c496621,0,,0
0x788733c4eb059df568aaf7c5c1035722b2b80452,0,,0
0xb7c06096b7cf4622ae0da4ebc929649463c8692f,1,raw_data/0xb7c06096b7cf4622ae0da4ebc929649463c8692f/dYdX.sol,1
0x13c547ff0888a0a876e6f1304eaefe9e6e06fc4b,1,raw_data/0x13c547ff0888a0a876e6f1304eaefe9e6e06fc4b/NEW_YEARS_GIFT.sol,1
0x0fc6878a8712caac50265599a20cbc12e3bfae98,0,,0
0xfb6e71e0800bccc0db8a9cf326fe3213ca1a0ea0,1,raw_data/0xfb6e71e0800bccc0db8a9cf326fe3213ca1a0ea0/CryptoRoulette.sol,1
0x6f2f38ec9575a648421a6b4f182bce5097a361eb,1,raw_data/0x6f2f38ec9575a648421a6b4f182bce5097a361eb/TokenContract.sol,1
0xe8b94ae3f6fb26738771c7adf5a29531c43e2a68,1,raw_data/0xe8b94ae3f6fb26738771c7adf5a29531c43e2a68/HMT.sol,1
0xa7828c2cd8b545e9f9e3c390b521752fc5c413f5,0,,0
0xa43d7d15ede19674d5f3877f0e3880d8f431082f,0,raw_data/0xa43d7d15ede19674d5f3877f0e3880d8f431082f/UserWallet.sol,1
0x66c416009821715f74063cc3a7f96d22e30da9c9,0,raw_data/0x66c416009821715f74063cc3a7f96d22e30da9c9/UserWallet.sol,1
0x8aba288f426593e761ba1126ed3c0a5160955b96,0,raw_data/0x8aba288f426593e761ba1126ed3c0a5160955b96/UserWallet.sol,1
0x9795d1677676ac8c4bdbe7563a62c74602a4a61d,0,,0
0xce7d413fd2dae179938d7408d66b737666bdcd5e,1,raw_data/0xce7d413fd2dae179938d7408d66b737666bdcd5e/ERC20.sol,1
0x3e5470fd62739ea1f8c416f8d6c23f09a691557d,0,,0
0x13eb6aaad3ae015c031bf70b51d606afd5d1aa3a,0,raw_data/0x13eb6aaad3ae015c031bf70b51d606afd5d1aa3a/UserWallet.sol,1
0x832c06c98dc027d2698507a134571e7ed2f12db1,0,,0
0x0b49a456b8532113a911ee34b4e6feb81623404c,0,,0
0xf9088c2191e983d00e40c701fde61053358063f5,1,raw_data/0xf9088c2191e983d00e40c701fde61053358063f5/Velodrome.sol,1
0xd53dc349df9c52bc5eb3cf07bf90dfaee768d0e5,1,raw_data/0xd53dc349df9c52bc5eb3cf07bf90dfaee768d0e5/ERC20.sol,1
0xafaa3fb44e09b97825056dee85d329d19b36797b,0,,0
0x0d6530b65e3a61ae1bebd02f54a34360aadf5f46,1,raw_data/0x0d6530b65e3a61ae1bebd02f54a34360aadf5f46/FORM.sol,1
0x257105b55f701a1c1052d0e569156d3453cd9119,1,raw_data/0x257105b55f701a1c1052d0e569156d3453cd9119/CoinToken.sol,1
0xb792acb4a72fd39428b1f929fc888c31a8c0a963,0,raw_data/0xb792acb4a72fd39428b1f929fc888c31a8c0a963/UserWallet.sol,1
0xec4d32e3e3374730e0cfe0330449d5c617d340f3,1,raw_data/0xec4d32e3e3374730e0cfe0330449d5c617d340f3/LilDoge.sol,1
0xb632ff6510807d661184d179699760519c6450c9,0,,0
0x42949d91e420fcbe70095a87b1942d7f9ee8224e,1,raw_data/0x42949d91e420fcbe70095a87b1942d7f9ee8224e/TORN.sol,1
0xf1ff017f19b471bd8e269b4216c5a1cc2b94119a,1,raw_data/0xf1ff017f19b471bd8e269b4216c5a1cc2b94119a/KIMCHI.sol,1
0x2604fa406be957e542beb89e6754fcde6815e83f,1,raw_data/0x2604fa406be957e542beb89e6754fcde6815e83f/PKT.sol,1
0x349323a0ef1646eddcd3079b75a0d68c3fc15c01,0,raw_data/0x349323a0ef1646eddcd3079b75a0d68c3fc15c01/LockToken.sol,1
0xa45db5126631c95eb7dbe4741775628b8f6a70f7,1,raw_data/0xa45db5126631c95eb7dbe4741775628b8f6a70f7/SolanaSwap.sol,1
0x2c1e75a9f868ee28291efd903fae9cab621359fe,0,raw_data/0x2c1e75a9f868ee28291efd903fae9cab621359fe/UserWallet.sol,1
0x2d6de6a368959c60fa368318514eed92ff2c92e5,1,raw_data/0x2d6de6a368959c60fa368318514eed92ff2c92e5/SupDucksNFT.sol,1
0xa1afb46f7d1e235fc2d4a10fffe03d91a0d6e4e7,1,raw_data/0xa1afb46f7d1e235fc2d4a10fffe03d91a0d6e4e7/Diver.sol,1
0x6261bbcdd0cc646a8971348b769fdd8320652b62,0,raw_data/0x6261bbcdd0cc646a8971348b769fdd8320652b62/Forwarder.sol,1
0xff10ebe5a2f7e9a0ae597877b751a0603628095a,0,raw_data/0xff10ebe5a2f7e9a0ae597877b751a0603628095a/UserWallet.sol,1
0x83e88fc9ac8af15bb2531fc846c38bf713a5c4d0,1,raw_data/0x83e88fc9ac8af15bb2531fc846c38bf713a5c4d0/EQZ.sol,1
0x1f8444a62558806618ea495bf748cf9682e7d4f4,0,raw_data/0x1f8444a62558806618ea495bf748cf9682e7d4f4/ERC721Full.sol,1
0x9de65fd4ae3fc42814664e7c5ae4021ea34ed5eb,0,raw_data/0x9de65fd4ae3fc42814664e7c5ae4021ea34ed5eb/Forwarder.sol,1
0x3010d9cc1d8a33ba5ae49e3c67cd3db29d592235,1,raw_data/0x3010d9cc1d8a33ba5ae49e3c67cd3db29d592235/TokenContract.sol,1
0x509e90d191368d7ca68fba31891d179f195a2fb5,0,raw_data/0x509e90d191368d7ca68fba31891d179f195a2fb5/UserWallet.sol,1
0x14b39fb817160564bb81e647768042f10ec6f76f,0,raw_data/0x14b39fb817160564bb81e647768042f10ec6f76f/UserWallet.sol,1
0xbcccdd92df3af456438c80738a3a97b3ab98c93c,0,,0
0x7d5902d64e4ed8c60f7c3e2ad1a0aaddd54a6e3f,1,raw_data/0x7d5902d64e4ed8c60f7c3e2ad1a0aaddd54a6e3f/ETKSToken.sol,1
0x220a64b2bac78f0e59620827dfa44e12e72a8178,0,raw_data/0x220a64b2bac78f0e59620827dfa44e12e72a8178/MyToken.sol,1
0x69bfbf000bd39444af2efba733829b04211252bc,1,raw_data/0x69bfbf000bd39444af2efba733829b04211252bc/NoPainNoGain.sol,1
0xf404a74bdcfdd8c843c091c49af29b4029544516,0,,0
0xa96c526d565b985b50c6eb7e1cc2d773ac5199b6,0,,0
0x2a6a897c8b999b7ad681ca6484666c8f1fc37f59,0,,0
0x7778cffc6e7548c10444607d8cbd61fd90a0d9d8,1,raw_data/0x7778cffc6e7548c10444607d8cbd61fd90a0d9d8/UniswapExchange.sol,1
0x2c4b9e6dc36cba2b946cde07b02c47596d51cc7c,1,raw_data/0x2c4b9e6dc36cba2b946cde07b02c47596d51cc7c/BONE.sol,1
0x91e552d18d0780ae8cbd46d656ebc057e6a48204,0,,0
0x787b9a8978b21476abb78876f24c49c0e513065e,1,raw_data/0x787b9a8978b21476abb78876f24c49c0e513065e/AddressLotteryV2.sol,1
0x1721261ee2d8c5832802562d65ba159a7998257b,0,,0
0x4811c687173f6e3a9efbe96febad3ecc14e8098b,1,raw_data/0x4811c687173f6e3a9efbe96febad3ecc14e8098b/SatoshiVision.sol,1
0x37fc8160da3ba3ee8cc48523f97120bf76827eab,0,raw_data/0x37fc8160da3ba3ee8cc48523f97120bf76827eab/UserWallet.sol,1
0x4320e6f8c05b27ab4707cd1f6d5ce6f3e4b3a5a1,1,raw_data/0x4320e6f8c05b27ab4707cd1f6d5ce6f3e4b3a5a1/ACCURAL_DEPOSIT.sol,1
0x1405ed4009fee63830e78d2614b791a9b576a984,1,raw_data/0x1405ed4009fee63830e78d2614b791a9b576a984/SmuzzySmallDoge.sol,1
0xf4606d25d7dde95020f9a783bbe0d73ef885436c,1,raw_data/0xf4606d25d7dde95020f9a783bbe0d73ef885436c/UniswapExchange.sol,1
0x408485385d780e57be5f62cf8cba1e9d960696ac,0,raw_data/0x408485385d780e57be5f62cf8cba1e9d960696ac/UserWallet.sol,1
0x8e0f9053dad16fe33afa63803bda568f388a411f,1,raw_data/0x8e0f9053dad16fe33afa63803bda568f388a411f/ERC20.sol,1
0xea92712da8e1904bb9da45a2265e0154c76a5f64,1,raw_data/0xea92712da8e1904bb9da45a2265e0154c76a5f64/BONE.sol,1
0xffe3a0dab871311ed5a9848883ad3078adb954c5,1,raw_data/0xffe3a0dab871311ed5a9848883ad3078adb954c5/UniswapExchange.sol,1
0x6f944c7301e27a9c704f48e5b375dfc496752c5c,1,raw_data/0x6f944c7301e27a9c704f48e5b375dfc496752c5c/SHIBASWAP.sol,1
0x1b0785866895940e229570c3e04c186e6b7b1024,1,raw_data/0x1b0785866895940e229570c3e04c186e6b7b1024/ERC20.sol,1
0x0cdcf287763a023a24f2bd08f58e056725f63c84,0,,0
0xaa9178361212bce41b23088becc18c31abf9ecfd,0,raw_data/0xaa9178361212bce41b23088becc18c31abf9ecfd/nCryptToken.sol,1
0x0d8f8eed22893a849678b48a519ae5df6c90e0ae,1,raw_data/0x0d8f8eed22893a849678b48a519ae5df6c90e0ae/SHIBASWAP.sol,1
0x8d2574eb205d3e02a821fdf247ea55a2272f9b06,1,raw_data/0x8d2574eb205d3e02a821fdf247ea55a2272f9b06/ERC20.sol,1
0x1aaf59c3b0447ff9925c92c81eaf0a503ab5ab29,0,,0
0x9b7b60451da2f3fcb5274a4d64e27bafd6d22342,1,raw_data/0x9b7b60451da2f3fcb5274a4d64e27bafd6d22342/MIZUCHI.sol,1
0xa9c4a2852eeb43b0a27592e5e86b64db55040d79,1,raw_data/0xa9c4a2852eeb43b0a27592e5e86b64db55040d79/FARA.sol,1
0x870d0a7dbc7133126a08d3a77c65b1092ba8e765,0,,0
0x58737e3143e397b9174c4cb3b65287f161bc229f,0,raw_data/0x58737e3143e397b9174c4cb3b65287f161bc229f/UserWallet.sol,1
0x66024df356d699f154e152e799ddeab6603e9034,0,,0
0xb43b289f36aee954e0fd3bf81b439a271623fe30,1,raw_data/0xb43b289f36aee954e0fd3bf81b439a271623fe30/NABOX.sol,1
0xedfecd8b5aa0a1dac133a34ba6f4d9cf1098f9e6,0,,0
0xaf9e07791f594dd8144a7a67d71b50bade975c2c,0,,0
0xb3a64a442deba9412e7d4286d267bfa27a3f2605,1,raw_data/0xb3a64a442deba9412e7d4286d267bfa27a3f2605/DefiSucks.sol,1
0x863d2e78feec541d1e9034a372bda8c96f32199e,1,raw_data/0x863d2e78feec541d1e9034a372bda8c96f32199e/Brozo.sol,1
0xd7fcfdf533da7c30c748250b0b56cbf34d2a1b8e,0,raw_data/0xd7fcfdf533da7c30c748250b0b56cbf34d2a1b8e/UserWallet.sol,1
0xc63083fb57d30a744a95959bea21a8f37362fc9f,1,raw_data/0xc63083fb57d30a744a95959bea21a8f37362fc9f/Diwali.sol,1
0xfbf1b83978fef611ed8af507cc9d8155925479be,0,raw_data/0xfbf1b83978fef611ed8af507cc9d8155925479be/UserWallet.sol,1
0x084ea8fabc7b250566d91bb5f28ef09336160ee2,1,raw_data/0x084ea8fabc7b250566d91bb5f28ef09336160ee2/ERC20.sol,1
0xb63706dfb000f8d57e37803405aef26441ff968c,0,,0
0x87178e920ac391f80559b74464bc9729823abbeb,1,raw_data/0x87178e920ac391f80559b74464bc9729823abbeb/BONE.sol,1
0x657c9bd6dd653ba3de3eb95b88ddfdeea1f4ea76,1,raw_data/0x657c9bd6dd653ba3de3eb95b88ddfdeea1f4ea76/BoredApeDAO.sol,1
0x8aceee5ae38ecc8ee496275081b6f928d4c9016a,0,,0
0x95b88d953412a5542c3e8ad3a189c62030ada6f4,0,,0
0x791d0463b8813b827807a36852e4778be01b704e,1,raw_data/0x791d0463b8813b827807a36852e4778be01b704e/Test1.sol,1
0x240bae5a27233fd3ac5440b5a598467725f7d1cd,1,raw_data/0x240bae5a27233fd3ac5440b5a598467725f7d1cd/Oracle.sol,1
0x01f8c4e3fa3edeb29e514cba738d87ce8c091d3f,1,raw_data/0x01f8c4e3fa3edeb29e514cba738d87ce8c091d3f/PERSONAL_BANK.sol,1
0xf450afbfc2bf32a43fe5acecb0dcf31ff5236066,0,,0
0x37b6486b6c39868cec3365da37212601f753dde8,1,raw_data/0x37b6486b6c39868cec3365da37212601f753dde8/BABYTOKEN.sol,1
0x5901941e9c70e217222bb7ff901076f26f7f34ec,0,raw_data/0x5901941e9c70e217222bb7ff901076f26f7f34ec/UserWallet.sol,1
0x89ac2485449303a67dac802631d5cea8cb2c856c,0,raw_data/0x89ac2485449303a67dac802631d5cea8cb2c856c/OpportySale.sol,1
0xd9b201d337cb0c8c17dce8e51a27d90266a357c3,1,raw_data/0xd9b201d337cb0c8c17dce8e51a27d90266a357c3/BitFarm.sol,1
0x4c26c0e9b46e83bfbfa3d2c4924e1f05dfe738e3,0,,0
0x799dc968827dc2155125fa5c052ab7ca639c4bf1,0,raw_data/0x799dc968827dc2155125fa5c052ab7ca639c4bf1/UserWallet.sol,1
0x39241b8e3f667a74e946ed4eec1cd1b5a253125b,0,raw_data/0x39241b8e3f667a74e946ed4eec1cd1b5a253125b/DSProxy.sol,1
0x2f1b026ac7b170a09253fcdc9cebd046b57b230e,1,raw_data/0x2f1b026ac7b170a09253fcdc9cebd046b57b230e/TokenContract.sol,1
0x1960d994bf7d8ca5d088e94b4653fcb6d03c63d6,1,raw_data/0x1960d994bf7d8ca5d088e94b4653fcb6d03c63d6/UltimateFarmCapital.sol,1
0x19ed654408f8d9713e6662b31aace377a9ca72e3,1,raw_data/0x19ed654408f8d9713e6662b31aace377a9ca72e3/ephernite.sol,1
0x38b97338cf83d354bf6245d5d057b7c9d4a48846,0,raw_data/0x38b97338cf83d354bf6245d5d057b7c9d4a48846/UserWallet.sol,1
0x2cfbf6baf21824560e3b073b573c30ecedcbdd1e,0,,0
0x917216459430b99034767416c21f54f82abb5db6,1,raw_data/0x917216459430b99034767416c21f54f82abb5db6/Midgets.sol,1
0x004ddea0b86fc5e7bc301667768ac186897c5825,1,raw_data/0x004ddea0b86fc5e7bc301667768ac186897c5825/SBFuckedUp.sol,1
0x62102fde7d10c9b4a9ecf48be751978fae931cf0,1,raw_data/0x62102fde7d10c9b4a9ecf48be751978fae931cf0/eKISHU.sol,1
0x21755ad83fcaa0bdb37014a0d2984b8bb7498941,0,raw_data/0x21755ad83fcaa0bdb37014a0d2984b8bb7498941/Wallet.sol,1
0xbaf51e761510c1a11bf48dd87c0307ac8a8c8a4f,1,raw_data/0xbaf51e761510c1a11bf48dd87c0307ac8a8c8a4f/ETH_VAULT.sol,1
0x44bcfd7604818e6075c91dba75e7a436b299d514,0,,0
0x141c1a97a47ae020939ab1110a954633a0bc920a,1,raw_data/0x141c1a97a47ae020939ab1110a954633a0bc920a/ERC20.sol,1
0xd1ec19a773de54897487dd4007f8cca5e220633b,1,raw_data/0xd1ec19a773de54897487dd4007f8cca5e220633b/rETHToken.sol,1
0x27b0aba28c8fbee5cde5801a8457e68798231da8,0,,0
0x440defafc1752703300c43b40b7a6a745eefff24,0,,0
0xe7169ea4f8ca8af6cd69167c3f906d21d995269f,0,,0
0xbbec04090c54a85a393ac9f0b6d4d3a3330c870d,0,,0
0x307ff2dfb72a9c61aa5129958144568a4a1f54c0,1,raw_data/0x307ff2dfb72a9c61aa5129958144568a4a1f54c0/ETHPAD.sol,1
0xa47a140d89d402a4826f6a889528026b3aaf2a55,0,,0
0x143752f47cdc9327eb41bfce3828e0ced2ed67f5,0,raw_data/0x143752f47cdc9327eb41bfce3828e0ced2ed67f5/UserWallet.sol,1
0x49d5c4e2dc55251ebd1d3c8dbc83e89963a63bd2,1,raw_data/0x49d5c4e2dc55251ebd1d3c8dbc83e89963a63bd2/Purefi.sol,1
0x13650c72a45ff1f8df340efa4379c19c32f80a32,1,raw_data/0x13650c72a45ff1f8df340efa4379c19c32f80a32/ERC20.sol,1
0xe24dad3fa490cd927b8578cde14a25803d0da3bf,1,raw_data/0xe24dad3fa490cd927b8578cde14a25803d0da3bf/MosqueManners.sol,1
0xd4b24133e89f889ea82d9ec54235195f97ce3cf9,0,raw_data/0xd4b24133e89f889ea82d9ec54235195f97ce3cf9/UserWallet.sol,1
0x81301ce4373e4015448ee1adb64642f1c87c4ad4,0,,0
0xe29017467a76fa05bd52619df19004fd84180e5b,0,,0
0xdb31204921b60d198ab9e52f3bb8a7662d0deba2,0,,0
0x1d016296bab33cb1012df3e3c5c409c34f27873a,1,raw_data/0x1d016296bab33cb1012df3e3c5c409c34f27873a/Zeus.sol,1
0xf7bd8e834475367e000904d3eddb6a4cfc599711,0,raw_data/0xf7bd8e834475367e000904d3eddb6a4cfc599711/QUIZ_DUELL.sol,1
0xb7c662d2ecabfa0a585a125195548580b67ab657,0,raw_data/0xb7c662d2ecabfa0a585a125195548580b67ab657/UserWallet.sol,1
0x414d52b62c39d7a0787bc6582577a2989596a952,1,raw_data/0x414d52b62c39d7a0787bc6582577a2989596a952/PulseChain.sol,1
