address,label,sol_path,has_verified_source
0x8584b179db811515c32e14581571a528768f6c11,0,raw_data/0x8584b179db811515c32e14581571a528768f6c11/UserWallet.sol,1
0x07492d6ffa000e9a36bcf84b5cd0d86051d4ebff,1,raw_data/0x07492d6ffa000e9a36bcf84b5cd0d86051d4ebff/Onizuka.sol,1
0x2e975bc87a846cfad2ed20c6e62bd279139131e2,0,raw_data/0x2e975bc87a846cfad2ed20c6e62bd279139131e2/AutoWallet.sol,1
0xbec77494fe82312849fa146a835e56ed5576a02f,0,raw_data/0xbec77494fe82312849fa146a835e56ed5576a02f/UserWallet.sol,1
0x2de91872cd4de1ed07d51492e55262b278bcbcd8,1,raw_data/0x2de91872cd4de1ed07d51492e55262b278bcbcd8/ERC20.sol,1
0x5528e45d0c3426f17a1264dd6d0c323b4f1d9912,1,raw_data/0x5528e45d0c3426f17a1264dd6d0c323b4f1d9912/Cyclos.sol,1
0xa2baafaf30042b6dc1a541af1a9063c58da614f8,0,raw_data/0xa2baafaf30042b6dc1a541af1a9063c58da614f8/SmartWallet.sol,1
0x9f083c2ca47fd6917d118a62675a55bb19a8b7e6,1,raw_data/0x9f083c2ca47fd6917d118a62675a55bb19a8b7e6/ERC20.sol,1
0x1bd8ff39b407816e16e97bf0f0aa2cfa154544cd,1,raw_data/0x1bd8ff39b407816e16e97bf0f0aa2cfa154544cd/Thanks.sol,1
0xac9d902ff3aafd012af6510c6ed7a82b11252e5a,0,raw_data/0xac9d902ff3aafd012af6510c6ed7a82b11252e5a/UserWallet.sol,1
0xc0d3141d4cef0230afa71fa993ec7b40b951a248,1,raw_data/0xc0d3141d4cef0230afa71fa993ec7b40b951a248/Tricrypto.sol,1
0x17d0059af2b4b8006567294815bf3509158f5272,0,raw_data/0x17d0059af2b4b8006567294815bf3509158f5272/Forwarder.sol,1
0x20eff1f408de753d035e0d00bde01a4f79265e32,1,raw_data/0x20eff1f408de753d035e0d00bde01a4f79265e32/Alice.sol,1
0x3738ef7bcb53db032615f07b62214f5c47c2dd87,0,raw_data/0x3738ef7bcb53db032615f07b62214f5c47c2dd87/Forwarder.sol,1
0x496a8a1c9b3aa406a51046e64149b230ccd903a5,1,raw_data/0x496a8a1c9b3aa406a51046e64149b230ccd903a5/NormalToken.sol,1
0xbba60174389d35a82db57ed4ed12a9f5fb77f7de,0,raw_data/0xbba60174389d35a82db57ed4ed12a9f5fb77f7de/UserWallet.sol,1
0x220a64b2bac78f0e59620827dfa44e12e72a8178,0,raw_data/0x220a64b2bac78f0e59620827dfa44e12e72a8178/MyToken.sol,1
0xe2615137c379910897d4c662345a5a1d0b91f719,0,raw_data/0xe2615137c379910897d4c662345a5a1d0b91f719/preSale4.sol,1
0x565beffc888017e112d9c7248649907a5617085c,0,raw_data/0x565beffc888017e112d9c7248649907a5617085c/UserWallet.sol,1
0xaef0059641ee35b44f0fd2b7c71847fb6df9225e,0,raw_data/0xaef0059641ee35b44f0fd2b7c71847fb6df9225e/UserWallet.sol,1
0x7a0c142844b235ee330b1282a943578b3558eb65,0,raw_data/0x7a0c142844b235ee330b1282a943578b3558eb65/UserWallet.sol,1
0x78201b76eba27b601e30a2be937846739b34e9f4,0,raw_data/0x78201b76eba27b601e30a2be937846739b34e9f4/UserWallet.sol,1
0x4be07e849f0f6fe1543e25b4594d5515f2523071,1,raw_data/0x4be07e849f0f6fe1543e25b4594d5515f2523071/Solanium.sol,1
0xfc1d8102344a73e9b34470ea7274b00123c078ed,0,raw_data/0xfc1d8102344a73e9b34470ea7274b00123c078ed/UserWallet.sol,1
0x420cd8e8f80c2196e49a0e1a671cb3dd1f132221,1,raw_data/0x420cd8e8f80c2196e49a0e1a671cb3dd1f132221/Kyobu.sol,1
0x1eda439555f9c2ad5b12761f3c99897d9bdd9d95,1,raw_data/0x1eda439555f9c2ad5b12761f3c99897d9bdd9d95/KISHUSWAP.sol,1
0x4ca675d62a05c451555c93e456f902bd3e423586,1,raw_data/0x4ca675d62a05c451555c93e456f902bd3e423586/INTELLECTUAL_GAME.sol,1
0x7a4349a749e59a5736efb7826ee3496a2dfd5489,1,raw_data/0x7a4349a749e59a5736efb7826ee3496a2dfd5489/WhaleGiveaway1.sol,1
0x254066e9865dcadf7a84580afb6864998ea0223d,0,raw_data/0x254066e9865dcadf7a84580afb6864998ea0223d/UserWallet.sol,1
0x9b11efcaaa1890f6ee52c6bb7cf8153ac5d74139,1,raw_data/0x9b11efcaaa1890f6ee52c6bb7cf8153ac5d74139/ATMToken.sol,1
0xb159ccf18ca4f453f26e0e145c310dc5d1b6cd40,1,raw_data/0xb159ccf18ca4f453f26e0e145c310dc5d1b6cd40/Yori_Token.sol,1
0xa83000ffa172df2e68f88a7bfc127a83a3468e7b,0,raw_data/0xa83000ffa172df2e68f88a7bfc127a83a3468e7b/UserWallet.sol,1
0x05c9b6764a153faf4262d3885a845af694775953,1,raw_data/0x05c9b6764a153faf4262d3885a845af694775953/Token.sol,1
0xe673fb2b9ac1d915f6bdc61c9d3f8a7b80c89552,1,raw_data/0xe673fb2b9ac1d915f6bdc61c9d3f8a7b80c89552/Lazy.sol,1
0x03ea25fd4503592b07864e25603a0e860bea300a,1,raw_data/0x03ea25fd4503592b07864e25603a0e860bea300a/TokenContract.sol,1
0x612e830c73635449b430f59b40744a095d43b3a3,1,raw_data/0x612e830c73635449b430f59b40744a095d43b3a3/BONE.sol,1
0xedd67867d4da426b3a7932ae93683f8ad5435624,0,raw_data/0xedd67867d4da426b3a7932ae93683f8ad5435624/UserWallet.sol,1
0xa94f059bea93eef81c386280e8502241cf01e47d,0,raw_data/0xa94f059bea93eef81c386280e8502241cf01e47d/UserWallet.sol,1
0xb19117892e2b2aaa418e75f61d7d1c05f86b66bd,1,raw_data/0xb19117892e2b2aaa418e75f61d7d1c05f86b66bd/QUIZ_GAME.sol,1
0x7101a844288e652b4f312fdd51416f80d9a30b24,1,raw_data/0x7101a844288e652b4f312fdd51416f80d9a30b24/Junlon.sol,1
0x1a2b4b423351af28f472c846ba4e384dde2ba0b3,1,raw_data/0x1a2b4b423351af28f472c846ba4e384dde2ba0b3/Abracadabra.sol,1
0xfd070a101af68111fb50763fbf93ed55b5828395,0,raw_data/0xfd070a101af68111fb50763fbf93ed55b5828395/Forwarder.sol,1
0x64ad9b2fc6a96c6c1df66234669571c15646c3d9,0,raw_data/0x64ad9b2fc6a96c6c1df66234669571c15646c3d9/UserWallet.sol,1
0xb331e45f013752cab7715594d4ec6a56976ee064,0,raw_data/0xb331e45f013752cab7715594d4ec6a56976ee064/Forwarder.sol,1
0x4b1b48b9f40e370129de90baf010badca2dab601,0,raw_data/0x4b1b48b9f40e370129de90baf010badca2dab601/UserWallet.sol,1
0x6ef2e2ac510c8d7cb20a06b2af4f13e4033a7574,1,raw_data/0x6ef2e2ac510c8d7cb20a06b2af4f13e4033a7574/Coin.sol,1
0x12e0c7fc2f90cc2a82b71412d0c0b97a62c4302e,0,raw_data/0x12e0c7fc2f90cc2a82b71412d0c0b97a62c4302e/UserWallet.sol,1
0x6a2802b57be3a7681ba2a0fefbc8fdfc846c7105,0,raw_data/0x6a2802b57be3a7681ba2a0fefbc8fdfc846c7105/Forwarder.sol,1
0xfb30d704cafffa3e907313add5d4ce4b6a55b446,0,raw_data/0xfb30d704cafffa3e907313add5d4ce4b6a55b446/UserWallet.sol,1
0xff3fcb6a45d174e36f930e75e40ab33ba4785e8b,0,raw_data/0xff3fcb6a45d174e36f930e75e40ab33ba4785e8b/UserWallet.sol,1
0xfdb0b1ae033783285e48f29a27f4211851515de9,0,raw_data/0xfdb0b1ae033783285e48f29a27f4211851515de9/UserWallet.sol,1
0x3ee8add72efc71eeee5e932ea54a65a543b0074f,0,raw_data/0x3ee8add72efc71eeee5e932ea54a65a543b0074f/UserWallet.sol,1
0x8a0b9f3835af5abf2a2a421ae4b012b80e0f925a,1,raw_data/0x8a0b9f3835af5abf2a2a421ae4b012b80e0f925a/LIKE.sol,1
0xc5f27d3d6b55930e2a405ac6ea91c447bd5d4f7d,0,raw_data/0xc5f27d3d6b55930e2a405ac6ea91c447bd5d4f7d/Forwarder.sol,1
0x2634baad203cba4aa4114c132b2e50a3a6027ff9,1,raw_data/0x2634baad203cba4aa4114c132b2e50a3a6027ff9/BIRTHDAY_GIFT_1_ETH.sol,1
0xf02ac5c6a71afb759620982069598d63c17cfd6f,0,raw_data/0xf02ac5c6a71afb759620982069598d63c17cfd6f/UserWallet.sol,1
0x19d0321ba91ed5edec4afe1da158a6b06bba03f0,1,raw_data/0x19d0321ba91ed5edec4afe1da158a6b06bba03f0/QuestionIt.sol,1
0xa16cdcba1d6cb6874ff9fd8a6c8b82a3f834f512,1,raw_data/0xa16cdcba1d6cb6874ff9fd8a6c8b82a3f834f512/Deposit.sol,1
0x23a29db31d0b1e176789043a21313590ce43a784,1,raw_data/0x23a29db31d0b1e176789043a21313590ce43a784/ERC20.sol,1
0x52e02c7c7b7a6ab76245ad1a0f9a38d7c50fb3fb,1,raw_data/0x52e02c7c7b7a6ab76245ad1a0f9a38d7c50fb3fb/OXB.sol,1
0x10787ca56c822dbbdf7f03a91f2b7b406b8d4b98,0,raw_data/0x10787ca56c822dbbdf7f03a91f2b7b406b8d4b98/UserWallet.sol,1
0x6bc7d4d213b4750834535b37881001c4786738cf,0,raw_data/0x6bc7d4d213b4750834535b37881001c4786738cf/UserWallet.sol,1
0x2d6911f39c037574da9a4ccf7aea9598c365d603,0,raw_data/0x2d6911f39c037574da9a4ccf7aea9598c365d603/SmartWallet.sol,1
0x8da0f556064a214ac8de2cda3fce51589a073cf0,0,raw_data/0x8da0f556064a214ac8de2cda3fce51589a073cf0/UserWallet.sol,1
0xf420e97a6601f860e496f39aefadffe8e9bca252,0,raw_data/0xf420e97a6601f860e496f39aefadffe8e9bca252/UserWallet.sol,1
0x2296f0bc855cdeee8f2578bd5d97e1db942560d5,0,raw_data/0x2296f0bc855cdeee8f2578bd5d97e1db942560d5/UserWallet.sol,1
0xea848cf9ae6f232f9534ba1b433cbbd259bc7764,0,raw_data/0xea848cf9ae6f232f9534ba1b433cbbd259bc7764/UserWallet.sol,1
0xfdf36b68b510cc9e49f4f413624f23bd087e5a23,1,raw_data/0xfdf36b68b510cc9e49f4f413624f23bd087e5a23/BONE.sol,1
0xf183bcac25cacccf01f4a8727cf773358c8ecb35,1,raw_data/0xf183bcac25cacccf01f4a8727cf773358c8ecb35/EFI.sol,1
0x82c746804cfeb53cd7af7dc4542007f74251a3d0,0,raw_data/0x82c746804cfeb53cd7af7dc4542007f74251a3d0/UserWallet.sol,1
0x2dd85464bf8393be1908daee51b931d93dd051f3,0,raw_data/0x2dd85464bf8393be1908daee51b931d93dd051f3/AutoWallet.sol,1
0xd84620fd2505a668de7f0a07a2c16b312b93a074,0,raw_data/0xd84620fd2505a668de7f0a07a2c16b312b93a074/UserWallet.sol,1
0xdf805bd5b48e46b583dfe97e0b5d95b3f8a5c7e7,1,raw_data/0xdf805bd5b48e46b583dfe97e0b5d95b3f8a5c7e7/WarInu.sol,1
0x4f3e8d76bb858e8340d30033ebdd486f4fb994e6,1,raw_data/0x4f3e8d76bb858e8340d30033ebdd486f4fb994e6/CPTE.sol,1
0x038d2962b96a6050477b9d7c7eed0e256004ca22,1,raw_data/0x038d2962b96a6050477b9d7c7eed0e256004ca22/ROPs.sol,1
0x235f4f5d389dfb09a776941478e8bfa810fc07cb,0,raw_data/0x235f4f5d389dfb09a776941478e8bfa810fc07cb/UserWallet.sol,1
0x1daa46cff464143a2248f11eafcec6e18079fd58,0,raw_data/0x1daa46cff464143a2248f11eafcec6e18079fd58/Forwarder.sol,1
0xd1a3eb07b2a899895eaf57035534c88f0a93870d,0,raw_data/0xd1a3eb07b2a899895eaf57035534c88f0a93870d/UserWallet.sol,1
0xa41fdd383d4e78042d888288d2847c9b8fc636d0,0,raw_data/0xa41fdd383d4e78042d888288d2847c9b8fc636d0/UserWallet.sol,1
0x474fae88daa7e91b75d6b2079a45f0774351eae3,0,raw_data/0x474fae88daa7e91b75d6b2079a45f0774351eae3/UserWallet.sol,1
0x8d9621943caf6081d2745394a1d23da9a963f049,1,raw_data/0x8d9621943caf6081d2745394a1d23da9a963f049/AxieGovernance.sol,1
0xc5f40ea55e6d533bf6cefc67fcafda2d40137379,0,raw_data/0xc5f40ea55e6d533bf6cefc67fcafda2d40137379/UserWallet.sol,1
0xa44cc4d071306f794c09b33d92302685f71bb4ca,0,raw_data/0xa44cc4d071306f794c09b33d92302685f71bb4ca/UserWallet.sol,1
0x26920ad43be712547dae9d90500daee487f1a4c8,0,raw_data/0x26920ad43be712547dae9d90500daee487f1a4c8/UserWallet.sol,1
0xa45965a6f4e459decda4b574a2aacfca0408219e,0,raw_data/0xa45965a6f4e459decda4b574a2aacfca0408219e/UserWallet.sol,1
0x5ff91ac0b61f262ffd2d9c255c0eb9a23517ab52,1,raw_data/0x5ff91ac0b61f262ffd2d9c255c0eb9a23517ab52/PiccoloAntiBot.sol,1
0x30f99c0bf62d43901703d1d3476364d35aa1d647,1,raw_data/0x30f99c0bf62d43901703d1d3476364d35aa1d647/BOSON.sol,1
0x99a2d03517dd99069749701091bd2db8419397b3,0,raw_data/0x99a2d03517dd99069749701091bd2db8419397b3/UserWallet.sol,1
0x8a514bf3f9db533f5c91fd8726330b9d93c5694a,1,raw_data/0x8a514bf3f9db533f5c91fd8726330b9d93c5694a/GEL.sol,1
0xa3013d77504ae5271f50e4578428c490a4732f0c,0,raw_data/0xa3013d77504ae5271f50e4578428c490a4732f0c/UserWallet.sol,1
0x922d24925acb720c381df7d90873543ea3cbdb4a,1,raw_data/0x922d24925acb720c381df7d90873543ea3cbdb4a/GTC.sol,1
0x1738a8442010081623168b73787160288c9b715b,0,raw_data/0x1738a8442010081623168b73787160288c9b715b/UserWallet.sol,1
0xc9c7efd3893e6a5fc60468ebc14795708180cca0,0,raw_data/0xc9c7efd3893e6a5fc60468ebc14795708180cca0/Forwarder.sol,1
0x704079e823e42a936bbaac5163434c2515473836,1,raw_data/0x704079e823e42a936bbaac5163434c2515473836/CONUNDRUM.sol,1
0x97fb06c01335de24dfd6f45f16dfae01d4104ee4,1,raw_data/0x97fb06c01335de24dfd6f45f16dfae01d4104ee4/SporesNetwork.sol,1
0xf3b935b18e1e5e9ccdbea70bd46282463947c818,0,raw_data/0xf3b935b18e1e5e9ccdbea70bd46282463947c818/UserWallet.sol,1
0xaecea37a86a1a74a30664e7808c4c85388a975ed,1,raw_data/0xaecea37a86a1a74a30664e7808c4c85388a975ed/UniswapExchange.sol,1
0xacda08cc4c6696a22f9fddabe9da81bd0c76f60c,0,raw_data/0xacda08cc4c6696a22f9fddabe9da81bd0c76f60c/UserWallet.sol,1
0x1a38a99bde83bf20cdc9d57026083c5aadfccfe7,0,raw_data/0x1a38a99bde83bf20cdc9d57026083c5aadfccfe7/Forwarder.sol,1
0x1935a3bdda592733c77455829eae758326ef2d6b,1,raw_data/0x1935a3bdda592733c77455829eae758326ef2d6b/Kwik.sol,1
0x54456a5e2f0bb62f6bb52855d8baf0f70912b950,0,raw_data/0x54456a5e2f0bb62f6bb52855d8baf0f70912b950/UserWallet.sol,1
0xd7b4a8b4d0b0bd1366fcd4cc2ed8e2e8bb9f73e5,1,raw_data/0xd7b4a8b4d0b0bd1366fcd4cc2ed8e2e8bb9f73e5/SHIBASWAP.sol,1
0x6d4f393bf60aee890027d5a560473148fa61385a,1,raw_data/0x6d4f393bf60aee890027d5a560473148fa61385a/EnsoFinance.sol,1
0xb268f9ee0514d61003b7d92b4370d7f3b2de1ae6,0,raw_data/0xb268f9ee0514d61003b7d92b4370d7f3b2de1ae6/UserWallet.sol,1
0x443c7c766165b47e1d3986ea035b75301545fad9,0,raw_data/0x443c7c766165b47e1d3986ea035b75301545fad9/CloneableWallet.sol,1
0x39ce970c5a06788b3198fa215f0d899ab8ceb168,0,raw_data/0x39ce970c5a06788b3198fa215f0d899ab8ceb168/UserWallet.sol,1
0xaa4fd1781246f0b9a63921f7aee292311ea05bf7,1,raw_data/0xaa4fd1781246f0b9a63921f7aee292311ea05bf7/for_mikle.sol,1
0xf4ac238121585456dee1096fed287f4d8906d519,1,raw_data/0xf4ac238121585456dee1096fed287f4d8906d519/Shark.sol,1
0x0eccb647e0224fc2ac42ea8c022e6016f87af9ae,0,raw_data/0x0eccb647e0224fc2ac42ea8c022e6016f87af9ae/UserWallet.sol,1
0xaec367c252764e61c39de84208b305f283360778,1,raw_data/0xaec367c252764e61c39de84208b305f283360778/ERC20.sol,1
0xc7241404e5acc5eee8a7c2cd4e0716d4e5179224,0,raw_data/0xc7241404e5acc5eee8a7c2cd4e0716d4e5179224/UserWallet.sol,1
0xeaf3aeb4307a9739c631e40f8e1efb35dcba1314,0,raw_data/0xeaf3aeb4307a9739c631e40f8e1efb35dcba1314/UserWallet.sol,1
0xe564dafa5f66eea047233e7a34bd210b7366bab4,1,raw_data/0xe564dafa5f66eea047233e7a34bd210b7366bab4/KODACHITOKEN.sol,1
0xad41db34d310b4803def4ab7fd24b4524459b159,0,raw_data/0xad41db34d310b4803def4ab7fd24b4524459b159/UserWallet.sol,1
0x349323a0ef1646eddcd3079b75a0d68c3fc15c01,0,raw_data/0x349323a0ef1646eddcd3079b75a0d68c3fc15c01/LockToken.sol,1
0x7175e5ff1d1d059186ad0c70dadef593c434136f,0,raw_data/0x7175e5ff1d1d059186ad0c70dadef593c434136f/UserWallet.sol,1
0x00767fa00d142f9c410de48dcb537c59e7cc2c28,1,raw_data/0x00767fa00d142f9c410de48dcb537c59e7cc2c28/ERC20.sol,1
0x2f06281649b6f516464b7936b5502826a034a7ab,1,raw_data/0x2f06281649b6f516464b7936b5502826a034a7ab/Apeinja.sol,1
0x85c7af2186cbb6710f7e9e752b2cf86883e09ee4,1,raw_data/0x85c7af2186cbb6710f7e9e752b2cf86883e09ee4/caw.sol,1
0x19ff3c317e2bdf1fee7a1b6b4feed5c319f64b31,1,raw_data/0x19ff3c317e2bdf1fee7a1b6b4feed5c319f64b31/IONX.sol,1
0xba3f56776d805aeeb4344748f946407331a9d579,1,raw_data/0xba3f56776d805aeeb4344748f946407331a9d579/BOBA.sol,1
0xdf77e4a81fba17e0cc39dba521aa4167f388ed7c,1,raw_data/0xdf77e4a81fba17e0cc39dba521aa4167f388ed7c/Multiplicator.sol,1
0x208b585e537724731ef21b15f202b4d566541a44,0,raw_data/0x208b585e537724731ef21b15f202b4d566541a44/UserWallet.sol,1
0xf6c01343020a7f37f9a9bdc2c1a5dbe8604de62c,0,raw_data/0xf6c01343020a7f37f9a9bdc2c1a5dbe8604de62c/E3WToken.sol,1
0x88e0acd80baf47d984a0ce29fa41ced0e23e087a,0,raw_data/0x88e0acd80baf47d984a0ce29fa41ced0e23e087a/_0xMonacoinToken.sol,1
0x41a1729dc30ba049adad9471d4da2401fa5b4889,0,raw_data/0x41a1729dc30ba049adad9471d4da2401fa5b4889/DVIP.sol,1
0x23a91059fdc9579a9fbd0edc5f2ea0bfdb70deb4,1,raw_data/0x23a91059fdc9579a9fbd0edc5f2ea0bfdb70deb4/PrivateBank.sol,1
0x58783c26d60af17698dae3c419f81d956bcdc128,0,raw_data/0x58783c26d60af17698dae3c419f81d956bcdc128/UserWallet.sol,1
0x3db16d6f74242b57f860f2d038c9c701b9e0e5eb,1,raw_data/0x3db16d6f74242b57f860f2d038c9c701b9e0e5eb/MAJESTIC.sol,1
0x253101757a84054b68a0460b6c77ca2b0e2c4291,1,raw_data/0x253101757a84054b68a0460b6c77ca2b0e2c4291/muskscontract.sol,1
0xee2faf304f42abd304acda750d6d295d76176142,1,raw_data/0xee2faf304f42abd304acda750d6d295d76176142/EthereumHODL.sol,1
0x9432e856976a2ba7523fe11638a82bc178936824,0,raw_data/0x9432e856976a2ba7523fe11638a82bc178936824/UserWallet.sol,1
0xc4835ba664daeca06992d20ffe1724a46a9d4bc9,1,raw_data/0xc4835ba664daeca06992d20ffe1724a46a9d4bc9/XNFTToken.sol,1
0xaaaab2928e693bb51e91aeca0599b1d1cd718dff,1,raw_data/0xaaaab2928e693bb51e91aeca0599b1d1cd718dff/connectivecoin.sol,1
0xe9344a419cc8acbb13d0cb8db0d13d61f7d6cafa,1,raw_data/0xe9344a419cc8acbb13d0cb8db0d13d61f7d6cafa/MISO.sol,1
0xf04e000a1f553519d4d94a1713110283e8b664de,1,raw_data/0xf04e000a1f553519d4d94a1713110283e8b664de/yCORE.sol,1
0x0eb3b4e36f474d64fb15dbc2225e4310d6d7deda,0,raw_data/0x0eb3b4e36f474d64fb15dbc2225e4310d6d7deda/UserWallet.sol,1
0x0b187097b8f273f9bfe556a7fc9aee6f99897c8c,1,raw_data/0x0b187097b8f273f9bfe556a7fc9aee6f99897c8c/STAKEDAO.sol,1
0x5353a94fd6a9ea4fdc0256360048586acc5a9e09,0,raw_data/0x5353a94fd6a9ea4fdc0256360048586acc5a9e09/UserWallet.sol,1
0x4b167af1eea6d6ec6ba1e4a5794b8274834dcd34,0,raw_data/0x4b167af1eea6d6ec6ba1e4a5794b8274834dcd34/UserWallet.sol,1
0x9c59056e3621c3e9a64fa74965c08b248c98d390,0,raw_data/0x9c59056e3621c3e9a64fa74965c08b248c98d390/UserWallet.sol,1
0x53f86430948d27702d73acc112b2c73ac5c01dde,1,raw_data/0x53f86430948d27702d73acc112b2c73ac5c01dde/HEXMEX.sol,1
0xaf4a1046c019203a1a0951019b39c85aa931a4db,1,raw_data/0xaf4a1046c019203a1a0951019b39c85aa931a4db/BONE.sol,1
0x15e9fadb5962a0cb774bf759183d739f50d1697b,1,raw_data/0x15e9fadb5962a0cb774bf759183d739f50d1697b/SUCHI.sol,1
0x18f6bbdd517b24dc743f7a068b77a058d0b86b78,0,raw_data/0x18f6bbdd517b24dc743f7a068b77a058d0b86b78/UserWallet.sol,1
0x52867c3df4fcc83f583ea4c8902f9109fec7b98b,0,raw_data/0x52867c3df4fcc83f583ea4c8902f9109fec7b98b/UserWallet.sol,1
0xd35321d81d668d4d5f173934faba93239f5ad83f,1,raw_data/0xd35321d81d668d4d5f173934faba93239f5ad83f/YourName.sol,1
0x81e020242e79b7bc237504435ff37b1b6b943a3b,0,raw_data/0x81e020242e79b7bc237504435ff37b1b6b943a3b/UserWallet.sol,1
0x9cd7e7e1c60d062ea9fd54401500d83fea67c05c,0,raw_data/0x9cd7e7e1c60d062ea9fd54401500d83fea67c05c/Forwarder.sol,1
0x8aba288f426593e761ba1126ed3c0a5160955b96,0,raw_data/0x8aba288f426593e761ba1126ed3c0a5160955b96/UserWallet.sol,1
0x9af6f0146404b00de2a3e5c1c58b8f32ae08a228,0,raw_data/0x9af6f0146404b00de2a3e5c1c58b8f32ae08a228/UserWallet.sol,1
0xdd4164fc65eeed67fc547e01324a4076b0776980,1,raw_data/0xdd4164fc65eeed67fc547e01324a4076b0776980/DFL.sol,1
0x457a0677d206970a20212f95f35378cfc68eaa0c,1,raw_data/0x457a0677d206970a20212f95f35378cfc68eaa0c/KYUDO.sol,1
0xb0fdd92021c3000ec86efddf09cccd8a0d25e7ea,1,raw_data/0xb0fdd92021c3000ec86efddf09cccd8a0d25e7ea/Flamezy.sol,1
0xe2ba684bd2eb4a12e85dfb984db7a4dc24c2ca3f,1,raw_data/0xe2ba684bd2eb4a12e85dfb984db7a4dc24c2ca3f/ERC20.sol,1
0x2c1080d0ad28d74d3d080b4e27b6e9ef007d70a0,0,raw_data/0x2c1080d0ad28d74d3d080b4e27b6e9ef007d70a0/LockToken.sol,1
0x55654a38372617aedd583009f76e28700e48fdad,1,raw_data/0x55654a38372617aedd583009f76e28700e48fdad/CarnieGamesBlackBox.sol,1
0x9a82930aee216df592ebb69450eaa867d4836402,1,raw_data/0x9a82930aee216df592ebb69450eaa867d4836402/JOURNEYTOKEN.sol,1
0x6c4131d91c4affb5d1c7550ed96a18bc7ec8f034,0,raw_data/0x6c4131d91c4affb5d1c7550ed96a18bc7ec8f034/SmartWallet.sol,1
0xa6d0d8750173852ec93eb9ea4adc596c1a77388e,0,raw_data/0xa6d0d8750173852ec93eb9ea4adc596c1a77388e/UserWallet.sol,1
0xce677df0f78e471aacd102d6465fc53312617eb6,1,raw_data/0xce677df0f78e471aacd102d6465fc53312617eb6/BONE.sol,1
0x4ce1c5536c9f07691e4eeec0d3c745019fdc2b4b,1,raw_data/0x4ce1c5536c9f07691e4eeec0d3c745019fdc2b4b/UniswapExchange.sol,1
0x735a75dc5dce7ea8eadd1bc400b435cf4247f160,1,raw_data/0x735a75dc5dce7ea8eadd1bc400b435cf4247f160/burnfinance.sol,1
0xe34e9e65f677dff45cf88771109fcd9049486cdf,1,raw_data/0xe34e9e65f677dff45cf88771109fcd9049486cdf/UniswapExchange.sol,1
0x3e813f26eef45e6fd5862fbd1c520e8f624ae8c3,1,raw_data/0x3e813f26eef45e6fd5862fbd1c520e8f624ae8c3/RocketBunny.sol,1
0x50525700ff6bcbfce93fb2a50869674d42385641,0,raw_data/0x50525700ff6bcbfce93fb2a50869674d42385641/UserWallet.sol,1
0x941d225236464a25eb18076df7da6a91d0f95e9e,1,raw_data/0x941d225236464a25eb18076df7da6a91d0f95e9e/ETH_FUND.sol,1
0xc26464e7515e9c99802ca3f36649e62af5c82301,1,raw_data/0xc26464e7515e9c99802ca3f36649e62af5c82301/MoonProtocol.sol,1
0x59c4378e31e36bb214ceee53b481ea11cfd8a6b9,1,raw_data/0x59c4378e31e36bb214ceee53b481ea11cfd8a6b9/CALCIFERBURNINU.sol,1
0xc6cb4489cdae9f5373d65a9141f52178e41ccf91,0,raw_data/0xc6cb4489cdae9f5373d65a9141f52178e41ccf91/UserWallet.sol,1
0x16f1428890acfb6f15c9201037f55c3732b504f2,0,raw_data/0x16f1428890acfb6f15c9201037f55c3732b504f2/UserWallet.sol,1
0x250323442981df67c4d1dfe851db30c990983ff1,0,raw_data/0x250323442981df67c4d1dfe851db30c990983ff1/UserWallet.sol,1
0x54d0792640766972ffbddb458a53b91066707a45,0,raw_data/0x54d0792640766972ffbddb458a53b91066707a45/UserWallet.sol,1
0xcd52c19d8ae767f4b030c76a24586ec9fb303068,1,raw_data/0xcd52c19d8ae767f4b030c76a24586ec9fb303068/YearnVercel.sol,1
0xebd9f21cef56f48a5f0c523d10e649d9a8e9d240,0,raw_data/0xebd9f21cef56f48a5f0c523d10e649d9a8e9d240/UserWallet.sol,1
0x32bf0b578fd6d139c7e6b41a96450f7a9adfa513,0,raw_data/0x32bf0b578fd6d139c7e6b41a96450f7a9adfa513/UserWallet.sol,1
0x6f9579b66f94e61f9828201ffb5e1a836cce768f,0,raw_data/0x6f9579b66f94e61f9828201ffb5e1a836cce768f/UserWallet.sol,1
0xd42961b864d4e95aa3d93ab1db61cf1f81c5d6c7,1,raw_data/0xd42961b864d4e95aa3d93ab1db61cf1f81c5d6c7/Coin.sol,1
0xbc7981956a44b5c5de21ad30aec8099c3ca27dba,0,raw_data/0xbc7981956a44b5c5de21ad30aec8099c3ca27dba/HodlETH.sol,1
0xaf19335b8e7cba10ae2e54951d4547dff75d7956,1,raw_data/0xaf19335b8e7cba10ae2e54951d4547dff75d7956/KST.sol,1
0x38e1827bb5931fb62dc9f20dab559c86394eb9f9,1,raw_data/0x38e1827bb5931fb62dc9f20dab559c86394eb9f9/THECRYPTS.sol,1
0x2786a8a7fcc7cc41532b2a029a1a088250f9653c,0,raw_data/0x2786a8a7fcc7cc41532b2a029a1a088250f9653c/UserWallet.sol,1
0x5e3a049fee42cdcb106995d39b124c5f70d58c51,0,raw_data/0x5e3a049fee42cdcb106995d39b124c5f70d58c51/UserWallet.sol,1
0xdfaae1d62de336155b88bdb2fa9701faaa3a3bea,0,raw_data/0xdfaae1d62de336155b88bdb2fa9701faaa3a3bea/UserWallet.sol,1
0xeed723d2f5d1c69259f3c954d74d2fd9a104719e,0,raw_data/0xeed723d2f5d1c69259f3c954d74d2fd9a104719e/Forwarder.sol,1
0x15489e5e954f91f530f5521dec51d9e704e931e9,1,raw_data/0x15489e5e954f91f530f5521dec51d9e704e931e9/UniswapExchange.sol,1
0x3597f78c7872db259ce023acc34511c7a79f42e3,1,raw_data/0x3597f78c7872db259ce023acc34511c7a79f42e3/GIFT_1_ETH.sol,1
0x0c1ccfb7ec17ff2fb2756bb7792232c6e6141003,0,raw_data/0x0c1ccfb7ec17ff2fb2756bb7792232c6e6141003/UserWallet.sol,1
0x8ef6a6d71f08f4e8ba068819b2a8a5b5f1db4d49,1,raw_data/0x8ef6a6d71f08f4e8ba068819b2a8a5b5f1db4d49/UniswapExchange.sol,1
0xf9a344b9cbfb6b39abcbb9a67832c6f1a75a079d,0,raw_data/0xf9a344b9cbfb6b39abcbb9a67832c6f1a75a079d/UserWallet.sol,1
0x3263b9caa0f3934cf48f656ddfd74e0e94078874,0,raw_data/0x3263b9caa0f3934cf48f656ddfd74e0e94078874/UserWallet.sol,1
0xe65c53087e1a40b7c53b9a0ea3c2562ae2dfeb24,1,raw_data/0xe65c53087e1a40b7c53b9a0ea3c2562ae2dfeb24/RichestTakeAll.sol,1
0x063b414ca0124a10384e2f97b89c51a366692dcf,0,raw_data/0x063b414ca0124a10384e2f97b89c51a366692dcf/UserWallet.sol,1
0x197a1b474cda643f89939ccb4414730a93284243,0,raw_data/0x197a1b474cda643f89939ccb4414730a93284243/UserWallet.sol,1
0x240cba4e0b5113bb304dcebee8ef2e110a4c9b42,0,raw_data/0x240cba4e0b5113bb304dcebee8ef2e110a4c9b42/UserWallet.sol,1
0x7dddcb8d93438500c42c199b6b02ba3f74c7cb8c,1,raw_data/0x7dddcb8d93438500c42c199b6b02ba3f74c7cb8c/Cum.sol,1
0xf27c277fd39cc5ae9e18e88a6612588c2101924f,1,raw_data/0xf27c277fd39cc5ae9e18e88a6612588c2101924f/BitToken.sol,1
0x1b197b3573ea5efe5b5de2e32d28345534d55104,0,raw_data/0x1b197b3573ea5efe5b5de2e32d28345534d55104/Wallet.sol,1
0x9cc97bb9f30df3c333a5b3fbd80bdabec52d4da8,1,raw_data/0x9cc97bb9f30df3c333a5b3fbd80bdabec52d4da8/PirateDoge.sol,1
0x8b40c8ae86d795ac92446f1b909eb06db065f7c3,1,raw_data/0x8b40c8ae86d795ac92446f1b909eb06db065f7c3/Epstein.sol,1
0x5b9c88bf2220a6f427d35db3c4513c56467645b3,0,raw_data/0x5b9c88bf2220a6f427d35db3c4513c56467645b3/UserWallet.sol,1
0xbe58c78cc54bba9a3c5ac548c27b8bac2542af46,0,raw_data/0xbe58c78cc54bba9a3c5ac548c27b8bac2542af46/UserWallet.sol,1
0xcc48c77827aaf2ff6562df793a365e58e288d4de,0,raw_data/0xcc48c77827aaf2ff6562df793a365e58e288d4de/UserWallet.sol,1
0xa51c62117be6714d93df5ffeff532d831db73afb,1,raw_data/0xa51c62117be6714d93df5ffeff532d831db73afb/Dexlab.sol,1
0x58aebb8f6e029fc644ba04ca9557f7c057f41d6e,1,raw_data/0x58aebb8f6e029fc644ba04ca9557f7c057f41d6e/ERC20.sol,1
0x01cf25c7ec19ee5dece80b121121c731037b3d53,1,raw_data/0x01cf25c7ec19ee5dece80b121121c731037b3d53/TokenBEP20.sol,1
0x957312c8a57873b76b7297038b758045c5a602c7,0,raw_data/0x957312c8a57873b76b7297038b758045c5a602c7/UserWallet.sol,1
0x87f8cc87854168342b3b6952a0f4597bffc8c8df,0,raw_data/0x87f8cc87854168342b3b6952a0f4597bffc8c8df/UserWallet.sol,1
0x3763730dafc789e59c9b298e59fa07d32e7b5b24,0,raw_data/0x3763730dafc789e59c9b298e59fa07d32e7b5b24/UserWallet.sol,1
0x082D7215fdfa70D969D7Fb5E783F8fE86A463330,1,raw_data/0x082D7215fdfa70D969D7Fb5E783F8fE86A463330/Friendchips.sol,1
0xc67979670b43b38c0242624258268c2d66e2ca57,1,raw_data/0xc67979670b43b38c0242624258268c2d66e2ca57/LiveGreen.sol,1
0x95d34980095380851902ccd9a1fb4c813c2cb639,1,raw_data/0x95d34980095380851902ccd9a1fb4c813c2cb639/Private_Bank.sol,1
0xc7b158aba6354bf864cae620ebe53940a229b374,0,raw_data/0xc7b158aba6354bf864cae620ebe53940a229b374/UserWallet.sol,1
0x9fafc211e0b53e11912a1b3f17ac786007037bd0,0,raw_data/0x9fafc211e0b53e11912a1b3f17ac786007037bd0/UserWallet.sol,1
0xd848ad3a88b71e3fac179fa6f358e446fc6e6e09,0,raw_data/0xd848ad3a88b71e3fac179fa6f358e446fc6e6e09/UserWallet.sol,1
0x83530c3aab57bb230f16a9267fbc60e4c4a18e6e,1,raw_data/0x83530c3aab57bb230f16a9267fbc60e4c4a18e6e/Flokipug.sol,1
0xb3970a959a727a38cfc0b2f913b4d83b60ad51b5,1,raw_data/0xb3970a959a727a38cfc0b2f913b4d83b60ad51b5/UniswapExchange.sol,1
0xe210c70ac83af4a69ea2922c2b241d6892ee7668,0,raw_data/0xe210c70ac83af4a69ea2922c2b241d6892ee7668/UserWallet.sol,1
0x252b36e91bc5a387ea4f18b600acd7d58b5db8a6,1,raw_data/0x252b36e91bc5a387ea4f18b600acd7d58b5db8a6/OtterClam.sol,1
0x48c1b2f3efa85fbafb2ab951bf4ba860a08cdbb7,1,raw_data/0x48c1b2f3efa85fbafb2ab951bf4ba860a08cdbb7/HAND.sol,1
0x9efc7a38552e63534a8e9b9558adabd73297f91d,1,raw_data/0x9efc7a38552e63534a8e9b9558adabd73297f91d/PinCodeMoneyStorage.sol,1
0xdbcbb35bfe4afa3451f8fdd56c04a27f95c929d3,1,raw_data/0xdbcbb35bfe4afa3451f8fdd56c04a27f95c929d3/UNIQ.sol,1
0xc15298653b047454664da61327de2b7a3b993e41,0,raw_data/0xc15298653b047454664da61327de2b7a3b993e41/UserWallet.sol,1
0x1cd51c6cecb1cc94d05bae58b66349e479725bee,0,raw_data/0x1cd51c6cecb1cc94d05bae58b66349e479725bee/Wallet.sol,1
0x6b8c7e5e5be8233a668ef6b1f5a74a343569eaf9,0,raw_data/0x6b8c7e5e5be8233a668ef6b1f5a74a343569eaf9/UserWallet.sol,1
0x629ec9c057da763d17664d37b858af75f0523c08,0,raw_data/0x629ec9c057da763d17664d37b858af75f0523c08/UserWallet.sol,1
0x234f256ce43bbec4ab5c208360902aa12e97a6a8,0,raw_data/0x234f256ce43bbec4ab5c208360902aa12e97a6a8/UserWallet.sol,1
0x3a862ba102c7a1e65548e8084b45ad589dca299d,1,raw_data/0x3a862ba102c7a1e65548e8084b45ad589dca299d/DegenerateMonkey.sol,1
0x8a569bea411a621bf25159a58dc7c4812e61db28,0,raw_data/0x8a569bea411a621bf25159a58dc7c4812e61db28/UserWallet.sol,1
0xcf8b2320ba72d1164f450f909f9f1ec5ecb3db8d,0,raw_data/0xcf8b2320ba72d1164f450f909f9f1ec5ecb3db8d/UserWallet.sol,1
0x26312781aca292e0ab23ec04fd2d26273537aa32,0,raw_data/0x26312781aca292e0ab23ec04fd2d26273537aa32/UserWallet.sol,1
0x6d85dd21d470e5c1e6af3a5198f0d5ac4dcdd7ef,1,raw_data/0x6d85dd21d470e5c1e6af3a5198f0d5ac4dcdd7ef/ERC20.sol,1
0x3319c667fa0eafe5a59e532b503ff5c65b1145ce,1,raw_data/0x3319c667fa0eafe5a59e532b503ff5c65b1145ce/SHIBASWAP.sol,1
0x4caf94a57b2e40059e4c430e5672ea6017bb5f2c,0,raw_data/0x4caf94a57b2e40059e4c430e5672ea6017bb5f2c/UserWallet.sol,1
0xc63083fb57d30a744a95959bea21a8f37362fc9f,1,raw_data/0xc63083fb57d30a744a95959bea21a8f37362fc9f/Diwali.sol,1
0x42bbb33aba5a2c13f2ddc5dd85959dcbb44f7e07,0,raw_data/0x42bbb33aba5a2c13f2ddc5dd85959dcbb44f7e07/UserWallet.sol,1
0x2207d269ae026c41d627fdafe0e2fdaa8f6d3204,0,raw_data/0x2207d269ae026c41d627fdafe0e2fdaa8f6d3204/UserWallet.sol,1
0x0d253398592db22366ddf4173a06a5803d6c08df,0,raw_data/0x0d253398592db22366ddf4173a06a5803d6c08df/UserWallet.sol,1
0x4fa8fcbdd4f428a55897eec24d67aa0b6e1af0de,1,raw_data/0x4fa8fcbdd4f428a55897eec24d67aa0b6e1af0de/V1.sol,1
0x655743e181b96f1f4b36e67e03e49aa0db43216f,1,raw_data/0x655743e181b96f1f4b36e67e03e49aa0db43216f/HAKU.sol,1
0xc19f837a02991a01f7456503ab28a19b64f17607,1,raw_data/0xc19f837a02991a01f7456503ab28a19b64f17607/TokenBEP20.sol,1
0xc4946d6e765c1a95c693757136a6cc0c89a32d63,1,raw_data/0xc4946d6e765c1a95c693757136a6cc0c89a32d63/SnowyInu.sol,1
0xaed6dcac4d6630393c5a85f3fe180dc5743d79d1,1,raw_data/0xaed6dcac4d6630393c5a85f3fe180dc5743d79d1/ERC20.sol,1
0x1c0a0403a514edadb46bb5c72df939c7e9661501,1,raw_data/0x1c0a0403a514edadb46bb5c72df939c7e9661501/UniswapExchange.sol,1
0x7fe4b973265c296b18f04146c6ecf973b6f7ac7d,1,raw_data/0x7fe4b973265c296b18f04146c6ecf973b6f7ac7d/KISHUSWAP.sol,1
0x97d62ec099777c9db981a922164b1c9dc5058ed9,0,raw_data/0x97d62ec099777c9db981a922164b1c9dc5058ed9/UserWallet.sol,1
0x2bf0579be35f7b08feec168bc8d8e998cbcc8e45,0,raw_data/0x2bf0579be35f7b08feec168bc8d8e998cbcc8e45/UserWallet.sol,1
0x676177e0143b765ec7a0c689374c1e81967b7ba8,0,raw_data/0x676177e0143b765ec7a0c689374c1e81967b7ba8/UserWallet.sol,1
0x05aa623656c7eb10a8e49b822d7eac50ab87634c,1,raw_data/0x05aa623656c7eb10a8e49b822d7eac50ab87634c/TriallToken.sol,1
0xba58801cdcc5061e91c9ab5086d8d3aae803f88d,0,raw_data/0xba58801cdcc5061e91c9ab5086d8d3aae803f88d/LockToken.sol,1
0xe58a03797dc2ea68d5f17970dc90aa6c7fa3391a,0,raw_data/0xe58a03797dc2ea68d5f17970dc90aa6c7fa3391a/UserWallet.sol,1
0x3a859b9ea4998d344547283c7ce8ebc4abb77656,0,raw_data/0x3a859b9ea4998d344547283c7ce8ebc4abb77656/KinesisVelocityToken.sol,1
0x282660f07c82099578e5a7f959d91d188d28e14d,0,raw_data/0x282660f07c82099578e5a7f959d91d188d28e14d/Forwarder.sol,1
0x3acca56d95961e6100b0f264794bb1e18ec25824,1,raw_data/0x3acca56d95961e6100b0f264794bb1e18ec25824/VitaDao.sol,1
0x6076e74fc2d140d12f156fe471001a9c934f1064,1,raw_data/0x6076e74fc2d140d12f156fe471001a9c934f1064/ProjectXNFT.sol,1
0x2cf72573c1f6ce9f401e145a36ad30f5b5abf146,0,raw_data/0x2cf72573c1f6ce9f401e145a36ad30f5b5abf146/UserWallet.sol,1
0x66df04d40a2d35b491ff30c9df0c7907552ae3e9,1,raw_data/0x66df04d40a2d35b491ff30c9df0c7907552ae3e9/Hedgehog.sol,1
0x38b97338cf83d354bf6245d5d057b7c9d4a48846,0,raw_data/0x38b97338cf83d354bf6245d5d057b7c9d4a48846/UserWallet.sol,1
0x4f6e786aeb3ba0aba24d702a1aa9dfb9059e89dc,1,raw_data/0x4f6e786aeb3ba0aba24d702a1aa9dfb9059e89dc/Zarathustra.sol,1
0x23b7e8f01ff42e6659f622da721a98bcaddffdd5,0,raw_data/0x23b7e8f01ff42e6659f622da721a98bcaddffdd5/UserWallet.sol,1
0xe9b9812898593d258404aa938d023967ceb83daf,1,raw_data/0xe9b9812898593d258404aa938d023967ceb83daf/DynoByte.sol,1
0xe77d19f2b9cda69616d01e610595abc83725d3ce,0,raw_data/0xe77d19f2b9cda69616d01e610595abc83725d3ce/UserWallet.sol,1
0x0f0bbb887fc515254fad23dcee146c3e452c9333,1,raw_data/0x0f0bbb887fc515254fad23dcee146c3e452c9333/HOZUKI.sol,1
0x973aecf305351e5e7fd178b738f734f6644b1008,1,raw_data/0x973aecf305351e5e7fd178b738f734f6644b1008/Protocol.sol,1
0xecc88889390a7d95144ddbe00f1690508b79c17d,1,raw_data/0xecc88889390a7d95144ddbe00f1690508b79c17d/UniswapExchange.sol,1
0x836213f4021f67d04ec0b599343ac345f433701a,1,raw_data/0x836213f4021f67d04ec0b599343ac345f433701a/SATURNALIA.sol,1
0x418f2483811d44b78dc1202235cc86e3a6e48ed7,1,raw_data/0x418f2483811d44b78dc1202235cc86e3a6e48ed7/IOI.sol,1
0xfbf1b83978fef611ed8af507cc9d8155925479be,0,raw_data/0xfbf1b83978fef611ed8af507cc9d8155925479be/UserWallet.sol,1
0xf88347b7347f24f70218e9636d901fcace23178d,1,raw_data/0xf88347b7347f24f70218e9636d901fcace23178d/InstaToken.sol,1
0x09109207a37edda0444270f3562c4299158376e7,1,raw_data/0x09109207a37edda0444270f3562c4299158376e7/BONE.sol,1
0x12735da0efac7d82981d7de4356287fb8480151d,0,raw_data/0x12735da0efac7d82981d7de4356287fb8480151d/UserWallet.sol,1
0x333b20d643b58263e1558de655fda9cf7d07c401,0,raw_data/0x333b20d643b58263e1558de655fda9cf7d07c401/BitLumensCrowdsale.sol,1
0xd537823b2c7651eeceb8f60bbbb6f580d193cf03,0,raw_data/0xd537823b2c7651eeceb8f60bbbb6f580d193cf03/UserWallet.sol,1
0xdb07f1625cbe28140a9b6bdc517d40cec8fc7903,0,raw_data/0xdb07f1625cbe28140a9b6bdc517d40cec8fc7903/Forwarder.sol,1
0xe822d16c4a9e17ca2480ac62e4627a89de3ccea8,1,raw_data/0xe822d16c4a9e17ca2480ac62e4627a89de3ccea8/PAD.sol,1
0xe26e90598190a98c92c75204c9a4ecfe5983f8e0,1,raw_data/0xe26e90598190a98c92c75204c9a4ecfe5983f8e0/MultiplicatorX2.sol,1
0x0d26917c4aa3a7bb54e378552e7dbe6257aed1a5,0,raw_data/0x0d26917c4aa3a7bb54e378552e7dbe6257aed1a5/HumanStandardToken.sol,1
0x521a0d4917b1dec2c21b4807a3dd41c5325aa637,1,raw_data/0x521a0d4917b1dec2c21b4807a3dd41c5325aa637/VCCT.sol,1
0xf2eb2aef385a4495fa860930c94d796bba060afb,0,raw_data/0xf2eb2aef385a4495fa860930c94d796bba060afb/UserWallet.sol,1
0x735906d7ab237eeea06f4af86795bb4e0ec199e0,1,raw_data/0x735906d7ab237eeea06f4af86795bb4e0ec199e0/BLITZ_QUIZ.sol,1
0x408485385d780e57be5f62cf8cba1e9d960696ac,0,raw_data/0x408485385d780e57be5f62cf8cba1e9d960696ac/UserWallet.sol,1
0xf667c465e54e24a92e986625c3e0f87418e68d47,1,raw_data/0xf667c465e54e24a92e986625c3e0f87418e68d47/ERC20.sol,1
0xfc29fcfa1657131a9078e1268717b4bfd72dc987,0,raw_data/0xfc29fcfa1657131a9078e1268717b4bfd72dc987/UserWallet.sol,1
0xa1afb46f7d1e235fc2d4a10fffe03d91a0d6e4e7,1,raw_data/0xa1afb46f7d1e235fc2d4a10fffe03d91a0d6e4e7/Diver.sol,1
0x793dcdde6dd0aebfbe8fe92af83cff1f5941829d,0,raw_data/0x793dcdde6dd0aebfbe8fe92af83cff1f5941829d/Forwarder.sol,1
0xbe8be194cb658072306bd5bd2baa898f614812ab,0,raw_data/0xbe8be194cb658072306bd5bd2baa898f614812ab/UserWallet.sol,1
0x2d5816e93e9a2e18cc0fb5c5e4509dcd9d3e3dc9,0,raw_data/0x2d5816e93e9a2e18cc0fb5c5e4509dcd9d3e3dc9/UserWallet.sol,1
0xb9a9786d3965a11b941af91eb674c31c5083a30a,1,raw_data/0xb9a9786d3965a11b941af91eb674c31c5083a30a/Tom.sol,1
0xd6bc92a0f5a2bc17207283679c5ddcc108fd3710,1,raw_data/0xd6bc92a0f5a2bc17207283679c5ddcc108fd3710/Gift_1_ETH.sol,1
0xc12e4abc5c08256b94393e5ae9d5fc85cb672ab0,0,raw_data/0xc12e4abc5c08256b94393e5ae9d5fc85cb672ab0/UserWallet.sol,1
0x7e6a4d8bf4ac3b9674d47ccdea387d67b3875787,1,raw_data/0x7e6a4d8bf4ac3b9674d47ccdea387d67b3875787/KIBUCHI.sol,1
0x34af2c7e1cd2b62227e54f40e0a8710b86871fff,0,raw_data/0x34af2c7e1cd2b62227e54f40e0a8710b86871fff/UserWallet.sol,1
0xef5ea64681176778665a8774ac96927c8b227ce6,0,raw_data/0xef5ea64681176778665a8774ac96927c8b227ce6/UserWallet.sol,1
0x68123b76e410fcdd644e9a2a39356ed000bd4a57,1,raw_data/0x68123b76e410fcdd644e9a2a39356ed000bd4a57/DVG.sol,1
0x44c7f4d3625f5f9fbeb12337334e02dc05479cd6,1,raw_data/0x44c7f4d3625f5f9fbeb12337334e02dc05479cd6/MAYC.sol,1
0x64c619a3d30c5a5bacfc0546fa268add31f5f695,0,raw_data/0x64c619a3d30c5a5bacfc0546fa268add31f5f695/UserWallet.sol,1
0x5c361a086b678d874eef3845ada9e8ba81d404b9,1,raw_data/0x5c361a086b678d874eef3845ada9e8ba81d404b9/Yori.sol,1
0x59a4ff37728ff98efec6aa380daf2b3ad0eff657,1,raw_data/0x59a4ff37728ff98efec6aa380daf2b3ad0eff657/CryptoPunk.sol,1
0xa6303bb076a1ff08df3cf00212cdc01500ff13fe,0,raw_data/0xa6303bb076a1ff08df3cf00212cdc01500ff13fe/BISK.sol,1
0xe0d87605d37be036a1d9e2b404fcf68113d69c95,1,raw_data/0xe0d87605d37be036a1d9e2b404fcf68113d69c95/PUNKS.sol,1
0x76ef7b975808202156da5336a9329c8b8028b27e,1,raw_data/0x76ef7b975808202156da5336a9329c8b8028b27e/FormToken.sol,1
0x7045ee46ab12a2069a99747903fc6459e3bc0022,1,raw_data/0x7045ee46ab12a2069a99747903fc6459e3bc0022/connective.sol,1
0xdafff2c9113330d8251e517dda55b6e75e297af0,1,raw_data/0xdafff2c9113330d8251e517dda55b6e75e297af0/BONE.sol,1
0xadcde44351d81783898ec717ac69511e0311ad81,1,raw_data/0xadcde44351d81783898ec717ac69511e0311ad81/ERC20.sol,1
0x792530997f71743ab1f13613fd234ac10307bb76,0,raw_data/0x792530997f71743ab1f13613fd234ac10307bb76/UserWallet.sol,1
0x19833fd5c6801cb414689ea8fd2d3c194865fc82,0,raw_data/0x19833fd5c6801cb414689ea8fd2d3c194865fc82/DSProxy.sol,1
0xc007e7fd87c285e28c63c162f7209942ce10b6ad,0,raw_data/0xc007e7fd87c285e28c63c162f7209942ce10b6ad/UserWallet.sol,1
0xcd55fbb7f2022514bb21c7db316187fea9e36776,0,raw_data/0xcd55fbb7f2022514bb21c7db316187fea9e36776/UserWallet.sol,1
0x448cd55a8d40fe8e8ba91a67016cf8ac72cbd969,0,raw_data/0x448cd55a8d40fe8e8ba91a67016cf8ac72cbd969/UserWallet.sol,1
0xea09cfe4ec733027a897edabfa35b3ac4b1ce9b1,0,raw_data/0xea09cfe4ec733027a897edabfa35b3ac4b1ce9b1/UserWallet.sol,1
0x61381b35a7d96d222ce3791fad02b52dbf510f95,0,raw_data/0x61381b35a7d96d222ce3791fad02b52dbf510f95/UserWallet.sol,1
0xa3616474378e39a2ae64120329b632eb065ccf7b,0,raw_data/0xa3616474378e39a2ae64120329b632eb065ccf7b/UserWallet.sol,1
0xc0de7c0226381baa35fb60d63c6466c21b845d6a,1,raw_data/0xc0de7c0226381baa35fb60d63c6466c21b845d6a/Balerion.sol,1
0xce9bc5e0e1e3f43dc7d59feb6fb83aff492a191a,0,raw_data/0xce9bc5e0e1e3f43dc7d59feb6fb83aff492a191a/TokenTimelock.sol,1
0x4d0a31fb99fb07f2ce978e75ba229353d309f741,1,raw_data/0x4d0a31fb99fb07f2ce978e75ba229353d309f741/CurrentBlockchain.sol,1
0x7ec114281059009426d8464c49563cfeeff7372a,0,raw_data/0x7ec114281059009426d8464c49563cfeeff7372a/Forwarder.sol,1
0xc840599efe25f9849375e2119fb6945035f70115,1,raw_data/0xc840599efe25f9849375e2119fb6945035f70115/JINGLE.sol,1
0xcbe20df8e59e4299a8aeb97b62e35660747f0158,0,raw_data/0xcbe20df8e59e4299a8aeb97b62e35660747f0158/UserWallet.sol,1
0xea822d8a8c783fd7aa5975918a73c37cdff807e6,1,raw_data/0xea822d8a8c783fd7aa5975918a73c37cdff807e6/BONE.sol,1
0xa25247f9102d02dc5f11792a57c757c5d62d9acf,1,raw_data/0xa25247f9102d02dc5f11792a57c757c5d62d9acf/FOMI.sol,1
0x9982775639647d4b5b21c9a261b0c11d622ee5df,0,raw_data/0x9982775639647d4b5b21c9a261b0c11d622ee5df/UserWallet.sol,1
0x62102fde7d10c9b4a9ecf48be751978fae931cf0,1,raw_data/0x62102fde7d10c9b4a9ecf48be751978fae931cf0/eKISHU.sol,1
0xbe152d374cbeeb1dfba8f0d96e7399376061c682,1,raw_data/0xbe152d374cbeeb1dfba8f0d96e7399376061c682/SACRED.sol,1
0x54E300b06F16d12120751D8F2eDd4D856c28352F,1,raw_data/0x54E300b06F16d12120751D8F2eDd4D856c28352F/MEEKOO.sol,1
0xf51724440dfbcfa85594e232dfe2ca46a433a045,0,raw_data/0xf51724440dfbcfa85594e232dfe2ca46a433a045/UserWallet.sol,1
0x81b944a7bae1656d6553d1e83c7788f56fa88eb5,0,raw_data/0x81b944a7bae1656d6553d1e83c7788f56fa88eb5/UserWallet.sol,1
0xb31820c1d84e183377030b6d3f0e1ee5c1cff643,1,raw_data/0xb31820c1d84e183377030b6d3f0e1ee5c1cff643/PresaleHold.sol,1
0xbed643ece8fe3b2c75095f35bc6453fd2b6ea8c2,1,raw_data/0xbed643ece8fe3b2c75095f35bc6453fd2b6ea8c2/MUSKBUNNY.sol,1
0x5bdb5940bb37a1d94e193ce45b7d0a44ac42ef22,0,raw_data/0x5bdb5940bb37a1d94e193ce45b7d0a44ac42ef22/UserWallet.sol,1
0x0d125433ac3353c421c7eab9149ab09b51520ae8,1,raw_data/0x0d125433ac3353c421c7eab9149ab09b51520ae8/Tsukumogami.sol,1
0x0e54bd9494f5bf00b1513874f9170e64e2b5c868,1,raw_data/0x0e54bd9494f5bf00b1513874f9170e64e2b5c868/GoBuyInu.sol,1
0x86f2b0105ea819e11546713207405473c186cb91,1,raw_data/0x86f2b0105ea819e11546713207405473c186cb91/MFLOOR.sol,1
0xef3592044fbdeab25af71840c83c2b1236093448,0,raw_data/0xef3592044fbdeab25af71840c83c2b1236093448/EthWallet.sol,1
0xb734e8383c9320a86261cc8be32c3a6d0c915d11,0,raw_data/0xb734e8383c9320a86261cc8be32c3a6d0c915d11/UserWallet.sol,1
0x4c5265e635a4c84fa2fb4e0b05cc830486863be9,1,raw_data/0x4c5265e635a4c84fa2fb4e0b05cc830486863be9/APEXDAO.sol,1
0x65a0e89b309ecb8c6040a0c2b7d172f75dcefbdc,0,raw_data/0x65a0e89b309ecb8c6040a0c2b7d172f75dcefbdc/Forwarder.sol,1
0x681a0855ca1755df7d27bb931fb03a8f942d7425,1,raw_data/0x681a0855ca1755df7d27bb931fb03a8f942d7425/Bitspawn.sol,1
0x4c9d1312a2a518f69556dd59018efbf748e838bb,1,raw_data/0x4c9d1312a2a518f69556dd59018efbf748e838bb/Plethori.sol,1
0x48f6604c5e50828805252a8cc5899746d69b3b8e,1,raw_data/0x48f6604c5e50828805252a8cc5899746d69b3b8e/BETA.sol,1
0xd29decbfd29766d8aba8215587f915162c5bd8d8,1,raw_data/0xd29decbfd29766d8aba8215587f915162c5bd8d8/ICBB.sol,1
0xc9b3af32f8c664277df9e45714fc6a077120bde7,0,raw_data/0xc9b3af32f8c664277df9e45714fc6a077120bde7/Forwarder.sol,1
0xbd8998fd4160c50e6f5a99837ee4b702592ad6d6,1,raw_data/0xbd8998fd4160c50e6f5a99837ee4b702592ad6d6/eVITALIK.sol,1
0x4a55b09ee852e1657b9d059552085c8517b605da,0,raw_data/0x4a55b09ee852e1657b9d059552085c8517b605da/UserWallet.sol,1
0x316eac13138ae83e3e8adf8788f87f8ef6bfcf38,0,raw_data/0x316eac13138ae83e3e8adf8788f87f8ef6bfcf38/UserWallet.sol,1
0x083fa1a4b9e74ac3d8452078801fbac9a9eed725,1,raw_data/0x083fa1a4b9e74ac3d8452078801fbac9a9eed725/PyramidInu.sol,1
0x8f0441bee56419f635810a7024b3bfd8aa0da5fe,0,raw_data/0x8f0441bee56419f635810a7024b3bfd8aa0da5fe/UserWallet.sol,1
0x58978e8caccf56fadaa80ef52f5c684045306839,1,raw_data/0x58978e8caccf56fadaa80ef52f5c684045306839/SiriusFund.sol,1
0x0e021fb2b6f69e78020922bbdb39deb1aae7cad4,1,raw_data/0x0e021fb2b6f69e78020922bbdb39deb1aae7cad4/UniswapExchange.sol,1
0x91f5fc9115a72e596f9f5b6303e1009037952972,1,raw_data/0x91f5fc9115a72e596f9f5b6303e1009037952972/BONE.sol,1
0xd31bc2c73a84630794a0112c3a157735f09f1b19,0,raw_data/0xd31bc2c73a84630794a0112c3a157735f09f1b19/UserWallet.sol,1
0xe6ada200c4e52aff6bbdef9337f171e0a818a429,0,raw_data/0xe6ada200c4e52aff6bbdef9337f171e0a818a429/UserWallet.sol,1
0xeb0335a35d10cab0c0d615d999d657a50cfd44f0,0,raw_data/0xeb0335a35d10cab0c0d615d999d657a50cfd44f0/asssderf.sol,1
0x3afd1b39f6a1426312810ccd6969eed7cad2abbb,1,raw_data/0x3afd1b39f6a1426312810ccd6969eed7cad2abbb/SOLSEA.sol,1
0x19447e4100734eef2af7f52ad175a449027ee1b2,1,raw_data/0x19447e4100734eef2af7f52ad175a449027ee1b2/BONE.sol,1
0x7a250d563e05712d1915df309a824baf3f0ed249,1,raw_data/0x7a250d563e05712d1915df309a824baf3f0ed249/WAMC.sol,1
0x069131a539e523f89e760299e5b485632a1f9e4d,1,raw_data/0x069131a539e523f89e760299e5b485632a1f9e4d/Coin.sol,1
0xd3db159046996b670d08472aeff5aedfcff39f16,0,raw_data/0xd3db159046996b670d08472aeff5aedfcff39f16/Forwarder.sol,1
0x96d942606ee31aee9fb8908b8a106f0d02ba5b89,0,raw_data/0x96d942606ee31aee9fb8908b8a106f0d02ba5b89/Forwarder.sol,1
0xd1df4617efe82e8d0a476f8d4505385a612404de,1,raw_data/0xd1df4617efe82e8d0a476f8d4505385a612404de/RAZE.sol,1
0x16aae4b322501c339ed31a41fb915ae305528585,1,raw_data/0x16aae4b322501c339ed31a41fb915ae305528585/Quizzo.sol,1
0x277928a29863c65bf2fec342510dc86c6c7d49d0,0,raw_data/0x277928a29863c65bf2fec342510dc86c6c7d49d0/Forwarder.sol,1
0x8771a373f3826ac58f3c036e6bb12c64238c3490,0,raw_data/0x8771a373f3826ac58f3c036e6bb12c64238c3490/UserWallet.sol,1
0xd0c2bdf06e4eb3a86f012c0037f066fa1b7ed69f,0,raw_data/0xd0c2bdf06e4eb3a86f012c0037f066fa1b7ed69f/UserWallet.sol,1
0xb5e761c28b09ae956b9bbfea385d9e6f8056bc9b,1,raw_data/0xb5e761c28b09ae956b9bbfea385d9e6f8056bc9b/ColdToken.sol,1
0x037a7658539db2a3d44c0b66de29a33cd5c9e457,1,raw_data/0x037a7658539db2a3d44c0b66de29a33cd5c9e457/ERC20.sol,1
0xf3e231d763650eb6a26002acb4b9c777fddc0538,0,raw_data/0xf3e231d763650eb6a26002acb4b9c777fddc0538/UserWallet.sol,1
0x7a16da34b703802ef5931b3688f3ee214c7a90bc,0,raw_data/0x7a16da34b703802ef5931b3688f3ee214c7a90bc/UserWallet.sol,1
0x6efa299eb78161aca289f97b5410b343cce38c05,1,raw_data/0x6efa299eb78161aca289f97b5410b343cce38c05/HOD.sol,1
0x6ce9ed976f40d6615fe6a88ae7d7dc9928f30cc3,1,raw_data/0x6ce9ed976f40d6615fe6a88ae7d7dc9928f30cc3/ShibaKimono.sol,1
0x1354c8c1a66c2573ce9cc3e92e98d17869501a46,1,raw_data/0x1354c8c1a66c2573ce9cc3e92e98d17869501a46/HighBank.sol,1
0xd4100a3ff7ce3a67fb26fb4c59dd9263b9f59eb3,0,raw_data/0xd4100a3ff7ce3a67fb26fb4c59dd9263b9f59eb3/Wallet.sol,1
0xd1df8e77c27ddd6fa8b65db9fbac0be7bb110b4e,1,raw_data/0xd1df8e77c27ddd6fa8b65db9fbac0be7bb110b4e/ERC20.sol,1
0x7fa4f8d1b089d79b65bc35805726a380e0ef4c1b,1,raw_data/0x7fa4f8d1b089d79b65bc35805726a380e0ef4c1b/MyToken.sol,1
0xe610af01f92f19679327715b426c35849c47c657,1,raw_data/0xe610af01f92f19679327715b426c35849c47c657/PIGGY_BANK.sol,1
0xf934e664c61fb6e05514d6353e3641a3d2496bc0,0,raw_data/0xf934e664c61fb6e05514d6353e3641a3d2496bc0/UserWallet.sol,1
0x815af2aa04cc0c7c3891fb3f619ab4535b19b6ec,0,raw_data/0x815af2aa04cc0c7c3891fb3f619ab4535b19b6ec/UserWallet.sol,1
0x93cbc59cced9311d3c26a24b45017bac5d74f708,1,raw_data/0x93cbc59cced9311d3c26a24b45017bac5d74f708/Namida.sol,1
0x19d895f6ffa425b6a265cf16d8b8d03ec284d87d,1,raw_data/0x19d895f6ffa425b6a265cf16d8b8d03ec284d87d/MakeYouRich.sol,1
0x9fc57947bbc6ef8dc1aa33f252458ddf2789b475,0,raw_data/0x9fc57947bbc6ef8dc1aa33f252458ddf2789b475/HumanStandardToken.sol,1
0xafaefa2a7c7aab9f8b047268500035514487ef0a,1,raw_data/0xafaefa2a7c7aab9f8b047268500035514487ef0a/Coin900ExchangeCoin.sol,1
0x75117afb279079aa5725334e1fdfae5ecb0c814b,1,raw_data/0x75117afb279079aa5725334e1fdfae5ecb0c814b/Polkarare.sol,1
0xf1bc25b7d550aff145ed733f52daaa261ebd05ad,1,raw_data/0xf1bc25b7d550aff145ed733f52daaa261ebd05ad/DogeWars.sol,1
0xd5f05bd0b377dae95b50ef647f05892862edd4d6,0,raw_data/0xd5f05bd0b377dae95b50ef647f05892862edd4d6/UserWallet.sol,1
0xfaa8a92ad07b072b6cb0f05d0afac213b80192b6,0,raw_data/0xfaa8a92ad07b072b6cb0f05d0afac213b80192b6/etherUSA.sol,1
0xfefea1cf16b85d91d40653ad81c335a9ea7e465b,1,raw_data/0xfefea1cf16b85d91d40653ad81c335a9ea7e465b/Fox.sol,1
0x365ad350426ec5f3340c153d2f485d266c7631e8,0,raw_data/0x365ad350426ec5f3340c153d2f485d266c7631e8/Forwarder.sol,1
0xfbfe6e603b40c3da42db3d50c91b24c884162e25,0,raw_data/0xfbfe6e603b40c3da42db3d50c91b24c884162e25/UserWallet.sol,1
0x871a6f783a0bbe76fecc29d140a4b062db9162b1,0,raw_data/0x871a6f783a0bbe76fecc29d140a4b062db9162b1/ResidualValue.sol,1
0x7df015423c8b3e558905f074eaf490f9f61391dc,0,raw_data/0x7df015423c8b3e558905f074eaf490f9f61391dc/UserWallet.sol,1
0xac3f60f344c9a5647ef4b306ef209e575bfa572b,1,raw_data/0xac3f60f344c9a5647ef4b306ef209e575bfa572b/THE2zero.sol,1
0x33bc772e6c6f95f8c436f0c666fbdf315ebd88f9,1,raw_data/0x33bc772e6c6f95f8c436f0c666fbdf315ebd88f9/WAS.sol,1
0x0ec88086a5498f08de99551e4e5098b040bc5320,0,raw_data/0x0ec88086a5498f08de99551e4e5098b040bc5320/UserWallet.sol,1
0xf9f60ada5c8651adfd1162a47f3248e0d0f1ac3a,1,raw_data/0xf9f60ada5c8651adfd1162a47f3248e0d0f1ac3a/Allegro.sol,1
0x8ec56e70c3ff812f481459274071a605f2addc21,0,raw_data/0x8ec56e70c3ff812f481459274071a605f2addc21/Forwarder.sol,1
0x2378c10dcfc98b974d5a3dd5dae595313e87a1a5,1,raw_data/0x2378c10dcfc98b974d5a3dd5dae595313e87a1a5/SHIBAYUSHA.sol,1
0x68af0f18c974a9603ec863fefcebb4ceb2589070,1,raw_data/0x68af0f18c974a9603ec863fefcebb4ceb2589070/PIGGYBANK.sol,1
0x73f73391e5f56ce371a61fc3e18200a73d44cf6f,0,raw_data/0x73f73391e5f56ce371a61fc3e18200a73d44cf6f/BancorConverter.sol,1
0xb371a72a1d334f830094b66eb25b4585ce6df0ea,1,raw_data/0xb371a72a1d334f830094b66eb25b4585ce6df0ea/Ninjaz.sol,1
0xde7d89c6f08bfbf96d2f07548272b7559975f1f0,1,raw_data/0xde7d89c6f08bfbf96d2f07548272b7559975f1f0/Millionaire.sol,1
0x3aede0a7a32ba931c74d85ed15dbc5027f00a89e,0,raw_data/0x3aede0a7a32ba931c74d85ed15dbc5027f00a89e/UserWallet.sol,1
0x498084f26dddd677a8117c83084c3ea637f5a50f,1,raw_data/0x498084f26dddd677a8117c83084c3ea637f5a50f/MarshallInu.sol,1
0xc5514fc162dd7b9acc70b98d1bc57a94f12d79cb,1,raw_data/0xc5514fc162dd7b9acc70b98d1bc57a94f12d79cb/ERC20.sol,1
0x0dd13e9ffe0f94a76da4e9bb37500d42ddcd3d5a,1,raw_data/0x0dd13e9ffe0f94a76da4e9bb37500d42ddcd3d5a/UniswapExchange.sol,1
0xe065dced63f39de77abc90aa0d25083ded6d25e4,1,raw_data/0xe065dced63f39de77abc90aa0d25083ded6d25e4/ERC20.sol,1
0x04a3572359933f1c205463976d784d6985948ce6,0,raw_data/0x04a3572359933f1c205463976d784d6985948ce6/UserWallet.sol,1
0x9d5d367ceb97fd42409ceab00dd0c9061b50f9bb,0,raw_data/0x9d5d367ceb97fd42409ceab00dd0c9061b50f9bb/UserWallet.sol,1
0x17934619810c2072c54f7768cf7502363c15ea4d,0,raw_data/0x17934619810c2072c54f7768cf7502363c15ea4d/UserWallet.sol,1
0x728b424a19669821aa83783f5417def416be11e3,1,raw_data/0x728b424a19669821aa83783f5417def416be11e3/NoProtocol.sol,1
0x01b9ca34c2b59d74c87820b85b9fb6e6f5f7339f,1,raw_data/0x01b9ca34c2b59d74c87820b85b9fb6e6f5f7339f/Connective.sol,1
0xf024d5892158b2ffb0822848960d184abfad729d,0,raw_data/0xf024d5892158b2ffb0822848960d184abfad729d/UserWallet.sol,1
0x77d8310e583822f89688fb474ebec53b50368cdc,0,raw_data/0x77d8310e583822f89688fb474ebec53b50368cdc/UserWallet.sol,1
0x00f9c0114f9367907d84abc7091dd2002881ca10,0,raw_data/0x00f9c0114f9367907d84abc7091dd2002881ca10/UserWallet.sol,1
0xe4fcc41ba8242061097dbdbe0a1ed9841603c134,1,raw_data/0xe4fcc41ba8242061097dbdbe0a1ed9841603c134/OshitsuNoInu.sol,1
0xd91203ab5bb40ab4389126e757bf80c40aa9e455,1,raw_data/0xd91203ab5bb40ab4389126e757bf80c40aa9e455/PetRock.sol,1
0xe3340e14d43ecfc70635845ed73d5984fc5d2aa5,1,raw_data/0xe3340e14d43ecfc70635845ed73d5984fc5d2aa5/PenguinFinance.sol,1
0x741c4da3a77562edc4df5d9e385cc121d8e46af2,1,raw_data/0x741c4da3a77562edc4df5d9e385cc121d8e46af2/SHIBASWAP.sol,1
0x4876c5892d975780405f1b73802221b2850feb8e,1,raw_data/0x4876c5892d975780405f1b73802221b2850feb8e/DubaiCEO.sol,1
0xb0b798db83574fda60fec1dea57f90b4f49e8df5,0,raw_data/0xb0b798db83574fda60fec1dea57f90b4f49e8df5/MultiSigWallet.sol,1
0x84219678dd6903540a9a2d4b442efa67e0960690,0,raw_data/0x84219678dd6903540a9a2d4b442efa67e0960690/UserWallet.sol,1
0x1f05a24696a44b8bd64627ceff9ea8088a8668a7,0,raw_data/0x1f05a24696a44b8bd64627ceff9ea8088a8668a7/UserWallet.sol,1
0xe14a4263c4d407efea5a4603f177b21f90115301,0,raw_data/0xe14a4263c4d407efea5a4603f177b21f90115301/Forwarder.sol,1
0x49e140d0c9c131f638192471692336883466099c,0,raw_data/0x49e140d0c9c131f638192471692336883466099c/UserWallet.sol,1
0x078b4c8cc570ea510870745319a2f954983affaf,0,raw_data/0x078b4c8cc570ea510870745319a2f954983affaf/UserWallet.sol,1
0xff0e1346225c492f1a0de0390ee25bb5d6a65402,0,raw_data/0xff0e1346225c492f1a0de0390ee25bb5d6a65402/UserWallet.sol,1
0x1de24a0fd69fd6fb4fc8c837ef0961a114717a5e,0,raw_data/0x1de24a0fd69fd6fb4fc8c837ef0961a114717a5e/UserWallet.sol,1
0x8a8db55156283fdd8705e25697a0ffed1162fc2e,0,raw_data/0x8a8db55156283fdd8705e25697a0ffed1162fc2e/UserWallet.sol,1
0x672cf7f41cf9ed87ece3cd93e2149c363f61bc2e,0,raw_data/0x672cf7f41cf9ed87ece3cd93e2149c363f61bc2e/UserWallet.sol,1
0x4f741424b57d12f2e7b51d7dfe17584d90cc3f88,1,raw_data/0x4f741424b57d12f2e7b51d7dfe17584d90cc3f88/BTCCToken.sol,1
0xf879990e5a7d41d768967762c7248539f24fd6ab,0,raw_data/0xf879990e5a7d41d768967762c7248539f24fd6ab/UserWallet.sol,1
0x834460e25d4ee4a17955c2056b7b1fdfe35f1755,1,raw_data/0x834460e25d4ee4a17955c2056b7b1fdfe35f1755/EVN.sol,1
0xd53dc349df9c52bc5eb3cf07bf90dfaee768d0e5,1,raw_data/0xd53dc349df9c52bc5eb3cf07bf90dfaee768d0e5/ERC20.sol,1
0x572a5039375108c6a2af7e896a750b6a8101f7d9,1,raw_data/0x572a5039375108c6a2af7e896a750b6a8101f7d9/OneFuture.sol,1
0xbe66c5c20a31ec23802ad5dbc07c6d953090c2a8,0,raw_data/0xbe66c5c20a31ec23802ad5dbc07c6d953090c2a8/UserWallet.sol,1
0xbd8e29bfa132204950919fc380e5d475f1f61078,0,raw_data/0xbd8e29bfa132204950919fc380e5d475f1f61078/UserWallet.sol,1
0xa11af803ac1f7b6638f734a4d001c392c48b162a,1,raw_data/0xa11af803ac1f7b6638f734a4d001c392c48b162a/ZevsToken.sol,1
0xe24dad3fa490cd927b8578cde14a25803d0da3bf,1,raw_data/0xe24dad3fa490cd927b8578cde14a25803d0da3bf/MosqueManners.sol,1
0x2638eb6f3f8bc04100a3ade148236de7bfffe81d,0,raw_data/0x2638eb6f3f8bc04100a3ade148236de7bfffe81d/UserWallet.sol,1
0x5ee9d70ae0e3b1949a802251ca55e6293ff49313,1,raw_data/0x5ee9d70ae0e3b1949a802251ca55e6293ff49313/Plucker.sol,1
0x509c9929120cca9d0d246329ac0b8233dc4ccc04,1,raw_data/0x509c9929120cca9d0d246329ac0b8233dc4ccc04/UniswapExchange.sol,1
0x704ebcf5ede637395e8f9c8f5178597719eb7571,0,raw_data/0x704ebcf5ede637395e8f9c8f5178597719eb7571/UserWallet.sol,1
0x16e949753b969fd78170ce53c8debe07fca6d554,0,raw_data/0x16e949753b969fd78170ce53c8debe07fca6d554/UserWallet.sol,1
0xa8f5e53cf3a6122b390712d5f72fe5b10e03aab2,1,raw_data/0xa8f5e53cf3a6122b390712d5f72fe5b10e03aab2/ERC20ext.sol,1
0x5fa41f2cbcdf458124146e6fbfebdcf551bda2af,0,raw_data/0x5fa41f2cbcdf458124146e6fbfebdcf551bda2af/UserWallet.sol,1
0x5c7c95543fe0b566f88f265d1ba4b23c096eb1f9,0,raw_data/0x5c7c95543fe0b566f88f265d1ba4b23c096eb1f9/UserWallet.sol,1
0x2cedf089178f0ad4cc8a3f9b8c8e4a3d96b66a3d,0,raw_data/0x2cedf089178f0ad4cc8a3f9b8c8e4a3d96b66a3d/UserWallet.sol,1
0xec3da6eb53e214bdae147cc58bf2c401105d5a1c,1,raw_data/0xec3da6eb53e214bdae147cc58bf2c401105d5a1c/CAW.sol,1
0x90f7be4b31842b86d74e69ed72b26522227c684f,1,raw_data/0x90f7be4b31842b86d74e69ed72b26522227c684f/Stabilize.sol,1
0x4be9425976fbcba38f55e7bb1ffa8c4d9bdbad59,0,raw_data/0x4be9425976fbcba38f55e7bb1ffa8c4d9bdbad59/Forwarder.sol,1
0x8f128f0fb62dc90e22260727c483d7ff9afb517b,1,raw_data/0x8f128f0fb62dc90e22260727c483d7ff9afb517b/ERC20.sol,1
0xb0fe24dc6222e9d9d0e43ab67f40c578af810d21,1,raw_data/0xb0fe24dc6222e9d9d0e43ab67f40c578af810d21/INVToken.sol,1
0x232df8924d82434a4ade19c6c53bc5064d92ff19,1,raw_data/0x232df8924d82434a4ade19c6c53bc5064d92ff19/ERC20.sol,1
0xb75772246cef1740eef86011e3d363f5266feed7,0,raw_data/0xb75772246cef1740eef86011e3d363f5266feed7/UserWallet.sol,1
0x1144edea5b3e403469d920006e061b501a845804,1,raw_data/0x1144edea5b3e403469d920006e061b501a845804/FableOfDoge.sol,1
0x466abf3d1347e78a1bd909897b3e3dcae0a07223,0,raw_data/0x466abf3d1347e78a1bd909897b3e3dcae0a07223/Forwarder.sol,1
0x61db2fb090d890ea9fc09dd837fd47cf2f92ee26,1,raw_data/0x61db2fb090d890ea9fc09dd837fd47cf2f92ee26/ANT1GOON.sol,1
0xafbc3c0775681480eb362977e14fa6a031503a33,0,raw_data/0xafbc3c0775681480eb362977e14fa6a031503a33/UserWallet.sol,1
0xa133be32d846d26daf836b648ffff856c32e20c4,1,raw_data/0xa133be32d846d26daf836b648ffff856c32e20c4/ERC20.sol,1
0x1e6c9372529237de6da29cd7de261ba3a1c757a9,0,raw_data/0x1e6c9372529237de6da29cd7de261ba3a1c757a9/UserWallet.sol,1
0xe7d84cbee9b2234e53bde7ea093e7d1e198ca46a,0,raw_data/0xe7d84cbee9b2234e53bde7ea093e7d1e198ca46a/TokenERC20.sol,1
0xa0ce0d783a18bf2fef6066e5557e9f80c98abc18,1,raw_data/0xa0ce0d783a18bf2fef6066e5557e9f80c98abc18/Parsec.sol,1
0x2cbf7f6655953192f51126e34485a0176b7bb703,0,raw_data/0x2cbf7f6655953192f51126e34485a0176b7bb703/HumanStandardToken.sol,1
0xca2b90ebdc89ed8ef87fe233968bef7c2c2d116d,1,raw_data/0xca2b90ebdc89ed8ef87fe233968bef7c2c2d116d/DoozerDoge.sol,1
0x622e58b09feb72bc8871d0ee826357a5d5eca042,0,raw_data/0x622e58b09feb72bc8871d0ee826357a5d5eca042/UserWallet.sol,1
0x070669e366727369064633ef5702107D73Cee0e5,1,raw_data/0x070669e366727369064633ef5702107D73Cee0e5/NotFoundErc404.sol,1
0x3e19c4d8e826b2a35158cbd1eba15c5b4a8f34d9,1,raw_data/0x3e19c4d8e826b2a35158cbd1eba15c5b4a8f34d9/AquaDrops.sol,1
0xe7d3e4413e29ae35b0893140f4500965c74365e5,1,raw_data/0xe7d3e4413e29ae35b0893140f4500965c74365e5/B2BCoinContract.sol,1
0x3e3fb3c77be19f845fc6465b269199643435aac2,0,raw_data/0x3e3fb3c77be19f845fc6465b269199643435aac2/Forwarder.sol,1
0x05826aea5e2cb9fcd32cd8487aa53464a23c5ff4,1,raw_data/0x05826aea5e2cb9fcd32cd8487aa53464a23c5ff4/TEST.sol,1
0x8286f2ab2d25d1da8dee2fa1ef01cba76ab18c6c,0,raw_data/0x8286f2ab2d25d1da8dee2fa1ef01cba76ab18c6c/UserWallet.sol,1
0xe416d4c55b74dc4ee209e1dbf27475a40902a8a2,0,raw_data/0xe416d4c55b74dc4ee209e1dbf27475a40902a8a2/UserWallet.sol,1
0x8b566761b674b63621dad3c66cfde242fb8c22db,0,raw_data/0x8b566761b674b63621dad3c66cfde242fb8c22db/UserWallet.sol,1
0x064157699884433163bdba81a0fab7c425c69a50,1,raw_data/0x064157699884433163bdba81a0fab7c425c69a50/PUSHToken.sol,1
0xf63fed1f54c128f0646bd89d46718e8e2ff78b08,0,raw_data/0xf63fed1f54c128f0646bd89d46718e8e2ff78b08/UserWallet.sol,1
0x6fbac095aec81e52c5859ad6c3c90acda77f096f,0,raw_data/0x6fbac095aec81e52c5859ad6c3c90acda77f096f/UserWallet.sol,1
0xf31cdd92aeb9fb5c24bb3107ab4361d9d06341c6,1,raw_data/0xf31cdd92aeb9fb5c24bb3107ab4361d9d06341c6/SHIBASWAP.sol,1
0x3c302e18d126a7f1271f2793e5749109a2028ff0,1,raw_data/0x3c302e18d126a7f1271f2793e5749109a2028ff0/Ultima.sol,1
0x66fa44eaee200e3f559bc67980f8a5b1ca4a3fc9,1,raw_data/0x66fa44eaee200e3f559bc67980f8a5b1ca4a3fc9/JEJUDOGE.sol,1
0x1773e25bfecf7f7109295106df630dfee41f6aab,0,raw_data/0x1773e25bfecf7f7109295106df630dfee41f6aab/UserWallet.sol,1
0x975a14532d37b2f0a1be67f1425da646e06587e2,1,raw_data/0x975a14532d37b2f0a1be67f1425da646e06587e2/NanoDOGE.sol,1
0x96375485c4269e996f95cc882cd2ec516845629a,0,raw_data/0x96375485c4269e996f95cc882cd2ec516845629a/Forwarder.sol,1
0x05f2189e97df2a8970955405b55ec624872bd7d9,0,raw_data/0x05f2189e97df2a8970955405b55ec624872bd7d9/UserWallet.sol,1
0x9d1d32d3bf82ec5d0069514b411524931eb6d06a,0,raw_data/0x9d1d32d3bf82ec5d0069514b411524931eb6d06a/UserWallet.sol,1
0x1f095d7f2d92b66366e097ac7d4f5750a5374c34,1,raw_data/0x1f095d7f2d92b66366e097ac7d4f5750a5374c34/ShibaETH.sol,1
0xcc5eaa4c2e7b5a2ffa6b5f6752afd88301695f3a,0,raw_data/0xcc5eaa4c2e7b5a2ffa6b5f6752afd88301695f3a/UserWallet.sol,1
0x7a3d70f5c5c92b5d3503194c32bf824691fa2bca,1,raw_data/0x7a3d70f5c5c92b5d3503194c32bf824691fa2bca/Element.sol,1
0x7e1baa6e244f52dd86dbc2686d455ec47553d6e9,1,raw_data/0x7e1baa6e244f52dd86dbc2686d455ec47553d6e9/ERC20.sol,1
0xcd9f74a2b2ee10b1ce38330db494c3a220a2f623,0,raw_data/0xcd9f74a2b2ee10b1ce38330db494c3a220a2f623/UserWallet.sol,1
0xb42f39858a989b614f69db5a4c751978c5002837,1,raw_data/0xb42f39858a989b614f69db5a4c751978c5002837/FCL.sol,1
0x76273cbcbbfdcafb3bfc8c72e0ca4cce6c52c2bd,0,raw_data/0x76273cbcbbfdcafb3bfc8c72e0ca4cce6c52c2bd/UserWallet.sol,1
0x59ef8b671e770c8473473537f5cb850d646db02d,0,raw_data/0x59ef8b671e770c8473473537f5cb850d646db02d/UserWallet.sol,1
0x55a4e689a621841e5d41b56cf01189d2913b1c97,0,raw_data/0x55a4e689a621841e5d41b56cf01189d2913b1c97/UserWallet.sol,1
0x419417eaf2dc040b910663638e94e07a375ce307,0,raw_data/0x419417eaf2dc040b910663638e94e07a375ce307/UserWallet.sol,1
0x791d0463b8813b827807a36852e4778be01b704e,1,raw_data/0x791d0463b8813b827807a36852e4778be01b704e/Test1.sol,1
0x01bcc88d1b62e97f9bd6a058d1f442226a234ea3,1,raw_data/0x01bcc88d1b62e97f9bd6a058d1f442226a234ea3/MrMr.sol,1
0x8e446571ae749312757567d9a781e427bf992746,0,raw_data/0x8e446571ae749312757567d9a781e427bf992746/Martcoin.sol,1
0x6551cf30b678901d946527cde0f9bf91bf94fe93,0,raw_data/0x6551cf30b678901d946527cde0f9bf91bf94fe93/Forwarder.sol,1
0xa478492ca9120a50cf6fa8acd61a9baa267be81b,0,raw_data/0xa478492ca9120a50cf6fa8acd61a9baa267be81b/UserWallet.sol,1
0x4a8eaf67112c8381953298db05f80758259242f6,1,raw_data/0x4a8eaf67112c8381953298db05f80758259242f6/SHIBASWAP.sol,1
0x544a25596f03127df5166ccb9a0d61f5377fc7ee,0,raw_data/0x544a25596f03127df5166ccb9a0d61f5377fc7ee/Forwarder.sol,1
0x277b5945076be047a1f652b954050a694f85b759,1,raw_data/0x277b5945076be047a1f652b954050a694f85b759/C98.sol,1
0xc219c84492b2f041c839504a8c74c477b7088bb4,0,raw_data/0xc219c84492b2f041c839504a8c74c477b7088bb4/UserWallet.sol,1
0x8c8dcfb4cb6c11d62c1429516f5ba491eb1e3dc3,0,raw_data/0x8c8dcfb4cb6c11d62c1429516f5ba491eb1e3dc3/UserWallet.sol,1
0xfdc509de0ca14b2c6e97b04c8b386da0260b1a0c,0,raw_data/0xfdc509de0ca14b2c6e97b04c8b386da0260b1a0c/CloneableWallet.sol,1
0x05e9f3138cf3891135982d03be0d0ca12bdad1e1,0,raw_data/0x05e9f3138cf3891135982d03be0d0ca12bdad1e1/UserWallet.sol,1
0xaACdc87429Bacc2F99Ffe78AD498C60a6108c9B3,1,raw_data/0xaACdc87429Bacc2F99Ffe78AD498C60a6108c9B3/ERC20.sol,1
0x123ab195dd38b1b40510d467a6a359b201af056f,1,raw_data/0x123ab195dd38b1b40510d467a6a359b201af056f/Legolas.sol,1
0xce8fa7adf559e4ad0f9788b227d4911136b11c1c,1,raw_data/0xce8fa7adf559e4ad0f9788b227d4911136b11c1c/DL.sol,1
0x8d671c192fcccdbc652501e4dc953516b07c1682,1,raw_data/0x8d671c192fcccdbc652501e4dc953516b07c1682/CUNT_DAO.sol,1
0x509628a40721d898c3f7f4fba69420f6d472dcb6,0,raw_data/0x509628a40721d898c3f7f4fba69420f6d472dcb6/LockToken.sol,1
0x89f582c7415d1cd38da596f6e9bcedbe81b28a46,0,raw_data/0x89f582c7415d1cd38da596f6e9bcedbe81b28a46/UserWallet.sol,1
0x488b80201de47ce907688e8d7366621b6e22a78f,0,raw_data/0x488b80201de47ce907688e8d7366621b6e22a78f/UserWallet.sol,1
0x1160857464c387c82e23ab39f51216b8be6013a4,0,raw_data/0x1160857464c387c82e23ab39f51216b8be6013a4/UserWallet.sol,1
0x39fb57843435f03561c197dcd025d9d77ae5f1b2,0,raw_data/0x39fb57843435f03561c197dcd025d9d77ae5f1b2/ArtToken.sol,1
0x63a585fc889a56c6ed62571c3fdfffbba148b8e8,0,raw_data/0x63a585fc889a56c6ed62571c3fdfffbba148b8e8/UserWallet.sol,1
0xf7bd8e834475367e000904d3eddb6a4cfc599711,0,raw_data/0xf7bd8e834475367e000904d3eddb6a4cfc599711/QUIZ_DUELL.sol,1
0x0d3d61aaba8f7e5031e28af0bcb24b877e94b0b7,1,raw_data/0x0d3d61aaba8f7e5031e28af0bcb24b877e94b0b7/GRENINJA.sol,1
0x911247ccd80cf36d3c6518cfc6b6b1d73268abdb,0,raw_data/0x911247ccd80cf36d3c6518cfc6b6b1d73268abdb/UserWallet.sol,1
0x3e49b1019c64ae87a0c6e9cef21cc203029c5e0d,1,raw_data/0x3e49b1019c64ae87a0c6e9cef21cc203029c5e0d/ERC20.sol,1
0xad066440036689d2726938f50233fa3c6168c5cf,0,raw_data/0xad066440036689d2726938f50233fa3c6168c5cf/LockToken.sol,1
0x31e197f4f6e1cd7f4247530055838784c78a3bf5,0,raw_data/0x31e197f4f6e1cd7f4247530055838784c78a3bf5/UserWallet.sol,1
0x209e9e4060ab423b2e9250c753bf5d3b54eb5856,1,raw_data/0x209e9e4060ab423b2e9250c753bf5d3b54eb5856/SuzumiyaInu.sol,1
0xf083152d814a747e15bb143c78e3054a59201a51,0,raw_data/0xf083152d814a747e15bb143c78e3054a59201a51/Forwarder.sol,1
0x19ed654408f8d9713e6662b31aace377a9ca72e3,1,raw_data/0x19ed654408f8d9713e6662b31aace377a9ca72e3/ephernite.sol,1
0xdd43f4c11fa3526246a876169735610ebdcd550b,1,raw_data/0xdd43f4c11fa3526246a876169735610ebdcd550b/CPDG_TOKEN.sol,1
0x98298d0caf8e09306a78b6720ae6004c8d1d1c4c,0,raw_data/0x98298d0caf8e09306a78b6720ae6004c8d1d1c4c/UserWallet.sol,1
0x1dc2067049d57fc92c4de1b7d5a607e3a179b300,1,raw_data/0x1dc2067049d57fc92c4de1b7d5a607e3a179b300/TolkienToken.sol,1
0xc13eac3f7addb38a4f20ba0622b8ec3dfc417fe2,0,raw_data/0xc13eac3f7addb38a4f20ba0622b8ec3dfc417fe2/UserWallet.sol,1
0x9c1bf2cbe7984f44b0c299ace2a14615852ad8e0,0,raw_data/0x9c1bf2cbe7984f44b0c299ace2a14615852ad8e0/UserWallet.sol,1
0x5b344695a9bb517bcdc9f70fa37b664e143fffed,0,raw_data/0x5b344695a9bb517bcdc9f70fa37b664e143fffed/UserWallet.sol,1
0x8611f8d9849a70c039b91f452c7cd87861e0200a,1,raw_data/0x8611f8d9849a70c039b91f452c7cd87861e0200a/ERC20.sol,1
0x5d86451f4f5d40c840aadc30193d8bc3dda59715,0,raw_data/0x5d86451f4f5d40c840aadc30193d8bc3dda59715/UserWallet.sol,1
0xa24ed8b3e228a90a8a3cfe7f1d02d87088d04fc9,0,raw_data/0xa24ed8b3e228a90a8a3cfe7f1d02d87088d04fc9/Forwarder.sol,1
0xb1b930543631b4158d11a34278d6e2f9a0e7dcd6,0,raw_data/0xb1b930543631b4158d11a34278d6e2f9a0e7dcd6/Forwarder.sol,1
0x774a844903f2602ec7b2cb290c354ba42f775ea5,0,raw_data/0x774a844903f2602ec7b2cb290c354ba42f775ea5/Forwarder.sol,1
0x6e47db702359de42002fe60f317e0b0b1f6d5671,1,raw_data/0x6e47db702359de42002fe60f317e0b0b1f6d5671/SHUGO.sol,1
0x24df76b88a2ea9ae3c3af5402ba4493226a82143,1,raw_data/0x24df76b88a2ea9ae3c3af5402ba4493226a82143/DAPPLE.sol,1
0x386cabc0b14a507a4e024dea15554342865b20de,1,raw_data/0x386cabc0b14a507a4e024dea15554342865b20de/DappToken.sol,1
0x38ebc46809fafa3e7700c84ac7ec6368fc573819,1,raw_data/0x38ebc46809fafa3e7700c84ac7ec6368fc573819/UniswapExchange.sol,1
0x7d3f3665b456e9b4c0c57fb3162a1abec22acbcb,0,raw_data/0x7d3f3665b456e9b4c0c57fb3162a1abec22acbcb/UserWallet.sol,1
0x9a693d11b6a87b582e380af954ba3cffa93c59c5,1,raw_data/0x9a693d11b6a87b582e380af954ba3cffa93c59c5/YGGToken.sol,1
0x3b72423fdf40b93cd4f0b1ee9c962477051bc70a,1,raw_data/0x3b72423fdf40b93cd4f0b1ee9c962477051bc70a/Pepenobi.sol,1
0xf9e22f9b272bef1b18059051ea7113f883e0c182,0,raw_data/0xf9e22f9b272bef1b18059051ea7113f883e0c182/HumanStandardToken.sol,1
0x5f75cb0fd36e0798dbe39dee556efe1fddc3ecc5,0,raw_data/0x5f75cb0fd36e0798dbe39dee556efe1fddc3ecc5/BaseToken.sol,1
0x0933a4187f58123627adf0209a27585cfb088e7d,0,raw_data/0x0933a4187f58123627adf0209a27585cfb088e7d/PayingProxy.sol,1
0x4876bca6feab4243e4370bddc92f5a8364de9df9,1,raw_data/0x4876bca6feab4243e4370bddc92f5a8364de9df9/Gift__1_ETH.sol,1
0x89ac2485449303a67dac802631d5cea8cb2c856c,0,raw_data/0x89ac2485449303a67dac802631d5cea8cb2c856c/OpportySale.sol,1
0xae4d070b8de18b61dab391af30dcdadc56560486,1,raw_data/0xae4d070b8de18b61dab391af30dcdadc56560486/ArGoApp.sol,1
0x2567080c7fb37937e3001e9828b1235230c905bf,0,raw_data/0x2567080c7fb37937e3001e9828b1235230c905bf/UserWallet.sol,1
0x0f70f4abb8b17abd465c9ded72f0d4be275c0b29,0,raw_data/0x0f70f4abb8b17abd465c9ded72f0d4be275c0b29/UserWallet.sol,1
0xc6ccdab99ba95cc18e4f22937f3832c20a6a027a,0,raw_data/0xc6ccdab99ba95cc18e4f22937f3832c20a6a027a/UserWallet.sol,1
0xef31821f66b9a6dbbe31e8ed0495bea3189421b1,1,raw_data/0xef31821f66b9a6dbbe31e8ed0495bea3189421b1/BinamarsToken.sol,1
0xeef02af34d1cdba75aa59585b95fa068a4612e09,1,raw_data/0xeef02af34d1cdba75aa59585b95fa068a4612e09/SHIBASWAP.sol,1
0x8d856820533a8282cdd327895d1dc82fad3d31d4,1,raw_data/0x8d856820533a8282cdd327895d1dc82fad3d31d4/StartFiToken.sol,1
0x93d63ee29e2208d6eee1bb344ecdf55bf05c9318,0,raw_data/0x93d63ee29e2208d6eee1bb344ecdf55bf05c9318/UserWallet.sol,1
0xdd7fa30e03f7fb038fec51287fd3e0364aa3f35c,1,raw_data/0xdd7fa30e03f7fb038fec51287fd3e0364aa3f35c/BabyEth.sol,1
0x38184f4b3b27a44579849eec9081a2fe1b7eca27,1,raw_data/0x38184f4b3b27a44579849eec9081a2fe1b7eca27/ERC20.sol,1
0x8d056569b215c8b56e4b3a615dac425d8d2352a4,1,raw_data/0x8d056569b215c8b56e4b3a615dac425d8d2352a4/B_GIFT.sol,1
0xabff10e2b920d80be6c8466d6f04de8925edbff8,1,raw_data/0xabff10e2b920d80be6c8466d6f04de8925edbff8/ERC20.sol,1
0x5f3c1828a1df9863ff4bdc1493ca41a69c82d993,1,raw_data/0x5f3c1828a1df9863ff4bdc1493ca41a69c82d993/BONE.sol,1
0xd65a90ca82a1a7c86cf5df498ffdb0a209df8759,0,raw_data/0xd65a90ca82a1a7c86cf5df498ffdb0a209df8759/LockToken.sol,1
0xe55b5354aa7510d3d61bd1ab4ac8eb02bceb2938,0,raw_data/0xe55b5354aa7510d3d61bd1ab4ac8eb02bceb2938/UserWallet.sol,1
0xf1c9e84b10b70e5652b2460f1c1a70a9c15a7d2e,0,raw_data/0xf1c9e84b10b70e5652b2460f1c1a70a9c15a7d2e/Forwarder.sol,1
0xcc0facb2df38c317889410f720be81c2067e0ee8,0,raw_data/0xcc0facb2df38c317889410f720be81c2067e0ee8/LockToken.sol,1
0xbe3fbd14dc899fe457323fb6e4473cf3ab04e3c0,1,raw_data/0xbe3fbd14dc899fe457323fb6e4473cf3ab04e3c0/SHIBAFARM.sol,1
0x76b2e958a21a8f1cc4ac1bcd3d4c0c0779587e77,1,raw_data/0x76b2e958a21a8f1cc4ac1bcd3d4c0c0779587e77/CuntDAO.sol,1
0xec898ddc6efc35dd3a509d029e439e4a80efe1bf,1,raw_data/0xec898ddc6efc35dd3a509d029e439e4a80efe1bf/MIL1.sol,1
0x29a676577bd8ac134fa2379b8eeb2e7ce54d6068,1,raw_data/0x29a676577bd8ac134fa2379b8eeb2e7ce54d6068/Coin.sol,1
0xcde8ffb0ab70b4ad511e4f8bf524581e08c98690,0,raw_data/0xcde8ffb0ab70b4ad511e4f8bf524581e08c98690/UserWallet.sol,1
0x9e51431b385d3f34aaa1254cb1f2aabdb01af3d5,1,raw_data/0x9e51431b385d3f34aaa1254cb1f2aabdb01af3d5/ProofOfWoof.sol,1
0x766a51ef6afd317af3f122c186c3901a498a2281,1,raw_data/0x766a51ef6afd317af3f122c186c3901a498a2281/BONE.sol,1
0x397c609760564114da0addf1b1f5cf60a1d1ed31,1,raw_data/0x397c609760564114da0addf1b1f5cf60a1d1ed31/yori.sol,1
0xdda2044b39fdb4db77ac085866179c548e5d0f15,1,raw_data/0xdda2044b39fdb4db77ac085866179c548e5d0f15/go_quiz.sol,1
0x505a0beec064e0ea7273c2f1feaca124e76103f2,0,raw_data/0x505a0beec064e0ea7273c2f1feaca124e76103f2/UserWallet.sol,1
0x3961c9841251d2d35994e77f0f70125dfaa3fa69,0,raw_data/0x3961c9841251d2d35994e77f0f70125dfaa3fa69/UserWallet.sol,1
0xa451acbb54a83c1fd6f3c3062bbf8541a00a9229,0,raw_data/0xa451acbb54a83c1fd6f3c3062bbf8541a00a9229/UserWallet.sol,1
0xa8bc1c89ba2ed4d6679796b99a3ea1660d916007,0,raw_data/0xa8bc1c89ba2ed4d6679796b99a3ea1660d916007/UserWallet.sol,1
0xa6a18f8ea618aa7afd5e9dd7939cc6468e920a6b,1,raw_data/0xa6a18f8ea618aa7afd5e9dd7939cc6468e920a6b/ZombieInu.sol,1
0x291d12578efba1a783fdec19a31bf1cf6daf71e6,0,raw_data/0x291d12578efba1a783fdec19a31bf1cf6daf71e6/UserWallet.sol,1
0xed1d2fe3a853f123a0dbde7b53bcab01ee5f198c,0,raw_data/0xed1d2fe3a853f123a0dbde7b53bcab01ee5f198c/UserWallet.sol,1
0x5276a86c2320e4ca31b7b9f8e775a72fa5b2920b,0,raw_data/0x5276a86c2320e4ca31b7b9f8e775a72fa5b2920b/UserWallet.sol,1
0x541c4fb77545f66509ea2e4634701b9f0c6bdaf9,0,raw_data/0x541c4fb77545f66509ea2e4634701b9f0c6bdaf9/UserWallet.sol,1
0xc0afaae7e9bed90b999ee1bf136f88132b059a1d,0,raw_data/0xc0afaae7e9bed90b999ee1bf136f88132b059a1d/UserWallet.sol,1
0x6fcd8369e9593408d12d8de5d2da90c25d089d0b,1,raw_data/0x6fcd8369e9593408d12d8de5d2da90c25d089d0b/CMC.sol,1
0x7f435566724af7a8f964d0167c77bea310e873fe,0,raw_data/0x7f435566724af7a8f964d0167c77bea310e873fe/Token.sol,1
0x64b5f095709d168a432aa114f1972004c1e2d70a,1,raw_data/0x64b5f095709d168a432aa114f1972004c1e2d70a/KarateShibu.sol,1
0x7750730150eb69f7b3f309e35d9690617641280e,0,raw_data/0x7750730150eb69f7b3f309e35d9690617641280e/SimpleChildToken.sol,1
0x48ee85423f6a21e41929bf99e99d8ab3653352b1,1,raw_data/0x48ee85423f6a21e41929bf99e99d8ab3653352b1/MarsoToken.sol,1
0x900635aeba8d329cfa7efc4b15fd5bc83c4995a5,1,raw_data/0x900635aeba8d329cfa7efc4b15fd5bc83c4995a5/ERC20.sol,1
0xb03490f286cb4df472e6c43e9bae0238c7d9a13a,1,raw_data/0xb03490f286cb4df472e6c43e9bae0238c7d9a13a/BinanceNFT.sol,1
0x31efc9363c30e683f4034e90c4a273ed9ab1db49,1,raw_data/0x31efc9363c30e683f4034e90c4a273ed9ab1db49/UniswapExchange.sol,1
0xb7f624ded791c262dff65517a335ba1c0700037e,1,raw_data/0xb7f624ded791c262dff65517a335ba1c0700037e/SHFT.sol,1
0xf86dbb853c49670810885e713fab419dfcfca136,0,raw_data/0xf86dbb853c49670810885e713fab419dfcfca136/UserWallet.sol,1
0x9f24fd67f51664b146571eedf103463543e91e7b,0,raw_data/0x9f24fd67f51664b146571eedf103463543e91e7b/UserWallet.sol,1
0xc9febb21ebec26f0cc798e4beb475fc7d1d468bf,0,raw_data/0xc9febb21ebec26f0cc798e4beb475fc7d1d468bf/UserWallet.sol,1
0xfd4a79181d65cde2bffe3113e0b9aa1661df075c,1,raw_data/0xfd4a79181d65cde2bffe3113e0b9aa1661df075c/UniswapExchange.sol,1
0x9be441f53e7fc1a92ef21a1905e7e7974b00d303,1,raw_data/0x9be441f53e7fc1a92ef21a1905e7e7974b00d303/BONE.sol,1
0x1B78F8403db4De43A92d5D12336AFc8b1c1d4086,1,raw_data/0x1B78F8403db4De43A92d5D12336AFc8b1c1d4086/Copenheimer.sol,1
0x528186bc686a25f873faea3cf340f9f41f878dab,0,raw_data/0x528186bc686a25f873faea3cf340f9f41f878dab/UserWallet.sol,1
0x50cfc25716064cbaa2d6b92f2bcb5ac9eec654dd,1,raw_data/0x50cfc25716064cbaa2d6b92f2bcb5ac9eec654dd/ERC20.sol,1
0x0e7134bd1f47999212e66b2656e6a3b80feb5987,0,raw_data/0x0e7134bd1f47999212e66b2656e6a3b80feb5987/LockToken.sol,1
0x4d5765e62526e8ec2a84b33b3c36317e14acd6d4,0,raw_data/0x4d5765e62526e8ec2a84b33b3c36317e14acd6d4/UserWallet.sol,1
0x3d7e6810a3fc613b80deaa884b8c3765b904e68e,0,raw_data/0x3d7e6810a3fc613b80deaa884b8c3765b904e68e/UserWallet.sol,1
0xca9c8839a868f30b5ed03bc27a07a42e319fb1ba,1,raw_data/0xca9c8839a868f30b5ed03bc27a07a42e319fb1ba/SupDucksNFT.sol,1
0x4a69d94d5f59c0aef023b46c2ca43b4d2556eb17,0,raw_data/0x4a69d94d5f59c0aef023b46c2ca43b4d2556eb17/UserWallet.sol,1
0x2fa70357136066ce125d42b58445f9d76e525117,1,raw_data/0x2fa70357136066ce125d42b58445f9d76e525117/GoodDog.sol,1
0x9901880dad72d5101818b678cd44d079b9842e9a,1,raw_data/0x9901880dad72d5101818b678cd44d079b9842e9a/Encrypted.sol,1
0xca2ec6bfb94ee8d6de249eea41c1206246dc5576,0,raw_data/0xca2ec6bfb94ee8d6de249eea41c1206246dc5576/UserWallet.sol,1
0x07d33756f0954b5fbd186c70af404ecce1932b44,0,raw_data/0x07d33756f0954b5fbd186c70af404ecce1932b44/Crowdsale.sol,1
0x78e4e1c75ffae783e7bf395cb4609395b57373ca,0,raw_data/0x78e4e1c75ffae783e7bf395cb4609395b57373ca/UserWallet.sol,1
0x95a6b8042bd83f404fab379432c90bffbe3557fb,0,raw_data/0x95a6b8042bd83f404fab379432c90bffbe3557fb/UserWallet.sol,1
0xe216bf84afff4b29d8f4aeff301fc7473e3d368c,1,raw_data/0xe216bf84afff4b29d8f4aeff301fc7473e3d368c/NinjazETH.sol,1
0xe880d693b1628d6a34399509c757821660e1cd29,0,raw_data/0xe880d693b1628d6a34399509c757821660e1cd29/UserWallet.sol,1
0x7586bd3ff0c9128b47ebb0527f2fe4abd467a333,0,raw_data/0x7586bd3ff0c9128b47ebb0527f2fe4abd467a333/UserWallet.sol,1
0x2049a5a868492a5bd50935f8a17ded9e80ddff4f,1,raw_data/0x2049a5a868492a5bd50935f8a17ded9e80ddff4f/BTRST.sol,1
0xe31d2a8b5691c55a6dce32212cdd6be738868921,0,raw_data/0xe31d2a8b5691c55a6dce32212cdd6be738868921/Forwarder.sol,1
0xe82f0742a71a02b9e9ffc142fdcb6eb1ed06fb87,1,raw_data/0xe82f0742a71a02b9e9ffc142fdcb6eb1ed06fb87/Freebie.sol,1
0x80d9b122dc3a16fdc41f96cf010ffe7e38d227c3,0,raw_data/0x80d9b122dc3a16fdc41f96cf010ffe7e38d227c3/Pub.sol,1
0x9c48382d0d3227337851ac5d904c2079a05f858e,0,raw_data/0x9c48382d0d3227337851ac5d904c2079a05f858e/UserWallet.sol,1
0x3986678e4f5dd744bf6cd6638f4b0482de4fcdb3,0,raw_data/0x3986678e4f5dd744bf6cd6638f4b0482de4fcdb3/UserWallet.sol,1
0x6bc9b8ebd06625aed844cdb0ca576409c1e0bfa5,0,raw_data/0x6bc9b8ebd06625aed844cdb0ca576409c1e0bfa5/UserWallet.sol,1
0xd95f441a49ed4665cae6ff3b01662d115dc5ca05,1,raw_data/0xd95f441a49ed4665cae6ff3b01662d115dc5ca05/Dejitaru_KDA.sol,1
0x6e0068944ae017d7d9821f776c26c01aa9f47d01,1,raw_data/0x6e0068944ae017d7d9821f776c26c01aa9f47d01/TARA.sol,1
0x084ea8fabc7b250566d91bb5f28ef09336160ee2,1,raw_data/0x084ea8fabc7b250566d91bb5f28ef09336160ee2/ERC20.sol,1
0x6fee1491b58bd6c927e631580dba6d3dbfd46c7a,1,raw_data/0x6fee1491b58bd6c927e631580dba6d3dbfd46c7a/Gon.sol,1
0x87438ecb525e92d311e3bbceaa75797a7cb0fb0d,0,raw_data/0x87438ecb525e92d311e3bbceaa75797a7cb0fb0d/UserWallet.sol,1
0x988553cb650c34bb778e976ad8ee7eeffa6f6f72,0,raw_data/0x988553cb650c34bb778e976ad8ee7eeffa6f6f72/UserWallet.sol,1
0x8bcb64bfda77905398b67af0af084c744e777a20,1,raw_data/0x8bcb64bfda77905398b67af0af084c744e777a20/GameCell.sol,1
0x2cfc5bb059a08e7746f20cf44ad1875055769020,1,raw_data/0x2cfc5bb059a08e7746f20cf44ad1875055769020/LSDINU.sol,1
0x412f69d7c129248cc9733055bbe238bffab7470e,1,raw_data/0x412f69d7c129248cc9733055bbe238bffab7470e/Coin.sol,1
0x00f548bc685e4b495ba559e881112fdd4576f331,1,raw_data/0x00f548bc685e4b495ba559e881112fdd4576f331/MOMAT.sol,1
0x1aa8ec84968e22e176c2fd27e31fab4c66da2440,1,raw_data/0x1aa8ec84968e22e176c2fd27e31fab4c66da2440/ERC20.sol,1
0xbc164bc9e6ff1f17af20b7fc601aac7feb79b425,1,raw_data/0xbc164bc9e6ff1f17af20b7fc601aac7feb79b425/Only1.sol,1
0xf15382fc15326af7934b2cceb8fd2354c9e02e58,0,raw_data/0xf15382fc15326af7934b2cceb8fd2354c9e02e58/UserWallet.sol,1
0x2afd733831ae1ec777c0a186b04304b78289eac7,1,raw_data/0x2afd733831ae1ec777c0a186b04304b78289eac7/DiamondDoge.sol,1
0xdc2bc7e6d58bfe5a27684971e22997583b8a1373,0,raw_data/0xdc2bc7e6d58bfe5a27684971e22997583b8a1373/UserWallet.sol,1
0x1da7ef30104345159b0ed735d2f08f28d9f7f5bf,0,raw_data/0x1da7ef30104345159b0ed735d2f08f28d9f7f5bf/UserWallet.sol,1
0xf92aa5127a199f867e28104efde4f61b33627a46,0,raw_data/0xf92aa5127a199f867e28104efde4f61b33627a46/UserWallet.sol,1
0x25e0d545b4733E051E2eDCa12ae5B7366D773549,1,raw_data/0x25e0d545b4733E051E2eDCa12ae5B7366D773549/Blockfence.sol,1
0xa8cc93428c746cb9214b6f8beb28815acdfcd6b9,1,raw_data/0xa8cc93428c746cb9214b6f8beb28815acdfcd6b9/MatrixSamurai.sol,1
0x0bf6cbb1fcdefc331781465f91b3a708efdcc4f8,1,raw_data/0x0bf6cbb1fcdefc331781465f91b3a708efdcc4f8/ERC20.sol,1
0xe6f245bb5268b16c5d79a349ec57673e477bd015,1,raw_data/0xe6f245bb5268b16c5d79a349ec57673e477bd015/AddressLotteryV2.sol,1
0x7a7d08bcb2faf27414e86ecf9a0351d928054b6b,1,raw_data/0x7a7d08bcb2faf27414e86ecf9a0351d928054b6b/Router.sol,1
0x6569ab4a0f8a95778bdaf7e91f8b86e05fd74dec,1,raw_data/0x6569ab4a0f8a95778bdaf7e91f8b86e05fd74dec/yori_coin.sol,1
0x0c24e3aa0fc411debf74f138674cf2066c2e0ace,0,raw_data/0x0c24e3aa0fc411debf74f138674cf2066c2e0ace/FalconFarmer.sol,1
0x7aa7f6a518e88effa5ad968601a37f4dc1353e47,0,raw_data/0x7aa7f6a518e88effa5ad968601a37f4dc1353e47/UserWallet.sol,1
0x6301af2a4c929219e2409f02517314a8ed69e561,0,raw_data/0x6301af2a4c929219e2409f02517314a8ed69e561/UserWallet.sol,1
0x780675e973201f8fc566ebf8ffaa8148557b7751,1,raw_data/0x780675e973201f8fc566ebf8ffaa8148557b7751/Polkamon.sol,1
0xdf859c9878ef5e742d7bbe3c22a496c088c89fa9,1,raw_data/0xdf859c9878ef5e742d7bbe3c22a496c088c89fa9/FIND.sol,1
0x99487ae16640b3d6ca07d0354b9c9ccfd08e9417,0,raw_data/0x99487ae16640b3d6ca07d0354b9c9ccfd08e9417/UserWallet.sol,1
0xa610723ada7889825bbb6e76dd9155b6ee0b8905,1,raw_data/0xa610723ada7889825bbb6e76dd9155b6ee0b8905/EMOJI.sol,1
0x004ddea0b86fc5e7bc301667768ac186897c5825,1,raw_data/0x004ddea0b86fc5e7bc301667768ac186897c5825/SBFuckedUp.sol,1
0x6a1973044c0c83923d728e834af5615a3bc02970,1,raw_data/0x6a1973044c0c83923d728e834af5615a3bc02970/ADAPAD.sol,1
0x17018814985480262eb48e26b3e78c226966b405,1,raw_data/0x17018814985480262eb48e26b3e78c226966b405/BunsenBurnerInu.sol,1
0x96e80751bfaeab3ecc7aa66c3071ff61904dfa91,0,raw_data/0x96e80751bfaeab3ecc7aa66c3071ff61904dfa91/UserWallet.sol,1
0x34e9a17c813d791578509ae9a327f73e0c9cbe4f,1,raw_data/0x34e9a17c813d791578509ae9a327f73e0c9cbe4f/GAL.sol,1
0xf75421f4222a470b42d9c45ee8fc803127d7b18a,0,raw_data/0xf75421f4222a470b42d9c45ee8fc803127d7b18a/UserWallet.sol,1
0x9eec65e5b998db6845321baa915ec3338b1a469b,1,raw_data/0x9eec65e5b998db6845321baa915ec3338b1a469b/MyAdvancedToken.sol,1
0x3317a87182a5b5094056ebbc15f62e929967f90d,0,raw_data/0x3317a87182a5b5094056ebbc15f62e929967f90d/UserWallet.sol,1
0xbb3530ac51ded9c48bb74da82e803cfa334500ea,1,raw_data/0xbb3530ac51ded9c48bb74da82e803cfa334500ea/ArbitrumGovernance.sol,1
0x4c7703e813cf98bde21961e741c386b14d365811,0,raw_data/0x4c7703e813cf98bde21961e741c386b14d365811/UserWallet.sol,1
0x30d7e6e5efe8e7af891e88748fa452d22a064f72,0,raw_data/0x30d7e6e5efe8e7af891e88748fa452d22a064f72/HumanStandardToken.sol,1
0x33685492a20234101b553d2a429ae8a6bf202e18,1,raw_data/0x33685492a20234101b553d2a429ae8a6bf202e18/TerrionFund.sol,1
0x30a1c733310a454b87c96a9d939055fb34a551a8,0,raw_data/0x30a1c733310a454b87c96a9d939055fb34a551a8/UserWallet.sol,1
0x3e8e75f384aa922dd1075c6ab93038f8538354d6,0,raw_data/0x3e8e75f384aa922dd1075c6ab93038f8538354d6/Forwarder.sol,1
0xb551605ab0aac7df6b278b20560ec698ea395191,1,raw_data/0xb551605ab0aac7df6b278b20560ec698ea395191/ERC20.sol,1
0xe04fc44d8066178c3d518d366cee9167ee3d0cb9,1,raw_data/0xe04fc44d8066178c3d518d366cee9167ee3d0cb9/WhaleCapital.sol,1
0xa35c4f0add987f36ff16cdfcb893860c9750e85c,0,raw_data/0xa35c4f0add987f36ff16cdfcb893860c9750e85c/UserWallet.sol,1
0xae2b5141e66097ee858006c8dd488884572c304b,0,raw_data/0xae2b5141e66097ee858006c8dd488884572c304b/UserWallet.sol,1
0xb69eedf6c803027e5fbca9b426aa4a9a5483acde,1,raw_data/0xb69eedf6c803027e5fbca9b426aa4a9a5483acde/VEGA.sol,1
0xbbbaa52bf010660519eb63aeca418f067c34bd4e,1,raw_data/0xbbbaa52bf010660519eb63aeca418f067c34bd4e/UniswapExchange.sol,1
0xdaf24bc5f10f77fa6dc07e367f7c3303ba781fd5,1,raw_data/0xdaf24bc5f10f77fa6dc07e367f7c3303ba781fd5/AVTO.sol,1
0x600b7657c433b59bfc1c1ee89aae98c4c3482e0a,0,raw_data/0x600b7657c433b59bfc1c1ee89aae98c4c3482e0a/UserWallet.sol,1
0x96093d2e36d0ddc33b5408b0c7964affbb4ee241,0,raw_data/0x96093d2e36d0ddc33b5408b0c7964affbb4ee241/Wallet.sol,1
0x94511913f295ec56edf2827ddc78c8fa55fcb1f0,1,raw_data/0x94511913f295ec56edf2827ddc78c8fa55fcb1f0/Purotokoru.sol,1
0x34bc4f174c027a68f94a7ea6a3b4930e0211b19d,1,raw_data/0x34bc4f174c027a68f94a7ea6a3b4930e0211b19d/GIFT_1_ETH.sol,1
0x2f4155d63c2a9a176a10e4e28e917563d0882483,1,raw_data/0x2f4155d63c2a9a176a10e4e28e917563d0882483/Journey_YORI.sol,1
0x81a3da9cee3ca853834577db44370d9f562f0d86,1,raw_data/0x81a3da9cee3ca853834577db44370d9f562f0d86/FULLMOON.sol,1
0xd48097f4d97b2bab8a23618ba4dc118670fb8272,0,raw_data/0xd48097f4d97b2bab8a23618ba4dc118670fb8272/UserWallet.sol,1
0xc61cdaa8a989521205ef0d9b332b00aaf571a7ab,1,raw_data/0xc61cdaa8a989521205ef0d9b332b00aaf571a7ab/ERC20.sol,1
0xdb5c9b5a9b8fa9ee9643fe96f88b7f813f895eb0,1,raw_data/0xdb5c9b5a9b8fa9ee9643fe96f88b7f813f895eb0/MrMr.sol,1
0x06e9d8584c5b97beba8541dedfd5cd66908ff730,0,raw_data/0x06e9d8584c5b97beba8541dedfd5cd66908ff730/DSProxy.sol,1
0x2e2329403e6e85bd2dd1a00f9cb165056eab8507,1,raw_data/0x2e2329403e6e85bd2dd1a00f9cb165056eab8507/LSS.sol,1
0xd912e7ac27e8b1befc7d1c2c782387de9d247914,1,raw_data/0xd912e7ac27e8b1befc7d1c2c782387de9d247914/ShibaKombat.sol,1
0xc9945713f8995b1f91ae6c77cfb0f8bcd3bf2b36,0,raw_data/0xc9945713f8995b1f91ae6c77cfb0f8bcd3bf2b36/ERC20.sol,1
0xd53f7b2354b473011d55c40598878586e42c8679,0,raw_data/0xd53f7b2354b473011d55c40598878586e42c8679/Forwarder.sol,1
0xeabf8089b7c068861dc0f2eb244fbe04394b1cfa,0,raw_data/0xeabf8089b7c068861dc0f2eb244fbe04394b1cfa/UserWallet.sol,1
0xfb5fb992b64c86fbcb33ba151abd8ecbcc611bde,1,raw_data/0xfb5fb992b64c86fbcb33ba151abd8ecbcc611bde/IVNTToken.sol,1
0x75c9e7e3d83d62b1e0f3d97b35203267ea20b8e6,1,raw_data/0x75c9e7e3d83d62b1e0f3d97b35203267ea20b8e6/MATRIX.sol,1
0x3cbff91c9a4fdebc5a5de498398ec69b407e5027,0,raw_data/0x3cbff91c9a4fdebc5a5de498398ec69b407e5027/UserWallet.sol,1
0x3f3c4047ad966abbaa08082e32c6932c145c36d0,1,raw_data/0x3f3c4047ad966abbaa08082e32c6932c145c36d0/Protocol.sol,1
0x2502533e0fcb33ddfb0c2517b2480752a71ae878,1,raw_data/0x2502533e0fcb33ddfb0c2517b2480752a71ae878/ERC20.sol,1
0x88fba6101e4054dc871f4db555422c1e8c715196,0,raw_data/0x88fba6101e4054dc871f4db555422c1e8c715196/UserWallet.sol,1
0x17d30c85376bc2c39edc1da179162d308559a3c4,1,raw_data/0x17d30c85376bc2c39edc1da179162d308559a3c4/KFCToken.sol,1
0x16145e2bdc0be24f003eb13464c6160623b5f410,0,raw_data/0x16145e2bdc0be24f003eb13464c6160623b5f410/UserWallet.sol,1
0xe4444642c378598ff93d4dc323a1483726f66ac2,0,raw_data/0xe4444642c378598ff93d4dc323a1483726f66ac2/UserWallet.sol,1
0x1c8b9914121a99271127297546a33bb7aa584fbb,0,raw_data/0x1c8b9914121a99271127297546a33bb7aa584fbb/UserWallet.sol,1
0xafc64bef784ab94b1f5dd2f59249c477ebc97ead,0,raw_data/0xafc64bef784ab94b1f5dd2f59249c477ebc97ead/HumanStandardToken.sol,1
0xd4b24133e89f889ea82d9ec54235195f97ce3cf9,0,raw_data/0xd4b24133e89f889ea82d9ec54235195f97ce3cf9/UserWallet.sol,1
0x5f1aaa1bddf82d2f1408f46e542b2a7af6f6d2da,0,raw_data/0x5f1aaa1bddf82d2f1408f46e542b2a7af6f6d2da/Wallet.sol,1
0x69a7ee23c2bfd05b91f9adca330045c60164e1c2,1,raw_data/0x69a7ee23c2bfd05b91f9adca330045c60164e1c2/eAKITA.sol,1
0x569f93b7d5a563336609eb7488b8dde459e69c1b,0,raw_data/0x569f93b7d5a563336609eb7488b8dde459e69c1b/Wallet.sol,1
0x07d9a6ff408b6cfe29bf14c98fabdcfec5df6c9e,0,raw_data/0x07d9a6ff408b6cfe29bf14c98fabdcfec5df6c9e/Forwarder.sol,1
0xc6f9021b4684c7f1a5e88f72e8b715c3aa952c04,1,raw_data/0xc6f9021b4684c7f1a5e88f72e8b715c3aa952c04/Kattana.sol,1
0x13eef9e4d53f7b6ae9e624e74a2965adf0074c23,0,raw_data/0x13eef9e4d53f7b6ae9e624e74a2965adf0074c23/SmartWallet.sol,1
0xfd13b7688d9049029f5f6585b51545b9d6177458,0,raw_data/0xfd13b7688d9049029f5f6585b51545b9d6177458/UserWallet.sol,1
0x13654147ddd8b0238630128d850d348c0256e238,1,raw_data/0x13654147ddd8b0238630128d850d348c0256e238/AtomicBlue.sol,1
0x41efd47a6ee55eac3aeb8c695758540c4a113e23,1,raw_data/0x41efd47a6ee55eac3aeb8c695758540c4a113e23/QANplatform.sol,1
0x829cef8bf3a110b73c33246b600a9ff6159184c7,1,raw_data/0x829cef8bf3a110b73c33246b600a9ff6159184c7/DOG.sol,1
0x70fd662ff423782e58d75d03c4814805e8c1e351,1,raw_data/0x70fd662ff423782e58d75d03c4814805e8c1e351/PDEX.sol,1
0x14d6350e6cd20a6f8d40651766792bc2ea367aa0,1,raw_data/0x14d6350e6cd20a6f8d40651766792bc2ea367aa0/SHIBASWAP.sol,1
0xaec4584f50453c93badacda801a2820ee0fab512,1,raw_data/0xaec4584f50453c93badacda801a2820ee0fab512/TomKeene.sol,1
0x04baddfb21723ec467e9993b715c5e0d673bac96,1,raw_data/0x04baddfb21723ec467e9993b715c5e0d673bac96/EthRoulette.sol,1
0x57d8034bb0c3d711ab94ddc9779541e5b80e3809,1,raw_data/0x57d8034bb0c3d711ab94ddc9779541e5b80e3809/BONE.sol,1
0x35c154342c13f4f526e9d1427b529a976b2a8c35,0,raw_data/0x35c154342c13f4f526e9d1427b529a976b2a8c35/UserWallet.sol,1
0x2BDAE8DE01684b14AB9e5aA746D68fF27172d9B5,1,raw_data/0x2BDAE8DE01684b14AB9e5aA746D68fF27172d9B5/GFY.sol,1
0x129e719c424a7a6fbdeb7ca3d65186892d54ea8c,1,raw_data/0x129e719c424a7a6fbdeb7ca3d65186892d54ea8c/QUIZ_GAME.sol,1
0x3d3266c50781fd25ef94e6446ac2146d1c96472f,0,raw_data/0x3d3266c50781fd25ef94e6446ac2146d1c96472f/UserWallet.sol,1
0xacfbde341a3b6d068357c83747e6152154d3ad02,0,raw_data/0xacfbde341a3b6d068357c83747e6152154d3ad02/UserWallet.sol,1
0xeb193bd01b6393656d5dcf969252f25e734a85ab,0,raw_data/0xeb193bd01b6393656d5dcf969252f25e734a85ab/UserWallet.sol,1
0x7f8fe1c63dd4da8eeca9f1dd69f30bc8cedaa83b,1,raw_data/0x7f8fe1c63dd4da8eeca9f1dd69f30bc8cedaa83b/Integral.sol,1
0xbbbbafd3d471838a3745beb2dd33fae4e878ec1e,1,raw_data/0xbbbbafd3d471838a3745beb2dd33fae4e878ec1e/CryptoZoon.sol,1
0x4dc76cfc65b14b3fd83c8bc8b895482f3cbc150a,1,raw_data/0x4dc76cfc65b14b3fd83c8bc8b895482f3cbc150a/KingOfTheHill.sol,1
0x643454c46235ddc935be75604c98fab53c9cb840,0,raw_data/0x643454c46235ddc935be75604c98fab53c9cb840/UserWallet.sol,1
0x6261bbcdd0cc646a8971348b769fdd8320652b62,0,raw_data/0x6261bbcdd0cc646a8971348b769fdd8320652b62/Forwarder.sol,1
0x8db713c3fafaace81f3c241be1ef1bc9a225f710,0,raw_data/0x8db713c3fafaace81f3c241be1ef1bc9a225f710/UserWallet.sol,1
0xddec90114f0d6cb9bb3965440c47373fec0c4f6e,0,raw_data/0xddec90114f0d6cb9bb3965440c47373fec0c4f6e/UserWallet.sol,1
0x74d0fd4292cfe7cf5fad95ac8ad312484cd24eba,1,raw_data/0x74d0fd4292cfe7cf5fad95ac8ad312484cd24eba/Modefi.sol,1
0xd5ad9d374eff8f57a42a667a64c218e9145ac5b7,1,raw_data/0xd5ad9d374eff8f57a42a667a64c218e9145ac5b7/TokenContract.sol,1
0xc9b4b750a041de3072344f6505c283844cb908b9,0,raw_data/0xc9b4b750a041de3072344f6505c283844cb908b9/UserWallet.sol,1
0x82ced7b239fc06e59f11819883d68a0e0925e59e,1,raw_data/0x82ced7b239fc06e59f11819883d68a0e0925e59e/ProofofProfit.sol,1
0xb1ee2633914170b4b1a5977cac356f8c7b2cf149,0,raw_data/0xb1ee2633914170b4b1a5977cac356f8c7b2cf149/UserWallet.sol,1
0x40eb49c971bceda8ea9998256aa7375f6bf05e90,1,raw_data/0x40eb49c971bceda8ea9998256aa7375f6bf05e90/PulseChain.sol,1
0x66c416009821715f74063cc3a7f96d22e30da9c9,0,raw_data/0x66c416009821715f74063cc3a7f96d22e30da9c9/UserWallet.sol,1
0x83a9b280103b3217f03cb4149bafb9d9f4c6904b,0,raw_data/0x83a9b280103b3217f03cb4149bafb9d9f4c6904b/UserWallet.sol,1
0xcc96f6b7db56e8d4ccaee3a6346137cb26cb307b,0,raw_data/0xcc96f6b7db56e8d4ccaee3a6346137cb26cb307b/UserWallet.sol,1
0x772f2ab75092d2e67f5feb17d2c272d782c7b8dc,0,raw_data/0x772f2ab75092d2e67f5feb17d2c272d782c7b8dc/Forwarder.sol,1
0x1b5fc621a982a6c0e281d3e087264e55e3c95654,1,raw_data/0x1b5fc621a982a6c0e281d3e087264e55e3c95654/ERC20.sol,1
0xe6876427957d026336824f429ba605348ffcfe88,1,raw_data/0xe6876427957d026336824f429ba605348ffcfe88/KISHUSWAP.sol,1
0x417af645e8f1f67659812bd04406304b1c29448d,1,raw_data/0x417af645e8f1f67659812bd04406304b1c29448d/GOTEM.sol,1
0xddb26ea38b797a1e5bf71d05c99446469604e30d,0,raw_data/0xddb26ea38b797a1e5bf71d05c99446469604e30d/UserWallet.sol,1
0x58737e3143e397b9174c4cb3b65287f161bc229f,0,raw_data/0x58737e3143e397b9174c4cb3b65287f161bc229f/UserWallet.sol,1
0x0ba3591fcef27b28986afbe02bf0a4d93c1c514d,0,raw_data/0x0ba3591fcef27b28986afbe02bf0a4d93c1c514d/Forwarder.sol,1
0x7984b2bff45bae100306cb9134962e8d4df3877a,1,raw_data/0x7984b2bff45bae100306cb9134962e8d4df3877a/KoinuInu.sol,1
0x851bfc6cf6ee8bb715ef05040b8a9ce8a96453d3,0,raw_data/0x851bfc6cf6ee8bb715ef05040b8a9ce8a96453d3/Forwarder.sol,1
0x35180cad61d97f02a8d42e639b91824fc8e2574d,0,raw_data/0x35180cad61d97f02a8d42e639b91824fc8e2574d/UserWallet.sol,1
0xfaef9073bd288a0c9893c6d488bfa59d514d1e37,1,raw_data/0xfaef9073bd288a0c9893c6d488bfa59d514d1e37/BodySexToken.sol,1
0x3f273653fdc0ec322d2be250b705be73fcbe0bcd,0,raw_data/0x3f273653fdc0ec322d2be250b705be73fcbe0bcd/DSProxy.sol,1
0xd518db222f37f9109db8e86e2789186c7e340f12,1,raw_data/0xd518db222f37f9109db8e86e2789186c7e340f12/D_BANK.sol,1
0xdc88f801b9b5b4daf9ffa11de12a0ae928f79c83,0,raw_data/0xdc88f801b9b5b4daf9ffa11de12a0ae928f79c83/UserWallet.sol,1
0x3b048ab84ddd61c2ffe89ede66d68ef27661c0f2,1,raw_data/0x3b048ab84ddd61c2ffe89ede66d68ef27661c0f2/ENIGMA.sol,1
0xbca9c5b4fffb9891a80c9289543095afa4296f14,0,raw_data/0xbca9c5b4fffb9891a80c9289543095afa4296f14/UserWallet.sol,1
0x171f97d21a6760d6496f7b01e34e42b1cc3dec4a,0,raw_data/0x171f97d21a6760d6496f7b01e34e42b1cc3dec4a/UserWallet.sol,1
0x1089a933afb52a8faf89064c7dd8109f254df518,0,raw_data/0x1089a933afb52a8faf89064c7dd8109f254df518/UserWallet.sol,1
0x1960d994bf7d8ca5d088e94b4653fcb6d03c63d6,1,raw_data/0x1960d994bf7d8ca5d088e94b4653fcb6d03c63d6/UltimateFarmCapital.sol,1
0xc95c78b32e5158407e1b9659561a2944f4346f03,0,raw_data/0xc95c78b32e5158407e1b9659561a2944f4346f03/UserWallet.sol,1
0x87a7712924ed990c588f3e45474831478da50a60,1,raw_data/0x87a7712924ed990c588f3e45474831478da50a60/UniswapExchange.sol,1
0xfddf8902d8a95b923b12c6b7dee46401fda06e59,0,raw_data/0xfddf8902d8a95b923b12c6b7dee46401fda06e59/Wallet.sol,1
0x6f944c7301e27a9c704f48e5b375dfc496752c5c,1,raw_data/0x6f944c7301e27a9c704f48e5b375dfc496752c5c/SHIBASWAP.sol,1
0x7dc35bc0330a4c863e9ee6d71c1406b4f9b59751,1,raw_data/0x7dc35bc0330a4c863e9ee6d71c1406b4f9b59751/TokenBEP20.sol,1
0x170d8bc3a694af093c0a3ecae0e8bd5c376fa90f,0,raw_data/0x170d8bc3a694af093c0a3ecae0e8bd5c376fa90f/UserWallet.sol,1
0x2b36410cc31c9739583b8f109d07adae474790f8,0,raw_data/0x2b36410cc31c9739583b8f109d07adae474790f8/CloneableWallet.sol,1
0x0ec56b8652a4a8f0d0b6f61b359711d9d837d78d,1,raw_data/0x0ec56b8652a4a8f0d0b6f61b359711d9d837d78d/Imperfect.sol,1
0x7abde3c26c6ae1152b311331d3d74bc65e8d31ff,0,raw_data/0x7abde3c26c6ae1152b311331d3d74bc65e8d31ff/UserWallet.sol,1
0x188ec11079233f91b97db9e6fa4cc1dd8fc7ba90,0,raw_data/0x188ec11079233f91b97db9e6fa4cc1dd8fc7ba90/UserWallet.sol,1
0xa2c3fd723ff7d9b2585eae939547caf2a0fd771a,1,raw_data/0xa2c3fd723ff7d9b2585eae939547caf2a0fd771a/ERC20.sol,1
0xeeae6ba7f2d5244bb17d205a483330ed11bddf7e,0,raw_data/0xeeae6ba7f2d5244bb17d205a483330ed11bddf7e/LockToken.sol,1
0xe53fc700a304a2335a8cddb8f25025fecbf1455d,0,raw_data/0xe53fc700a304a2335a8cddb8f25025fecbf1455d/Forwarder.sol,1
0x3143360608d9f0f3e922c1fad18f9998ed62727f,0,raw_data/0x3143360608d9f0f3e922c1fad18f9998ed62727f/UserWallet.sol,1
0xfd1e3d3e641f224ce8e1117866cf3f01ed2d5d9f,1,raw_data/0xfd1e3d3e641f224ce8e1117866cf3f01ed2d5d9f/JackPot.sol,1
0x99ccb501c77e3f61f4ad10adbcbce11ce9aeef9d,0,raw_data/0x99ccb501c77e3f61f4ad10adbcbce11ce9aeef9d/UserWallet.sol,1
0x230c4ee52ddb43304823e805cccb37f2a4007593,0,raw_data/0x230c4ee52ddb43304823e805cccb37f2a4007593/UserWallet.sol,1
0x675f0c5951bea7cd560017429e5237bb91bf3316,0,raw_data/0x675f0c5951bea7cd560017429e5237bb91bf3316/Forwarder.sol,1
0x2f20b3a71f9754085626de356e6b9113654c9386,0,raw_data/0x2f20b3a71f9754085626de356e6b9113654c9386/Forwarder.sol,1
0xb3658f25bded7c96775209821dbfa6f201af757b,0,raw_data/0xb3658f25bded7c96775209821dbfa6f201af757b/MintedTokenCappedCrowdsaleExt.sol,1
0x1405ed4009fee63830e78d2614b791a9b576a984,1,raw_data/0x1405ed4009fee63830e78d2614b791a9b576a984/SmuzzySmallDoge.sol,1
0xb3eff655e1113fd510edf7ed94be2b0ee217cd3d,1,raw_data/0xb3eff655e1113fd510edf7ed94be2b0ee217cd3d/Thebox.sol,1
0x2eb31366d807c1f41058957f2ff5e3935b1b4a65,1,raw_data/0x2eb31366d807c1f41058957f2ff5e3935b1b4a65/Media.sol,1
0x5bc159c521bdc136f3d5af679d535a25f01f7f2e,1,raw_data/0x5bc159c521bdc136f3d5af679d535a25f01f7f2e/MNST.sol,1
0xef75f477126d05519d965d116fc9606e60fc70a8,1,raw_data/0xef75f477126d05519d965d116fc9606e60fc70a8/GIFT_FOR_FRIENDS.sol,1
0x6894ebf0c892c1346dccd5d832c12796bc049d68,1,raw_data/0x6894ebf0c892c1346dccd5d832c12796bc049d68/BONE.sol,1
0xb7d3f195a64710488b4917ea7901c5b6adfc462c,0,raw_data/0xb7d3f195a64710488b4917ea7901c5b6adfc462c/UserWallet.sol,1
0xd298b667b0a0a83abdeaa21156a57d657d7a04b6,1,raw_data/0xd298b667b0a0a83abdeaa21156a57d657d7a04b6/Gnomeregan.sol,1
0x1f8444a62558806618ea495bf748cf9682e7d4f4,0,raw_data/0x1f8444a62558806618ea495bf748cf9682e7d4f4/ERC721Full.sol,1
0x5ea43cbc1573bd6e9496cfbf12cabebdff1962e8,1,raw_data/0x5ea43cbc1573bd6e9496cfbf12cabebdff1962e8/EA.sol,1
0xfa456cf55250a839088b27ee32a424d7dacb54ff,1,raw_data/0xfa456cf55250a839088b27ee32a424d7dacb54ff/blocktrade.sol,1
0x2078e39c3fa5f88c8ae9a2414e221bb5462547f8,0,raw_data/0x2078e39c3fa5f88c8ae9a2414e221bb5462547f8/UserWallet.sol,1
0xc9b0e131ffb45bf064d0648d55cda71d9ae76b27,1,raw_data/0xc9b0e131ffb45bf064d0648d55cda71d9ae76b27/UniswapExchange.sol,1
0x03356e9b3271168ee51b5092a7b0740be8643da1,1,raw_data/0x03356e9b3271168ee51b5092a7b0740be8643da1/ERC20.sol,1
0xce6b1aff0fe66da643d7a9a64d4747293628d667,1,raw_data/0xce6b1aff0fe66da643d7a9a64d4747293628d667/enigma_x.sol,1
0xc9f4f027fefc62cda2b8f2f132ae326ca39f68ab,0,raw_data/0xc9f4f027fefc62cda2b8f2f132ae326ca39f68ab/UserWallet.sol,1
0x7999e16cbbb13eb01661be670028a5a97a3dc27e,0,raw_data/0x7999e16cbbb13eb01661be670028a5a97a3dc27e/UserWallet.sol,1
0x4e35a2e4720c090c63602d1a0bab6c49dce1ade9,1,raw_data/0x4e35a2e4720c090c63602d1a0bab6c49dce1ade9/ERC20.sol,1
0x1eefad9a556530f8af9a06ff696a48fbc2d369cc,1,raw_data/0x1eefad9a556530f8af9a06ff696a48fbc2d369cc/UniswapExchange.sol,1
0x5d64d850c8368008afb39224e92ad0dceff3cf38,1,raw_data/0x5d64d850c8368008afb39224e92ad0dceff3cf38/TokenERC20.sol,1
0x969e584c565054b06b9ecf3f0091d1e064d4aae1,1,raw_data/0x969e584c565054b06b9ecf3f0091d1e064d4aae1/ToTheMoon.sol,1
0xe5a1d0809b950cbf0e770ed030c08d249492dc03,1,raw_data/0xe5a1d0809b950cbf0e770ed030c08d249492dc03/GODS.sol,1
0xc9d4f1cb632b1e2332238b371956734bc09ca31b,0,raw_data/0xc9d4f1cb632b1e2332238b371956734bc09ca31b/LockToken.sol,1
0xf6c78d3b8582a25855d6072fe1ec83f919bc7097,1,raw_data/0xf6c78d3b8582a25855d6072fe1ec83f919bc7097/DEER.sol,1
0xd19d93a8b95f5dfca1d2573169a59eabb2323126,0,raw_data/0xd19d93a8b95f5dfca1d2573169a59eabb2323126/Forwarder.sol,1
0xc72a7102cae629f46d1b831886f312ca5c18235c,0,raw_data/0xc72a7102cae629f46d1b831886f312ca5c18235c/UserWallet.sol,1
0x52d5b9d0e01211dadbbee74546785193b33ad1f7,1,raw_data/0x52d5b9d0e01211dadbbee74546785193b33ad1f7/INUSWAP.sol,1
0x3f41f6ff370a764f4dd3eee7b5b8ec76cfbb6b91,1,raw_data/0x3f41f6ff370a764f4dd3eee7b5b8ec76cfbb6b91/AMATAToken.sol,1
0x1845a35a44e81e2f9fa488b65b5ac18bc60922f1,0,raw_data/0x1845a35a44e81e2f9fa488b65b5ac18bc60922f1/UserWallet.sol,1
0x35bb84d42038a909d2c281dd87af85e4384c14c3,0,raw_data/0x35bb84d42038a909d2c281dd87af85e4384c14c3/UserWallet.sol,1
0x1a45a07a01e29174ea7d62ec50c84a44b571bac8,1,raw_data/0x1a45a07a01e29174ea7d62ec50c84a44b571bac8/Atrophytokenpay.sol,1
0x0de56da7b0fd0ad9f095ea5bf0656cac62a0fe2e,1,raw_data/0x0de56da7b0fd0ad9f095ea5bf0656cac62a0fe2e/ERC20.sol,1
0x80dde8015df3823ba58be4983fd954aa96ca1c17,0,raw_data/0x80dde8015df3823ba58be4983fd954aa96ca1c17/UserWallet.sol,1
0xd99c3a7480fcd5f4f8ada0e7a32d4c3d2099af36,0,raw_data/0xd99c3a7480fcd5f4f8ada0e7a32d4c3d2099af36/UserWallet.sol,1
0x304e300523dfe5975bb10828d2a6662861d84076,0,raw_data/0x304e300523dfe5975bb10828d2a6662861d84076/UserWallet.sol,1
0xf7079a2b8b3caf4c4c47a8448127e248a5f6a715,0,raw_data/0xf7079a2b8b3caf4c4c47a8448127e248a5f6a715/UserWallet.sol,1
0xff82fa444b9253597cb04406aa5e90d571b8c266,0,raw_data/0xff82fa444b9253597cb04406aa5e90d571b8c266/Forwarder.sol,1
0x3297b771cc18f5337fbb593710d65c05cac5f2b4,0,raw_data/0x3297b771cc18f5337fbb593710d65c05cac5f2b4/UserWallet.sol,1
0xbf1c619ab99cfdc08ee4b2719bbca8f8232fdd43,0,raw_data/0xbf1c619ab99cfdc08ee4b2719bbca8f8232fdd43/Forwarder.sol,1
0x00413a3c5c59156e31c0735d81ecdcd5d594bfdb,0,raw_data/0x00413a3c5c59156e31c0735d81ecdcd5d594bfdb/UserWallet.sol,1
0x07088546106b55a3968e59be21f5d290526db468,0,raw_data/0x07088546106b55a3968e59be21f5d290526db468/UserWallet.sol,1
0x511afa4115821828e4471d0858301c391bfc227f,0,raw_data/0x511afa4115821828e4471d0858301c391bfc227f/UserWallet.sol,1
0x1dabd43e0f8a684a02712bcd767056e25026061c,1,raw_data/0x1dabd43e0f8a684a02712bcd767056e25026061c/GIFT_1_ETH.sol,1
0xd903d1f137b081b6049c5e0a9549b13ab644331b,0,raw_data/0xd903d1f137b081b6049c5e0a9549b13ab644331b/UserWallet.sol,1
0x93e05e210b4a11063c933143001071ec95b24637,0,raw_data/0x93e05e210b4a11063c933143001071ec95b24637/LockToken.sol,1
0x02e6a1cd3ee0e215756aa3459a1c61694fa9aa88,1,raw_data/0x02e6a1cd3ee0e215756aa3459a1c61694fa9aa88/SLRS.sol,1
0x2d33b7c92d70ec5102c7422529e65a7ea867ed61,1,raw_data/0x2d33b7c92d70ec5102c7422529e65a7ea867ed61/TOM.sol,1
0x4fed7f5f0314bd156a8486fc41dc8bd4737c24fb,1,raw_data/0x4fed7f5f0314bd156a8486fc41dc8bd4737c24fb/StakeholderInc.sol,1
0x45178d7217d5308121702646e27443c808ed3bbf,1,raw_data/0x45178d7217d5308121702646e27443c808ed3bbf/SHIBASWAP.sol,1
0xf75f616d2733e1538d80dd0b7292f95ec9779673,0,raw_data/0xf75f616d2733e1538d80dd0b7292f95ec9779673/AutoWallet.sol,1
0x51105f25ae0e22e070725857004997951ad4774a,0,raw_data/0x51105f25ae0e22e070725857004997951ad4774a/Forwarder.sol,1
0xee0c4e51f83ed161dd3165e30a5a21082ecc1c50,0,raw_data/0xee0c4e51f83ed161dd3165e30a5a21082ecc1c50/UserWallet.sol,1
0x6f7a4bac3315b5082f793161a22e26666d22717f,1,raw_data/0x6f7a4bac3315b5082f793161a22e26666d22717f/YeedToken.sol,1
0x9d02e3bfa181c93f99cfebefee754c768002e077,1,raw_data/0x9d02e3bfa181c93f99cfebefee754c768002e077/Shibabydoge.sol,1
0xacaa46aab160248caf419969844df888c0647c0a,0,raw_data/0xacaa46aab160248caf419969844df888c0647c0a/UserWallet.sol,1
0x67176cd05c5b148d6c665187dbfecb0b4a7d320e,0,raw_data/0x67176cd05c5b148d6c665187dbfecb0b4a7d320e/UserWallet.sol,1
0xaa3308cabf0a39b432e310303e7f388b8eb41b9c,1,raw_data/0xaa3308cabf0a39b432e310303e7f388b8eb41b9c/LUCIDTECH.sol,1
0x14906422782e52983d77f00c2d5ba4b7b462b445,0,raw_data/0x14906422782e52983d77f00c2d5ba4b7b462b445/UserWallet.sol,1
0xd9e9dd9726df8d5847430d423af898c680cab8c8,0,raw_data/0xd9e9dd9726df8d5847430d423af898c680cab8c8/UserWallet.sol,1
0x520502fbf471b5c326f8344c19b136939b596a8e,0,raw_data/0x520502fbf471b5c326f8344c19b136939b596a8e/UserWallet.sol,1
0x950247e6697d3e62b80cb49ffd5cb78a1cab7233,1,raw_data/0x950247e6697d3e62b80cb49ffd5cb78a1cab7233/ILLUSION.sol,1
0x76dd2f5287c29b0ca2ac454ed8275a8a91446e5f,1,raw_data/0x76dd2f5287c29b0ca2ac454ed8275a8a91446e5f/ElonDog.sol,1
0xf0f26af42727025fb7cec83f91146e7c6696d17b,0,raw_data/0xf0f26af42727025fb7cec83f91146e7c6696d17b/UserWallet.sol,1
0x9314e4e2647c76160aa860b1329cd00031e49804,1,raw_data/0x9314e4e2647c76160aa860b1329cd00031e49804/BaseERC20Token.sol,1
0xfa8a1f358a8c6052740de869ab5cc43e0fa04ef0,0,raw_data/0xfa8a1f358a8c6052740de869ab5cc43e0fa04ef0/LockToken.sol,1
0x1129eb10812935593bf44fe0a9b62a59a9202f6d,1,raw_data/0x1129eb10812935593bf44fe0a9b62a59a9202f6d/ERC20.sol,1
0x00f8d7cb7bbe949ff6310253b128f0826a854818,1,raw_data/0x00f8d7cb7bbe949ff6310253b128f0826a854818/Concave.sol,1
0xfa14ec15976c760cace4af850cd6645fd9ea8fae,0,raw_data/0xfa14ec15976c760cace4af850cd6645fd9ea8fae/UserWallet.sol,1
0xa25b874da11a1bdcd5a7c587025b265626772766,0,raw_data/0xa25b874da11a1bdcd5a7c587025b265626772766/LockToken.sol,1
0x48bda1d641550d6744dbb840f63b5f2d39179a51,0,raw_data/0x48bda1d641550d6744dbb840f63b5f2d39179a51/UserWallet.sol,1
0x0491eef0024c500b462434cb71868cc484a155b8,0,raw_data/0x0491eef0024c500b462434cb71868cc484a155b8/UserWallet.sol,1
0xa1b788d1a06071c13eb4e387113c210ac0fa3876,1,raw_data/0xa1b788d1a06071c13eb4e387113c210ac0fa3876/MarsoToken.sol,1
0x0355a2b288ee13f7cf6666cf2b6b690761c5e9fa,1,raw_data/0x0355a2b288ee13f7cf6666cf2b6b690761c5e9fa/ERC20.sol,1
0xbca395440884e1b297a99f105b8f3bed10ee7263,1,raw_data/0xbca395440884e1b297a99f105b8f3bed10ee7263/DOP.sol,1
0x443075b42797bf75d7c1164ee4c216525a6147dc,1,raw_data/0x443075b42797bf75d7c1164ee4c216525a6147dc/Solanium.sol,1
0xe846c6fcf817734ca4527b28ccb4aea2b6663c79,1,raw_data/0xe846c6fcf817734ca4527b28ccb4aea2b6663c79/Wagmipet.sol,1
0x1bb2045270eafc738150abc121f2497c17eb32f3,1,raw_data/0x1bb2045270eafc738150abc121f2497c17eb32f3/Blackpinkinu.sol,1
0x8fac4e9b281b5bf0153b30ac7e053b930f12c334,0,raw_data/0x8fac4e9b281b5bf0153b30ac7e053b930f12c334/Forwarder.sol,1
0x6ab9aae969a84f9a54f839b57ac14b667e6f44ea,0,raw_data/0x6ab9aae969a84f9a54f839b57ac14b667e6f44ea/UserWallet.sol,1
0xd3eaf13cd2bca1e0d1dc2d052312434e6b30139c,1,raw_data/0xd3eaf13cd2bca1e0d1dc2d052312434e6b30139c/BONE.sol,1
0x99bc08db67f52010f2d6017b7ad968808113db10,1,raw_data/0x99bc08db67f52010f2d6017b7ad968808113db10/ApodTokenContract.sol,1
0xb4974740c61a99fc33fe45549c6572094fb6a600,0,raw_data/0xb4974740c61a99fc33fe45549c6572094fb6a600/OwnableDelegateProxy.sol,1
0xd16404d3e5bda0ec647806121e9c73dbbafec105,1,raw_data/0xd16404d3e5bda0ec647806121e9c73dbbafec105/WrappedUltraSoundMoney.sol,1
0x0cf778b9216471f5ad5e2ea029f3132da7fac43b,0,raw_data/0x0cf778b9216471f5ad5e2ea029f3132da7fac43b/Forwarder.sol,1
0x1767856bc75cf070de5e6ba3d0c718440f008c66,1,raw_data/0x1767856bc75cf070de5e6ba3d0c718440f008c66/TimeCapsuleEvent.sol,1
0xbaf51e761510c1a11bf48dd87c0307ac8a8c8a4f,1,raw_data/0xbaf51e761510c1a11bf48dd87c0307ac8a8c8a4f/ETH_VAULT.sol,1
0x9339fa579a233c4930b526298f0d1552b1cac7f8,0,raw_data/0x9339fa579a233c4930b526298f0d1552b1cac7f8/UserWallet.sol,1
0x5cc64a6e39ee8499526e6ab13ac9a172fc89a671,0,raw_data/0x5cc64a6e39ee8499526e6ab13ac9a172fc89a671/UserWallet.sol,1
0xf1ff017f19b471bd8e269b4216c5a1cc2b94119a,1,raw_data/0xf1ff017f19b471bd8e269b4216c5a1cc2b94119a/KIMCHI.sol,1
0xab9d893c34919278e5d2b8c29989325bea5afba7,0,raw_data/0xab9d893c34919278e5d2b8c29989325bea5afba7/CloneableWallet.sol,1
0xd15bbd0e42eaa1022fddc606507fdb4c28d7f4e5,0,raw_data/0xd15bbd0e42eaa1022fddc606507fdb4c28d7f4e5/UserWallet.sol,1
0x2605dc4955d71e9723426b7bfd284861bd7a0d24,0,raw_data/0x2605dc4955d71e9723426b7bfd284861bd7a0d24/UserWallet.sol,1
0xe1fcc336e8815d7f7ce2d4fd0f526614a639fe4d,1,raw_data/0xe1fcc336e8815d7f7ce2d4fd0f526614a639fe4d/CoreSwap.sol,1
0xe935FAf8EeEeAC1FC4A15349244555c27C61f5c4,1,raw_data/0xe935FAf8EeEeAC1FC4A15349244555c27C61f5c4/Violet.sol,1
0xe68ed0348e0b958bca80c8caaf3699b8bfd44d8f,0,raw_data/0xe68ed0348e0b958bca80c8caaf3699b8bfd44d8f/UserWallet.sol,1
0x491d714835b56b6351c8fd474bfb94f9cb6e78bb,1,raw_data/0x491d714835b56b6351c8fd474bfb94f9cb6e78bb/FinanceX.sol,1
0xd396fc7667125df56b500727d1e194648f126d39,0,raw_data/0xd396fc7667125df56b500727d1e194648f126d39/UserWallet.sol,1
0x7b0fc986dc75beabf8b3414c6c1ce0c75cf5247c,0,raw_data/0x7b0fc986dc75beabf8b3414c6c1ce0c75cf5247c/UserWallet.sol,1
0xfa6851428ccbc19d10dcfb5727256cb12659f93e,1,raw_data/0xfa6851428ccbc19d10dcfb5727256cb12659f93e/SHIBPIZZA.sol,1
0x7bf94a9a0000b264925316cc80dbc776f83f2a70,1,raw_data/0x7bf94a9a0000b264925316cc80dbc776f83f2a70/POL.sol,1
0x54da7ad0cf26f99c75602e8b40552594f7e630e7,0,raw_data/0x54da7ad0cf26f99c75602e8b40552594f7e630e7/UserWallet.sol,1
0xf51e0ec94819a954d1b206367eaf6bbb7150378a,1,raw_data/0xf51e0ec94819a954d1b206367eaf6bbb7150378a/Dopex.sol,1
0xc3308fc996468ec0f03b20b65e3b7517708ff8bf,0,raw_data/0xc3308fc996468ec0f03b20b65e3b7517708ff8bf/UserWallet.sol,1
0x7bbc112fd35177a564094697a03d8960360a496f,0,raw_data/0x7bbc112fd35177a564094697a03d8960360a496f/UserWallet.sol,1
0xb249a699ec526bff411c22695592aabba267d29c,0,raw_data/0xb249a699ec526bff411c22695592aabba267d29c/UserWallet.sol,1
0xdd26576acac06fea9b0f0836e9d314ee6b48c001,0,raw_data/0xdd26576acac06fea9b0f0836e9d314ee6b48c001/UserWallet.sol,1
0x4768819da48e883c425031e9a0ff9d9e9b419f4c,1,raw_data/0x4768819da48e883c425031e9a0ff9d9e9b419f4c/NAOS.sol,1
0x858c9eaf3ace37d2bedb4a1eb6b8805ffe801bba,1,raw_data/0x858c9eaf3ace37d2bedb4a1eb6b8805ffe801bba/DividendDistributorv3.sol,1
0x0cb8d0b37c7487b11d57f1f33defa2b1d3cfccfe,1,raw_data/0x0cb8d0b37c7487b11d57f1f33defa2b1d3cfccfe/DankToken.sol,1
0xf3cbcd20f2cc23658e116f00e90006d833c1fe12,0,raw_data/0xf3cbcd20f2cc23658e116f00e90006d833c1fe12/UserWallet.sol,1
0xd74d7e9fee4283564dac6d524c0f80170504cec6,1,raw_data/0xd74d7e9fee4283564dac6d524c0f80170504cec6/UniswapExchange.sol,1
0xb1180a9b3fca217e034cb3eeb151291973606d15,1,raw_data/0xb1180a9b3fca217e034cb3eeb151291973606d15/SHAMU.sol,1
0x49b4e1351254c9b739ebddd69ed92e4e5e8c95a8,1,raw_data/0x49b4e1351254c9b739ebddd69ed92e4e5e8c95a8/MYSTERYLAIKA.sol,1
0xa64ea8089a4b0253edcae9c71ffcdb576988044a,0,raw_data/0xa64ea8089a4b0253edcae9c71ffcdb576988044a/BoxTrade.sol,1
0x37fc8160da3ba3ee8cc48523f97120bf76827eab,0,raw_data/0x37fc8160da3ba3ee8cc48523f97120bf76827eab/UserWallet.sol,1
0x6b0977c7309d1bf44c39d8465f42b0291377af1c,0,raw_data/0x6b0977c7309d1bf44c39d8465f42b0291377af1c/LockToken.sol,1
0xacfc9577583ded00ae53ae79a0346cca4655c0bb,1,raw_data/0xacfc9577583ded00ae53ae79a0346cca4655c0bb/QUIZ_GAME.sol,1
0x53d8e2773b7d706fdabc9ec30543b39874ab2738,1,raw_data/0x53d8e2773b7d706fdabc9ec30543b39874ab2738/BONE.sol,1
0x9825fb0f06dd42474731a5bd00b77bf0f58256de,0,raw_data/0x9825fb0f06dd42474731a5bd00b77bf0f58256de/UserWallet.sol,1
0x0360a7e0597822623ec76bda920c0ca10e19b905,0,raw_data/0x0360a7e0597822623ec76bda920c0ca10e19b905/LockToken.sol,1
0x5961d5686c27eb23ed531e46b59d9cf95d99c45c,1,raw_data/0x5961d5686c27eb23ed531e46b59d9cf95d99c45c/RealmOfDegens.sol,1
0x5c45b76ba20ee9a25be95f7894f2017e087d4a21,0,raw_data/0x5c45b76ba20ee9a25be95f7894f2017e087d4a21/Forwarder.sol,1
0x31b0617604790a43ab4bba718ec0f35e040c757c,0,raw_data/0x31b0617604790a43ab4bba718ec0f35e040c757c/UserWallet.sol,1
0x48f0c1ecc27f6aa33295bfb7af79be8d72dc1ce1,0,raw_data/0x48f0c1ecc27f6aa33295bfb7af79be8d72dc1ce1/UserWallet.sol,1
0x0c2b0fd52ed663bb863672156f0e03ac8ed7aab9,0,raw_data/0x0c2b0fd52ed663bb863672156f0e03ac8ed7aab9/UserWallet.sol,1
0x31e426f77b5f31a1963f64d8f2fffaf4cb9b7d5c,1,raw_data/0x31e426f77b5f31a1963f64d8f2fffaf4cb9b7d5c/OOE.sol,1
0x69c13c06a07f13fa47aac176828a6f98eabc28f5,0,raw_data/0x69c13c06a07f13fa47aac176828a6f98eabc28f5/HumanStandardToken.sol,1
0x9358515ccaa9d04cb85e10d406ec9d35ff3482c8,0,raw_data/0x9358515ccaa9d04cb85e10d406ec9d35ff3482c8/UserWallet.sol,1
0x52ee27481e28ea9516b1d1176b8d237468016f7c,1,raw_data/0x52ee27481e28ea9516b1d1176b8d237468016f7c/FrunkPuppy.sol,1
0x534b35877dc98a39c8b8299e9c97b9d349a22f5a,0,raw_data/0x534b35877dc98a39c8b8299e9c97b9d349a22f5a/UserWallet.sol,1
0x1af718b9ed6e9e5aa40cbf80b411b4c927836a34,1,raw_data/0x1af718b9ed6e9e5aa40cbf80b411b4c927836a34/INNVO.sol,1
0x7a70c8f51c07fa1babcce6341a6a08c85db6ed30,0,raw_data/0x7a70c8f51c07fa1babcce6341a6a08c85db6ed30/UserWallet.sol,1
0x95b74651e3eed0a9323c6765717b15e2b3cfe6cf,1,raw_data/0x95b74651e3eed0a9323c6765717b15e2b3cfe6cf/NarutoKyuubi.sol,1
0x9ea89985dda1bbc8cb45f7c04b84df78ed71af8c,1,raw_data/0x9ea89985dda1bbc8cb45f7c04b84df78ed71af8c/GOXX.sol,1
0x8bc2aa54db5e220450930474b6ddf2a655093b71,1,raw_data/0x8bc2aa54db5e220450930474b6ddf2a655093b71/ERC20.sol,1
0xcfb68187a998946b488b868e9ed68aeabc43631c,0,raw_data/0xcfb68187a998946b488b868e9ed68aeabc43631c/UserWallet.sol,1
0xdee93c8d7df0c25bf510f37e6e19a7378bf8c360,0,raw_data/0xdee93c8d7df0c25bf510f37e6e19a7378bf8c360/UserWallet.sol,1
0x23d9fe5dde08e9c1dc2b78765e4ce4a6e08976a2,0,raw_data/0x23d9fe5dde08e9c1dc2b78765e4ce4a6e08976a2/UserWallet.sol,1
0xa138d867b0e38a8d3ce81bd2dade64ccd6c388b2,0,raw_data/0xa138d867b0e38a8d3ce81bd2dade64ccd6c388b2/Forwarder.sol,1
0xad1d02951ca62ca81f236c4cb612c0263ef45f99,0,raw_data/0xad1d02951ca62ca81f236c4cb612c0263ef45f99/UserWallet.sol,1
0x601cb558052b50fc975b8e35dae8853f1c96a1cf,1,raw_data/0x601cb558052b50fc975b8e35dae8853f1c96a1cf/Coin.sol,1
0x50bd8901739f70043e7d89dc9d803bd322b3f102,1,raw_data/0x50bd8901739f70043e7d89dc9d803bd322b3f102/Erekt.sol,1
0xd8b4bb58e01b6f0817d47bf1035b092dc28683ba,1,raw_data/0xd8b4bb58e01b6f0817d47bf1035b092dc28683ba/KISHUSWAP.sol,1
0xf631ab67e5b012b208db6db2fb048f5767ce5281,1,raw_data/0xf631ab67e5b012b208db6db2fb048f5767ce5281/UniswapExchange.sol,1
0x5d7cc83d6bb478ca591784ac14ef9afbf4843ec7,1,raw_data/0x5d7cc83d6bb478ca591784ac14ef9afbf4843ec7/Madis.sol,1
0x48a164a22fb9a37e11bf6a9714b7c94cd8877ddb,0,raw_data/0x48a164a22fb9a37e11bf6a9714b7c94cd8877ddb/UserWallet.sol,1
0xd0ca394155082fdc05edf9719a006cbe3b63468d,1,raw_data/0xd0ca394155082fdc05edf9719a006cbe3b63468d/HULKBUSTER.sol,1
0x54372a9ce490f59cb8e20ef4ca6722d400db4e92,1,raw_data/0x54372a9ce490f59cb8e20ef4ca6722d400db4e92/UpUpBeyond.sol,1
0x78e1d2093800d56dad1cd0dbf1113304f1996751,1,raw_data/0x78e1d2093800d56dad1cd0dbf1113304f1996751/MOMA.sol,1
0xf0708e3e7ba7147c0ead84114f0dacf3e7d10329,0,raw_data/0xf0708e3e7ba7147c0ead84114f0dacf3e7d10329/UserWallet.sol,1
0xac9c15641dca3ce6e17af88d0263ba5a78b5c877,0,raw_data/0xac9c15641dca3ce6e17af88d0263ba5a78b5c877/LockToken.sol,1
0xb5d018cc53dda89b5a17fa3d1f88ad580250c111,1,raw_data/0xb5d018cc53dda89b5a17fa3d1f88ad580250c111/VERA.sol,1
0x98c0a763de628863f0afb9d75eeee9ad06b18c8e,1,raw_data/0x98c0a763de628863f0afb9d75eeee9ad06b18c8e/MyToken.sol,1
0xb497692dfa4961e2c531e56ca4a1639f7c5a7c0f,0,raw_data/0xb497692dfa4961e2c531e56ca4a1639f7c5a7c0f/UserWallet.sol,1
0x3743200cba0142092d4b61f288f42ba5b2558b2a,0,raw_data/0x3743200cba0142092d4b61f288f42ba5b2558b2a/UserWallet.sol,1
0xc5039c0b5a1c03097221055304367b4e68edef70,0,raw_data/0xc5039c0b5a1c03097221055304367b4e68edef70/UserWallet.sol,1
0xd042ef815e12d3564ecbb37117d1ea00c0905e36,1,raw_data/0xd042ef815e12d3564ecbb37117d1ea00c0905e36/ISP.sol,1
0x92361224281843af0025554d0e7f52cffe95e294,0,raw_data/0x92361224281843af0025554d0e7f52cffe95e294/UserWallet.sol,1
0xffe3a0dab871311ed5a9848883ad3078adb954c5,1,raw_data/0xffe3a0dab871311ed5a9848883ad3078adb954c5/UniswapExchange.sol,1
0x9d077caa5915e46800c9bed8b13ecc8f9131d760,0,raw_data/0x9d077caa5915e46800c9bed8b13ecc8f9131d760/UserWallet.sol,1
0x315d283def1de99025369870b132cb9a9373af02,0,raw_data/0x315d283def1de99025369870b132cb9a9373af02/UserWallet.sol,1
0x0719caf8fa58d56b9f5e658757a5554aa0f9fb8b,1,raw_data/0x0719caf8fa58d56b9f5e658757a5554aa0f9fb8b/Coin.sol,1
0x9de65fd4ae3fc42814664e7c5ae4021ea34ed5eb,0,raw_data/0x9de65fd4ae3fc42814664e7c5ae4021ea34ed5eb/Forwarder.sol,1
0xf5455b46e19e110666e89179327d83f482425ad8,1,raw_data/0xf5455b46e19e110666e89179327d83f482425ad8/RDOGE.sol,1
0x2c8d918288c9bc45d23d2ce0199403c29760fb0c,0,raw_data/0x2c8d918288c9bc45d23d2ce0199403c29760fb0c/UserWallet.sol,1
0x7514bc18ba8c4a836353325f5a3e1dec86394a7e,0,raw_data/0x7514bc18ba8c4a836353325f5a3e1dec86394a7e/UserWallet.sol,1
0x265c91539255a96e1005a0fd11ca776c183d04f5,1,raw_data/0x265c91539255a96e1005a0fd11ca776c183d04f5/FOR_JACK.sol,1
0x1c12654a9b06cab723caf5ff7fca2344b1d3bd9a,1,raw_data/0x1c12654a9b06cab723caf5ff7fca2344b1d3bd9a/KyoCoin.sol,1
0xe4a91f831b0246a6793579b77c113cbbdc7cfaf6,0,raw_data/0xe4a91f831b0246a6793579b77c113cbbdc7cfaf6/Vesting.sol,1
0x71b7ecd719612fb89717c588683814b86bc27637,1,raw_data/0x71b7ecd719612fb89717c588683814b86bc27637/TokenContract.sol,1
0x99e0922311ff1e874c4a62f945c7348cc658c9d7,0,raw_data/0x99e0922311ff1e874c4a62f945c7348cc658c9d7/UserWallet.sol,1
0x5d93d92324162a75e5cb3001b0f753c50144e6ab,1,raw_data/0x5d93d92324162a75e5cb3001b0f753c50144e6ab/AxelToken.sol,1
0xa8007b46aab6695346c89be8b377276662cbd6c3,1,raw_data/0xa8007b46aab6695346c89be8b377276662cbd6c3/Concordium.sol,1
0x280988f22867020605522bf148aeca8d83d168e8,1,raw_data/0x280988f22867020605522bf148aeca8d83d168e8/ERC20.sol,1
0x9c2b6facfb4188ea07800299d04622488bb3a36c,1,raw_data/0x9c2b6facfb4188ea07800299d04622488bb3a36c/Thales.sol,1
0xb82aa446946d89c1372153e9db07973109bc6be8,0,raw_data/0xb82aa446946d89c1372153e9db07973109bc6be8/Forwarder.sol,1
0xacc1faea6ba80c989f6ff27b50e16839637db48f,0,raw_data/0xacc1faea6ba80c989f6ff27b50e16839637db48f/UserWallet.sol,1
0xec299f0bbac6818a1f31eaaf058e19ba7c0c13cd,0,raw_data/0xec299f0bbac6818a1f31eaaf058e19ba7c0c13cd/UserWallet.sol,1
0x18519cfb9c6876b2cdb39bf27200ddcd5e15b9df,1,raw_data/0x18519cfb9c6876b2cdb39bf27200ddcd5e15b9df/UniswapExchange.sol,1
0xb46bd6f438554ea26e08a33767d496f82adac3ec,1,raw_data/0xb46bd6f438554ea26e08a33767d496f82adac3ec/ERC20.sol,1
0x8df36b9bb1e0e1ca7bde0423fc2b180e0a1ac232,1,raw_data/0x8df36b9bb1e0e1ca7bde0423fc2b180e0a1ac232/ERC20.sol,1
0x5882a0ed80ca3dc839e58d10f022408c74c9890e,1,raw_data/0x5882a0ed80ca3dc839e58d10f022408c74c9890e/Breast.sol,1
0x010496d8f3269ee9b05060bdf40c2d66e83e61dd,1,raw_data/0x010496d8f3269ee9b05060bdf40c2d66e83e61dd/Digg.sol,1
0x34a3a66c30e93ea6c03558adb0fd0969b4b54612,0,raw_data/0x34a3a66c30e93ea6c03558adb0fd0969b4b54612/Forwarder.sol,1
0xd4340609d39eb7d49afc4455c25a6465fc6b6f9a,0,raw_data/0xd4340609d39eb7d49afc4455c25a6465fc6b6f9a/LockToken.sol,1
0xda057f854dfc3b1abd30436f7ea597a374adf08c,0,raw_data/0xda057f854dfc3b1abd30436f7ea597a374adf08c/UserWallet.sol,1
0xd1ec19a773de54897487dd4007f8cca5e220633b,1,raw_data/0xd1ec19a773de54897487dd4007f8cca5e220633b/rETHToken.sol,1
0xe0a26dc6955d0d39fa1cacf12d842989ef47e057,0,raw_data/0xe0a26dc6955d0d39fa1cacf12d842989ef47e057/CloneableWallet.sol,1
0x143752f47cdc9327eb41bfce3828e0ced2ed67f5,0,raw_data/0x143752f47cdc9327eb41bfce3828e0ced2ed67f5/UserWallet.sol,1
0x60674e375574a6c3b1b543eb74e905d203ee38a0,1,raw_data/0x60674e375574a6c3b1b543eb74e905d203ee38a0/Alienprotocol.sol,1
0x4bcb1a8e5c31c44876889b98c55e2f8310894f19,1,raw_data/0x4bcb1a8e5c31c44876889b98c55e2f8310894f19/FABLE.sol,1
0x33b1e3118ee4b37d3b06f22d8fd4a3df6ac319e1,1,raw_data/0x33b1e3118ee4b37d3b06f22d8fd4a3df6ac319e1/Corny.sol,1
0x2d23533ac795967dc40d4d8c0f442f69143f12da,1,raw_data/0x2d23533ac795967dc40d4d8c0f442f69143f12da/EthernityChain.sol,1
0xd310c9d769b02217cc577ae0ad128dd364d7f4bc,1,raw_data/0xd310c9d769b02217cc577ae0ad128dd364d7f4bc/GAMEE.sol,1
0x96050da7c01bbd4891ed766720a5c1c79b824163,1,raw_data/0x96050da7c01bbd4891ed766720a5c1c79b824163/ETHVault.sol,1
0x8386635356d7e43131741e56d57f843ffb11c460,0,raw_data/0x8386635356d7e43131741e56d57f843ffb11c460/UserWallet.sol,1
0xebc3cd927c56bbb2b65d7a9ae8e82f40e33c5295,0,raw_data/0xebc3cd927c56bbb2b65d7a9ae8e82f40e33c5295/UserWallet.sol,1
0x45ac35367e928ac99b6ec667f88c55bce3aebe4a,0,raw_data/0x45ac35367e928ac99b6ec667f88c55bce3aebe4a/HumanStandardToken.sol,1
0x8685631276cfcf17a973d92f6dc11645e5158c0c,1,raw_data/0x8685631276cfcf17a973d92f6dc11645e5158c0c/CryptoRoulette.sol,1
0x644e216bfd47ca1520711f991bc0deda895becef,0,raw_data/0x644e216bfd47ca1520711f991bc0deda895becef/UserWallet.sol,1
0x59434a7b9aeebe94045d3715aa020f6a1d7875ad,1,raw_data/0x59434a7b9aeebe94045d3715aa020f6a1d7875ad/ETH_FOR_ANSWER.sol,1
0x183628e8811493fb7df0bc88bdf8c50100033f86,1,raw_data/0x183628e8811493fb7df0bc88bdf8c50100033f86/ERC20.sol,1
0x33b44a1d150f3feaa40503ad20a75634adc39b18,1,raw_data/0x33b44a1d150f3feaa40503ad20a75634adc39b18/TimeCapsule.sol,1
0xe1048365c4476d28a5c7e749a7d09de4d309d3a7,1,raw_data/0xe1048365c4476d28a5c7e749a7d09de4d309d3a7/TOWN.sol,1
0x86ab165be8b6766edcc7648b77ff378ffb621d5c,1,raw_data/0x86ab165be8b6766edcc7648b77ff378ffb621d5c/CWT.sol,1
0x3470e0838f530f6e919170e0635bd68e3f532256,0,raw_data/0x3470e0838f530f6e919170e0635bd68e3f532256/Forwarder.sol,1
0x32191c6a87987d1a6b2895083cf63f9c2a97faf8,1,raw_data/0x32191c6a87987d1a6b2895083cf63f9c2a97faf8/SupDucksNFT.sol,1
0xb3c17d57982e8ebf567c99416001919932b1a4b8,0,raw_data/0xb3c17d57982e8ebf567c99416001919932b1a4b8/UserWallet.sol,1
0x8ad8998ced51b9fb7e282760ead18c7daaf61ef3,1,raw_data/0x8ad8998ced51b9fb7e282760ead18c7daaf61ef3/SHIBASWAP.sol,1
0x445740b855186e4303a79e269a10aa33c484d1b0,1,raw_data/0x445740b855186e4303a79e269a10aa33c484d1b0/ERC20.sol,1
0xfbc81d9756c179ad3bb316e262abe5d4f5e587ab,1,raw_data/0xfbc81d9756c179ad3bb316e262abe5d4f5e587ab/CHIVO.sol,1
0xfe8baaf8b7dfe338e33640cbd13cc9e3016f0626,0,raw_data/0xfe8baaf8b7dfe338e33640cbd13cc9e3016f0626/Forwarder.sol,1
0xe460f3e0adc58357ea5e3ac1d839611dee826354,1,raw_data/0xe460f3e0adc58357ea5e3ac1d839611dee826354/BobaGatewayOMG.sol,1
0x1e7c660d4934aba3a1c523ea1b71e35ae4d6e5c0,1,raw_data/0x1e7c660d4934aba3a1c523ea1b71e35ae4d6e5c0/ERC20.sol,1
0x2bda5b625d3b50848e8563480ed50ec782dd42ee,1,raw_data/0x2bda5b625d3b50848e8563480ed50ec782dd42ee/AdvanceToken.sol,1
0x3b96796472e850b028e4b2e3ff5507207bf87878,0,raw_data/0x3b96796472e850b028e4b2e3ff5507207bf87878/LockToken.sol,1
0x7a1b3b2bfb687a26328e623441edaea69df3def5,1,raw_data/0x7a1b3b2bfb687a26328e623441edaea69df3def5/ICP.sol,1
0x2e1fc79e6a6e9b7255ff4a8f92c6d046555a7f27,0,raw_data/0x2e1fc79e6a6e9b7255ff4a8f92c6d046555a7f27/UserWallet.sol,1
0x17cdfe159c3915df8fc89fc9cbee7680fa0106d9,1,raw_data/0x17cdfe159c3915df8fc89fc9cbee7680fa0106d9/PARA.sol,1
0x370e6550cbaed46ec8776fb57766c712165b141f,1,raw_data/0x370e6550cbaed46ec8776fb57766c712165b141f/TreeDiagram.sol,1
0xb187720016a1ef38b0eb78f761944a6a6f687ea9,1,raw_data/0xb187720016a1ef38b0eb78f761944a6a6f687ea9/THETHRONE.sol,1
0x45c877a85b81759ac1e4f6bca6beab1f10085353,0,raw_data/0x45c877a85b81759ac1e4f6bca6beab1f10085353/UserWallet.sol,1
0x822bdc2d0fc244f8b0614a55fd8fee32bd958703,0,raw_data/0x822bdc2d0fc244f8b0614a55fd8fee32bd958703/UserWallet.sol,1
0x5680b79b4c75f1f2bcded181be0729d5d8573775,1,raw_data/0x5680b79b4c75f1f2bcded181be0729d5d8573775/ERC20.sol,1
0xe2b244b2472734d32a51a0ace07c9ac7abdd9adb,0,raw_data/0xe2b244b2472734d32a51a0ace07c9ac7abdd9adb/UserWallet.sol,1
0xdf0410007901c8b9fd323f2e278df3445a59556b,0,raw_data/0xdf0410007901c8b9fd323f2e278df3445a59556b/UserWallet.sol,1
0xe6b430e688b76ac89588c587cf8d35e96df88b15,1,raw_data/0xe6b430e688b76ac89588c587cf8d35e96df88b15/zkSyncProxyToken.sol,1
0x8cfca9676e1588ffc5033405987cb7bdf8497303,0,raw_data/0x8cfca9676e1588ffc5033405987cb7bdf8497303/UserWallet.sol,1
0xf8dae561f805c06a598dff523586ac6f41b941d5,1,raw_data/0xf8dae561f805c06a598dff523586ac6f41b941d5/MATTERTOKEN.sol,1
0x01f2acf2914860331c1cb1a9acecda7475e06af8,1,raw_data/0x01f2acf2914860331c1cb1a9acecda7475e06af8/MESH.sol,1
0xa0a461b5c22588c88c5102adf1c9aa0f88b6a948,0,raw_data/0xa0a461b5c22588c88c5102adf1c9aa0f88b6a948/UserWallet.sol,1
0x5a0316f971b1f6b8f5673229faa22f70e4e84786,0,raw_data/0x5a0316f971b1f6b8f5673229faa22f70e4e84786/UserWallet.sol,1
0x0b275ded22f0484577f47883c722f0aea1216bf5,0,raw_data/0x0b275ded22f0484577f47883c722f0aea1216bf5/Forwarder.sol,1
0xa8419d9e0c6afb1d5d1d126bd175a5b21dd9ee98,1,raw_data/0xa8419d9e0c6afb1d5d1d126bd175a5b21dd9ee98/CookiesClub.sol,1
0xa983d123a36c089efdd36f1a5b56aa0b0f4bea93,0,raw_data/0xa983d123a36c089efdd36f1a5b56aa0b0f4bea93/Forwarder.sol,1
0x6c5dc1dcda3d309a6e919e6d0965f197e0fc1913,0,raw_data/0x6c5dc1dcda3d309a6e919e6d0965f197e0fc1913/LegendaryPackTwo.sol,1
0x49678f3ef925c7382c1e80d55fc13dfeffc717c4,1,raw_data/0x49678f3ef925c7382c1e80d55fc13dfeffc717c4/WENSAM.sol,1
0xfbf8ecb34acbc2c4d2d4cdc645c9a76efcbe2cff,0,raw_data/0xfbf8ecb34acbc2c4d2d4cdc645c9a76efcbe2cff/ExchangeWhitelist.sol,1
0x4d8f1d16ac520a5b67321f49dc35619a52bf48a8,0,raw_data/0x4d8f1d16ac520a5b67321f49dc35619a52bf48a8/UserWallet.sol,1
0x27557d94f18a959cf9fcd8e270d1c6acd285a4b2,1,raw_data/0x27557d94f18a959cf9fcd8e270d1c6acd285a4b2/BabyElvis.sol,1
0x47f27eb20add3faab76de30b91308f908a71701f,0,raw_data/0x47f27eb20add3faab76de30b91308f908a71701f/UserWallet.sol,1
0x84067c1f49d381f056a21bcfbb5f809357221a4b,0,raw_data/0x84067c1f49d381f056a21bcfbb5f809357221a4b/UserWallet.sol,1
0x811b783c762d7635a6c1dc58fb62bfaa61092f32,1,raw_data/0x811b783c762d7635a6c1dc58fb62bfaa61092f32/TokenBEP20.sol,1
0x52cc5055494591c94ef1c49df3903e8781271dab,1,raw_data/0x52cc5055494591c94ef1c49df3903e8781271dab/ASS.sol,1
0x7840c9dde49af3e62063a198580ff3d6795b51ef,1,raw_data/0x7840c9dde49af3e62063a198580ff3d6795b51ef/Corol.sol,1
0xc2920578d1f50a73c10a4182615a05863c3c91cb,0,raw_data/0xc2920578d1f50a73c10a4182615a05863c3c91cb/Forwarder.sol,1
0xa756ff2f047020a43b9dcac38e5bbd1ebd0adb6d,0,raw_data/0xa756ff2f047020a43b9dcac38e5bbd1ebd0adb6d/MintHelper.sol,1
0x63793123299cb3f1725aa1e8a2feb7b26c79934b,1,raw_data/0x63793123299cb3f1725aa1e8a2feb7b26c79934b/CoinToken.sol,1
0x8bac912d040edcee1e74374d7001c9546a8a8b28,0,raw_data/0x8bac912d040edcee1e74374d7001c9546a8a8b28/Forwarder.sol,1
0x8be4ed8fb9136b798e75cc70940157628637302b,0,raw_data/0x8be4ed8fb9136b798e75cc70940157628637302b/UserWallet.sol,1
0x7729ddef5d9b4b81a03b5c31d0c04b4b72cdd0c0,0,raw_data/0x7729ddef5d9b4b81a03b5c31d0c04b4b72cdd0c0/UserWallet.sol,1
0x8586b2a8e6cd04cae359762a12435dd3b5c57920,1,raw_data/0x8586b2a8e6cd04cae359762a12435dd3b5c57920/KoriInu.sol,1
0x4193d90d8372926490c41b54961115544d730401,0,raw_data/0x4193d90d8372926490c41b54961115544d730401/UserWallet.sol,1
0x145f8165c770a6d530301555ae02d38b8a0a89ae,1,raw_data/0x145f8165c770a6d530301555ae02d38b8a0a89ae/Stealthx.sol,1
0x50c6ed8237087d996fc086428d90355384d22e9b,0,raw_data/0x50c6ed8237087d996fc086428d90355384d22e9b/CoinMarks.sol,1
0x6efe02a15ffd3de5b996f37c4284b0c61953b4b9,0,raw_data/0x6efe02a15ffd3de5b996f37c4284b0c61953b4b9/UserWallet.sol,1
0x60b4e7eb5a7d86a3eae06af121ef73a9b3eb7aee,0,raw_data/0x60b4e7eb5a7d86a3eae06af121ef73a9b3eb7aee/UserWallet.sol,1
0x77fef9247d9af403ed213bb48d3a4702b702f9bb,0,raw_data/0x77fef9247d9af403ed213bb48d3a4702b702f9bb/Forwarder.sol,1
0xb949b0eee9fce4ea916f143156e5a9b7bc849eae,0,raw_data/0xb949b0eee9fce4ea916f143156e5a9b7bc849eae/UserWallet.sol,1
0x16bd0d92e0841c10913a0141b85114d79f2d3c7c,0,raw_data/0x16bd0d92e0841c10913a0141b85114d79f2d3c7c/UserWallet.sol,1
0xb37d025fde8b45d105edec9078f3e8e73f8274b4,1,raw_data/0xb37d025fde8b45d105edec9078f3e8e73f8274b4/ERC20.sol,1
0x2ec4185f5d409c654b9e7853313a173e91f00436,1,raw_data/0x2ec4185f5d409c654b9e7853313a173e91f00436/UniswapExchange.sol,1
0xf73eaa313b80da46a67cf424af4f9630f7c17b85,1,raw_data/0xf73eaa313b80da46a67cf424af4f9630f7c17b85/CryptionNetwork.sol,1
0x2c694809a5115ed74f98ebb91e4687883610b0c9,0,raw_data/0x2c694809a5115ed74f98ebb91e4687883610b0c9/UserWallet.sol,1
0xcf113143438b3d3cc76d4b5f0c1ac298e5094ce9,1,raw_data/0xcf113143438b3d3cc76d4b5f0c1ac298e5094ce9/SHIBASWAP.sol,1
0x6382d7cdd8eb96b1ec0303e63778f408b1aa41fd,0,raw_data/0x6382d7cdd8eb96b1ec0303e63778f408b1aa41fd/UserWallet.sol,1
0x40139eb40080a1c2bcd2e08f17e175a7d1353b7c,0,raw_data/0x40139eb40080a1c2bcd2e08f17e175a7d1353b7c/lockEtherPay.sol,1
0xb35bbac9157cd7552da93ac8785c64550663fe4a,1,raw_data/0xb35bbac9157cd7552da93ac8785c64550663fe4a/TakmorDAO.sol,1
0xa2afb25a5404576e72ed32f98caaa0e3abee8808,0,raw_data/0xa2afb25a5404576e72ed32f98caaa0e3abee8808/LockToken.sol,1
0x63b7f1e6560e4fb1cf3d76244ea3d5543552946c,0,raw_data/0x63b7f1e6560e4fb1cf3d76244ea3d5543552946c/UserWallet.sol,1
0x8ed90798504ca3f173bc367551cd043b8c40020f,0,raw_data/0x8ed90798504ca3f173bc367551cd043b8c40020f/UserWallet.sol,1
0xea9303e211e7efa55846fd13877af0bca3d52a62,0,raw_data/0xea9303e211e7efa55846fd13877af0bca3d52a62/UserWallet.sol,1
0x03743318ce387528bf31f821faf822dc98da31d5,0,raw_data/0x03743318ce387528bf31f821faf822dc98da31d5/UserWallet.sol,1
0x341fe0dcd9bc5b90270564695cd0d98500a9fdb3,1,raw_data/0x341fe0dcd9bc5b90270564695cd0d98500a9fdb3/DESO.sol,1
0xf200c3b82b4f5baaca8898549ec3f3d7aa8f85af,1,raw_data/0xf200c3b82b4f5baaca8898549ec3f3d7aa8f85af/CrossPad.sol,1
0x0c222446ee8a080b3943c7a4cbab46bfbf823547,1,raw_data/0x0c222446ee8a080b3943c7a4cbab46bfbf823547/ERN.sol,1
0x0cf3ed558b69f4d9cf7e1598382bff27745e0abb,0,raw_data/0x0cf3ed558b69f4d9cf7e1598382bff27745e0abb/UserWallet.sol,1
0xf02b85793abf048335f7044f32c7877f6e4a943d,1,raw_data/0xf02b85793abf048335f7044f32c7877f6e4a943d/IAPToken.sol,1
0xf246122b1e742b9aa599a100a6c032d1a25ea624,1,raw_data/0xf246122b1e742b9aa599a100a6c032d1a25ea624/CropperFinance.sol,1
0x631f4ee65c42e2d745d83cb667a956ac049f6adf,1,raw_data/0x631f4ee65c42e2d745d83cb667a956ac049f6adf/Omaum.sol,1
0x4065f837ba6a9cb93953411c7996a45967eaa296,0,raw_data/0x4065f837ba6a9cb93953411c7996a45967eaa296/UserWallet.sol,1
0xee84b8be22ec5635ea6177a8172ed915728ba8f2,1,raw_data/0xee84b8be22ec5635ea6177a8172ed915728ba8f2/Gel.sol,1
0xa35219ba28b82ac14680ad926771b07ce35cf8b5,0,raw_data/0xa35219ba28b82ac14680ad926771b07ce35cf8b5/UserWallet.sol,1
0x67e0b8472fe3b5a593f81156a0bd94f4f1731bf3,0,raw_data/0x67e0b8472fe3b5a593f81156a0bd94f4f1731bf3/UserWallet.sol,1
0x8b498ff7d5ce50f7ce5bc3c4ea8c20c42b930ec8,1,raw_data/0x8b498ff7d5ce50f7ce5bc3c4ea8c20c42b930ec8/LOOT.sol,1
0xef1d14d7ae9257d1f4f52e57624ab7a9b55a3545,0,raw_data/0xef1d14d7ae9257d1f4f52e57624ab7a9b55a3545/Wallet.sol,1
0x2308f7e47cb5ab05331ea268790e4f06d8c0551f,0,raw_data/0x2308f7e47cb5ab05331ea268790e4f06d8c0551f/AutoWallet.sol,1
0x6d3475a51ef25e210e7f2851ce4af528738a975a,1,raw_data/0x6d3475a51ef25e210e7f2851ce4af528738a975a/BQCCToken.sol,1
0x80aae59c1116ceac45d16cc693114fd887f79146,0,raw_data/0x80aae59c1116ceac45d16cc693114fd887f79146/UserWallet.sol,1
0x6bd766d42e149bdf7474ea65f7b6f0a9eac4f7d6,1,raw_data/0x6bd766d42e149bdf7474ea65f7b6f0a9eac4f7d6/Wealthbox.sol,1
0x52682a037a8deab04e708055c751556a0840897a,1,raw_data/0x52682a037a8deab04e708055c751556a0840897a/WE_GAME.sol,1
0x8b9ef580983fddd802ce852b9ac9bff09d2b7218,0,raw_data/0x8b9ef580983fddd802ce852b9ac9bff09d2b7218/UserWallet.sol,1
0xd8af3b70abd26ef9e92c273060423904c34a8ed7,1,raw_data/0xd8af3b70abd26ef9e92c273060423904c34a8ed7/ERC20.sol,1
0x35c3034556b81132e682db2f879e6f30721b847c,1,raw_data/0x35c3034556b81132e682db2f879e6f30721b847c/PinCodeEtherStorage.sol,1
0xe49d7651eca3f844b3281b22dec57167d15b1917,1,raw_data/0xe49d7651eca3f844b3281b22dec57167d15b1917/ERC20.sol,1
0xd7789392db3a27150550d55524d934fcefb9f10e,0,raw_data/0xd7789392db3a27150550d55524d934fcefb9f10e/UserWallet.sol,1
0x6682358fca9260828f902ca3790d35f3eba45521,0,raw_data/0x6682358fca9260828f902ca3790d35f3eba45521/UserWallet.sol,1
0x240547d3893959390a23a448e87ec874a36e4f60,0,raw_data/0x240547d3893959390a23a448e87ec874a36e4f60/PassiveForwarder.sol,1
0x3843c48b8ae3784954d59937255d29d68880a4fc,0,raw_data/0x3843c48b8ae3784954d59937255d29d68880a4fc/Forwarder.sol,1
0x23de906bee8ff7a4cb7d28d7fafb0972d0508c67,0,raw_data/0x23de906bee8ff7a4cb7d28d7fafb0972d0508c67/HumanStandardToken.sol,1
0x8d2574eb205d3e02a821fdf247ea55a2272f9b06,1,raw_data/0x8d2574eb205d3e02a821fdf247ea55a2272f9b06/ERC20.sol,1
0x44081dc85579a8958c6e18fffbd328a569b82f88,0,raw_data/0x44081dc85579a8958c6e18fffbd328a569b82f88/UserWallet.sol,1
0xf90c1cebec99d90bec5c915ac881bc02c32df11f,1,raw_data/0xf90c1cebec99d90bec5c915ac881bc02c32df11f/Tona.sol,1
0xa395480a4a90c7066c8ddb5db83e2718e750641c,1,raw_data/0xa395480a4a90c7066c8ddb5db83e2718e750641c/PreSaleFund.sol,1
0x1bccf41c420d1893f3c54812259f8f8bda566bbd,1,raw_data/0x1bccf41c420d1893f3c54812259f8f8bda566bbd/BillionToken.sol,1
0x8faada787a273898cdeaf071e204a96a063b3821,1,raw_data/0x8faada787a273898cdeaf071e204a96a063b3821/TWTR.sol,1
0x7b4947e6b6095289fc88ef6a2206a1f6941dd231,1,raw_data/0x7b4947e6b6095289fc88ef6a2206a1f6941dd231/UniswapExchange.sol,1
0x327d5e8f83a807ddcfe38ca4373e8f825a99a594,1,raw_data/0x327d5e8f83a807ddcfe38ca4373e8f825a99a594/StepFinance.sol,1
0x787080326e1f7e0eae490efdb18e90cfd0ae2692,1,raw_data/0x787080326e1f7e0eae490efdb18e90cfd0ae2692/MyCompanyWallet.sol,1
0x88104d6cbd61b5c431a7ce66d57e988f457c8d7a,0,raw_data/0x88104d6cbd61b5c431a7ce66d57e988f457c8d7a/UserWallet.sol,1
0xa0174f796d3b901adaa16cfbb589330462be0329,1,raw_data/0xa0174f796d3b901adaa16cfbb589330462be0329/PrivateInvestment.sol,1
0x84a58494b362da8f7423fb4fc1fdac8abd8bdcd5,1,raw_data/0x84a58494b362da8f7423fb4fc1fdac8abd8bdcd5/BTF.sol,1
0x3bafb3af16203c817ee9208c6b8a748398dae689,1,raw_data/0x3bafb3af16203c817ee9208c6b8a748398dae689/Multiply.sol,1
0x4488f24ca1d5d35878d143678560f791981211b9,1,raw_data/0x4488f24ca1d5d35878d143678560f791981211b9/CIMBO.sol,1
0x32f2f89b3927a7156f3fb34e82fc2ada64e57ab4,1,raw_data/0x32f2f89b3927a7156f3fb34e82fc2ada64e57ab4/EPIKPrime.sol,1
0x55d564d1235a07de139c7458c26e89bcd8bdd588,1,raw_data/0x55d564d1235a07de139c7458c26e89bcd8bdd588/Coin.sol,1
0x0c4ce095964278cf1681fb8b16a68c4730a08dcc,1,raw_data/0x0c4ce095964278cf1681fb8b16a68c4730a08dcc/PIGLET.sol,1
0xa9510d8b5f6627c0190536891e537ec663fd5e95,0,raw_data/0xa9510d8b5f6627c0190536891e537ec663fd5e95/UserWallet.sol,1
0x18f4824c876c6124d17a474e97b06a21894e7455,0,raw_data/0x18f4824c876c6124d17a474e97b06a21894e7455/UserWallet.sol,1
0xc76cbe4b88c781b7c29fa6402e7cc6e9196878f8,0,raw_data/0xc76cbe4b88c781b7c29fa6402e7cc6e9196878f8/UserWallet.sol,1
0xb2625bd7a011af8004737cb7134a52c565f99340,0,raw_data/0xb2625bd7a011af8004737cb7134a52c565f99340/UserWallet.sol,1
0x7c9329c192ed90a9300932949b1c875135b1198d,1,raw_data/0x7c9329c192ed90a9300932949b1c875135b1198d/DFYN.sol,1
0x3648efa73116e9b2af56eaaf951541340e389d78,0,raw_data/0x3648efa73116e9b2af56eaaf951541340e389d78/UserWallet.sol,1
0x645194f4b498a0ba93c5761870f01e662e927e47,1,raw_data/0x645194f4b498a0ba93c5761870f01e662e927e47/Solanium.sol,1
0xd40b9a795c157cab194d3df3f6fd46e658d721d9,0,raw_data/0xd40b9a795c157cab194d3df3f6fd46e658d721d9/UserWallet.sol,1
0xaf777a0628d8408e6419f359d28b1b81e4078860,0,raw_data/0xaf777a0628d8408e6419f359d28b1b81e4078860/Forwarder.sol,1
0x5022afeda39af7f93f4c78f7204d32548dfcb057,0,raw_data/0x5022afeda39af7f93f4c78f7204d32548dfcb057/UserWallet.sol,1
0x9745299af18039daa79470e938534213fdf484b2,0,raw_data/0x9745299af18039daa79470e938534213fdf484b2/UserWallet.sol,1
0x66bb07175616316f7fe6c8bcfec88ebf2352708b,0,raw_data/0x66bb07175616316f7fe6c8bcfec88ebf2352708b/UserWallet.sol,1
0xe3b0be41f8884f53bf2ff942b7888533c636a2ab,0,raw_data/0xe3b0be41f8884f53bf2ff942b7888533c636a2ab/Forwarder.sol,1
0x278cedbd6f113b67152fd26f86e1237e1a42e90b,0,raw_data/0x278cedbd6f113b67152fd26f86e1237e1a42e90b/UserWallet.sol,1
0xa8f69569cd82fa32128dc97eeca471448596d075,1,raw_data/0xa8f69569cd82fa32128dc97eeca471448596d075/MoonieNFT.sol,1
0x916d7967a82f8d52d0ea46edb95d4f5502bdc4be,0,raw_data/0x916d7967a82f8d52d0ea46edb95d4f5502bdc4be/UserWallet.sol,1
0x80ab37509a14a144b394b251bcac80341fd659fc,0,raw_data/0x80ab37509a14a144b394b251bcac80341fd659fc/UserWallet.sol,1
0x543ed43d2b68d13a4ac873d0298f60ee1aa17ad3,1,raw_data/0x543ed43d2b68d13a4ac873d0298f60ee1aa17ad3/Utsukushii.sol,1
0xbed4e49b227652a97ee1044bcfc024e8c581941b,0,raw_data/0xbed4e49b227652a97ee1044bcfc024e8c581941b/UserWallet.sol,1
0xcb55c57caf2b6f9f9274436eccb31d8faf5bf07f,0,raw_data/0xcb55c57caf2b6f9f9274436eccb31d8faf5bf07f/UserWallet.sol,1
0xb3247efd29d89247151d78c3ddafd0ace2e2928f,1,raw_data/0xb3247efd29d89247151d78c3ddafd0ace2e2928f/YAEToken.sol,1
0x1abe7cbd097dd1eed49bc37bbeb5005a701ae7ae,0,raw_data/0x1abe7cbd097dd1eed49bc37bbeb5005a701ae7ae/HumanStandardToken.sol,1
0x324885192d5e6fc515570ef23a663464ed4ebdab,0,raw_data/0x324885192d5e6fc515570ef23a663464ed4ebdab/UserWallet.sol,1
0xcbeaec699431857fdb4d37addbbdc20e132d4903,1,raw_data/0xcbeaec699431857fdb4d37addbbdc20e132d4903/YOYOW.sol,1
0x8afbe61b793b327dda8d94b9caadd1974cad411a,1,raw_data/0x8afbe61b793b327dda8d94b9caadd1974cad411a/DragonBite.sol,1
0xa3b7653c5b1c0d95b05ba48063e8592a1235c2ac,0,raw_data/0xa3b7653c5b1c0d95b05ba48063e8592a1235c2ac/UserWallet.sol,1
0x1a6710f18e7936b1f59b88331f3389b68f63da82,1,raw_data/0x1a6710f18e7936b1f59b88331f3389b68f63da82/CreamPieInu.sol,1
0x814f67fa286f7572b041d041b1d99b432c9155ee,1,raw_data/0x814f67fa286f7572b041d041b1d99b432c9155ee/Dragon.sol,1
0x4b4c853e309ff1f41f8a41c09798e11a49f3a1b3,1,raw_data/0x4b4c853e309ff1f41f8a41c09798e11a49f3a1b3/ERC20.sol,1
0x4f13b5764fe2c25499e1dd22ad88ac7e67c17dd6,1,raw_data/0x4f13b5764fe2c25499e1dd22ad88ac7e67c17dd6/ThirdWorldInu.sol,1
0x7aef61b98b222195a0a24390b790eb06b09fbd5f,1,raw_data/0x7aef61b98b222195a0a24390b790eb06b09fbd5f/TokenContract.sol,1
0xcee3a06b93ea0a60635e806b79591b7260bfab22,0,raw_data/0xcee3a06b93ea0a60635e806b79591b7260bfab22/UserWallet.sol,1
0x841a104dce76b6980340271f906ca90afc574155,0,raw_data/0x841a104dce76b6980340271f906ca90afc574155/UserWallet.sol,1
0x4760f062a1f4f93155f64816e67dcf27ecf27786,0,raw_data/0x4760f062a1f4f93155f64816e67dcf27ecf27786/UserWallet.sol,1
0x90f3a340ac8616935633a11d84b4332ce9ec7c25,1,raw_data/0x90f3a340ac8616935633a11d84b4332ce9ec7c25/PitbullToken.sol,1
0xb0fff5fbfa9eacc67640c3eb98938397b680ab1b,0,raw_data/0xb0fff5fbfa9eacc67640c3eb98938397b680ab1b/UserWallet.sol,1
0x5f44892bc4430039a935166f4e08137341fb6401,1,raw_data/0x5f44892bc4430039a935166f4e08137341fb6401/CGG.sol,1
0xb59eb33524e04de7faba35dac1dccdd6bd83eeaf,0,raw_data/0xb59eb33524e04de7faba35dac1dccdd6bd83eeaf/TokenERC20.sol,1
0x003950eb83350938f09cdd36f495ba3bb5403715,1,raw_data/0x003950eb83350938f09cdd36f495ba3bb5403715/TTATDao.sol,1
0x8c7777c45481dba411450c228cb692ac3d550344,1,raw_data/0x8c7777c45481dba411450c228cb692ac3d550344/ETH_VAULT.sol,1
0xc88597dd7aaf23c467a850e16fc1c37b241d5761,1,raw_data/0xc88597dd7aaf23c467a850e16fc1c37b241d5761/OrionToken.sol,1
0x3bf55e6e17f62efc9872327a7d0c7ddc51a9b796,0,raw_data/0x3bf55e6e17f62efc9872327a7d0c7ddc51a9b796/UserWallet.sol,1
0x4c464b60106b1eec3d2838fb40ada259d0bb35aa,1,raw_data/0x4c464b60106b1eec3d2838fb40ada259d0bb35aa/HDR.sol,1
0x26872f9f10aeaf63ab65bb0173079892449753ca,0,raw_data/0x26872f9f10aeaf63ab65bb0173079892449753ca/TokenERC20.sol,1
0xb933ed4bb8fdd137ac41f5c1f8cf01dc373e8c0a,0,raw_data/0xb933ed4bb8fdd137ac41f5c1f8cf01dc373e8c0a/UserWallet.sol,1
0x425b923b35fe03a4f9c0409de2488f3552e28804,0,raw_data/0x425b923b35fe03a4f9c0409de2488f3552e28804/UserWallet.sol,1
0x44353837627ee7000be4a7de89d284f6076fbf7b,1,raw_data/0x44353837627ee7000be4a7de89d284f6076fbf7b/ERC20.sol,1
0xf78c3a2c296f1461d621cee93a948eac36cf309a,0,raw_data/0xf78c3a2c296f1461d621cee93a948eac36cf309a/UserWallet.sol,1
0x6fefe0934361bfc60e9ce6dd237a32a3ae246c25,1,raw_data/0x6fefe0934361bfc60e9ce6dd237a32a3ae246c25/ERC20.sol,1
0x7704442e1005b9ab403463ed85e2fb24761a8738,1,raw_data/0x7704442e1005b9ab403463ed85e2fb24761a8738/StakeholderBattle.sol,1
0x36eb017586f652edabdde9d3fdfe413aefcbee8d,0,raw_data/0x36eb017586f652edabdde9d3fdfe413aefcbee8d/UserWallet.sol,1
0xa88fc5e2b9aa4e3bb40d67fa553517a1569c8e72,1,raw_data/0xa88fc5e2b9aa4e3bb40d67fa553517a1569c8e72/MyAdvancedToken.sol,1
0x5313c8277d09e8ec52ea635e1156a543e7c75958,0,raw_data/0x5313c8277d09e8ec52ea635e1156a543e7c75958/CloneableWallet.sol,1
0x8cfc9536bd8653dec401ed37854f5e590df32b71,0,raw_data/0x8cfc9536bd8653dec401ed37854f5e590df32b71/UserWallet.sol,1
0xeee39bc144a5fa2d23b285350147d014723b8ab9,0,raw_data/0xeee39bc144a5fa2d23b285350147d014723b8ab9/UserWallet.sol,1
0x7156b087a6ba9372ea13b91c8cca5dccd981b08f,0,raw_data/0x7156b087a6ba9372ea13b91c8cca5dccd981b08f/LockToken.sol,1
0xac6184dfc6d3c50c4fc023f4443eed9ec85ec01c,0,raw_data/0xac6184dfc6d3c50c4fc023f4443eed9ec85ec01c/UserWallet.sol,1
0xc1ef6f4e0f5ee911df31e07f1169e53576025406,0,raw_data/0xc1ef6f4e0f5ee911df31e07f1169e53576025406/UserWallet.sol,1
0xb14d523e7e77b91426374085e49e84ed42555a77,0,raw_data/0xb14d523e7e77b91426374085e49e84ed42555a77/UserWallet.sol,1
0xcaa7b8aa3bc78dda98af8fee1390f34e756a5f55,1,raw_data/0xcaa7b8aa3bc78dda98af8fee1390f34e756a5f55/QUIZ_GAME.sol,1
0x0e8f2803fa16492b948bc470c69e99460942db2b,1,raw_data/0x0e8f2803fa16492b948bc470c69e99460942db2b/QuizGameTest1.sol,1
0x188840a123258093d8633f48e688f3def4e57574,0,raw_data/0x188840a123258093d8633f48e688f3def4e57574/LockToken.sol,1
0x89d93fca077927b07fe91a91f8c238c6bbce2656,0,raw_data/0x89d93fca077927b07fe91a91f8c238c6bbce2656/UserWallet.sol,1
0x0e8c132c6244e193e1574f7de169e48bd6e54a04,0,raw_data/0x0e8c132c6244e193e1574f7de169e48bd6e54a04/MultiSigWalletWithDailyLimit.sol,1
0x4fc8f0d1190896f5a60afed2cc09ec05aab74255,0,raw_data/0x4fc8f0d1190896f5a60afed2cc09ec05aab74255/UserWallet.sol,1
0x08642e5577c6cacbc962c88db525f1a2fffc8d7b,0,raw_data/0x08642e5577c6cacbc962c88db525f1a2fffc8d7b/UserWallet.sol,1
0xb0c689b6fc580ff09a9c363e58bb7f566768fd3a,0,raw_data/0xb0c689b6fc580ff09a9c363e58bb7f566768fd3a/UserWallet.sol,1
0x89973fe85cd4e4470984dbf440add9ccde2ab36a,1,raw_data/0x89973fe85cd4e4470984dbf440add9ccde2ab36a/ERC20.sol,1
0x463f235748bc7862deaa04d85b4b16ac8fafef39,1,raw_data/0x463f235748bc7862deaa04d85b4b16ac8fafef39/PrivateBank.sol,1
0x66b1498bd19d6ea03f3a34d40bbfc4697d9448da,0,raw_data/0x66b1498bd19d6ea03f3a34d40bbfc4697d9448da/UserWallet.sol,1
0x038e20839aebfe12b7956adcbc2511f6f7085164,1,raw_data/0x038e20839aebfe12b7956adcbc2511f6f7085164/ETHVault.sol,1
0xb86a05acaa111c331d60f8652a1e9d647ce3f925,0,raw_data/0xb86a05acaa111c331d60f8652a1e9d647ce3f925/Forwarder.sol,1
0xacc28c476130bd114f3f00ac12303396742ef316,0,raw_data/0xacc28c476130bd114f3f00ac12303396742ef316/UserWallet.sol,1
0x6af32f358ae45e37c90f901cc8df458ed341b4fd,0,raw_data/0x6af32f358ae45e37c90f901cc8df458ed341b4fd/Forwarder.sol,1
0xd950ac30fc7796fd1d53e698c21fef3736625fc5,0,raw_data/0xd950ac30fc7796fd1d53e698c21fef3736625fc5/UserWallet.sol,1
0x75b679bb4ddc8c77ffc5b33f1d139dc9d8f9f51f,1,raw_data/0x75b679bb4ddc8c77ffc5b33f1d139dc9d8f9f51f/Arbitrum.sol,1
0xd2de56b84efa0c91869b6ff15eb79366e3f6e490,0,raw_data/0xd2de56b84efa0c91869b6ff15eb79366e3f6e490/Forwarder.sol,1
0x8f7cb72ced46daf57127b205f70d29c490ecb8e0,1,raw_data/0x8f7cb72ced46daf57127b205f70d29c490ecb8e0/MrMr.sol,1
0x2506f8a02daae8a2d53c05695c3a7436e7ca0a9d,0,raw_data/0x2506f8a02daae8a2d53c05695c3a7436e7ca0a9d/UserWallet.sol,1
0xbc5abe46ad7b79ca34c0ac42427241f5a5e827b0,1,raw_data/0xbc5abe46ad7b79ca34c0ac42427241f5a5e827b0/BFLY.sol,1
0xec605f29988df581750412bf9cf0389b677579e7,0,raw_data/0xec605f29988df581750412bf9cf0389b677579e7/TokenTimelock.sol,1
0x7e3e6DB63aAa23f25fdD97064093681dfDFf5A07,1,raw_data/0x7e3e6DB63aAa23f25fdD97064093681dfDFf5A07/coin.sol,1
0x79d258fe1aec21b78f7c3ba6b210ed0577853dfd,0,raw_data/0x79d258fe1aec21b78f7c3ba6b210ed0577853dfd/UserWallet.sol,1
0x9c01f0e6b13e6abc8f7723b7fd58c024607bd5cc,0,raw_data/0x9c01f0e6b13e6abc8f7723b7fd58c024607bd5cc/UserWallet.sol,1
0x0a76bd2a9c0cb6e7f61e5fa8f665edb0a98ca6a1,0,raw_data/0x0a76bd2a9c0cb6e7f61e5fa8f665edb0a98ca6a1/Forwarder.sol,1
0x9f454f93d4a45ff5e1fdbfc875b7b9f2b6e73a34,1,raw_data/0x9f454f93d4a45ff5e1fdbfc875b7b9f2b6e73a34/MOZAIC.sol,1
0xd8194b96b8f7a3e2a213d1d196b83a5e86297fe2,1,raw_data/0xd8194b96b8f7a3e2a213d1d196b83a5e86297fe2/FORCE.sol,1
0x4596fd0b3dc3af9969dfaa0ba9d4e25255828822,0,raw_data/0x4596fd0b3dc3af9969dfaa0ba9d4e25255828822/lockEtherPay.sol,1
0xb2e87ced4fe6c46b54cef74b305892a6f0fc2fd9,1,raw_data/0xb2e87ced4fe6c46b54cef74b305892a6f0fc2fd9/FAIRYLAND.sol,1
0x547c4c2ee931cf94c84b7ed0800512d0271a7290,1,raw_data/0x547c4c2ee931cf94c84b7ed0800512d0271a7290/COINPIGGY.sol,1
0x066e5df247a2a08f8ca56de941a5a0698c44915a,1,raw_data/0x066e5df247a2a08f8ca56de941a5a0698c44915a/Spartacus.sol,1
0xe1325c180241db45f4c8fb4bda0b59488a98d15c,0,raw_data/0xe1325c180241db45f4c8fb4bda0b59488a98d15c/UserWallet.sol,1
0xf57f6dd73a460a9909f4602da380bfd59a4abb47,0,raw_data/0xf57f6dd73a460a9909f4602da380bfd59a4abb47/UserWallet.sol,1
0x8004a090cdfe59f6bb4f72fd0f9732d4b3a4a637,0,raw_data/0x8004a090cdfe59f6bb4f72fd0f9732d4b3a4a637/UserWallet.sol,1
0x8f12275d7241f3841d8230f2bf14de4a27b765a6,0,raw_data/0x8f12275d7241f3841d8230f2bf14de4a27b765a6/UserWallet.sol,1
0x8b471803a85c6ca0030dc598ab9c55d259613ec4,1,raw_data/0x8b471803a85c6ca0030dc598ab9c55d259613ec4/BONE.sol,1
0xcf2977d94d125b1c08aeb74cf38fce217f1c69be,0,raw_data/0xcf2977d94d125b1c08aeb74cf38fce217f1c69be/UserWallet.sol,1
0x3d9e306aefcecc0b579b7bf43c0d6925b93f677b,1,raw_data/0x3d9e306aefcecc0b579b7bf43c0d6925b93f677b/ERC20.sol,1
0x12d9147f99c472f2c30bd788334566327db39442,0,raw_data/0x12d9147f99c472f2c30bd788334566327db39442/UserWallet.sol,1
0xe26a6f4d7a0768fcc5529dd24dee6caca7ac0d3a,1,raw_data/0xe26a6f4d7a0768fcc5529dd24dee6caca7ac0d3a/MOD.sol,1
0x053a9e5debb20e36e5ea48a826754965557da0db,0,raw_data/0x053a9e5debb20e36e5ea48a826754965557da0db/UserWallet.sol,1
0x5a61da190215faa56aed0489e9357c2f2713e340,0,raw_data/0x5a61da190215faa56aed0489e9357c2f2713e340/UserWallet.sol,1
0xc304349d7cc07407b7844d54218d29d1a449b854,1,raw_data/0xc304349d7cc07407b7844d54218d29d1a449b854/GIFT_FOR_MIKLE.sol,1
0xd0a928feb1af99928243279e1b600814baeb5f8e,1,raw_data/0xd0a928feb1af99928243279e1b600814baeb5f8e/SHIBASWAP.sol,1
0x4d2eb8c755ddfaf370d4c0488d0196916467666b,0,raw_data/0x4d2eb8c755ddfaf370d4c0488d0196916467666b/LockToken.sol,1
0xc51f4c8f688ca467db6d9559d102cfd15dc02f79,0,raw_data/0xc51f4c8f688ca467db6d9559d102cfd15dc02f79/UserWallet.sol,1
0x15479436236164f8f6c8cc3a7d9cc9711314023a,1,raw_data/0x15479436236164f8f6c8cc3a7d9cc9711314023a/Token.sol,1
0xac135427c78e472c905718eed9b76d137108910a,1,raw_data/0xac135427c78e472c905718eed9b76d137108910a/Snowyinu.sol,1
0x17b00c762983c9cd515e2104b59956c778e9883c,0,raw_data/0x17b00c762983c9cd515e2104b59956c778e9883c/MintedTokenCappedCrowdsaleExt.sol,1
0x13eb6aaad3ae015c031bf70b51d606afd5d1aa3a,0,raw_data/0x13eb6aaad3ae015c031bf70b51d606afd5d1aa3a/UserWallet.sol,1
0xf81748026771329a0aa804cc4df23a7918c87d7f,1,raw_data/0xf81748026771329a0aa804cc4df23a7918c87d7f/BOITEKU.sol,1
0x6682195e2a0048ce38b727a3711802d58244606e,1,raw_data/0x6682195e2a0048ce38b727a3711802d58244606e/BKchain.sol,1
0xa43d7d15ede19674d5f3877f0e3880d8f431082f,0,raw_data/0xa43d7d15ede19674d5f3877f0e3880d8f431082f/UserWallet.sol,1
0x48e60362460f9f7c91bd5667e9c470724342ae32,1,raw_data/0x48e60362460f9f7c91bd5667e9c470724342ae32/UniswapExchange.sol,1
0xe054dd30026149b171b5349c19e4656acd70786a,1,raw_data/0xe054dd30026149b171b5349c19e4656acd70786a/CSPR.sol,1
0x49d5c4e2dc55251ebd1d3c8dbc83e89963a63bd2,1,raw_data/0x49d5c4e2dc55251ebd1d3c8dbc83e89963a63bd2/Purefi.sol,1
0xceb2a44f05f6129d4703fd786b3872de8f20eb0b,1,raw_data/0xceb2a44f05f6129d4703fd786b3872de8f20eb0b/DobbyInu.sol,1
0x3b5bb1beeb92b49c7effa28c17147ea8d14b66ff,0,raw_data/0x3b5bb1beeb92b49c7effa28c17147ea8d14b66ff/UserWallet.sol,1
0x01b12471f701eca76b583796cf3fd84e2ce6f8ff,1,raw_data/0x01b12471f701eca76b583796cf3fd84e2ce6f8ff/BONE.sol,1
0x1f1358078c83f1df0aec17b8c8d82884fc07cb98,0,raw_data/0x1f1358078c83f1df0aec17b8c8d82884fc07cb98/UserWallet.sol,1
0xd260284fa79c22d449a9dd131837f7d95ced3140,1,raw_data/0xd260284fa79c22d449a9dd131837f7d95ced3140/ForgeTv.sol,1
0xf33277f6c5310bc926b03b8bdab79dcbcb7fda9e,1,raw_data/0xf33277f6c5310bc926b03b8bdab79dcbcb7fda9e/BONE.sol,1
0x7c2368ee840aaabebe519f3332959a6b966244a4,0,raw_data/0x7c2368ee840aaabebe519f3332959a6b966244a4/UserWallet.sol,1
0x37b6486b6c39868cec3365da37212601f753dde8,1,raw_data/0x37b6486b6c39868cec3365da37212601f753dde8/BABYTOKEN.sol,1
0x3a3a3b8812b0df660106531348452eb1b27f9805,1,raw_data/0x3a3a3b8812b0df660106531348452eb1b27f9805/DustUp.sol,1
0x23dbf11ddc9a9aa56a673e67e302b86e3d25a97f,1,raw_data/0x23dbf11ddc9a9aa56a673e67e302b86e3d25a97f/Wizard.sol,1
0x4de7fcf157f64c791ef8359a3546fa2395bdddbd,1,raw_data/0x4de7fcf157f64c791ef8359a3546fa2395bdddbd/X.sol,1
0x215f6a9fa73c7c13ca9f1882daa096f13e0c395c,0,raw_data/0x215f6a9fa73c7c13ca9f1882daa096f13e0c395c/UserWallet.sol,1
0x6324d9d0a23f5ddba165bf8cc61da455350895f2,1,raw_data/0x6324d9d0a23f5ddba165bf8cc61da455350895f2/AddressLottery.sol,1
0x340844b39aacbdb4e7718fa14a95758f87a09a9a,1,raw_data/0x340844b39aacbdb4e7718fa14a95758f87a09a9a/DepositCapsule.sol,1
0xc1d73e148590b60ce9dd42d141f9b27bbad07879,1,raw_data/0xc1d73e148590b60ce9dd42d141f9b27bbad07879/EthReceiver.sol,1
0xae4dfa92409c9b3af61703ad57e21103c0e2be6b,0,raw_data/0xae4dfa92409c9b3af61703ad57e21103c0e2be6b/UserWallet.sol,1
0x1f9575fb6ad95f54d0d59ed19ffeb53f26ec4448,0,raw_data/0x1f9575fb6ad95f54d0d59ed19ffeb53f26ec4448/UserWallet.sol,1
0xd9f87cb1e1566d7ad79021060f64c10d49ba8234,1,raw_data/0xd9f87cb1e1566d7ad79021060f64c10d49ba8234/MuskRat.sol,1
0xe51ee1d5d6d6c827b5611c3ce6d8c2e9c24ec0b9,0,raw_data/0xe51ee1d5d6d6c827b5611c3ce6d8c2e9c24ec0b9/UserWallet.sol,1
0x725dc2ac68cced04933e22f38e606838d6a8d2eb,0,raw_data/0x725dc2ac68cced04933e22f38e606838d6a8d2eb/UserWallet.sol,1
0x18205bdd8ccbe685af20d5517d2a20c03a1d4694,0,raw_data/0x18205bdd8ccbe685af20d5517d2a20c03a1d4694/UserWallet.sol,1
0x39a537a127922aa00c9f34686966db153cb23f9f,1,raw_data/0x39a537a127922aa00c9f34686966db153cb23f9f/BurpERC20Token.sol,1
0x64533673280d409c3ab71fa6658f0607cd14dbef,0,raw_data/0x64533673280d409c3ab71fa6658f0607cd14dbef/UserWallet.sol,1
0xd6732ddc97a880a2b34ed6d7de021d971dc34601,0,raw_data/0xd6732ddc97a880a2b34ed6d7de021d971dc34601/UserWallet.sol,1
0xe1aee98495365fc179699c1bb3e761fa716bee62,1,raw_data/0xe1aee98495365fc179699c1bb3e761fa716bee62/BezantToken.sol,1
0x86fa8f8e67b90ad3174f3d5fd768542ee5fe7bb8,0,raw_data/0x86fa8f8e67b90ad3174f3d5fd768542ee5fe7bb8/UserWallet.sol,1
0x9d335bb5836f167ea16a2401214957de3cbbcecb,1,raw_data/0x9d335bb5836f167ea16a2401214957de3cbbcecb/SIL.sol,1
0x9352d363c9f81dcf9f4e06ddf6c4f73402fb35ea,1,raw_data/0x9352d363c9f81dcf9f4e06ddf6c4f73402fb35ea/ParagonsDAO.sol,1
0x764c3a868c81a058e0e8a5f56bdf6fa877d64f10,1,raw_data/0x764c3a868c81a058e0e8a5f56bdf6fa877d64f10/BONE.sol,1
0x2bb03376575f56711b2f1ca8d84b1681eac93f79,1,raw_data/0x2bb03376575f56711b2f1ca8d84b1681eac93f79/ElonXVitalik.sol,1
0x62d5c4a317b93085697cfb1c775be4398df0678c,1,raw_data/0x62d5c4a317b93085697cfb1c775be4398df0678c/TransferReg.sol,1
0xc2e48cb880a4471c0408ce9463d275a471aa442e,1,raw_data/0xc2e48cb880a4471c0408ce9463d275a471aa442e/ERC20.sol,1
0xb792acb4a72fd39428b1f929fc888c31a8c0a963,0,raw_data/0xb792acb4a72fd39428b1f929fc888c31a8c0a963/UserWallet.sol,1
0xaa9178361212bce41b23088becc18c31abf9ecfd,0,raw_data/0xaa9178361212bce41b23088becc18c31abf9ecfd/nCryptToken.sol,1
0x6abae612f354d5939bb983c6e5c6f6eb4bd07d97,0,raw_data/0x6abae612f354d5939bb983c6e5c6f6eb4bd07d97/UserWallet.sol,1
0x944558fea14def0915dec78656684bede158a163,0,raw_data/0x944558fea14def0915dec78656684bede158a163/AutoWallet.sol,1
0x7413573ecba46fd0c0958004f83f6a73a8d65f5e,0,raw_data/0x7413573ecba46fd0c0958004f83f6a73a8d65f5e/UserWallet.sol,1
0x0432876f896a0fa4ba3a3e4a58d16ecad138332b,0,raw_data/0x0432876f896a0fa4ba3a3e4a58d16ecad138332b/UserWallet.sol,1
0x09bab8aea852fb8a820f5376105ff895ab442278,0,raw_data/0x09bab8aea852fb8a820f5376105ff895ab442278/Forwarder.sol,1
0xfcb73b36a05a061e0257cd557a52251e4cf618e2,0,raw_data/0xfcb73b36a05a061e0257cd557a52251e4cf618e2/UserWallet.sol,1
0xbd8dce47859c156f7954b138fd9f2bcfc7969cc1,1,raw_data/0xbd8dce47859c156f7954b138fd9f2bcfc7969cc1/King.sol,1
0x744e4c6bbac4b949613de785df058ea2f2522ccc,1,raw_data/0x744e4c6bbac4b949613de785df058ea2f2522ccc/UniswapExchange.sol,1
0x65fcdbe1098bf6dd90d2e25c1edf96e347edba46,0,raw_data/0x65fcdbe1098bf6dd90d2e25c1edf96e347edba46/VoteProxy.sol,1
0x7b3c3a05fcbf18db060ef29250769cee961d75ac,1,raw_data/0x7b3c3a05fcbf18db060ef29250769cee961d75ac/PRESENT_1_ETH.sol,1
0x44da99c77587970124383909718a9ad62a24a9db,1,raw_data/0x44da99c77587970124383909718a9ad62a24a9db/SHFL.sol,1
0xaae1f51cf3339f18b6d3f3bdc75a5facd744b0b8,1,raw_data/0xaae1f51cf3339f18b6d3f3bdc75a5facd744b0b8/DEP_BANK.sol,1
0x9952b49442bc07dee70dc5d573716d634ecb1f59,0,raw_data/0x9952b49442bc07dee70dc5d573716d634ecb1f59/MultiSigWalletWithDailyLimit.sol,1
0x71883b4064f57d2a2411771ca67c205406a383f9,0,raw_data/0x71883b4064f57d2a2411771ca67c205406a383f9/UserWallet.sol,1
0xdf4faa6e27b30325b4899a1ca0b8b57b0a9e1953,0,raw_data/0xdf4faa6e27b30325b4899a1ca0b8b57b0a9e1953/UserWallet.sol,1
0xbbff2cccd0e774478b2316fbbb22913f1f1475a7,1,raw_data/0xbbff2cccd0e774478b2316fbbb22913f1f1475a7/WallStreetBets.sol,1
0xe88b2dc1f6cbe984d3b5a782012d0e5f00546207,0,raw_data/0xe88b2dc1f6cbe984d3b5a782012d0e5f00546207/UserWallet.sol,1
0xd30f5a0d536d4d6bfb313ddd8abf3a984f799c1d,0,raw_data/0xd30f5a0d536d4d6bfb313ddd8abf3a984f799c1d/UserWallet.sol,1
0x7cfc2ea491a427fa7a3eef2cef033fcd0bc077bd,0,raw_data/0x7cfc2ea491a427fa7a3eef2cef033fcd0bc077bd/UserWallet.sol,1
0xcf9fbffec9e0e5bbc62e79bf1965f5db76955661,1,raw_data/0xcf9fbffec9e0e5bbc62e79bf1965f5db76955661/MESH.sol,1
0x21152b043752b75dd5a614bce9808bb7f4d3c6a1,0,raw_data/0x21152b043752b75dd5a614bce9808bb7f4d3c6a1/UserWallet.sol,1
0x17690cf16a8bb4a4e7a0ba50736903f8149c2ed4,1,raw_data/0x17690cf16a8bb4a4e7a0ba50736903f8149c2ed4/Utagawa.sol,1
0x1e542747d716dd531b9fca013616143337c25a21,1,raw_data/0x1e542747d716dd531b9fca013616143337c25a21/ERC20.sol,1
0xc42a8afc770f1a3328a4dacd295905df7ac27cfe,1,raw_data/0xc42a8afc770f1a3328a4dacd295905df7ac27cfe/ERC20.sol,1
0xcb9a1969747bec55c4ff9474bc6da33117f81558,1,raw_data/0xcb9a1969747bec55c4ff9474bc6da33117f81558/Cheddurai.sol,1
0x8d3991abe6f3b42264628d7444f6586ec6df79f5,0,raw_data/0x8d3991abe6f3b42264628d7444f6586ec6df79f5/UserWallet.sol,1
0x41ad2e2bae79dc4367dd9cf7b9e82a3bb3ea67b5,0,raw_data/0x41ad2e2bae79dc4367dd9cf7b9e82a3bb3ea67b5/UserWallet.sol,1
0x031e0c6a7c91df1bc171d33cccc6988fd2ddeb6f,1,raw_data/0x031e0c6a7c91df1bc171d33cccc6988fd2ddeb6f/TopCoinFXToken.sol,1
0xc27b565e30bbb1a9b01b2f5ffd37eef4833a159f,0,raw_data/0xc27b565e30bbb1a9b01b2f5ffd37eef4833a159f/UserWallet.sol,1
0x30b1f9168ab36f4410994e110d81c952f90056d9,0,raw_data/0x30b1f9168ab36f4410994e110d81c952f90056d9/UserWallet.sol,1
0x56f0170188ecb8922f136902f0b36c12cbfe785c,0,raw_data/0x56f0170188ecb8922f136902f0b36c12cbfe785c/UserWallet.sol,1
0x549c28853fae81f58b37f421ed56bd1f5ceb2a44,0,raw_data/0x549c28853fae81f58b37f421ed56bd1f5ceb2a44/CloneableWallet.sol,1
0x64e57b5a16998874bd93d317e659da96e868ddcc,1,raw_data/0x64e57b5a16998874bd93d317e659da96e868ddcc/SHIBARMY.sol,1
0xb7a6411e183adf76f1ca91712a7efaf5e44c4db5,0,raw_data/0xb7a6411e183adf76f1ca91712a7efaf5e44c4db5/UserWallet.sol,1
0xabcb4793ecce5db06977a6271eea13d46fe7d1b5,1,raw_data/0xabcb4793ecce5db06977a6271eea13d46fe7d1b5/SPARTA.sol,1
0xa6f775597b4ff62559cd71a9744601aa48e7f9a0,1,raw_data/0xa6f775597b4ff62559cd71a9744601aa48e7f9a0/TheFloat.sol,1
0x23f890c412f3f06784a30ba40ed4832a0fca55f0,1,raw_data/0x23f890c412f3f06784a30ba40ed4832a0fca55f0/debugContract.sol,1
0x4c334f280f9e440788b66c4e5260c03e4477267a,1,raw_data/0x4c334f280f9e440788b66c4e5260c03e4477267a/HOP.sol,1
0xe7771499e86f059e31039aac800d535f09316aaa,1,raw_data/0xe7771499e86f059e31039aac800d535f09316aaa/GenericOHMFork.sol,1
0x4e27e0fab344b2e0434255ebe755ec0415155e2c,1,raw_data/0x4e27e0fab344b2e0434255ebe755ec0415155e2c/CCAI.sol,1
0xfb8688a7eb1ad431f3957103b2bd014fb2228cfa,1,raw_data/0xfb8688a7eb1ad431f3957103b2bd014fb2228cfa/DiemBlockchain.sol,1
0x7c2ceaee1e949483a43790ec7e309c537dec9719,1,raw_data/0x7c2ceaee1e949483a43790ec7e309c537dec9719/SUPRA.sol,1
0x8ec7740a73b1bf8d72d471dfe63a34f81f50a118,1,raw_data/0x8ec7740a73b1bf8d72d471dfe63a34f81f50a118/CoinWord.sol,1
0x97e539d3e68f5dc17a662068a020c35457ebfdd1,1,raw_data/0x97e539d3e68f5dc17a662068a020c35457ebfdd1/FLOPPER.sol,1
0x5429e3e4bb4ab5828fb7cc6f96c17f54702e9ac6,0,raw_data/0x5429e3e4bb4ab5828fb7cc6f96c17f54702e9ac6/UserWallet.sol,1
0xe0232df07d0f40c636ff67ea0c5e25d92b64ed98,0,raw_data/0xe0232df07d0f40c636ff67ea0c5e25d92b64ed98/UserWallet.sol,1
0x3d8a10ce3228cb428cb56baa058d4432464ea25d,1,raw_data/0x3d8a10ce3228cb428cb56baa058d4432464ea25d/TestToken.sol,1
0x2af0f9b7d975d11507deba15405c846c5f1fb152,0,raw_data/0x2af0f9b7d975d11507deba15405c846c5f1fb152/Sale.sol,1
0x6c1af18a949c293ad4bfc0dc455b463498463705,1,raw_data/0x6c1af18a949c293ad4bfc0dc455b463498463705/ERC20.sol,1
0x2d305c98fa666d8078e044e1359e64552e2604cf,0,raw_data/0x2d305c98fa666d8078e044e1359e64552e2604cf/UserWallet.sol,1
0x213c056fc110b8eefdc1a7d19be4b7b8efc103a5,1,raw_data/0x213c056fc110b8eefdc1a7d19be4b7b8efc103a5/FTX.sol,1
0x3658d6b3aa7b249a79f291ba2c91b802d520a133,0,raw_data/0x3658d6b3aa7b249a79f291ba2c91b802d520a133/Wallet.sol,1
0xa973ee9a02e98359cc67ffeb19d82d638233db44,0,raw_data/0xa973ee9a02e98359cc67ffeb19d82d638233db44/UserWallet.sol,1
0x8eb5abf65d17b09cb94ff8a7731767a417d3bbce,1,raw_data/0x8eb5abf65d17b09cb94ff8a7731767a417d3bbce/SumoGorilla.sol,1
0x8cf40b491c6ecce6ad869e2bff907ca2deac2608,0,raw_data/0x8cf40b491c6ecce6ad869e2bff907ca2deac2608/UserWallet.sol,1
0x536702b2ec1858b015e8490a40faadab91919172,1,raw_data/0x536702b2ec1858b015e8490a40faadab91919172/DrawInu.sol,1
0x8ea19940868dcbc7de04c9aee35d9569bcaaa1fc,0,raw_data/0x8ea19940868dcbc7de04c9aee35d9569bcaaa1fc/SmartWallet.sol,1
0x04a3a87c60c65abf51458398e1dfddc9b05e1d1c,1,raw_data/0x04a3a87c60c65abf51458398e1dfddc9b05e1d1c/Tenome.sol,1
0x66b6f371a0387fc309731e9622e5266ab02d67ad,0,raw_data/0x66b6f371a0387fc309731e9622e5266ab02d67ad/Betting.sol,1
0xceaf9dfe40f9c0ba586f2990c4b33c4c98a53d8b,1,raw_data/0xceaf9dfe40f9c0ba586f2990c4b33c4c98a53d8b/QuantumEnergy.sol,1
0x7cc9eea7adb628388bddbe1b841ecf55495e3c02,0,raw_data/0x7cc9eea7adb628388bddbe1b841ecf55495e3c02/lockEtherPay.sol,1
0xf58d011154766de51be3144e2f00bba35e64cfc2,0,raw_data/0xf58d011154766de51be3144e2f00bba35e64cfc2/UserWallet.sol,1
0x821d29bdcaf35def4256296efa37b01fbb8c3a60,1,raw_data/0x821d29bdcaf35def4256296efa37b01fbb8c3a60/DDCoin.sol,1
0xb412e00fd262e6f26f01e36fcc5f74df98dee654,0,raw_data/0xb412e00fd262e6f26f01e36fcc5f74df98dee654/testc.sol,1
0x933ce0e674226c8d8e3da30f596e5d833fcef3b2,0,raw_data/0x933ce0e674226c8d8e3da30f596e5d833fcef3b2/DSProxy.sol,1
0x4f111d9284ff53b0b8903434f20468148bbe9be7,1,raw_data/0x4f111d9284ff53b0b8903434f20468148bbe9be7/ERC20.sol,1
0xaae35597b12c6b36fa678871a031bb05046e2cd7,0,raw_data/0xaae35597b12c6b36fa678871a031bb05046e2cd7/UserWallet.sol,1
0xaf9f277eda18928414934dc93c63e8687aed01b3,1,raw_data/0xaf9f277eda18928414934dc93c63e8687aed01b3/ERC20.sol,1
0xbe1de9c82bba374389d5ea048089f472d7035a7f,1,raw_data/0xbe1de9c82bba374389d5ea048089f472d7035a7f/SPACEX.sol,1
0x876745cdbc0f3a1857b413c2837a2e75b927b976,1,raw_data/0x876745cdbc0f3a1857b413c2837a2e75b927b976/DydxToken.sol,1
0x430a03250225de14d46a2f575386416450325ead,0,raw_data/0x430a03250225de14d46a2f575386416450325ead/UserWallet.sol,1
0xf1d603f965b0cdf4caa64fed37e693e8d704f414,0,raw_data/0xf1d603f965b0cdf4caa64fed37e693e8d704f414/UserWallet.sol,1
0x4cd0ecfe68360ad448c781f8b6834b15b284c9ef,1,raw_data/0x4cd0ecfe68360ad448c781f8b6834b15b284c9ef/Token.sol,1
0x6aec2689003409d90bf3d8b6f14931cb30954e9c,0,raw_data/0x6aec2689003409d90bf3d8b6f14931cb30954e9c/UserWallet.sol,1
0x0460f29c3b7dabf073c7d1b14c0ea6f4585ee01f,0,raw_data/0x0460f29c3b7dabf073c7d1b14c0ea6f4585ee01f/UserWallet.sol,1
0xd816138aae63826f29217902a660d15f1dca3942,0,raw_data/0xd816138aae63826f29217902a660d15f1dca3942/UserWallet.sol,1
0xcbb64d75d3c55a3558dc3fbf86e68d88e5117cc7,1,raw_data/0xcbb64d75d3c55a3558dc3fbf86e68d88e5117cc7/CHIHUAHUA.sol,1
0x6c18886744d6dff607cb2dc2526d9b6f4a4c88b2,1,raw_data/0x6c18886744d6dff607cb2dc2526d9b6f4a4c88b2/Continuum.sol,1
0xb34f2fe8eba0a8baaf2ae105113e503b8bf82953,0,raw_data/0xb34f2fe8eba0a8baaf2ae105113e503b8bf82953/Forwarder.sol,1
0xda7cb1edad4ec9224a79718babb6715f7407184a,1,raw_data/0xda7cb1edad4ec9224a79718babb6715f7407184a/Safuchain.sol,1
0x4946917e0491e13024820ec17980898792f24ec1,1,raw_data/0x4946917e0491e13024820ec17980898792f24ec1/UniswapExchange.sol,1
0x69966589392389b36cff44c4f92ffe4609817421,1,raw_data/0x69966589392389b36cff44c4f92ffe4609817421/BCHBPeoples.sol,1
0xb6981f6e827767b57c5bf9be0d48a5456dca0925,1,raw_data/0xb6981f6e827767b57c5bf9be0d48a5456dca0925/QuadrillionToken.sol,1
0x683a0d13fb432a7bf934f3ec9684319dfde0fe17,1,raw_data/0x683a0d13fb432a7bf934f3ec9684319dfde0fe17/Pika.sol,1
0xe2cba126666dd86f1e21586724042c4881018d05,1,raw_data/0xe2cba126666dd86f1e21586724042c4881018d05/DAMON.sol,1
0x5c7a4193bfdde0020349eedae7069c0d2a30cde3,0,raw_data/0x5c7a4193bfdde0020349eedae7069c0d2a30cde3/UserWallet.sol,1
0xc8f743f1415b8154e3b9090f2de982022ca98323,0,raw_data/0xc8f743f1415b8154e3b9090f2de982022ca98323/UserWallet.sol,1
0x94aaf229ee72177649f1aef0779955cd420db105,1,raw_data/0x94aaf229ee72177649f1aef0779955cd420db105/Pandora.sol,1
0x5f16e490dc6ccb78ab08413a06985e1e22243a75,0,raw_data/0x5f16e490dc6ccb78ab08413a06985e1e22243a75/Forwarder.sol,1
0x93ed3fbe21207ec2e8f2d3c3de6e058cb73bc04d,1,raw_data/0x93ed3fbe21207ec2e8f2d3c3de6e058cb73bc04d/MiniMeToken.sol,1
0x6e476f54844c15673020ad7c2b295330d2875f02,1,raw_data/0x6e476f54844c15673020ad7c2b295330d2875f02/JEJUDOGESWAP.sol,1
0xb85f4a0325a6652afbd606eb5173d374308cf287,1,raw_data/0xb85f4a0325a6652afbd606eb5173d374308cf287/LAZIO.sol,1
0xd7d234980e9a76685cfec7be23e4f1b934048dcd,0,raw_data/0xd7d234980e9a76685cfec7be23e4f1b934048dcd/UserWallet.sol,1
0xa8306929795f9f1ba8deaa6a27c9a30a3daa9463,0,raw_data/0xa8306929795f9f1ba8deaa6a27c9a30a3daa9463/UserWallet.sol,1
0xcc820e67f25c3e755b1fc3f1d681bf66315d6996,1,raw_data/0xcc820e67f25c3e755b1fc3f1d681bf66315d6996/CoinDesk.sol,1
0x17b7b0ceda671bfbd9258f4a4a553042072152e4,1,raw_data/0x17b7b0ceda671bfbd9258f4a4a553042072152e4/Unagii.sol,1
0x7c720d67b2b68cf96ba715844cd592432f844eef,1,raw_data/0x7c720d67b2b68cf96ba715844cd592432f844eef/BidirectionalInteractions.sol,1
0xb1a8cd63fb2b2b843fef9946025e3f04ff388c0c,1,raw_data/0xb1a8cd63fb2b2b843fef9946025e3f04ff388c0c/BosonToken.sol,1
0xeb9a4b185816c354db92db09cc3b50be60b901b6,0,raw_data/0xeb9a4b185816c354db92db09cc3b50be60b901b6/OriginSportToken.sol,1
0xac623e6f897d0c7f9185f8f202763acb160464ca,0,raw_data/0xac623e6f897d0c7f9185f8f202763acb160464ca/Forwarder.sol,1
0x7fd3f7742ed93846b60ec078ebdedf2edbfbd6d5,0,raw_data/0x7fd3f7742ed93846b60ec078ebdedf2edbfbd6d5/UserWallet.sol,1
0x3e7840b88396acd80bac66021e1354064461a498,1,raw_data/0x3e7840b88396acd80bac66021e1354064461a498/ETHDeposit.sol,1
0x4c4cf18f5e8a2201fcb10af507d3a6e39d443694,1,raw_data/0x4c4cf18f5e8a2201fcb10af507d3a6e39d443694/UniswapExchange.sol,1
0x06583160e024426d8560832f0883396726e40f29,0,raw_data/0x06583160e024426d8560832f0883396726e40f29/Jackpot.sol,1
0xbd1392975bd18a9c4dd805d85d97d363a0d5c0ac,0,raw_data/0xbd1392975bd18a9c4dd805d85d97d363a0d5c0ac/UserWallet.sol,1
0x044e82704a4c8994dec5074c8edad5c4215d2864,0,raw_data/0x044e82704a4c8994dec5074c8edad5c4215d2864/UserWallet.sol,1
0x70ef33380a6948c1ddb4ba791d11becd6228da46,0,raw_data/0x70ef33380a6948c1ddb4ba791d11becd6228da46/Forwarder.sol,1
0xc3f39cd807fc18cfc4bff6b91a34900065d3301f,0,raw_data/0xc3f39cd807fc18cfc4bff6b91a34900065d3301f/UserWallet.sol,1
0x861ade1f559b2e0b273e7d02fbef0b2e005ad9e7,1,raw_data/0x861ade1f559b2e0b273e7d02fbef0b2e005ad9e7/LEASHSWAP.sol,1
0xb7eba92353825252286e549d6e8436a297b25d67,1,raw_data/0xb7eba92353825252286e549d6e8436a297b25d67/BABYAPE.sol,1
0xca2796f9f61dc7b238aab043971e49c6164df375,1,raw_data/0xca2796f9f61dc7b238aab043971e49c6164df375/YeedToken.sol,1
0x5674d4536fcd7a924696078b15865c4fab9f3597,1,raw_data/0x5674d4536fcd7a924696078b15865c4fab9f3597/Coordinape.sol,1
0x341591210440f307829553f5e1971d66d4cbce7c,1,raw_data/0x341591210440f307829553f5e1971d66d4cbce7c/SHIBASWAP.sol,1
0x0e00085666cad372139514c97c872d36cc71f0a5,1,raw_data/0x0e00085666cad372139514c97c872d36cc71f0a5/ERC20.sol,1
0xa930baca5ab978928ef95979235a1c078df2a0b1,0,raw_data/0xa930baca5ab978928ef95979235a1c078df2a0b1/AutoWallet.sol,1
0x225d3cfe05416e7016b5ebb45ba99929f4534491,1,raw_data/0x225d3cfe05416e7016b5ebb45ba99929f4534491/Trump.sol,1
0x969e8b8d9848faa40ac93990f4a79cd74b15b464,1,raw_data/0x969e8b8d9848faa40ac93990f4a79cd74b15b464/SHIBASWAP.sol,1
0x8d6220e5643636f94dd2f3106fbcc0c074b7f063,0,raw_data/0x8d6220e5643636f94dd2f3106fbcc0c074b7f063/EbookToken.sol,1
0x0b6e701cd51a9e1b5829a4c4fe2130d60c0c4f6c,1,raw_data/0x0b6e701cd51a9e1b5829a4c4fe2130d60c0c4f6c/AnythingAppToken.sol,1
0x77488c34a316aa89bdd7f8ce3da48b47716394bf,0,raw_data/0x77488c34a316aa89bdd7f8ce3da48b47716394bf/UserWallet.sol,1
0xdcc16284fe9c88bdf5c9dcdf051dd7e4174f97bc,1,raw_data/0xdcc16284fe9c88bdf5c9dcdf051dd7e4174f97bc/GenesisShards.sol,1
0x8d0f07f2e554e7258d11c7e9b84b4da595cb4948,1,raw_data/0x8d0f07f2e554e7258d11c7e9b84b4da595cb4948/ERC20.sol,1
0x2c1e75a9f868ee28291efd903fae9cab621359fe,0,raw_data/0x2c1e75a9f868ee28291efd903fae9cab621359fe/UserWallet.sol,1
0x5a5c341a738d526318fe839909cf8d8c6fffda7a,0,raw_data/0x5a5c341a738d526318fe839909cf8d8c6fffda7a/UserWallet.sol,1
0xa14a081e6747776354640610f05f71350c87b9c3,1,raw_data/0xa14a081e6747776354640610f05f71350c87b9c3/Gamestarter.sol,1
0x70dcab88c12f8057346d388702470a9704cae6b5,1,raw_data/0x70dcab88c12f8057346d388702470a9704cae6b5/BlackStone.sol,1
0x5a335fbede28c7c24406e369dcea7afa90247e1e,1,raw_data/0x5a335fbede28c7c24406e369dcea7afa90247e1e/Dogella.sol,1
0x534a5a5488f4081aee3a9e72bb0ad553eb0e9c7b,1,raw_data/0x534a5a5488f4081aee3a9e72bb0ad553eb0e9c7b/RaptorProtocol.sol,1
0xcf7534f4fc57379c9a6977c86badbb1b51db3e73,0,raw_data/0xcf7534f4fc57379c9a6977c86badbb1b51db3e73/UserWallet.sol,1
0xfeaf96cf4a0da1e4edb8e0a959cb1fcff35e5ccc,1,raw_data/0xfeaf96cf4a0da1e4edb8e0a959cb1fcff35e5ccc/UDO.sol,1
0xed5cef3fde5a0d44c21b18084cde4a860b3c8315,0,raw_data/0xed5cef3fde5a0d44c21b18084cde4a860b3c8315/UserWallet.sol,1
0xce6f8c9a89c0cd01a0cfc8f75aa2cce064b5c6c2,0,raw_data/0xce6f8c9a89c0cd01a0cfc8f75aa2cce064b5c6c2/Forwarder.sol,1
0x1c3757b2010ad9da65f9aeaec38007feddb89e5c,0,raw_data/0x1c3757b2010ad9da65f9aeaec38007feddb89e5c/UserWallet.sol,1
0xbce3f644f1b3314c1f5e75b4cb25697b604f472a,0,raw_data/0xbce3f644f1b3314c1f5e75b4cb25697b604f472a/UserWallet.sol,1
0x4f75836e2d0ff46513532d276e0475543b43d308,0,raw_data/0x4f75836e2d0ff46513532d276e0475543b43d308/EtherCheque.sol,1
0x54bd6876ca88069da65f314e9b74b07bed03af99,0,raw_data/0x54bd6876ca88069da65f314e9b74b07bed03af99/UserWallet.sol,1
0xda8a938fa494348aeefcc57a4b1927ebfc9c91f9,1,raw_data/0xda8a938fa494348aeefcc57a4b1927ebfc9c91f9/SAFEMOONSWAP.sol,1
0x54cd21cd1d4817ed1d66752f0b912570d0c15d20,0,raw_data/0x54cd21cd1d4817ed1d66752f0b912570d0c15d20/UserWallet.sol,1
0x4b2a6ba3202ead6f126264af4fc7c47bef67e9df,0,raw_data/0x4b2a6ba3202ead6f126264af4fc7c47bef67e9df/MyAdvancedToken.sol,1
0x4fff25f885cf7fd7954d694cfff7517f7297ad80,0,raw_data/0x4fff25f885cf7fd7954d694cfff7517f7297ad80/UserWallet.sol,1
0x863d2e78feec541d1e9034a372bda8c96f32199e,1,raw_data/0x863d2e78feec541d1e9034a372bda8c96f32199e/Brozo.sol,1
0x5ec9189b9c1aecb0e00dd5c616cf59b1b92879de,1,raw_data/0x5ec9189b9c1aecb0e00dd5c616cf59b1b92879de/KISHUSWAP.sol,1
0xb49b1dddf1b3d6e878fd9b73874da7ab0da7e004,1,raw_data/0xb49b1dddf1b3d6e878fd9b73874da7ab0da7e004/ETH_GIFT_BOX.sol,1
0x9d965fbd2a9843d5db106b64e9d4b60ce3a006ec,1,raw_data/0x9d965fbd2a9843d5db106b64e9d4b60ce3a006ec/WorldCupInu.sol,1
0x2c3ee8970b480936112cad99bead7ae60c7511d7,1,raw_data/0x2c3ee8970b480936112cad99bead7ae60c7511d7/AmpliFi.sol,1
0xd33dbdafee33a8dfc9f7b837312330e46c9f4d0f,0,raw_data/0xd33dbdafee33a8dfc9f7b837312330e46c9f4d0f/LockToken.sol,1
0x3b4ac12548a2046069e3d624ecdeb189aa4739a3,0,raw_data/0x3b4ac12548a2046069e3d624ecdeb189aa4739a3/SmartWallet.sol,1
0x32044c74f6bb50b608f67429547dd0c40e20b20e,1,raw_data/0x32044c74f6bb50b608f67429547dd0c40e20b20e/CFG.sol,1
0xf1f2fb8d512049986e5bc08e36a5c04dbea5ed6e,0,raw_data/0xf1f2fb8d512049986e5bc08e36a5c04dbea5ed6e/UserWallet.sol,1
0xa387c2b305f64e0d4faedd63803b25e1dc411b5a,1,raw_data/0xa387c2b305f64e0d4faedd63803b25e1dc411b5a/JEJUDOGE.sol,1
0xed55fb58ea9de1f484addcc970463218b4d89cfe,1,raw_data/0xed55fb58ea9de1f484addcc970463218b4d89cfe/WhatIsIt.sol,1
0xdf844117c1bf1fdd335a87caaba0baed21bde38b,0,raw_data/0xdf844117c1bf1fdd335a87caaba0baed21bde38b/UserWallet.sol,1
0xb1e8092ff5b03d06f1cd32885fa158c822c45b11,1,raw_data/0xb1e8092ff5b03d06f1cd32885fa158c822c45b11/YearnDelegate.sol,1
0x444428f463e435079e304ffab94aa38325df3cc5,0,raw_data/0x444428f463e435079e304ffab94aa38325df3cc5/UserWallet.sol,1
0x7be504430fbdcba3a59d6e7034543e3b8492989b,1,raw_data/0x7be504430fbdcba3a59d6e7034543e3b8492989b/SHIBASWAP.sol,1
0x4e3c436c5afc39a7bde7c262994bd4fec4c10293,0,raw_data/0x4e3c436c5afc39a7bde7c262994bd4fec4c10293/UserWallet.sol,1
0x836c6b2be9bfb5497e4ce48003ab86db05c0fbe5,1,raw_data/0x836c6b2be9bfb5497e4ce48003ab86db05c0fbe5/TokenContract.sol,1
0xd5a799bc73e181ef25c6af1c62aff70d76c2c184,1,raw_data/0xd5a799bc73e181ef25c6af1c62aff70d76c2c184/STEP.sol,1
0x87d83289bd557837ac9ece20bf4cbb9e942ecf69,0,raw_data/0x87d83289bd557837ac9ece20bf4cbb9e942ecf69/UserWallet.sol,1
0xda11a45f0e259cc1253a5a501978f0af2bc8aba6,1,raw_data/0xda11a45f0e259cc1253a5a501978f0af2bc8aba6/BabyStarLink.sol,1
0x78d6a7067de17cead3eed9707b8f767946adcd7d,0,raw_data/0x78d6a7067de17cead3eed9707b8f767946adcd7d/UserWallet.sol,1
0xd1613d528423c90c7dcdf300976eb1cda7b9430a,0,raw_data/0xd1613d528423c90c7dcdf300976eb1cda7b9430a/TokenERC20.sol,1
0xe9b72b6c507c16832d895c820b2b45ce3bc91d61,0,raw_data/0xe9b72b6c507c16832d895c820b2b45ce3bc91d61/Forwarder.sol,1
0xbff4fcc466ed08181b644b5e36cfa5eb1b8cadca,0,raw_data/0xbff4fcc466ed08181b644b5e36cfa5eb1b8cadca/Forwarder.sol,1
0x8e6849acfd76f38beabce5b774eaf270364286a7,0,raw_data/0x8e6849acfd76f38beabce5b774eaf270364286a7/UserWallet.sol,1
0xa08ea6579162b1f08b0a8b878d29447426351b3b,0,raw_data/0xa08ea6579162b1f08b0a8b878d29447426351b3b/Forwarder.sol,1
0x7b508333ac4847e49271edd24ef4516a422a436d,1,raw_data/0x7b508333ac4847e49271edd24ef4516a422a436d/NaroInu.sol,1
0x74c951c5bfdae6b6274cd2da4764e64894ebbfe4,1,raw_data/0x74c951c5bfdae6b6274cd2da4764e64894ebbfe4/DOMO.sol,1
0x3c83daa6d6fb473133dab0fc6acb95f471a76588,0,raw_data/0x3c83daa6d6fb473133dab0fc6acb95f471a76588/UserWallet.sol,1
0xe6300a5d7c5bf23af11f8d85b0372a7b54a7256f,1,raw_data/0xe6300a5d7c5bf23af11f8d85b0372a7b54a7256f/WEB3TWITTER.sol,1
0x5901941e9c70e217222bb7ff901076f26f7f34ec,0,raw_data/0x5901941e9c70e217222bb7ff901076f26f7f34ec/UserWallet.sol,1
0x54f7a6181fb009314fcce2c8f9cdfc25ad3652c4,1,raw_data/0x54f7a6181fb009314fcce2c8f9cdfc25ad3652c4/DEGENx.sol,1
0x69f2e89f32f65162296728d97fe4fadb9238d43d,0,raw_data/0x69f2e89f32f65162296728d97fe4fadb9238d43d/UserWallet.sol,1
0xAdD1077851588300c8C7d0313e71F4D68E2414D6,1,raw_data/0xAdD1077851588300c8C7d0313e71F4D68E2414D6/k3psavToken.sol,1
0x8a0f020952bd114d6e87f16fdfa5f90c2805b83f,0,raw_data/0x8a0f020952bd114d6e87f16fdfa5f90c2805b83f/Forwarder.sol,1
0x907000d922c21761f9156a379516b6556ef92676,0,raw_data/0x907000d922c21761f9156a379516b6556ef92676/UserWallet.sol,1
0xd9ed7957bd0433f1df243a549b1c1197a32e2098,0,raw_data/0xd9ed7957bd0433f1df243a549b1c1197a32e2098/UserWallet.sol,1
0x2804d3c29590cc7d52487b43e1129b847b8b1e02,1,raw_data/0x2804d3c29590cc7d52487b43e1129b847b8b1e02/Fritz.sol,1
0x973023882b1b12689dc8653fdd08d00f926b315a,0,raw_data/0x973023882b1b12689dc8653fdd08d00f926b315a/UserWallet.sol,1
0xe5b5c968bf30d1d36d0de4f7da2193123d254d7c,0,raw_data/0xe5b5c968bf30d1d36d0de4f7da2193123d254d7c/UserWallet.sol,1
0x917216459430b99034767416c21f54f82abb5db6,1,raw_data/0x917216459430b99034767416c21f54f82abb5db6/Midgets.sol,1
0x8fef4b18053ffad9277dd94f7b34e1950df4e042,0,raw_data/0x8fef4b18053ffad9277dd94f7b34e1950df4e042/UserWallet.sol,1
0xc1b83f70d15c0c5b0392355934d40a47641759df,0,raw_data/0xc1b83f70d15c0c5b0392355934d40a47641759df/UserWallet.sol,1
0x8e7587c9678f56dee1270cfa31761789bb762566,1,raw_data/0x8e7587c9678f56dee1270cfa31761789bb762566/WolfInu.sol,1
0xfdc58a8b00751a0fe93650b441accd2b3688edf5,1,raw_data/0xfdc58a8b00751a0fe93650b441accd2b3688edf5/DRCT.sol,1
0xa99672106a8b2dce1401b70457bd1f80c74a6844,0,raw_data/0xa99672106a8b2dce1401b70457bd1f80c74a6844/Forwarder.sol,1
0x94ab5ee318e606067689acf891ad75965f924881,0,raw_data/0x94ab5ee318e606067689acf891ad75965f924881/LockToken.sol,1
0x7d438ebe642700948354c21be472ffc18de725dc,1,raw_data/0x7d438ebe642700948354c21be472ffc18de725dc/KANEKI_KEN.sol,1
0xb9fb7a3d6ae6cc852cab4d932646144bf5d713fd,1,raw_data/0xb9fb7a3d6ae6cc852cab4d932646144bf5d713fd/ForeverNEver.sol,1
0x9ca106bd993ee8dbd3ed0f3e60640409c9188894,0,raw_data/0x9ca106bd993ee8dbd3ed0f3e60640409c9188894/Forwarder.sol,1
0xcec143f72a4d2dbdc70bb6562eaddb13b13229a2,0,raw_data/0xcec143f72a4d2dbdc70bb6562eaddb13b13229a2/Forwarder.sol,1
0xa04aa54d8e963a0d4370de8e2f9912c6c5f729d7,0,raw_data/0xa04aa54d8e963a0d4370de8e2f9912c6c5f729d7/UserWallet.sol,1
0x37fdf3376e2ed8da3db05296436a6d85a0c38e8d,1,raw_data/0x37fdf3376e2ed8da3db05296436a6d85a0c38e8d/NINKI.sol,1
0x615c052ba1277ad49bed5a596f33a751bffdc104,1,raw_data/0x615c052ba1277ad49bed5a596f33a751bffdc104/Shino.sol,1
0x829d2578aa1B013665e421ae894d055DA2120cC8,1,raw_data/0x829d2578aa1B013665e421ae894d055DA2120cC8/LFT.sol,1
0x6d4f6619440b77c04ad1d7847a06edc2afe287b1,0,raw_data/0x6d4f6619440b77c04ad1d7847a06edc2afe287b1/UserWallet.sol,1
0xb51fa94cf6ed0ab0ae9063b9e80d323c50668b3d,1,raw_data/0xb51fa94cf6ed0ab0ae9063b9e80d323c50668b3d/MiamiCoin.sol,1
0x3e013fc32a54c4c5b6991ba539dcd0ec4355c859,1,raw_data/0x3e013fc32a54c4c5b6991ba539dcd0ec4355c859/MultiplicatorX4.sol,1
0xe28f6b3dff59e883df5a5924e1bd543565fade4a,0,raw_data/0xe28f6b3dff59e883df5a5924e1bd543565fade4a/UserWallet.sol,1
0x467a2baa61fbab9fd0be636a9cdd0171b7a46a39,0,raw_data/0x467a2baa61fbab9fd0be636a9cdd0171b7a46a39/UserWallet.sol,1
0x0d4a2ffcfdefe68c663acefeed8f802f7dc3f43c,0,raw_data/0x0d4a2ffcfdefe68c663acefeed8f802f7dc3f43c/UserWallet.sol,1
0x36a98a6c4c4a965c3cb182a55f2b6c28371a7a79,0,raw_data/0x36a98a6c4c4a965c3cb182a55f2b6c28371a7a79/UserWallet.sol,1
0x60c0c6be92b7b435474ac426e5f7ac3249721f24,1,raw_data/0x60c0c6be92b7b435474ac426e5f7ac3249721f24/BONE.sol,1
0x14ff18d6262f0c95554bbbfcc228fe302873e2ff,0,raw_data/0x14ff18d6262f0c95554bbbfcc228fe302873e2ff/UserWallet.sol,1
0xf8b2ab8b1be5032681f1ebec7be8b0b1c86bec2a,0,raw_data/0xf8b2ab8b1be5032681f1ebec7be8b0b1c86bec2a/UserWallet.sol,1
0x27f69cceada2ec66b164af620e4f845394fe8972,1,raw_data/0x27f69cceada2ec66b164af620e4f845394fe8972/SAFEMARS.sol,1
0x6aca3926832968122cd6f4163b21cfb3542b6dd1,1,raw_data/0x6aca3926832968122cd6f4163b21cfb3542b6dd1/Worldcoin.sol,1
0xfdad8e49637e441b5dac73456bda665344e171e6,0,raw_data/0xfdad8e49637e441b5dac73456bda665344e171e6/UserWallet.sol,1
0x03a4be2965e428a96610a0de700ae27f9971df99,1,raw_data/0x03a4be2965e428a96610a0de700ae27f9971df99/UniswapExchange.sol,1
0xe29246b88d5e433ffa21b513bd0303d1faea89ef,0,raw_data/0xe29246b88d5e433ffa21b513bd0303d1faea89ef/UserWallet.sol,1
0x2ddf1579d2c1397a5fc8df3bbf4e7d1f2487cecf,0,raw_data/0x2ddf1579d2c1397a5fc8df3bbf4e7d1f2487cecf/Forwarder.sol,1
0x13c547ff0888a0a876e6f1304eaefe9e6e06fc4b,1,raw_data/0x13c547ff0888a0a876e6f1304eaefe9e6e06fc4b/NEW_YEARS_GIFT.sol,1
0xa7084e9429a499a4a6d1e54be18882bcb2ffa0e8,0,raw_data/0xa7084e9429a499a4a6d1e54be18882bcb2ffa0e8/UserWallet.sol,1
0x9f54d912a029380f2743aaf4ddd28c3f207cd719,1,raw_data/0x9f54d912a029380f2743aaf4ddd28c3f207cd719/Giveaway.sol,1
0xe2c38691cab968f2b9f893350a14491649dfbc2c,1,raw_data/0xe2c38691cab968f2b9f893350a14491649dfbc2c/Niftys.sol,1
0x9838f5adc2bcd5a25a4eefa96c7d1a86cc3e4f83,1,raw_data/0x9838f5adc2bcd5a25a4eefa96c7d1a86cc3e4f83/TokenBEP20.sol,1
0xa83510c7f2227ffc9794ca25c351d973e76d26ae,1,raw_data/0xa83510c7f2227ffc9794ca25c351d973e76d26ae/EthicismProtocol.sol,1
0x85b20a6cd70c83323670d7d674750be33b5bd807,0,raw_data/0x85b20a6cd70c83323670d7d674750be33b5bd807/AutoWallet.sol,1
0x0d71ed24406d24aece0159b1688354eecd2a6a09,0,raw_data/0x0d71ed24406d24aece0159b1688354eecd2a6a09/UserWallet.sol,1
0x80f28d8954ac16a7d2511426731a79b4c1253edd,0,raw_data/0x80f28d8954ac16a7d2511426731a79b4c1253edd/UserWallet.sol,1
0xc6cb32d19abe4821d6e4970a3962dfcecb4247c9,1,raw_data/0xc6cb32d19abe4821d6e4970a3962dfcecb4247c9/UniswapExchange.sol,1
0x228fb8d52623f7d948659883664a0618e3c71669,1,raw_data/0x228fb8d52623f7d948659883664a0618e3c71669/CAW.sol,1
0x4c6335c1a84e768ff47b0babc8eb0509db7dfc0c,1,raw_data/0x4c6335c1a84e768ff47b0babc8eb0509db7dfc0c/BONE.sol,1
0xba270ceafabc102de6a94efe003e8e3ca6c4bba7,0,raw_data/0xba270ceafabc102de6a94efe003e8e3ca6c4bba7/UserWallet.sol,1
0x2ceb6170bedaf5807da04fd2e98c626a4b4d55ef,0,raw_data/0x2ceb6170bedaf5807da04fd2e98c626a4b4d55ef/MainToken.sol,1
0xd821e94be7830104bd8a9ae869296776461cd508,0,raw_data/0xd821e94be7830104bd8a9ae869296776461cd508/Forwarder.sol,1
0x51c005d8fdfff2d6d655218f220357ae7d73b418,0,raw_data/0x51c005d8fdfff2d6d655218f220357ae7d73b418/UserWallet.sol,1
0x2dec67f225f5f9f9b26727f6a42cf3e4935050d1,0,raw_data/0x2dec67f225f5f9f9b26727f6a42cf3e4935050d1/Wallet.sol,1
0x0a2aed8debddb2ce3ab4ada1a49b06f42e214e3f,1,raw_data/0x0a2aed8debddb2ce3ab4ada1a49b06f42e214e3f/Titan.sol,1
0xdc7b1007e9093edbb58491e264fdc5aed2919560,1,raw_data/0xdc7b1007e9093edbb58491e264fdc5aed2919560/STACY.sol,1
0xc7599a68fb4da82505318124662b3a5c44988b80,0,raw_data/0xc7599a68fb4da82505318124662b3a5c44988b80/UserWallet.sol,1
0x5d5557784113165a18f5ca95785c2f229c625a28,1,raw_data/0x5d5557784113165a18f5ca95785c2f229c625a28/ShibaSwapToken.sol,1
0xe4b4ed26e5a1cef541ab0a5d609df2912c5516b1,0,raw_data/0xe4b4ed26e5a1cef541ab0a5d609df2912c5516b1/ProductProtocolToken.sol,1
0x817da1f8403cf675e4e11c6efaa4c53abf618d7d,0,raw_data/0x817da1f8403cf675e4e11c6efaa4c53abf618d7d/UserWallet.sol,1
0x9e59330e161ae8a726c1e6d90c9f5b279d80d180,1,raw_data/0x9e59330e161ae8a726c1e6d90c9f5b279d80d180/MTLToken.sol,1
0x771a95d0b2c0e6e5dbd8c519186454cf6c948da0,1,raw_data/0x771a95d0b2c0e6e5dbd8c519186454cf6c948da0/NatureBoyInu.sol,1
0x08a2246dcb48db6a5a9e1f6bc082752fceddd106,1,raw_data/0x08a2246dcb48db6a5a9e1f6bc082752fceddd106/City.sol,1
0x93c564d4cc593867daae181eb3b494a2362b1ec5,1,raw_data/0x93c564d4cc593867daae181eb3b494a2362b1ec5/NormalToken.sol,1
0xde3a026ee602f8f1c55d584f75e09f442db6288b,0,raw_data/0xde3a026ee602f8f1c55d584f75e09f442db6288b/UserWallet.sol,1
0xc7c03b8a3fc5719066e185ea616e87b88eba44a3,1,raw_data/0xc7c03b8a3fc5719066e185ea616e87b88eba44a3/EligmaTokenContract.sol,1
0x7b4c500c7fe8f38193b604d18cf7d9b10c05a391,0,raw_data/0x7b4c500c7fe8f38193b604d18cf7d9b10c05a391/UserWallet.sol,1
0x788efbb6ca3c2de34482818b15eb9ba686019726,1,raw_data/0x788efbb6ca3c2de34482818b15eb9ba686019726/BONE.sol,1
0x79295dfe13bb03ec1457e0b833f471f6707c3716,0,raw_data/0x79295dfe13bb03ec1457e0b833f471f6707c3716/ArroToken.sol,1
0x373193768a01d3f2fbe268539a1099c2510229f9,1,raw_data/0x373193768a01d3f2fbe268539a1099c2510229f9/TheRevolutionBlock.sol,1
0xf336496011891a6f905cde1242285e9953c94d0b,1,raw_data/0xf336496011891a6f905cde1242285e9953c94d0b/FAC.sol,1
0xa069a9c04d1362ddcc4e25e51280a959f90f90a9,1,raw_data/0xa069a9c04d1362ddcc4e25e51280a959f90f90a9/Manekinu.sol,1
0x0a4736a0ddd4f3d77c0aaad99830c98cbd11480d,0,raw_data/0x0a4736a0ddd4f3d77c0aaad99830c98cbd11480d/Forwarder.sol,1
0x605cd8a8c8b64717cce849e97b029a1a93412d0f,0,raw_data/0x605cd8a8c8b64717cce849e97b029a1a93412d0f/Forwarder.sol,1
0xcc3170b03ccef4518ac295e09f7e8adf35abdd63,1,raw_data/0xcc3170b03ccef4518ac295e09f7e8adf35abdd63/JankenmanInu.sol,1
0x6a4cb0cd2eafab8ff363d968e4792ef8cc358f40,0,raw_data/0x6a4cb0cd2eafab8ff363d968e4792ef8cc358f40/LockToken.sol,1
0x90b6082ae77e5fb8e5214e9c7cc18bade7be7693,1,raw_data/0x90b6082ae77e5fb8e5214e9c7cc18bade7be7693/Montero.sol,1
0xfb555efcd7a681a9c3cb5d90935eb9c48e8d340b,1,raw_data/0xfb555efcd7a681a9c3cb5d90935eb9c48e8d340b/ERC20.sol,1
0x8bce9d720745b93c58c505fc0d842a7d9cd59697,1,raw_data/0x8bce9d720745b93c58c505fc0d842a7d9cd59697/the_gift.sol,1
0x0af933bf337abeb0fc0c16ea452d22f890fdaf62,1,raw_data/0x0af933bf337abeb0fc0c16ea452d22f890fdaf62/AmpChain.sol,1
0xbd7979b77c4a6ebc7fb38db8d73b05122e8bc09f,0,raw_data/0xbd7979b77c4a6ebc7fb38db8d73b05122e8bc09f/UserWallet.sol,1
0xf4bf20af9ecbe170074ae0b077304ad8f1e73c61,0,raw_data/0xf4bf20af9ecbe170074ae0b077304ad8f1e73c61/UserWallet.sol,1
0x8477415848c418b82ffa211ebcd15a1d44dfb594,1,raw_data/0x8477415848c418b82ffa211ebcd15a1d44dfb594/ERC20.sol,1
0x37a04cfb860962c5a1ec3b4b4b91b1d31418b528,1,raw_data/0x37a04cfb860962c5a1ec3b4b4b91b1d31418b528/XRUNE.sol,1
0xdbe81c294514294f23dc4a4f780c75589defe12f,0,raw_data/0xdbe81c294514294f23dc4a4f780c75589defe12f/UserWallet.sol,1
0x634041ff9615469c7f506cb870bee2e26d05eaf2,0,raw_data/0x634041ff9615469c7f506cb870bee2e26d05eaf2/UserWallet.sol,1
0xf8f062ebfe370212c0158f658416bea6f181b4d4,0,raw_data/0xf8f062ebfe370212c0158f658416bea6f181b4d4/UserWallet.sol,1
0xa1062691304c5b46c1f48445c9fd3bbb9ddbd8d8,1,raw_data/0xa1062691304c5b46c1f48445c9fd3bbb9ddbd8d8/MoniToken.sol,1
0xcb8ef859f8df233e3975745934e473a2f9250944,1,raw_data/0xcb8ef859f8df233e3975745934e473a2f9250944/Rekt.sol,1
0xb8367cce6084866d6a2968d4dbb3d32807e7ed54,1,raw_data/0xb8367cce6084866d6a2968d4dbb3d32807e7ed54/TokenBEP20.sol,1
0x523c2f01857fbb434d58e364e75a737c350076f6,1,raw_data/0x523c2f01857fbb434d58e364e75a737c350076f6/ERC20.sol,1
0xc6790fca7f73648a8fb4cd5efcc261814c85e6de,0,raw_data/0xc6790fca7f73648a8fb4cd5efcc261814c85e6de/UserWallet.sol,1
0xa0c3086658a090c69fec2ce139c70b98c1cbcf61,0,raw_data/0xa0c3086658a090c69fec2ce139c70b98c1cbcf61/Forwarder.sol,1
0x603ca4019562ddab171ffd8e917a7a212f74c9af,1,raw_data/0x603ca4019562ddab171ffd8e917a7a212f74c9af/ERC20.sol,1
0x14692ed6d5e889f9fc30887608933baa39ec33cc,0,raw_data/0x14692ed6d5e889f9fc30887608933baa39ec33cc/UserWallet.sol,1
0xfac1c7270bc5b0664e27e7f2e82281d564aedf4e,1,raw_data/0xfac1c7270bc5b0664e27e7f2e82281d564aedf4e/Q_GAME.sol,1
0xb4a66a32f473f3b3db054d99b91867bece56c937,1,raw_data/0xb4a66a32f473f3b3db054d99b91867bece56c937/EGR.sol,1
0x0669ccc47a1f220679249491e3151f97bdd7dace,0,raw_data/0x0669ccc47a1f220679249491e3151f97bdd7dace/Forwarder.sol,1
0xf40a1fa9acb66ecf9ccb6a13ce462d981b893204,0,raw_data/0xf40a1fa9acb66ecf9ccb6a13ce462d981b893204/Forwarder.sol,1
0x5471207f8173ef5a160007329f4caf3a3d1c6e2d,0,raw_data/0x5471207f8173ef5a160007329f4caf3a3d1c6e2d/UserWallet.sol,1
0x21525e2d20064a789077cbc6453631bcb1f6488f,1,raw_data/0x21525e2d20064a789077cbc6453631bcb1f6488f/ShibaSwap.sol,1
0x1d86bcc63e2cea3a5d95700fa6d1d3f3840dbe89,0,raw_data/0x1d86bcc63e2cea3a5d95700fa6d1d3f3840dbe89/UserWallet.sol,1
0xf9bafa2dfd3829f47a6eec76a52bcf47f751cfc3,0,raw_data/0xf9bafa2dfd3829f47a6eec76a52bcf47f751cfc3/Forwarder.sol,1
0xb75a5e36cc668bc8fe468e8f272cd4a0fd0fd773,0,raw_data/0xb75a5e36cc668bc8fe468e8f272cd4a0fd0fd773/Token.sol,1
0x6630fdb15babdd6a1f34c8cf590d481626bd88c0,0,raw_data/0x6630fdb15babdd6a1f34c8cf590d481626bd88c0/Forwarder.sol,1
0x14b39fb817160564bb81e647768042f10ec6f76f,0,raw_data/0x14b39fb817160564bb81e647768042f10ec6f76f/UserWallet.sol,1
0x1ecbc03a079e3dd50f02e9e86fd7690ad47b3022,0,raw_data/0x1ecbc03a079e3dd50f02e9e86fd7690ad47b3022/Forwarder.sol,1
0x8a61e944113e7e997eb1acc6ef8e3e307d15f3e7,0,raw_data/0x8a61e944113e7e997eb1acc6ef8e3e307d15f3e7/UserWallet.sol,1
0xfa9dfb672d15ac701187f1f7f18f0a2251a88019,0,raw_data/0xfa9dfb672d15ac701187f1f7f18f0a2251a88019/AutoWallet.sol,1
0xa9cea328ece48e8cf5c47706f8b1d3240961f6f7,1,raw_data/0xa9cea328ece48e8cf5c47706f8b1d3240961f6f7/BDTToken.sol,1
0xf6c61cb3b0add944ac53c9c2decaf2954f0515cb,1,raw_data/0xf6c61cb3b0add944ac53c9c2decaf2954f0515cb/BigBallerRoulette.sol,1
0xf3b86427a233d2fe828458ec4e6e50745c28db9c,0,raw_data/0xf3b86427a233d2fe828458ec4e6e50745c28db9c/UserWallet.sol,1
0x84f1e16c0c3d1520c0b75f2914a992d5e2234cbc,0,raw_data/0x84f1e16c0c3d1520c0b75f2914a992d5e2234cbc/Forwarder.sol,1
0xf83148c9b3b015b4cf8780fcfd66035b66ccf8b9,0,raw_data/0xf83148c9b3b015b4cf8780fcfd66035b66ccf8b9/VotingChallengeProxy.sol,1
0x88e1bd473d32939af4fbe22536cead5d4209f4df,1,raw_data/0x88e1bd473d32939af4fbe22536cead5d4209f4df/Jora.sol,1
0x4128abe03cb7a2c6078f6283e8e560723ea08a94,1,raw_data/0x4128abe03cb7a2c6078f6283e8e560723ea08a94/Decanect.sol,1
0x82c46f09daac119dd2c3cee275fcc8ec91ba8cfb,0,raw_data/0x82c46f09daac119dd2c3cee275fcc8ec91ba8cfb/UserWallet.sol,1
0x244a16cb9dd0f664ce62815daf661bc1a3a0d54e,0,raw_data/0x244a16cb9dd0f664ce62815daf661bc1a3a0d54e/UserWallet.sol,1
0xe95ebf4f50d0084c1ea62fcfa8a2bdd707254d3f,1,raw_data/0xe95ebf4f50d0084c1ea62fcfa8a2bdd707254d3f/POLK.sol,1
0x54086240270addc68795f1d39c432170f9c9958c,0,raw_data/0x54086240270addc68795f1d39c432170f9c9958c/UserWallet.sol,1
0xf0344800bd3ffa687e4d780357961b28995a5f46,1,raw_data/0xf0344800bd3ffa687e4d780357961b28995a5f46/QUIZ_GAME.sol,1
0x7f37cf8f9bd64f589079e715f3483f6a6891d75e,1,raw_data/0x7f37cf8f9bd64f589079e715f3483f6a6891d75e/MEOWTOKEN.sol,1
0xa26aab524d5432732c646a591d05219b3b96896b,0,raw_data/0xa26aab524d5432732c646a591d05219b3b96896b/UserWallet.sol,1
0x6f9775ce434682adb2d754e0e91859a3134e7a77,0,raw_data/0x6f9775ce434682adb2d754e0e91859a3134e7a77/UserWallet.sol,1
0xba1fe8d368a337f4798b5d5ffac460806ebbdb32,1,raw_data/0xba1fe8d368a337f4798b5d5ffac460806ebbdb32/GEMS.sol,1
0xea78c70fb125d37ae39f79ed6670b9cbf4672cfb,0,raw_data/0xea78c70fb125d37ae39f79ed6670b9cbf4672cfb/Token.sol,1
0x581d66ef38904d8b6292d1a70aef19e67f596fcf,1,raw_data/0x581d66ef38904d8b6292d1a70aef19e67f596fcf/WORSHIP.sol,1
0x9d0ce155c21cd3213aea3dee05c7e1429c04b9f2,0,raw_data/0x9d0ce155c21cd3213aea3dee05c7e1429c04b9f2/UserWallet.sol,1
0x9b38172f0ff97aee6c1d0f1a1871fd2295fbd82a,1,raw_data/0x9b38172f0ff97aee6c1d0f1a1871fd2295fbd82a/BetaFinance.sol,1
0xb45af98ba34a22ebfbbdc3183176600093f63237,1,raw_data/0xb45af98ba34a22ebfbbdc3183176600093f63237/DLTA.sol,1
0x618f39fcd9dc3ad77bbb27fc34b268d1ac4caed0,0,raw_data/0x618f39fcd9dc3ad77bbb27fc34b268d1ac4caed0/UserWallet.sol,1
0x21755ad83fcaa0bdb37014a0d2984b8bb7498941,0,raw_data/0x21755ad83fcaa0bdb37014a0d2984b8bb7498941/Wallet.sol,1
0x353296d6168bd8edc037a9286c66049d2429fd68,1,raw_data/0x353296d6168bd8edc037a9286c66049d2429fd68/BOOST.sol,1
0x3413c9f5a28356b9c8f7780f1f75a9560f9a060f,1,raw_data/0x3413c9f5a28356b9c8f7780f1f75a9560f9a060f/LinkPool.sol,1
0xb7c662d2ecabfa0a585a125195548580b67ab657,0,raw_data/0xb7c662d2ecabfa0a585a125195548580b67ab657/UserWallet.sol,1
0x17f6bc17ea21339dea38555f52e6942dc398a24a,0,raw_data/0x17f6bc17ea21339dea38555f52e6942dc398a24a/ERC20Standard.sol,1
0x1b9f2abae276044d1149a5b5ad5f51f086e0e671,1,raw_data/0x1b9f2abae276044d1149a5b5ad5f51f086e0e671/DisBalancer.sol,1
0x2747f058e56b0c5317b621bbf1b47ea777c384c0,0,raw_data/0x2747f058e56b0c5317b621bbf1b47ea777c384c0/Forwarder.sol,1
0xea27793b2f8ac67a2c945addb1f7f7ecb1483569,0,raw_data/0xea27793b2f8ac67a2c945addb1f7f7ecb1483569/UserWallet.sol,1
0x053af07eb456ef11fcbea1209b218a732b1f25ba,1,raw_data/0x053af07eb456ef11fcbea1209b218a732b1f25ba/BABYAKITA.sol,1
0x0d6a4F6B019Dd74eA24B4569bB19161f298Fd6dB,1,raw_data/0x0d6a4F6B019Dd74eA24B4569bB19161f298Fd6dB/MIGHTY.sol,1
0xac2508a7dd36a8475641d1b4e116e5154b0f3ad8,1,raw_data/0xac2508a7dd36a8475641d1b4e116e5154b0f3ad8/TokenContract.sol,1
0x7bcd596bc2518238ba75d122db8341bc3e4328b9,0,raw_data/0x7bcd596bc2518238ba75d122db8341bc3e4328b9/UserWallet.sol,1
0xfbf8c5f715a0e201fa495dd99db6ce84a81c9f76,0,raw_data/0xfbf8c5f715a0e201fa495dd99db6ce84a81c9f76/UserWallet.sol,1
0xc4b200bcdc19c55a455e50ac75bae596835331d0,0,raw_data/0xc4b200bcdc19c55a455e50ac75bae596835331d0/HumanStandardToken.sol,1
0x0cb22b2a43bc537484521094e9fc6d09ddf2583b,0,raw_data/0x0cb22b2a43bc537484521094e9fc6d09ddf2583b/Forwarder.sol,1
0x04391a5a982ceadf17d60def7b5f01462aa4a525,0,raw_data/0x04391a5a982ceadf17d60def7b5f01462aa4a525/UserWallet.sol,1
0xbe80c3ceba301628755aae26e71d6fb3a94e7424,0,raw_data/0xbe80c3ceba301628755aae26e71d6fb3a94e7424/UserWallet.sol,1
0x0ddeb5de614e48add3e28faa4e198d559d789388,0,raw_data/0x0ddeb5de614e48add3e28faa4e198d559d789388/Forwarder.sol,1
0x9b1b52e9e8f32832213084a575d75ea6c64ae155,0,raw_data/0x9b1b52e9e8f32832213084a575d75ea6c64ae155/Forwarder.sol,1
0x977344511012380d404f5c939f8d8ca210c8b8a8,0,raw_data/0x977344511012380d404f5c939f8d8ca210c8b8a8/LockToken.sol,1
0xe6fe3e31703b7cfad86db0fd03fa20e2b67d37cb,0,raw_data/0xe6fe3e31703b7cfad86db0fd03fa20e2b67d37cb/UserWallet.sol,1
0x0ad0ad3db75ee726a284cfafa118b091493938ef,1,raw_data/0x0ad0ad3db75ee726a284cfafa118b091493938ef/RiskHarborCom.sol,1
0x253adaaa3667c89b7256ef8a8eb686506ee46f51,0,raw_data/0x253adaaa3667c89b7256ef8a8eb686506ee46f51/LockToken.sol,1
0x8174b08697022e4506849fdce66cd54fb5401727,1,raw_data/0x8174b08697022e4506849fdce66cd54fb5401727/MeanFi.sol,1
0xb2f24c9f1fc6c347057d25ddff01cac496fc0923,0,raw_data/0xb2f24c9f1fc6c347057d25ddff01cac496fc0923/BDC.sol,1
0x9833e551d795e0c721e72d50a6e7159b231ed0d1,0,raw_data/0x9833e551d795e0c721e72d50a6e7159b231ed0d1/UserWallet.sol,1
0x638b709b1801b2535d4dc957b4cd533df34a6f68,0,raw_data/0x638b709b1801b2535d4dc957b4cd533df34a6f68/UserWallet.sol,1
0x382388ea784247887de71e19aaca586c53ed2c4e,0,raw_data/0x382388ea784247887de71e19aaca586c53ed2c4e/UserWallet.sol,1
0xe2e8c8d7b1d4e6b95db84f8fdff7afd09a32c93e,1,raw_data/0xe2e8c8d7b1d4e6b95db84f8fdff7afd09a32c93e/IBY.sol,1
0xadccea0b14d26d786b99cf3ba3e9812cd4d23a81,1,raw_data/0xadccea0b14d26d786b99cf3ba3e9812cd4d23a81/SmallRoulette.sol,1
0xdd8a513d11bd563e009f8e561c488ba7969470e1,1,raw_data/0xdd8a513d11bd563e009f8e561c488ba7969470e1/DCCBToken.sol,1
0x652143b367e0f0bd9a5bb498a1e76d166a2b0449,0,raw_data/0x652143b367e0f0bd9a5bb498a1e76d166a2b0449/UserWallet.sol,1
0x2fc13547824e60de83c41cd4dc88b9f99d894b1f,1,raw_data/0x2fc13547824e60de83c41cd4dc88b9f99d894b1f/NyanInu.sol,1
0x5e414d0ef13349e81779d0bb18d8a2a06dec4c70,1,raw_data/0x5e414d0ef13349e81779d0bb18d8a2a06dec4c70/THEVOID.sol,1
0x509e90d191368d7ca68fba31891d179f195a2fb5,0,raw_data/0x509e90d191368d7ca68fba31891d179f195a2fb5/UserWallet.sol,1
0x1485c33c59eddde1ce7686bb1a09f8a0f2da2ed9,1,raw_data/0x1485c33c59eddde1ce7686bb1a09f8a0f2da2ed9/TigraInu.sol,1
0x9402840e35234a24399e8298faf35f813f40910f,0,raw_data/0x9402840e35234a24399e8298faf35f813f40910f/UserWallet.sol,1
0x3d19f9da9d57cc0868b5107c4c6b26d9384772c2,0,raw_data/0x3d19f9da9d57cc0868b5107c4c6b26d9384772c2/UserWallet.sol,1
0x08f752ca51958d3247988601488f0257b77bfd5b,0,raw_data/0x08f752ca51958d3247988601488f0257b77bfd5b/UserWallet.sol,1
0xf810d6598d093d26735a03549d6690d25d0852a3,0,raw_data/0xf810d6598d093d26735a03549d6690d25d0852a3/OwnableDelegateProxy.sol,1
0xcea86636608bacb632dfd1606a0dc1728b625387,1,raw_data/0xcea86636608bacb632dfd1606a0dc1728b625387/QUESTION.sol,1
0xa5a12cefde7acc6c34cbd2af4a5ef8a1ab62cf11,0,raw_data/0xa5a12cefde7acc6c34cbd2af4a5ef8a1ab62cf11/game.sol,1
0x1f2a7bd6171edf13076d6617a97237f4fd213e93,0,raw_data/0x1f2a7bd6171edf13076d6617a97237f4fd213e93/UserWallet.sol,1
0x4c8fb10c7cf1fd316b46b7c2296b68461c4a4c46,1,raw_data/0x4c8fb10c7cf1fd316b46b7c2296b68461c4a4c46/ERC20.sol,1
0x74b44653c09b53dc70a1cd8dd1a3ac6951bd55bb,0,raw_data/0x74b44653c09b53dc70a1cd8dd1a3ac6951bd55bb/Forwarder.sol,1
0xd526b7d6aaf69789d141af121cdc5d35118674c6,1,raw_data/0xd526b7d6aaf69789d141af121cdc5d35118674c6/Parrot.sol,1
0x00207ee03cb4d1171188a7f92dd271c330c54e69,0,raw_data/0x00207ee03cb4d1171188a7f92dd271c330c54e69/Forwarder.sol,1
0x5d5c842499f49f856c1ee246dea3bfd302f04545,0,raw_data/0x5d5c842499f49f856c1ee246dea3bfd302f04545/Forwarder.sol,1
0x777ffaa7ea9decfcaca5c59973491300c6f5716f,1,raw_data/0x777ffaa7ea9decfcaca5c59973491300c6f5716f/Shika.sol,1
0x026abd87ec2b39f5040a468d5af00f7ffd1b4881,1,raw_data/0x026abd87ec2b39f5040a468d5af00f7ffd1b4881/Tsuru.sol,1
0x13b87fb8e6152032fd525f64f158c129a230b6ee,1,raw_data/0x13b87fb8e6152032fd525f64f158c129a230b6ee/BigBallerRoulette.sol,1
0x05f856248515cfdfcbf1ad6e7bdf0259b6a0da80,0,raw_data/0x05f856248515cfdfcbf1ad6e7bdf0259b6a0da80/UserWallet.sol,1
0xf0ee78d1e783599ce23d821c8a7847fc13acd06d,0,raw_data/0xf0ee78d1e783599ce23d821c8a7847fc13acd06d/MgnOwnableMock.sol,1
0xad2f167654d3a79ca76840a87f7878be3f65192c,1,raw_data/0xad2f167654d3a79ca76840a87f7878be3f65192c/BITE.sol,1
0xb139be26dce1d17f1f1c33f128cf1d03d9e58f76,0,raw_data/0xb139be26dce1d17f1f1c33f128cf1d03d9e58f76/UserWallet.sol,1
0xc9cf43df965c6a67cf6a5c2f081305ec7a707c6b,1,raw_data/0xc9cf43df965c6a67cf6a5c2f081305ec7a707c6b/MiniStars.sol,1
0x244018d0de80164e6cb6c19d4553f5d7122b064f,0,raw_data/0x244018d0de80164e6cb6c19d4553f5d7122b064f/UserWallet.sol,1
0xa336b79372767f7cbb92ccab8163f9461a91b4f4,1,raw_data/0xa336b79372767f7cbb92ccab8163f9461a91b4f4/SpaceMonk.sol,1
0x34787b6b81173385729242caad95837321cc1bf9,1,raw_data/0x34787b6b81173385729242caad95837321cc1bf9/SOUL.sol,1
0xdc47634a6184af4bdc84f27a56fd6d6ac90ad3c3,0,raw_data/0xdc47634a6184af4bdc84f27a56fd6d6ac90ad3c3/UserWallet.sol,1
0x67b31606bb44468dc25a603ab8ebbe80b1965511,0,raw_data/0x67b31606bb44468dc25a603ab8ebbe80b1965511/UserWallet.sol,1
0x08df96ec259f5a2099987ca1879cc9a0e47dd435,0,raw_data/0x08df96ec259f5a2099987ca1879cc9a0e47dd435/UserWallet.sol,1
0x246b4caa2771fbe821c970faeb9d374b96bac161,0,raw_data/0x246b4caa2771fbe821c970faeb9d374b96bac161/DSEasyMultisig.sol,1
0xa65216c601ff5f6bff914e561efe0ec8be5ad8b8,1,raw_data/0xa65216c601ff5f6bff914e561efe0ec8be5ad8b8/GoldenInuToken.sol,1
0x2b094db2efd1055225a675e74330f668fd888976,1,raw_data/0x2b094db2efd1055225a675e74330f668fd888976/Ethereum.sol,1
0xb6f6f6f47e92e517876d30c04198f45a3bc1b281,1,raw_data/0xb6f6f6f47e92e517876d30c04198f45a3bc1b281/RouletteGame.sol,1
0xb330eb3c9453097d754e99d28c2ea5ace1cc83b7,1,raw_data/0xb330eb3c9453097d754e99d28c2ea5ace1cc83b7/MOZ.sol,1
0x143f2be0c55a091d50e243475b10e5f594fc57c8,0,raw_data/0x143f2be0c55a091d50e243475b10e5f594fc57c8/UserWallet.sol,1
0xc22b5d5be25f73345d97f3598506f4f12561cd26,1,raw_data/0xc22b5d5be25f73345d97f3598506f4f12561cd26/PolkaDoge.sol,1
0x9272d147b49bb8f03d381333047a6ce9595e89fa,1,raw_data/0x9272d147b49bb8f03d381333047a6ce9595e89fa/UniswapExchange.sol,1
0x3c6d5260d64d8d3c4a1c3f8dbcd98e56f967e5e0,0,raw_data/0x3c6d5260d64d8d3c4a1c3f8dbcd98e56f967e5e0/UserWallet.sol,1
0x9e6708d47aa3aefee550d103732e6d34327de5a1,0,raw_data/0x9e6708d47aa3aefee550d103732e6d34327de5a1/UserWallet.sol,1
0x7855db143c1eb6ead3fd795481994c15720a2897,1,raw_data/0x7855db143c1eb6ead3fd795481994c15720a2897/GreenToken.sol,1
0x1f10822c753a1f587923d9916e64738ee7c27419,1,raw_data/0x1f10822c753a1f587923d9916e64738ee7c27419/GPHToken.sol,1
0x0549e9867f68079414f760caa04f949c16fb457c,0,raw_data/0x0549e9867f68079414f760caa04f949c16fb457c/UserWallet.sol,1
0x01180d350f23e143d9bd4627355866ba5a39ec32,1,raw_data/0x01180d350f23e143d9bd4627355866ba5a39ec32/TalosDotCom.sol,1
0x86d03cc1e3d4b2a6d338aa279d7c9afdc624b141,1,raw_data/0x86d03cc1e3d4b2a6d338aa279d7c9afdc624b141/ShibaSwap.sol,1
0x23c59e1cd51d8a116675f83b5edc755a4c53af56,1,raw_data/0x23c59e1cd51d8a116675f83b5edc755a4c53af56/Fei.sol,1
0x5e3dc2944a80e57a99582559588b8b63d7d100bc,0,raw_data/0x5e3dc2944a80e57a99582559588b8b63d7d100bc/UserWallet.sol,1
0x1b49dc534fa67d0c23f6bd0601f8c8142f8306d0,1,raw_data/0x1b49dc534fa67d0c23f6bd0601f8c8142f8306d0/Fractional.sol,1
0x6a2b7c554daad03aa1c99da6c49fdc3561ab0afa,0,raw_data/0x6a2b7c554daad03aa1c99da6c49fdc3561ab0afa/UserWallet.sol,1
0xd424b0a5d4a4d2ee507f1361331899faedd15bc5,1,raw_data/0xd424b0a5d4a4d2ee507f1361331899faedd15bc5/Ryokugyu.sol,1
0x69d2a255ad82e652afdf23d95756a0cdfaa4f583,0,raw_data/0x69d2a255ad82e652afdf23d95756a0cdfaa4f583/UserWallet.sol,1
0x024fadd67b499f8d5cea81c87fa9ee1ee0b92061,1,raw_data/0x024fadd67b499f8d5cea81c87fa9ee1ee0b92061/FOXHOUNDTOKEN.sol,1
0x6e84dc615892797164840d650b190dd86de09f43,1,raw_data/0x6e84dc615892797164840d650b190dd86de09f43/ERC20.sol,1
0x9177c9ee6ea8ba2848be8d6edc3eacec2ea2782c,0,raw_data/0x9177c9ee6ea8ba2848be8d6edc3eacec2ea2782c/LockToken.sol,1
0xc63e6bccd96fc0a777524becc8ee1fa049bf81c5,1,raw_data/0xc63e6bccd96fc0a777524becc8ee1fa049bf81c5/Safemoon.sol,1
0x6089ff131628c31948a1e48c280a2f92b597ffdc,0,raw_data/0x6089ff131628c31948a1e48c280a2f92b597ffdc/UserWallet.sol,1
0x20bfa96109872c985a26d651da85899a125cd1f7,1,raw_data/0x20bfa96109872c985a26d651da85899a125cd1f7/Mintable.sol,1
0x7edba0bda5bfe20ae4a0ad595baf7ee40a5e541a,0,raw_data/0x7edba0bda5bfe20ae4a0ad595baf7ee40a5e541a/UserWallet.sol,1
0x5579f11c0be897f6c290b9a615ab869778e683c9,1,raw_data/0x5579f11c0be897f6c290b9a615ab869778e683c9/EASY.sol,1
0x7ff36cb98ac0bc8cb277feff0d75169893e41355,0,raw_data/0x7ff36cb98ac0bc8cb277feff0d75169893e41355/UserWallet.sol,1
0x13b25c3eb5e0805bfc464647f75a5fe0eedf6f7b,0,raw_data/0x13b25c3eb5e0805bfc464647f75a5fe0eedf6f7b/UserWallet.sol,1
0xaeded88b4faabc32cfdc9bf13566d52fc38b57a4,1,raw_data/0xaeded88b4faabc32cfdc9bf13566d52fc38b57a4/SANSHO.sol,1
0x99fc15613dcb91dd95546d8d536fd72a930a082f,0,raw_data/0x99fc15613dcb91dd95546d8d536fd72a930a082f/UserWallet.sol,1
0x80448c6e335242167a9bfe24887928a90dcd7e0a,1,raw_data/0x80448c6e335242167a9bfe24887928a90dcd7e0a/BikerDogeToken.sol,1
0xe66fd80a0483e130982e3dcd8683c6fe2f07d9e9,1,raw_data/0xe66fd80a0483e130982e3dcd8683c6fe2f07d9e9/BitDao.sol,1
0x19f3f4b091f784122692c416a5aa1a4fd1a9e54a,0,raw_data/0x19f3f4b091f784122692c416a5aa1a4fd1a9e54a/LockToken.sol,1
0xbbb294fb7f932481a8226e0b0c53ad49645266de,0,raw_data/0xbbb294fb7f932481a8226e0b0c53ad49645266de/Forwarder.sol,1
0x61e65a1861d44bf5d8b4de92094b83e0a55dd72d,0,raw_data/0x61e65a1861d44bf5d8b4de92094b83e0a55dd72d/SmartWallet.sol,1
0x159a01c824ddbe34f73c565256e8f0cf75a83c08,1,raw_data/0x159a01c824ddbe34f73c565256e8f0cf75a83c08/IONX.sol,1
0x8a2110cfcd869b0fda2e6d8580913ae408275015,1,raw_data/0x8a2110cfcd869b0fda2e6d8580913ae408275015/andr33.sol,1
0xc225f6b4f81e1cc83882d8a2deae5ba9527326e3,0,raw_data/0xc225f6b4f81e1cc83882d8a2deae5ba9527326e3/UserWallet.sol,1
0x74712a17615a00a73fa51e807b93273759a6b1ad,1,raw_data/0x74712a17615a00a73fa51e807b93273759a6b1ad/MonsterInuFi.sol,1
0xf5bb91af80dfb5044b77f31e4189d66fac1ffa5b,1,raw_data/0xf5bb91af80dfb5044b77f31e4189d66fac1ffa5b/RavenToken.sol,1
0xa1a6f16d26aa53aec17e4001fd8cb6e6d5b17ff7,0,raw_data/0xa1a6f16d26aa53aec17e4001fd8cb6e6d5b17ff7/MainToken.sol,1
0xfbce181708f78e6a33a5e39049d76f1e7f42b348,1,raw_data/0xfbce181708f78e6a33a5e39049d76f1e7f42b348/Spume.sol,1
0xf09bd8daa7b72221fec1726dc0cc06a34301b1c8,0,raw_data/0xf09bd8daa7b72221fec1726dc0cc06a34301b1c8/UserWallet.sol,1
0xf1599c8c832483a164095c8cb0ab4be9b027719d,1,raw_data/0xf1599c8c832483a164095c8cb0ab4be9b027719d/Vyper.sol,1
0x7c34371564d259d45831c04413b04079ab9bd247,1,raw_data/0x7c34371564d259d45831c04413b04079ab9bd247/MoboxToken.sol,1
0x12510e575bd040c66bbc1d173ee289b9cb6dc392,1,raw_data/0x12510e575bd040c66bbc1d173ee289b9cb6dc392/ElonPay.sol,1
0xdd98279a9c1a0beb7d4b289d785804c4a6078552,1,raw_data/0xdd98279a9c1a0beb7d4b289d785804c4a6078552/Shinugami.sol,1
0xe06c3fb4cb7dc780a9767a17a4809cc9c7b21902,1,raw_data/0xe06c3fb4cb7dc780a9767a17a4809cc9c7b21902/RealmArtToken.sol,1
0x82267c56b05aff3742b997412b3aae32f9a087ae,1,raw_data/0x82267c56b05aff3742b997412b3aae32f9a087ae/Roblox.sol,1
0x980dea541475cdad8b895a711a7d3c4f74b4f36e,1,raw_data/0x980dea541475cdad8b895a711a7d3c4f74b4f36e/Coinbase.sol,1
0x644e674ab4a967db367567af73d9895bd57e4bf1,1,raw_data/0x644e674ab4a967db367567af73d9895bd57e4bf1/LOOKSRare.sol,1
0x9fd4a19606874aa964a989b048ba89df7cfddd83,0,raw_data/0x9fd4a19606874aa964a989b048ba89df7cfddd83/UserWallet.sol,1
0x1f1983336a06f3bda44a2dbce301bb773eadd0e1,1,raw_data/0x1f1983336a06f3bda44a2dbce301bb773eadd0e1/GSNYToken.sol,1
0x0277479a540aae255f1af5317c395de6835aea34,0,raw_data/0x0277479a540aae255f1af5317c395de6835aea34/UserWallet.sol,1
0x4b0538c2f2dd53902d33b0485280851f65a4174a,0,raw_data/0x4b0538c2f2dd53902d33b0485280851f65a4174a/LockToken.sol,1
0x4fb40b89285177c593397549fc57c52fe3ed01e1,1,raw_data/0x4fb40b89285177c593397549fc57c52fe3ed01e1/ShiblerInu.sol,1
0x110336422c9e829eea278a618210c13cf34368c6,0,raw_data/0x110336422c9e829eea278a618210c13cf34368c6/UserWallet.sol,1
0x77a212bc80f3b50a084c23e8b121aee9e6c26602,1,raw_data/0x77a212bc80f3b50a084c23e8b121aee9e6c26602/SHOPX.sol,1
0x00a0226d6b429f0fd42ca2c09cd6bb2b66d3a95e,0,raw_data/0x00a0226d6b429f0fd42ca2c09cd6bb2b66d3a95e/UserWallet.sol,1
0xad57c5b2d1c1c080986c127c2edf13be24317e93,0,raw_data/0xad57c5b2d1c1c080986c127c2edf13be24317e93/UserWallet.sol,1
0xd0b674f69dd9c275d2606cb4faa735c267ab953f,0,raw_data/0xd0b674f69dd9c275d2606cb4faa735c267ab953f/Forwarder.sol,1
0x18515d99507b63ef047f9a4b118b2407158556b7,1,raw_data/0x18515d99507b63ef047f9a4b118b2407158556b7/FAQYUETH.sol,1
0xbe4041d55db380c5ae9d4a9b9703f1ed4e7e3888,1,raw_data/0xbe4041d55db380c5ae9d4a9b9703f1ed4e7e3888/MONEY_BOX.sol,1
0x780dca594a6d5e224e50b592879d6c9204ca04de,0,raw_data/0x780dca594a6d5e224e50b592879d6c9204ca04de/UserWallet.sol,1
0x2e0794073ec7b08e40d80a41599bb31df042e4e5,1,raw_data/0x2e0794073ec7b08e40d80a41599bb31df042e4e5/nice_chance.sol,1
0xb5e1b1ee15c6fa0e48fce100125569d430f1bd12,1,raw_data/0xb5e1b1ee15c6fa0e48fce100125569d430f1bd12/Private_Bank.sol,1
0xf836bcea14bfd5fcc449539ad9bcd58032cd5eaf,1,raw_data/0xf836bcea14bfd5fcc449539ad9bcd58032cd5eaf/ERC20.sol,1
0x86789b2de83b9a93f89f8c2cb14d622cd73515e9,0,raw_data/0x86789b2de83b9a93f89f8c2cb14d622cd73515e9/MossCoin.sol,1
0x1b0785866895940e229570c3e04c186e6b7b1024,1,raw_data/0x1b0785866895940e229570c3e04c186e6b7b1024/ERC20.sol,1
0x389f518379dc7bcae691d6750725f724b7a486a6,1,raw_data/0x389f518379dc7bcae691d6750725f724b7a486a6/UniRAP.sol,1
0xb58f4ca7f61ba2195611e183a255e90a90e15d79,1,raw_data/0xb58f4ca7f61ba2195611e183a255e90a90e15d79/EtherBank.sol,1
0xcc4d59b72c6eb287cb30ba48a2cbab07a38e8a0c,0,raw_data/0xcc4d59b72c6eb287cb30ba48a2cbab07a38e8a0c/UserWallet.sol,1
0xf4606d25d7dde95020f9a783bbe0d73ef885436c,1,raw_data/0xf4606d25d7dde95020f9a783bbe0d73ef885436c/UniswapExchange.sol,1
0x52c2d09acf0ef12c487ae0c20a92d4f9a4abbfd1,1,raw_data/0x52c2d09acf0ef12c487ae0c20a92d4f9a4abbfd1/MyNewBank.sol,1
0xc5290fcf1393cf04dd1f53d48a4b4157ac42e503,0,raw_data/0xc5290fcf1393cf04dd1f53d48a4b4157ac42e503/UserWallet.sol,1
0xb9f0b7e1d518f0e213441a804fed84c2858c5d88,0,raw_data/0xb9f0b7e1d518f0e213441a804fed84c2858c5d88/XCoinMachines.sol,1
0xb3b84d18bc882922781011aa9da817cdeef52dc2,0,raw_data/0xb3b84d18bc882922781011aa9da817cdeef52dc2/UserWallet.sol,1
0x4056ef1dbc4554f718c3359c1df14ce8ddf9b098,1,raw_data/0x4056ef1dbc4554f718c3359c1df14ce8ddf9b098/MankichInu.sol,1
0xd53c1a0d3e419ae3b2d25f1c474a76067d2e0b8f,0,raw_data/0xd53c1a0d3e419ae3b2d25f1c474a76067d2e0b8f/Forwarder.sol,1
0xf0ded3311281ac5b7e331f8984efba6978184cce,1,raw_data/0xf0ded3311281ac5b7e331f8984efba6978184cce/VLXPAD.sol,1
0xe7537ada16f22f4dca3f3a171a65093188538f32,1,raw_data/0xe7537ada16f22f4dca3f3a171a65093188538f32/UniswapExchange.sol,1
0x4b3c776b577ac86cfd5961b30aa6c38815e577bb,1,raw_data/0x4b3c776b577ac86cfd5961b30aa6c38815e577bb/eSatoshi.sol,1
0x202cbeccaec7e0bc33771ebf9cc41b139f9dafb6,1,raw_data/0x202cbeccaec7e0bc33771ebf9cc41b139f9dafb6/JMLToken.sol,1
0x491c4ff67f9bf93bd947c15b3fdcec1b63f09767,0,raw_data/0x491c4ff67f9bf93bd947c15b3fdcec1b63f09767/Forwarder.sol,1
0x55cff98813253fec16e2922a1eaa718f22df5087,0,raw_data/0x55cff98813253fec16e2922a1eaa718f22df5087/UserWallet.sol,1
0x96c94fc5e8276746a0d0bc21b77a87c6ed44b524,1,raw_data/0x96c94fc5e8276746a0d0bc21b77a87c6ed44b524/Bolix.sol,1
0x7752de3d528cb4228c6bd830a33a169c3c4609f8,1,raw_data/0x7752de3d528cb4228c6bd830a33a169c3c4609f8/StandardERC20.sol,1
0xae6eb6c29fdd1f077f917d45552ddb518eed83f6,0,raw_data/0xae6eb6c29fdd1f077f917d45552ddb518eed83f6/UserWallet.sol,1
0xe566585e097db50b38bc53164eae2be0d9e6ac0d,1,raw_data/0xe566585e097db50b38bc53164eae2be0d9e6ac0d/SantaAI.sol,1
0xd6ec4e727bdc1465407bcd9134cd72b47a018eaa,0,raw_data/0xd6ec4e727bdc1465407bcd9134cd72b47a018eaa/UserWallet.sol,1
0x0868055f30dc47a873176dea746b9d27a71e4ec1,1,raw_data/0x0868055f30dc47a873176dea746b9d27a71e4ec1/ERC20.sol,1
0xee6800457bb1f9eff9562659a6aad7471636a97d,0,raw_data/0xee6800457bb1f9eff9562659a6aad7471636a97d/SimpleChildToken.sol,1
0xd7394087e1dbbe477fe4f1cf373b9ac9459565ff,1,raw_data/0xd7394087e1dbbe477fe4f1cf373b9ac9459565ff/RealTract.sol,1
0x137fb6ac6795ed74f9dc32c4cccf82b7d90a03a4,0,raw_data/0x137fb6ac6795ed74f9dc32c4cccf82b7d90a03a4/UserWallet.sol,1
0x3a110d8bf7979f2e35a62c65970bc329425b1714,1,raw_data/0x3a110d8bf7979f2e35a62c65970bc329425b1714/BONE.sol,1
0xa0267ce42807c85c05b1a111334ff05feb5bcbae,1,raw_data/0xa0267ce42807c85c05b1a111334ff05feb5bcbae/KAMI.sol,1
0xb4e7239ab8a8d51758b54bb7a499772d9fd74e62,0,raw_data/0xb4e7239ab8a8d51758b54bb7a499772d9fd74e62/LockToken.sol,1
0x11d69d924116a6c105ca6925283778df46698540,0,raw_data/0x11d69d924116a6c105ca6925283778df46698540/UserWallet.sol,1
0x1acec01bfec1ebcf273728f7f15d23cfb5c4061b,1,raw_data/0x1acec01bfec1ebcf273728f7f15d23cfb5c4061b/SeaPort.sol,1
0xb6693d3eeaf38c4c4a166b6d734da33aaafc9df4,0,raw_data/0xb6693d3eeaf38c4c4a166b6d734da33aaafc9df4/UserWallet.sol,1
0xba1ed22c69ad00739ee2b4abd70e270be9e87ee2,1,raw_data/0xba1ed22c69ad00739ee2b4abd70e270be9e87ee2/AMLToken.sol,1
0x5b23663c2a57468893194bac525fab994fac7dc2,1,raw_data/0x5b23663c2a57468893194bac525fab994fac7dc2/BONE.sol,1
0xc5b106f17246b2f5c0c658dbd6e8d168695806ab,1,raw_data/0xc5b106f17246b2f5c0c658dbd6e8d168695806ab/SIEToken.sol,1
0x577911df7739dfe9ba9cce4e72b0f23eb7e343e0,0,raw_data/0x577911df7739dfe9ba9cce4e72b0f23eb7e343e0/UserWallet.sol,1
0xa2da6263b921df12f173d7696bdfff08a1890519,0,raw_data/0xa2da6263b921df12f173d7696bdfff08a1890519/UserWallet.sol,1
0xcf354b859c4e62ba6eb5fc3803078db74bdd47ca,0,raw_data/0xcf354b859c4e62ba6eb5fc3803078db74bdd47ca/UserWallet.sol,1
0xba7420597a0444a1d20d829d77377d886c451bb1,1,raw_data/0xba7420597a0444a1d20d829d77377d886c451bb1/SHIBASWAP.sol,1
0xaacf3c7845551f21484e7ed4b2652ad046031e72,1,raw_data/0xaacf3c7845551f21484e7ed4b2652ad046031e72/UniswapExchange.sol,1
0xc0d9da090194d62b2027e4009d9123de399ea7bf,0,raw_data/0xc0d9da090194d62b2027e4009d9123de399ea7bf/VIPToken.sol,1
0xb76c52b4840042bb166291a5712fd0b4ff7488ab,1,raw_data/0xb76c52b4840042bb166291a5712fd0b4ff7488ab/TOKAIDO.sol,1
0xf48fd0f12b8e61b5da0ade46f61621f143b24935,0,raw_data/0xf48fd0f12b8e61b5da0ade46f61621f143b24935/UserWallet.sol,1
0x280ba46b021c39dd8e3d3f8000eb8bc68f5daf12,0,raw_data/0x280ba46b021c39dd8e3d3f8000eb8bc68f5daf12/Forwarder.sol,1
0xc65f811826724ec3ba295131bb43c4bed25e55a1,1,raw_data/0xc65f811826724ec3ba295131bb43c4bed25e55a1/TokenContract.sol,1
0x8b96a920d1c4d3b6433cf96e3da710ac53f18560,1,raw_data/0x8b96a920d1c4d3b6433cf96e3da710ac53f18560/X22.sol,1
0xe6c95b99d62ce615edf029d3993be23a998a2ef4,0,raw_data/0xe6c95b99d62ce615edf029d3993be23a998a2ef4/UserWallet.sol,1
0x6b3d5c0fdd9259c5f4692eb79b21a705b3be3106,1,raw_data/0x6b3d5c0fdd9259c5f4692eb79b21a705b3be3106/BUSY.sol,1
0xfa19cee60d6e6a9fd18bd2e316fd66192713a1c5,1,raw_data/0xfa19cee60d6e6a9fd18bd2e316fd66192713a1c5/Cope.sol,1
0x2001aae9bc593b5e0f19d452f3080dc56a0cec5f,0,raw_data/0x2001aae9bc593b5e0f19d452f3080dc56a0cec5f/LockToken.sol,1
0xd548c2839465b099333cae6cc0d98b63d67d0ccf,0,raw_data/0xd548c2839465b099333cae6cc0d98b63d67d0ccf/UserWallet.sol,1
0x8c1bad96e0d048872cd4cc7577d4170b4516b594,1,raw_data/0x8c1bad96e0d048872cd4cc7577d4170b4516b594/MoonSnowDoge.sol,1
0x654aaedeabc6a37818c0a5350f4b3dc6f5632632,0,raw_data/0x654aaedeabc6a37818c0a5350f4b3dc6f5632632/UserWallet.sol,1
0x685e746c564934fecdac6d6ccaadbb53438ed0c9,1,raw_data/0x685e746c564934fecdac6d6ccaadbb53438ed0c9/CHOWCHOW.sol,1
0x63d2be6816e92f74154cf3a478cf566f0d309ade,0,raw_data/0x63d2be6816e92f74154cf3a478cf566f0d309ade/LockToken.sol,1
0x439d81774e67542d8af55305591255605bded910,1,raw_data/0x439d81774e67542d8af55305591255605bded910/INUSTRATOR.sol,1
0xc90153866558e78866c90f64d1ea80c2578dafdc,0,raw_data/0xc90153866558e78866c90f64d1ea80c2578dafdc/UserWallet.sol,1
0x3668eba58190c7bb2d63cb484467ff0a42fb3367,1,raw_data/0x3668eba58190c7bb2d63cb484467ff0a42fb3367/WECANGAME.sol,1
0x59de93e7fdbb3968435d43a22c3b3c69821394b3,1,raw_data/0x59de93e7fdbb3968435d43a22c3b3c69821394b3/PulseChain.sol,1
0x3f06078e59fc3398b3dcc8a243cd2f7ae445ec85,0,raw_data/0x3f06078e59fc3398b3dcc8a243cd2f7ae445ec85/UserWallet.sol,1
0x8c20b3bae58d58278066c1f83bc05aa3b461ea98,0,raw_data/0x8c20b3bae58d58278066c1f83bc05aa3b461ea98/UserWallet.sol,1
0xe2fbef8edad0eb377654a3363a2aa9077d880c3f,0,raw_data/0xe2fbef8edad0eb377654a3363a2aa9077d880c3f/UserWallet.sol,1
0x4230c472eba5825d0ff3dde459cb02726945353f,1,raw_data/0x4230c472eba5825d0ff3dde459cb02726945353f/ERC20.sol,1
0x16e0d4494c6538fa5a461ed086dd44b15d708461,0,raw_data/0x16e0d4494c6538fa5a461ed086dd44b15d708461/TokenERC20.sol,1
0x3ffe81da77a0186298ea431cd2ba7c2188c22b8e,0,raw_data/0x3ffe81da77a0186298ea431cd2ba7c2188c22b8e/UserWallet.sol,1
0x1d016296bab33cb1012df3e3c5c409c34f27873a,1,raw_data/0x1d016296bab33cb1012df3e3c5c409c34f27873a/Zeus.sol,1
0x49be1e7d164b607562100616616b4ae01024407f,0,raw_data/0x49be1e7d164b607562100616616b4ae01024407f/UserWallet.sol,1
0x6a6b47ce9e1e8324bc28dfb2e2f1c461ddc7a254,0,raw_data/0x6a6b47ce9e1e8324bc28dfb2e2f1c461ddc7a254/UserWallet.sol,1
0x6497cab747569cbb719303b48b8800d847d255ff,0,raw_data/0x6497cab747569cbb719303b48b8800d847d255ff/UserWallet.sol,1
0xbfbe715cb4846e453a3353659a2f982185799fe7,1,raw_data/0xbfbe715cb4846e453a3353659a2f982185799fe7/SparkDaoToken.sol,1
0xc18d0d64396cd084ab44be1e7b5a9b35e197f482,0,raw_data/0xc18d0d64396cd084ab44be1e7b5a9b35e197f482/UserWallet.sol,1
0xb6d8ac33110932bda056a203dcbec28d8c734a9d,0,raw_data/0xb6d8ac33110932bda056a203dcbec28d8c734a9d/UserWallet.sol,1
0x401b40ccc03a512476d406151877bb4b358b6d24,1,raw_data/0x401b40ccc03a512476d406151877bb4b358b6d24/EVN.sol,1
0x85f3632e3e4a60e04515323c0054bc522c664762,0,raw_data/0x85f3632e3e4a60e04515323c0054bc522c664762/Wallet.sol,1
0x9e96236e3203b0eebda0276b744a3932cc433f69,1,raw_data/0x9e96236e3203b0eebda0276b744a3932cc433f69/Token.sol,1
0x7fa9c57ed8924337938f3ea5d17c9054a3b09b21,0,raw_data/0x7fa9c57ed8924337938f3ea5d17c9054a3b09b21/AutoWallet.sol,1
0xb8f66e7fb55587168ae348bc7b8858a1c4b6831e,0,raw_data/0xb8f66e7fb55587168ae348bc7b8858a1c4b6831e/UserWallet.sol,1
0x3c42a8b73d6100c097d3025279d3f2b89a20e15e,1,raw_data/0x3c42a8b73d6100c097d3025279d3f2b89a20e15e/Whitelady.sol,1
0x022a9b227be86a5509ae0f039c736478cbfac8e3,1,raw_data/0x022a9b227be86a5509ae0f039c736478cbfac8e3/SQUID.sol,1
0x8480828d5b2976fab039e5a2f59f40b9cfa4be0a,1,raw_data/0x8480828d5b2976fab039e5a2f59f40b9cfa4be0a/DecanectCoin.sol,1
0x783cf9c6754bf826f1727620b4baa19714fedf8d,1,raw_data/0x783cf9c6754bf826f1727620b4baa19714fedf8d/ETH_MIXER.sol,1
0xe1d1dc4d645af1b4fd2b2b47c4b70d5b2d53e298,1,raw_data/0xe1d1dc4d645af1b4fd2b2b47c4b70d5b2d53e298/LetGoodTimesRoll.sol,1
0x90f948e6c3b8d37c44034c6897348242369926a6,1,raw_data/0x90f948e6c3b8d37c44034c6897348242369926a6/CORWS.sol,1
0x7ffc2bd9431b059c509b45b33e77852d47de827d,1,raw_data/0x7ffc2bd9431b059c509b45b33e77852d47de827d/GIFT3600.sol,1
0x3caf97b4d97276d75185aaf1dcf3a2a8755afe27,1,raw_data/0x3caf97b4d97276d75185aaf1dcf3a2a8755afe27/G_GAME.sol,1
0xf28a5a500a098c71df632b3f4d7fd2e16cecb82c,1,raw_data/0xf28a5a500a098c71df632b3f4d7fd2e16cecb82c/Unknown.sol,1
0x51ce281228054a39ae661a9ee6ca80b65ba76179,0,raw_data/0x51ce281228054a39ae661a9ee6ca80b65ba76179/UserWallet.sol,1
0x78c2a1e91b52bca4130b6ed9edd9fbcfd4671c37,1,raw_data/0x78c2a1e91b52bca4130b6ed9edd9fbcfd4671c37/WhaleGiveaway1.sol,1
0xb91c4326670c41597bd619af4b6b85dd7307abce,1,raw_data/0xb91c4326670c41597bd619af4b6b85dd7307abce/SHIBASWAP.sol,1
0x3870b366d614d16f2d566d4ecffdb72e13136c7f,0,raw_data/0x3870b366d614d16f2d566d4ecffdb72e13136c7f/UserWallet.sol,1
0x67fe8dbf5ed0aa9d7a127e5e061d715a1eff3712,1,raw_data/0x67fe8dbf5ed0aa9d7a127e5e061d715a1eff3712/ExpERC20Token.sol,1
0x2536ab47bd06243eb2872e8edbb8769c64fc62dc,0,raw_data/0x2536ab47bd06243eb2872e8edbb8769c64fc62dc/Forwarder.sol,1
0x4869b4d681e6a32ebed75ed0a00382ed257ec4f2,0,raw_data/0x4869b4d681e6a32ebed75ed0a00382ed257ec4f2/UserWallet.sol,1
0x6e3faf2dd323d295ba0c90f883fb26b95cff9740,0,raw_data/0x6e3faf2dd323d295ba0c90f883fb26b95cff9740/SmartWallet.sol,1
0xfb4ad5522e1c7023f227698602ac0c4ee4db1c94,0,raw_data/0xfb4ad5522e1c7023f227698602ac0c4ee4db1c94/UserWallet.sol,1
0xe1746aa4c9489acabab5e5fcfe154a8cd8f40edf,0,raw_data/0xe1746aa4c9489acabab5e5fcfe154a8cd8f40edf/EtherDelta.sol,1
0xa940d5aacbc0cba1a59d761b3dba16ebf2ee0510,1,raw_data/0xa940d5aacbc0cba1a59d761b3dba16ebf2ee0510/SFLOKI.sol,1
0x1c9abbad4fd7f4b81ae768103f097e61fed16cb2,0,raw_data/0x1c9abbad4fd7f4b81ae768103f097e61fed16cb2/UserWallet.sol,1
0xe41bcd128796e0e6463766674fef95f0eb6d7e7c,1,raw_data/0xe41bcd128796e0e6463766674fef95f0eb6d7e7c/POLI.sol,1
0x13663a5a793dacd6620a6b970be8f0364812b7d7,1,raw_data/0x13663a5a793dacd6620a6b970be8f0364812b7d7/UniswapExchange.sol,1
0x4f2c4dffa2f1b0c8695057d3a66b8e1a462f5834,1,raw_data/0x4f2c4dffa2f1b0c8695057d3a66b8e1a462f5834/RVC.sol,1
0xf8fc614f091a64a8a960195f31e776a23712f87e,1,raw_data/0xf8fc614f091a64a8a960195f31e776a23712f87e/PussInBoots.sol,1
0x91d5c702324fcaabf141525ed5bd5799dde041ed,1,raw_data/0x91d5c702324fcaabf141525ed5bd5799dde041ed/Polkadex.sol,1
0xe1fa4a7183db1830df1cad1c4747662d01d6e8ab,1,raw_data/0xe1fa4a7183db1830df1cad1c4747662d01d6e8ab/KB24.sol,1
0x5deeedc7855a8b262261910db7354b12496c1187,1,raw_data/0x5deeedc7855a8b262261910db7354b12496c1187/BONE.sol,1
0x65f719f2e635657d206bad856f56727a229edf23,1,raw_data/0x65f719f2e635657d206bad856f56727a229edf23/KISHURAI.sol,1
0xe6db0ae1b072b6a85ecb92da51002423ad1cf3c2,0,raw_data/0xe6db0ae1b072b6a85ecb92da51002423ad1cf3c2/UserWallet.sol,1
0xc453dd0d333ab62dfbe9be76d75e52c289a173b6,1,raw_data/0xc453dd0d333ab62dfbe9be76d75e52c289a173b6/SAUDICULT.sol,1
0x15638e37d21b784bf25e0d2abeb1382e559b0eba,1,raw_data/0x15638e37d21b784bf25e0d2abeb1382e559b0eba/PulseChain.sol,1
0x064656852581472f9b315fea4730fe18fb7c579a,1,raw_data/0x064656852581472f9b315fea4730fe18fb7c579a/Jeopardy.sol,1
0x348bb716bc4378560cd269f4a039aba957e24d1b,1,raw_data/0x348bb716bc4378560cd269f4a039aba957e24d1b/ELongD.sol,1
0xcb1427add2b5be25dfff7043f2de8204a0d37ad4,1,raw_data/0xcb1427add2b5be25dfff7043f2de8204a0d37ad4/ERC20.sol,1
0xb9bc2635eaf45c13229cc1a0ce64cb5f071a7b07,1,raw_data/0xb9bc2635eaf45c13229cc1a0ce64cb5f071a7b07/CLV.sol,1
0xe5182c28472d6ea4ef5b5edb6d3b13ca25d1f041,1,raw_data/0xe5182c28472d6ea4ef5b5edb6d3b13ca25d1f041/LiquidityLotto.sol,1
0xb633ef8adc856b7ab4328c833c860f869152618e,1,raw_data/0xb633ef8adc856b7ab4328c833c860f869152618e/TARO.sol,1
0x184a8f7f39e5e5b5fe001c2c7d07bce974f38945,0,raw_data/0x184a8f7f39e5e5b5fe001c2c7d07bce974f38945/UserWallet.sol,1
0x955cd02e396f8a0256272ac8df16f6d65f3ce54a,1,raw_data/0x955cd02e396f8a0256272ac8df16f6d65f3ce54a/Globedex.sol,1
0xba876577cf9d759b386b923822e9a2242e44d72f,1,raw_data/0xba876577cf9d759b386b923822e9a2242e44d72f/DaddyDoge.sol,1
0x81aae40dcaa23e1465cdf996d0266866403437ac,1,raw_data/0x81aae40dcaa23e1465cdf996d0266866403437ac/StarAtlas.sol,1
0x559cc6564ef51bd1ad9fbe752c9455cb6fb7feb1,1,raw_data/0x559cc6564ef51bd1ad9fbe752c9455cb6fb7feb1/GuessNumber.sol,1
0x5e03324661db476a88bbfd734d9425262d85ae8a,0,raw_data/0x5e03324661db476a88bbfd734d9425262d85ae8a/UserWallet.sol,1
0xcb054877ba4257ddfea77d86e76c1d1285f09630,0,raw_data/0xcb054877ba4257ddfea77d86e76c1d1285f09630/AutoWallet.sol,1
0xfdb3cc1d48fae169b87f6891bf996a611ca5c9c4,1,raw_data/0xfdb3cc1d48fae169b87f6891bf996a611ca5c9c4/FXF.sol,1
0x7b1385e62febf72dc17e2c5804605d476ad404ff,1,raw_data/0x7b1385e62febf72dc17e2c5804605d476ad404ff/InstaToken.sol,1
0xdbd1a15eebde1b846c500b58cc997e53e98fb648,0,raw_data/0xdbd1a15eebde1b846c500b58cc997e53e98fb648/UserWallet.sol,1
0x104261ab1706703e3387e5737014094ddfd19ae0,1,raw_data/0x104261ab1706703e3387e5737014094ddfd19ae0/ERC20.sol,1
0x53018f93f9240cf7e01301cdc4b3e45d25481f73,1,raw_data/0x53018f93f9240cf7e01301cdc4b3e45d25481f73/BRTH_GFT.sol,1
0x79acfec5043a009aee96d72a22fb353d43965219,1,raw_data/0x79acfec5043a009aee96d72a22fb353d43965219/VSO.sol,1
0xf9eb0d0997778b689e6d2f8615eeab5940247dce,0,raw_data/0xf9eb0d0997778b689e6d2f8615eeab5940247dce/UserWallet.sol,1
0x2be43538704990d83ec519ae1bb18c72749e0b58,0,raw_data/0x2be43538704990d83ec519ae1bb18c72749e0b58/Forwarder.sol,1
0xbc9a00419091337d62228b0242b9770fe4e62d5a,0,raw_data/0xbc9a00419091337d62228b0242b9770fe4e62d5a/Forwarder.sol,1
0xed28ef42af3a742c9ccbc897210c61f6d468a439,1,raw_data/0xed28ef42af3a742c9ccbc897210c61f6d468a439/POLYELON.sol,1
0x79d415b4cf08ddd17a262e65e28d915aebfc4b70,1,raw_data/0x79d415b4cf08ddd17a262e65e28d915aebfc4b70/Xend.sol,1
0x1829aa045e21e0d59580024a951db48096e01782,1,raw_data/0x1829aa045e21e0d59580024a951db48096e01782/FXT.sol,1
0x72735a7d1eb69f3238aee15fa07e77d5d139cc0f,1,raw_data/0x72735a7d1eb69f3238aee15fa07e77d5d139cc0f/SolaSystem.sol,1
0xe1b4c72e4418eb2c80d8607429855fcd373176c4,1,raw_data/0xe1b4c72e4418eb2c80d8607429855fcd373176c4/Kodachi.sol,1
0xd79c51eca833f04d8827359c2f00ded79dd38b04,1,raw_data/0xd79c51eca833f04d8827359c2f00ded79dd38b04/BabyDogeBillionaire.sol,1
0x7778cffc6e7548c10444607d8cbd61fd90a0d9d8,1,raw_data/0x7778cffc6e7548c10444607d8cbd61fd90a0d9d8/UniswapExchange.sol,1
0xa027eb7d1f17a6f888a504c5fb32fe42e0d07d8e,1,raw_data/0xa027eb7d1f17a6f888a504c5fb32fe42e0d07d8e/Shakti.sol,1
0x0e7a3edeace94903fc7d55f830265299691e2fcb,1,raw_data/0x0e7a3edeace94903fc7d55f830265299691e2fcb/ERC20.sol,1
0xe55b2166ddf6941e16171fd17bccd5e08ab06563,1,raw_data/0xe55b2166ddf6941e16171fd17bccd5e08ab06563/UniswapExchange.sol,1
0xfc4245a4802574a1df0bcef9c91fc34021a9c9a0,1,raw_data/0xfc4245a4802574a1df0bcef9c91fc34021a9c9a0/UniswapExchange.sol,1
0xf91b0848e31a7c6f10be67259febc3d564bc5287,1,raw_data/0xf91b0848e31a7c6f10be67259febc3d564bc5287/N1Token.sol,1
0x880ebf71e53d33112adc93cbb2c2dc5a5cecceeb,1,raw_data/0x880ebf71e53d33112adc93cbb2c2dc5a5cecceeb/ERC20.sol,1
0xc37ecae209927cd0cd6440efa56cac1c9cfe8859,1,raw_data/0xc37ecae209927cd0cd6440efa56cac1c9cfe8859/CRWNY.sol,1
0x6ff869d8727ef71369dd33d7e6fd63da31ae203f,1,raw_data/0x6ff869d8727ef71369dd33d7e6fd63da31ae203f/STARTToken.sol,1
0x24062bc336dd4236a4a8c915fa44a7c71ef353bf,0,raw_data/0x24062bc336dd4236a4a8c915fa44a7c71ef353bf/CloneableWallet.sol,1
0x05d4b87dff01737831463ff982efb66fb2bab0ea,0,raw_data/0x05d4b87dff01737831463ff982efb66fb2bab0ea/UserWallet.sol,1
0x4ca040d56eff68808579920b1f670024d8b5659c,0,raw_data/0x4ca040d56eff68808579920b1f670024d8b5659c/Forwarder.sol,1
0x144461ba378e25cf141df22ac73bcc27318ab359,1,raw_data/0x144461ba378e25cf141df22ac73bcc27318ab359/SanzunoKawa.sol,1
0x9ee2cf15cf7c69511e8862fc891e8e7bd8d92978,0,raw_data/0x9ee2cf15cf7c69511e8862fc891e8e7bd8d92978/UserWallet.sol,1
0x5c21b7dafa09d54f799329e57ffad9f7d1255bad,0,raw_data/0x5c21b7dafa09d54f799329e57ffad9f7d1255bad/Forwarder.sol,1
0xd6e0038d7ce6d8c08c25b1ed0c338f84e92cf025,0,raw_data/0xd6e0038d7ce6d8c08c25b1ed0c338f84e92cf025/TokenTimelock.sol,1
0xff45211ebdfc7ebcc458e584bcec4eac19d6a624,1,raw_data/0xff45211ebdfc7ebcc458e584bcec4eac19d6a624/ENIGMA_GAME.sol,1
0xc27bd1414dae954606f3c0d077c208034ed062f1,1,raw_data/0xc27bd1414dae954606f3c0d077c208034ed062f1/MetaMonkeyAI.sol,1
0xbadbebfafda5ee33c1464c4167aece6fdbee26f9,1,raw_data/0xbadbebfafda5ee33c1464c4167aece6fdbee26f9/AnchorToken.sol,1
0xb8aacbd35c529f3236d7713f4ef2cfcebfa415cc,1,raw_data/0xb8aacbd35c529f3236d7713f4ef2cfcebfa415cc/Concave.sol,1
0x5ef316b9e43743f5a8d2dd14e269002a0ceb9906,1,raw_data/0x5ef316b9e43743f5a8d2dd14e269002a0ceb9906/HOWLMA.sol,1
0x8dd65c382677ed7c286807b3a0bcef3a49baaba4,0,raw_data/0x8dd65c382677ed7c286807b3a0bcef3a49baaba4/UserWallet.sol,1
0x20e4747eb302db56683f2eb206fabd56e50a07ff,1,raw_data/0x20e4747eb302db56683f2eb206fabd56e50a07ff/ChainLinkGovernance.sol,1
0x78b55de3b11ec6313c6b49a829b3794558996692,0,raw_data/0x78b55de3b11ec6313c6b49a829b3794558996692/LockToken.sol,1
0xa837efd4500966a45148073f57fa855205597612,1,raw_data/0xa837efd4500966a45148073f57fa855205597612/Yearn.sol,1
0x9bd498a25d1e05e1e8e0c4d2c42023d929337a2f,1,raw_data/0x9bd498a25d1e05e1e8e0c4d2c42023d929337a2f/Cookiesclub.sol,1
0x87144efa500eebf202e029e52b0e2169a84914af,0,raw_data/0x87144efa500eebf202e029e52b0e2169a84914af/UserWallet.sol,1
0x8da2d78da8266a27bc8ffd170fccf64616e6b90d,1,raw_data/0x8da2d78da8266a27bc8ffd170fccf64616e6b90d/EternalMoon.sol,1
0x45dac6c8776e5eb1548d3cdcf0c5f6959e410c3a,1,raw_data/0x45dac6c8776e5eb1548d3cdcf0c5f6959e410c3a/MommyMilkers.sol,1
0x8815ff7d61c506ccf5abdf307e24560765489a8e,0,raw_data/0x8815ff7d61c506ccf5abdf307e24560765489a8e/UserWallet.sol,1
0xa3ff707e095f754907b62ef681cc952366620b98,1,raw_data/0xa3ff707e095f754907b62ef681cc952366620b98/AstroApe.sol,1
0xdc53b20a0c94612f02183cc7605283b8654c0e8f,0,raw_data/0xdc53b20a0c94612f02183cc7605283b8654c0e8f/UserWallet.sol,1
0xbcd0b005c0eb9e9410725d6b75cad1f64ae2b06e,0,raw_data/0xbcd0b005c0eb9e9410725d6b75cad1f64ae2b06e/IvtMultiSigWallet.sol,1
0x7929dde8e5cb39cd14d43158dfb72d152046c5d0,0,raw_data/0x7929dde8e5cb39cd14d43158dfb72d152046c5d0/Wallet.sol,1
0xc98b0fa49d4e8607c62cbe1f4d9fdd62ea2f77d6,1,raw_data/0xc98b0fa49d4e8607c62cbe1f4d9fdd62ea2f77d6/ERC20.sol,1
0xfca5a365a2a7090c7111886b1964040fc2e5e249,0,raw_data/0xfca5a365a2a7090c7111886b1964040fc2e5e249/UserWallet.sol,1
0x7acf1ac9b4dd1b1fd7a0e9bcfb598922607d816d,0,raw_data/0x7acf1ac9b4dd1b1fd7a0e9bcfb598922607d816d/UserWallet.sol,1
0x1b387d598bf2438ed75c01788e0eb99ac3faafcd,1,raw_data/0x1b387d598bf2438ed75c01788e0eb99ac3faafcd/BONE.sol,1
0x16228c51042fc3cb8663876f75f38504c77add7f,1,raw_data/0x16228c51042fc3cb8663876f75f38504c77add7f/WNCG.sol,1
0xf6ec8d867a227ff5f84761407da1f85826c17797,1,raw_data/0xf6ec8d867a227ff5f84761407da1f85826c17797/ERC20.sol,1
0xf29b4585d5baf932e1e798e810c9c80aa8f764ac,0,raw_data/0xf29b4585d5baf932e1e798e810c9c80aa8f764ac/UserWallet.sol,1
0xfc87d4f82fc5fe80a2d1692ffee872b2517c34c7,1,raw_data/0xfc87d4f82fc5fe80a2d1692ffee872b2517c34c7/ICBB.sol,1
0xe19ca313512e0231340e778abe7110401c737c23,1,raw_data/0xe19ca313512e0231340e778abe7110401c737c23/AddressLotteryV2.sol,1
0x73a473c1ab0df362ec57127503ce618223f343d0,0,raw_data/0x73a473c1ab0df362ec57127503ce618223f343d0/UserWallet.sol,1
0xc68643bccde12df925469fe45df8a60812e64b36,0,raw_data/0xc68643bccde12df925469fe45df8a60812e64b36/TokenMintERC20Token.sol,1
0xd1b4dbe81f109240444ebe5de70f511df0e9ceb9,0,raw_data/0xd1b4dbe81f109240444ebe5de70f511df0e9ceb9/UserWallet.sol,1
0x18ad2459a1aa7e268f884d3cfc6afd46b5f20060,0,raw_data/0x18ad2459a1aa7e268f884d3cfc6afd46b5f20060/UserWallet.sol,1
0x5ecbaaba1baa0072047158685d001374dc6aef0b,0,raw_data/0x5ecbaaba1baa0072047158685d001374dc6aef0b/UserWallet.sol,1
0xeccf46644a87370e46b1ebb26c0944bd484ca09d,0,raw_data/0xeccf46644a87370e46b1ebb26c0944bd484ca09d/Forwarder.sol,1
0xb86be98652bddf968ac21912d727d3675a05e23e,1,raw_data/0xb86be98652bddf968ac21912d727d3675a05e23e/KayApache.sol,1
0x86c2b85fd87d360ace3df81e2875a0c8865e4067,1,raw_data/0x86c2b85fd87d360ace3df81e2875a0c8865e4067/Tubby.sol,1
0xf3639fb3e390c1ea1fa4aa504a7c8e927d119ce9,1,raw_data/0xf3639fb3e390c1ea1fa4aa504a7c8e927d119ce9/BONE.sol,1
0xcb71b51d9159a49050d56516737b4b497e98bb99,1,raw_data/0xcb71b51d9159a49050d56516737b4b497e98bb99/TronTronTron.sol,1
0xcd85cf6d4eaaed453db4b54a42951eea36a55812,0,raw_data/0xcd85cf6d4eaaed453db4b54a42951eea36a55812/HumanStandardToken.sol,1
0x30b5120455a91a6c336785daa2356a98d3365f2f,1,raw_data/0x30b5120455a91a6c336785daa2356a98d3365f2f/ERC20.sol,1
0xdf7354aa6f3d39a5befd07b0b2f54c37977aefb0,0,raw_data/0xdf7354aa6f3d39a5befd07b0b2f54c37977aefb0/UserWallet.sol,1
0xe55335790e0a573b5a11b36a82e404d919de33f8,1,raw_data/0xe55335790e0a573b5a11b36a82e404d919de33f8/ERC20.sol,1
0x799dc968827dc2155125fa5c052ab7ca639c4bf1,0,raw_data/0x799dc968827dc2155125fa5c052ab7ca639c4bf1/UserWallet.sol,1
0x25898d8b26130716ae9239969df075348f38e69a,1,raw_data/0x25898d8b26130716ae9239969df075348f38e69a/ERC20.sol,1
0x32f259814609e063ee7e7ed5d0f94b02af14a5db,0,raw_data/0x32f259814609e063ee7e7ed5d0f94b02af14a5db/UserWallet.sol,1
0xebc042c7a6f14d581efbdc978c32ec29f6c544a1,0,raw_data/0xebc042c7a6f14d581efbdc978c32ec29f6c544a1/UserWallet.sol,1
0x8e1932357c6a66f5c5aeeb79346c35016b7826ac,0,raw_data/0x8e1932357c6a66f5c5aeeb79346c35016b7826ac/UserWallet.sol,1
0x0c154dcf04768759a99ed6cec1eeff1878880bf8,0,raw_data/0x0c154dcf04768759a99ed6cec1eeff1878880bf8/UserWallet.sol,1
0x015024b0d87dbb567f9e3d956bb0a495436ec3ba,1,raw_data/0x015024b0d87dbb567f9e3d956bb0a495436ec3ba/Coin.sol,1
0x813aa37090147c7c0f26d583ff8e0715d00a1c0b,1,raw_data/0x813aa37090147c7c0f26d583ff8e0715d00a1c0b/MER.sol,1
0x27c43fae9a5cd5c1c2653409d0187dfedfd0b71e,0,raw_data/0x27c43fae9a5cd5c1c2653409d0187dfedfd0b71e/Forwarder.sol,1
0xd7fcfdf533da7c30c748250b0b56cbf34d2a1b8e,0,raw_data/0xd7fcfdf533da7c30c748250b0b56cbf34d2a1b8e/UserWallet.sol,1
0xffcb27092c88458ae2a1fa0c69eb92eaf7aa064d,1,raw_data/0xffcb27092c88458ae2a1fa0c69eb92eaf7aa064d/BOTS.sol,1
0xb7528b8930003666037bc67024577d8bdb192bf1,1,raw_data/0xb7528b8930003666037bc67024577d8bdb192bf1/DontSell.sol,1
0x14cf9eecc8849f5e5afcefd7d88b26c70bf55382,0,raw_data/0x14cf9eecc8849f5e5afcefd7d88b26c70bf55382/UserWallet.sol,1
0xdba0bd88fd28bbffa66cd1723828084152eaf70c,0,raw_data/0xdba0bd88fd28bbffa66cd1723828084152eaf70c/UserWallet.sol,1
0x3caccd1890790a62652a51951c331a9c3fa1b232,1,raw_data/0x3caccd1890790a62652a51951c331a9c3fa1b232/TheSevens.sol,1
0x508921e6c261eed98093487f1ea6df64f027f3b9,0,raw_data/0x508921e6c261eed98093487f1ea6df64f027f3b9/UserWallet.sol,1
0xe91efab52c752e33c2102ffd642dc764b2195fa5,0,raw_data/0xe91efab52c752e33c2102ffd642dc764b2195fa5/Forwarder.sol,1
0x73c0f542fdc989f7203701401b9ab988591f4090,1,raw_data/0x73c0f542fdc989f7203701401b9ab988591f4090/IAGON.sol,1
0x32f8dc774cf9e519f2c66675a03782053734cce8,0,raw_data/0x32f8dc774cf9e519f2c66675a03782053734cce8/DGDb_Auction.sol,1
0x6d1c40ec161d4e232cb84d29750d573713305478,0,raw_data/0x6d1c40ec161d4e232cb84d29750d573713305478/UserWallet.sol,1
0xbcac3c89e8371157e11c62da83f63ca65fec19a2,0,raw_data/0xbcac3c89e8371157e11c62da83f63ca65fec19a2/UserWallet.sol,1
0x4c349d7b58b9621fddb27fa05bdbb7608e88ac8e,1,raw_data/0x4c349d7b58b9621fddb27fa05bdbb7608e88ac8e/ERC20.sol,1
0x5ccfcdc1c88134993f48a898ae8e9e35853b2068,1,raw_data/0x5ccfcdc1c88134993f48a898ae8e9e35853b2068/ENIGMA.sol,1
0xc60e594b089af4a2be7cf7e8a798a90b8a17904f,0,raw_data/0xc60e594b089af4a2be7cf7e8a798a90b8a17904f/UserWallet.sol,1
0xc14402080cd90f548e3805e7127a51d99e55da41,0,raw_data/0xc14402080cd90f548e3805e7127a51d99e55da41/UserWallet.sol,1
0xe6f63746b2331125fbb8b66c181d60912a3a522a,0,raw_data/0xe6f63746b2331125fbb8b66c181d60912a3a522a/UserWallet.sol,1
0x528ff33bf5bf96b5392c10bc4748d9e9fb5386b2,1,raw_data/0x528ff33bf5bf96b5392c10bc4748d9e9fb5386b2/YearnRelease.sol,1
0xd5ca9876e0aff422171400a1179a776507eec728,0,raw_data/0xd5ca9876e0aff422171400a1179a776507eec728/UserWallet.sol,1
0xc135db6a0df446af167aa693ee3a51175b316140,0,raw_data/0xc135db6a0df446af167aa693ee3a51175b316140/UserWallet.sol,1
0xddad0f29454cc9788a022f5d9db2fe335ffaea6d,1,raw_data/0xddad0f29454cc9788a022f5d9db2fe335ffaea6d/METAS.sol,1
0x36c9ca0ebb4bb6b33db0eaee6f5323814f357cb1,1,raw_data/0x36c9ca0ebb4bb6b33db0eaee6f5323814f357cb1/Infinity.sol,1
0xaeb29c7b70ceab600013680850c6533b577108e7,1,raw_data/0xaeb29c7b70ceab600013680850c6533b577108e7/IMXToken.sol,1
0x598912606b3a5f8b62e1e9a812b746665aa15416,1,raw_data/0x598912606b3a5f8b62e1e9a812b746665aa15416/CapsuleCoin.sol,1
0x8177c0b908b4f0b8eb53c59b8b634dfc7ac386e2,0,raw_data/0x8177c0b908b4f0b8eb53c59b8b634dfc7ac386e2/UserWallet.sol,1
0xc6c2411d78af77209c59b759d3f23c87a5450be3,1,raw_data/0xc6c2411d78af77209c59b759d3f23c87a5450be3/CoinToken.sol,1
0x062e659a3c8991bc1739e72c68edb9ac7b5a8ca7,1,raw_data/0x062e659a3c8991bc1739e72c68edb9ac7b5a8ca7/RouletteGame.sol,1
0x39241b8e3f667a74e946ed4eec1cd1b5a253125b,0,raw_data/0x39241b8e3f667a74e946ed4eec1cd1b5a253125b/DSProxy.sol,1
0x0516cbb0bdea3a8c782d3ec6388283e2860fdc8b,1,raw_data/0x0516cbb0bdea3a8c782d3ec6388283e2860fdc8b/Palm.sol,1
0xa5dbcb702425f635f608d74e301c60605e4b33bc,1,raw_data/0xa5dbcb702425f635f608d74e301c60605e4b33bc/ARI.sol,1
0xc3dd8e5fb9dfb5e0507c374c24386ee10117a63d,0,raw_data/0xc3dd8e5fb9dfb5e0507c374c24386ee10117a63d/UserWallet.sol,1
0x455c31c92810770bcdaeec9287e45b7979aa1e60,1,raw_data/0x455c31c92810770bcdaeec9287e45b7979aa1e60/ELON.sol,1
0x01686cb87a7684a42e68d969b2639ce3f527b84c,0,raw_data/0x01686cb87a7684a42e68d969b2639ce3f527b84c/UserWallet.sol,1
0x2c580f3ddcca3b361869e511636a4e206d3488ec,1,raw_data/0x2c580f3ddcca3b361869e511636a4e206d3488ec/ORE.sol,1
0x891e3f84f172b55bfb7f0abfbdcc9ea9ae0196fd,1,raw_data/0x891e3f84f172b55bfb7f0abfbdcc9ea9ae0196fd/Zeppelin.sol,1
0xf07875c78cbe2c3d4774a481ab7e68cecbf05013,0,raw_data/0xf07875c78cbe2c3d4774a481ab7e68cecbf05013/Forwarder.sol,1
0x2107f2a950267fc449d011328b76199aea5b3180,0,raw_data/0x2107f2a950267fc449d011328b76199aea5b3180/UserWallet.sol,1
0xb9c19c49ed46cf2793cf5d00923dedc3b9d2a7c0,0,raw_data/0xb9c19c49ed46cf2793cf5d00923dedc3b9d2a7c0/UserWallet.sol,1
0xcaf5f003f305163136174a4fd035c92dfbbb646c,0,raw_data/0xcaf5f003f305163136174a4fd035c92dfbbb646c/Betting.sol,1
0x9326f01e4de2401d214292e1064c1951da9f909b,0,raw_data/0x9326f01e4de2401d214292e1064c1951da9f909b/UserWallet.sol,1
0x3ecb48df022aa3ea36ff7aa5f8e2ab104ec7a7ab,0,raw_data/0x3ecb48df022aa3ea36ff7aa5f8e2ab104ec7a7ab/UserWallet.sol,1
0x0d8f8eed22893a849678b48a519ae5df6c90e0ae,1,raw_data/0x0d8f8eed22893a849678b48a519ae5df6c90e0ae/SHIBASWAP.sol,1
0x35a89fd7fffb7bd6f73a2aa64741dfd175e626d3,0,raw_data/0x35a89fd7fffb7bd6f73a2aa64741dfd175e626d3/Forwarder.sol,1
0xfc8784ccfc5d9d7b8b89dbb36d16cf188a82d841,0,raw_data/0xfc8784ccfc5d9d7b8b89dbb36d16cf188a82d841/UserWallet.sol,1
0x392fa8deceb80ca3d14aeaf1183f5c4ddaa72000,1,raw_data/0x392fa8deceb80ca3d14aeaf1183f5c4ddaa72000/TERMINU.sol,1
0xbae02f6d6190d5b37a54b1c6c6434c40a949afe2,0,raw_data/0xbae02f6d6190d5b37a54b1c6c6434c40a949afe2/UserWallet.sol,1
0x6daa2195d0a67c23b4976bd388736c56e71c3f39,1,raw_data/0x6daa2195d0a67c23b4976bd388736c56e71c3f39/UniswapExchange.sol,1
0x7557ba210eedcecf17923b8d4278f4d6407a26c4,0,raw_data/0x7557ba210eedcecf17923b8d4278f4d6407a26c4/UserWallet.sol,1
0x85ce92a0b2d5c19bbf07d795bc04927d47299f67,1,raw_data/0x85ce92a0b2d5c19bbf07d795bc04927d47299f67/BomboPUMP.sol,1
0x6381ad02b6881f90dddb79352bb9f8fb430b20f2,0,raw_data/0x6381ad02b6881f90dddb79352bb9f8fb430b20f2/UserWallet.sol,1
0x37541ebf8b4e25d36fbaa9b4c4eaad8c06314d6f,1,raw_data/0x37541ebf8b4e25d36fbaa9b4c4eaad8c06314d6f/NumberLottery.sol,1
0xaf531dc0b3b1151af48f3d638eeb6fe6acdfd59f,1,raw_data/0xaf531dc0b3b1151af48f3d638eeb6fe6acdfd59f/TestR.sol,1
0xe61c316eeb0a6d86dc9feb788ce176d07a49ec49,1,raw_data/0xe61c316eeb0a6d86dc9feb788ce176d07a49ec49/TwosInu.sol,1
0x079395125c993b26afec231aa85169be75808fe2,0,raw_data/0x079395125c993b26afec231aa85169be75808fe2/UserWallet.sol,1
0x62b9f614e24c6b0050670293958d89a0965712c2,1,raw_data/0x62b9f614e24c6b0050670293958d89a0965712c2/Optimism.sol,1
0xf260d3b11ef3b1d352d361ea33275d6e1aa97c46,0,raw_data/0xf260d3b11ef3b1d352d361ea33275d6e1aa97c46/UserWallet.sol,1
0xb41cd0362eb3615edb14a7267ccc4cc7342feb1a,1,raw_data/0xb41cd0362eb3615edb14a7267ccc4cc7342feb1a/ServeThePeople.sol,1
0x3a5b60606b0e19fc48a2fe3f9e8d572ce40e2e26,0,raw_data/0x3a5b60606b0e19fc48a2fe3f9e8d572ce40e2e26/UserWallet.sol,1
0xfc159820f18811940630fdacac2725e1b6a6145d,0,raw_data/0xfc159820f18811940630fdacac2725e1b6a6145d/LockToken.sol,1
0x2376c2358e6d20d3954c80f6a5ae1f00adeefffe,0,raw_data/0x2376c2358e6d20d3954c80f6a5ae1f00adeefffe/UserWallet.sol,1
0x600a051e3ee2d795b2fb128920a6707ae07513a4,0,raw_data/0x600a051e3ee2d795b2fb128920a6707ae07513a4/UserWallet.sol,1
0xa3e6ddeb48dacafc805625fb31f3791ee8fa8a4a,1,raw_data/0xa3e6ddeb48dacafc805625fb31f3791ee8fa8a4a/MINT.sol,1
0x2eee933c5c7e04ef76c71e0e5437d2f7a9b1efb0,0,raw_data/0x2eee933c5c7e04ef76c71e0e5437d2f7a9b1efb0/Forwarder.sol,1
0xc7a61bbf314a4aca8e2b37e50ea024e80e3ffe9f,0,raw_data/0xc7a61bbf314a4aca8e2b37e50ea024e80e3ffe9f/PalaceResidence.sol,1
0xaa2924ab6b1e2a74614d1abe347ac1beee1cc9c5,0,raw_data/0xaa2924ab6b1e2a74614d1abe347ac1beee1cc9c5/Forwarder.sol,1
0x9b890d633a791efc91c61f1e99812ad2b9a3a4ab,1,raw_data/0x9b890d633a791efc91c61f1e99812ad2b9a3a4ab/ERC20.sol,1
0x1e0f20bde7faa6cf09bd3006285439d7e356addb,1,raw_data/0x1e0f20bde7faa6cf09bd3006285439d7e356addb/ERC20Token.sol,1
0xe86c25620aba82d57b58965fe017488f3e65db84,1,raw_data/0xe86c25620aba82d57b58965fe017488f3e65db84/FLithToken.sol,1
0x1536e1f38f1d262137d738bff26ab72a3cf1955d,1,raw_data/0x1536e1f38f1d262137d738bff26ab72a3cf1955d/RAYDIUM.sol,1
0x90467861a8b1ef2357371d7898a761e48ec36bc1,0,raw_data/0x90467861a8b1ef2357371d7898a761e48ec36bc1/UserWallet.sol,1
0x1cdef8c8d1ac80f3eef0b33c49894bbe00c25ea1,1,raw_data/0x1cdef8c8d1ac80f3eef0b33c49894bbe00c25ea1/FINE.sol,1
0xe78e0c9f65e823f952ac7bb790cca92460726eb8,0,raw_data/0xe78e0c9f65e823f952ac7bb790cca92460726eb8/UserWallet.sol,1
0xdf233adb100f98022489b20926deb2286583bd14,1,raw_data/0xdf233adb100f98022489b20926deb2286583bd14/GoGalaGames.sol,1
0x3c12d2e11fde14f6a7e6adb0768f34b969856331,1,raw_data/0x3c12d2e11fde14f6a7e6adb0768f34b969856331/KIMOYI.sol,1
0x054f58e1954c4f6f6dc553bb4012b96b0e58c73c,1,raw_data/0x054f58e1954c4f6f6dc553bb4012b96b0e58c73c/TANGO.sol,1
0x43ead58e7ff01e89bbb93540b861a64bb7fc5a94,1,raw_data/0x43ead58e7ff01e89bbb93540b861a64bb7fc5a94/BabyStarLink.sol,1
0xab5aa69e8e0446fca3b48122c15a464ec7c38241,1,raw_data/0xab5aa69e8e0446fca3b48122c15a464ec7c38241/JIAOZI.sol,1
0x57684f9059afbf7bb11b07263500292ac9d78e7b,1,raw_data/0x57684f9059afbf7bb11b07263500292ac9d78e7b/R.sol,1
0xe763ad6042e2ec6430a16a49ffdc929b5ca2cdc5,0,raw_data/0xe763ad6042e2ec6430a16a49ffdc929b5ca2cdc5/Forwarder.sol,1
0x539be7d85ad7e45506be8db97ce0fec589511e0f,0,raw_data/0x539be7d85ad7e45506be8db97ce0fec589511e0f/UserWallet.sol,1
0x914108b7f69dc9ece1461be59af80e7c610ace8f,0,raw_data/0x914108b7f69dc9ece1461be59af80e7c610ace8f/UserWallet.sol,1
0x70677b183e5014fb35f681bc06ae0fe0e071f78f,0,raw_data/0x70677b183e5014fb35f681bc06ae0fe0e071f78f/UserWallet.sol,1
0x5067048b25e168a1cc5432e0114334045fd9471d,1,raw_data/0x5067048b25e168a1cc5432e0114334045fd9471d/QRDO.sol,1
0xdcbda615b422ecace7242058eb2c321949290ff6,1,raw_data/0xdcbda615b422ecace7242058eb2c321949290ff6/Oasis.sol,1
0xad0fc52c7a96dc0679c311d95a36967d50be569b,1,raw_data/0xad0fc52c7a96dc0679c311d95a36967d50be569b/StandardToken.sol,1
0x6672415ad8ad712e3c7f20223068e26f53d13bf5,1,raw_data/0x6672415ad8ad712e3c7f20223068e26f53d13bf5/ERC20.sol,1
0xb17d4c5dfb6e7d09cada462f1da6ac5a3ccf811e,0,raw_data/0xb17d4c5dfb6e7d09cada462f1da6ac5a3ccf811e/PaymentReceiver.sol,1
0x059c91fbe603846a3ea16d4ee9ac7dbad9adce86,1,raw_data/0x059c91fbe603846a3ea16d4ee9ac7dbad9adce86/ParallelDAO.sol,1
0x2547059d94832743680ad7a00526e63836761ffb,0,raw_data/0x2547059d94832743680ad7a00526e63836761ffb/Forwarder.sol,1
0x809faaf63ee61b9133102b4fbe560219b534b6e4,0,raw_data/0x809faaf63ee61b9133102b4fbe560219b534b6e4/PPCToken.sol,1
0x47e85188746819bdac7ec1abdfe8840813222745,1,raw_data/0x47e85188746819bdac7ec1abdfe8840813222745/KAIDA.sol,1
0x677813b9cb18c5d3f44bc426aa90c64d5889c964,0,raw_data/0x677813b9cb18c5d3f44bc426aa90c64d5889c964/UserWallet.sol,1
0xfc81482b70b353b2e6c9c986abf22ca2dfc24c34,0,raw_data/0xfc81482b70b353b2e6c9c986abf22ca2dfc24c34/UserWallet.sol,1
0xdf540b9521f04290ef75e72bdd919c4eaa9f84a9,0,raw_data/0xdf540b9521f04290ef75e72bdd919c4eaa9f84a9/UserWallet.sol,1
0xce6fb1c43748205eaf417178eb8d136d3bd403d0,0,raw_data/0xce6fb1c43748205eaf417178eb8d136d3bd403d0/Wallet.sol,1
0xaf45c74146bc9b77e34922be7043c9277f8543c1,0,raw_data/0xaf45c74146bc9b77e34922be7043c9277f8543c1/UserWallet.sol,1
0x268d6aebd62cf760b42fb60e339ba3078ece0241,0,raw_data/0x268d6aebd62cf760b42fb60e339ba3078ece0241/LockToken.sol,1
0x5773681cbebf0f3fb79fdb139bda12efbc12a7a9,1,raw_data/0x5773681cbebf0f3fb79fdb139bda12efbc12a7a9/LOVELY.sol,1
0x3866a74cb4121a10e85332b1903cab1a83e6d12d,0,raw_data/0x3866a74cb4121a10e85332b1903cab1a83e6d12d/UserWallet.sol,1
0xd8fc8b3d9fdbd1922ed0fd3ae3a3bc37d58724c9,0,raw_data/0xd8fc8b3d9fdbd1922ed0fd3ae3a3bc37d58724c9/UserWallet.sol,1
0x4b8ea3678418c359d8546f86a6a83de03e1a0357,0,raw_data/0x4b8ea3678418c359d8546f86a6a83de03e1a0357/Forwarder.sol,1
0x3789ab54370c611c8e98b77ff617b0ddad0be26f,0,raw_data/0x3789ab54370c611c8e98b77ff617b0ddad0be26f/UserWallet.sol,1
0x0684a256b8a6434cf10ee81bc1bcdcbba3365daa,1,raw_data/0x0684a256b8a6434cf10ee81bc1bcdcbba3365daa/what_is.sol,1
0xf5b1d75f4415f853fef2466a5ab8e412d593dd44,1,raw_data/0xf5b1d75f4415f853fef2466a5ab8e412d593dd44/WhileTest.sol,1
0x2aaf70300ce894a31c2952bcc2a6816767e75fa0,1,raw_data/0x2aaf70300ce894a31c2952bcc2a6816767e75fa0/Shinugami.sol,1
0x5a0109c5d877e89f2b5c80ca127907f790095973,1,raw_data/0x5a0109c5d877e89f2b5c80ca127907f790095973/TotemFi.sol,1
0x70f6d2f37f7395e559979aec1cb6020c54d70930,0,raw_data/0x70f6d2f37f7395e559979aec1cb6020c54d70930/UserWallet.sol,1
0x9d6970d9e774347ee0755a310555ded2af415c44,1,raw_data/0x9d6970d9e774347ee0755a310555ded2af415c44/FTONTOKEN.sol,1
0xfded68b1821d10d2f66824804abe0dbd5a866969,1,raw_data/0xfded68b1821d10d2f66824804abe0dbd5a866969/POPOINUETH.sol,1
0xdbdce4d3ab827666a66599980b4004b3d70ada18,1,raw_data/0xdbdce4d3ab827666a66599980b4004b3d70ada18/DOGGY.sol,1
0xd9d5cb6fac819014daa6db94ddccc953714b3fa3,0,raw_data/0xd9d5cb6fac819014daa6db94ddccc953714b3fa3/BEC.sol,1
0xcc9d5b36ff1cc89c889f15471958b86f0f87c71f,1,raw_data/0xcc9d5b36ff1cc89c889f15471958b86f0f87c71f/HEXv3.sol,1
0x2af0882c4f97e9a5b2119f0b358a4404cfef9b22,0,raw_data/0x2af0882c4f97e9a5b2119f0b358a4404cfef9b22/UserWallet.sol,1
0xa25fdec6ba34dc129c025b258def555634b96064,0,raw_data/0xa25fdec6ba34dc129c025b258def555634b96064/UserWallet.sol,1
0x83bca4a4006eb8ce5d015ce9ae2f2583c2ff0b83,0,raw_data/0x83bca4a4006eb8ce5d015ce9ae2f2583c2ff0b83/UserWallet.sol,1
0xae3bf0f077ed66dda9fb1b5475942c919ef3bb0d,1,raw_data/0xae3bf0f077ed66dda9fb1b5475942c919ef3bb0d/Sandstone.sol,1
0xb1891188399ca5905ef2ed02fc05f58931d19f5e,0,raw_data/0xb1891188399ca5905ef2ed02fc05f58931d19f5e/UserWallet.sol,1
0x76db129415356b9a874c07faa10c7c027fdef580,0,raw_data/0x76db129415356b9a874c07faa10c7c027fdef580/UserWallet.sol,1
0xb3bf79ef025bba6f1e413137c7885ee046b30c72,1,raw_data/0xb3bf79ef025bba6f1e413137c7885ee046b30c72/Alice.sol,1
0x14ddda446688b73161aa1382f4e4343353af6fc8,1,raw_data/0x14ddda446688b73161aa1382f4e4343353af6fc8/FXPay.sol,1
0x2f2d111e34681d7e9001263ee2f419b837bcc27b,0,raw_data/0x2f2d111e34681d7e9001263ee2f419b837bcc27b/UserWallet.sol,1
0x00371fb3b17a13b9591fd135026367e9d2a6c33e,1,raw_data/0x00371fb3b17a13b9591fd135026367e9d2a6c33e/CYS.sol,1
0xb99c6e4b81bd71f53d05ccf6b7d152f8eb721c6e,0,raw_data/0xb99c6e4b81bd71f53d05ccf6b7d152f8eb721c6e/UserWallet.sol,1
0xb3cac6896f5b1e993744789f6ddcaac86114aff8,1,raw_data/0xb3cac6896f5b1e993744789f6ddcaac86114aff8/TheFlowerOfSakura.sol,1
0x4b6b5f5a4c595eeb1b9d9f7da3bc6e5826a58c58,0,raw_data/0x4b6b5f5a4c595eeb1b9d9f7da3bc6e5826a58c58/UserWallet.sol,1
0x7f9208bc63dd1b56d25b7448ab4a0b7dd4e29390,0,raw_data/0x7f9208bc63dd1b56d25b7448ab4a0b7dd4e29390/UserWallet.sol,1
0xa4988bc60551c4b1a6174f91e2339e793b82d400,0,raw_data/0xa4988bc60551c4b1a6174f91e2339e793b82d400/Forwarder.sol,1
0x494033d18a07b39b3a5615886df77472e4081dc8,0,raw_data/0x494033d18a07b39b3a5615886df77472e4081dc8/UserWallet.sol,1
0x0399cfea5f0602dff75e7aa670e1f351b98ee763,1,raw_data/0x0399cfea5f0602dff75e7aa670e1f351b98ee763/BABYBIRD.sol,1
0x23fa65d0bc2e9d82543024ebfaa93d7e9697bc06,0,raw_data/0x23fa65d0bc2e9d82543024ebfaa93d7e9697bc06/Forwarder.sol,1
0x0e35f4f608d4a8fa560595db79cfda02d790777b,1,raw_data/0x0e35f4f608d4a8fa560595db79cfda02d790777b/QUIZ_GAME.sol,1
0x6a84b2ca923f0c570064bb466972394463bf4bf8,0,raw_data/0x6a84b2ca923f0c570064bb466972394463bf4bf8/UserWallet.sol,1
0x82ba2211e68fe2f0603b9e56713a41f2b86dd85c,0,raw_data/0x82ba2211e68fe2f0603b9e56713a41f2b86dd85c/UserWallet.sol,1
0x244a835e6de81ce2c8cc185cdf21ff00d81e592b,1,raw_data/0x244a835e6de81ce2c8cc185cdf21ff00d81e592b/ERC20.sol,1
0x96ad89df1e05f53eb4ef5b62acba8e96e7df1982,0,raw_data/0x96ad89df1e05f53eb4ef5b62acba8e96e7df1982/UserWallet.sol,1
0xd32d53501b18c67bb518e01cbc86bb84d72d512e,0,raw_data/0xd32d53501b18c67bb518e01cbc86bb84d72d512e/LockToken.sol,1
0x0cfa149c0a843e1f8d9bc5c6e6bebf901845cebe,1,raw_data/0x0cfa149c0a843e1f8d9bc5c6e6bebf901845cebe/ENVELOPE.sol,1
0xa4aa166fddb71d9e24f4cf1c15af45ab5fe0033f,1,raw_data/0xa4aa166fddb71d9e24f4cf1c15af45ab5fe0033f/SpaceXDoge1Moon.sol,1
0x35ac37e6e3ea61ed20d4e8388c41a61f4233b69d,0,raw_data/0x35ac37e6e3ea61ed20d4e8388c41a61f4233b69d/UserWallet.sol,1
0x1e4e0045ca298cd84566d1ee648e2c3d877b5127,0,raw_data/0x1e4e0045ca298cd84566d1ee648e2c3d877b5127/UserWallet.sol,1
0xa3a00c2dbc91d3c2881ccf59ed459aa2bdfeb5ed,1,raw_data/0xa3a00c2dbc91d3c2881ccf59ed459aa2bdfeb5ed/GHILI.sol,1
0x47efcc4b73f8451ae48d0771f588c9c8ffb43552,1,raw_data/0x47efcc4b73f8451ae48d0771f588c9c8ffb43552/CHAOS.sol,1
0x8f3d275e5db7774b37059b10ab0827244d7545ae,0,raw_data/0x8f3d275e5db7774b37059b10ab0827244d7545ae/UserWallet.sol,1
0xd34747fa6c472ebb62cb83b4a0a8b71551ab436f,1,raw_data/0xd34747fa6c472ebb62cb83b4a0a8b71551ab436f/Wasder.sol,1
0xbc5a26f063331ef49df74cd0c5dd3b80d5547b8b,0,raw_data/0xbc5a26f063331ef49df74cd0c5dd3b80d5547b8b/UserWallet.sol,1
0x81b462c9e26f8421d18b9ad933db6707497ad50d,1,raw_data/0x81b462c9e26f8421d18b9ad933db6707497ad50d/UniswapExchange.sol,1
0x44c26584b90abb52545f34bb5b67023fe1e316f7,1,raw_data/0x44c26584b90abb52545f34bb5b67023fe1e316f7/Tranchess.sol,1
0xff10ebe5a2f7e9a0ae597877b751a0603628095a,0,raw_data/0xff10ebe5a2f7e9a0ae597877b751a0603628095a/UserWallet.sol,1
0xd50649aab1d39d68bc965e0f6d1cfe0010e4908b,1,raw_data/0xd50649aab1d39d68bc965e0f6d1cfe0010e4908b/TOSC.sol,1
0xc2c39ff58636e103343b9eb03c4d53c112e08ded,0,raw_data/0xc2c39ff58636e103343b9eb03c4d53c112e08ded/UserWallet.sol,1
0xa0ade8c33166662c28fde74c3321e260be230315,1,raw_data/0xa0ade8c33166662c28fde74c3321e260be230315/UniswapExchange.sol,1
0xc76dd4b4a12e60b8d1b33699b2f396ffe0a35dd6,0,raw_data/0xc76dd4b4a12e60b8d1b33699b2f396ffe0a35dd6/UserWallet.sol,1
0x0fccf14b2b3d1076867e2407b206e0349cf11554,0,raw_data/0x0fccf14b2b3d1076867e2407b206e0349cf11554/Forwarder.sol,1
0x7cbbb061b80dcb3859f6526ef87d1b0ea5f8263c,1,raw_data/0x7cbbb061b80dcb3859f6526ef87d1b0ea5f8263c/BaseApe.sol,1
0xeed0e4ff307342058e7e445113586828ee52dd48,1,raw_data/0xeed0e4ff307342058e7e445113586828ee52dd48/OptimismInu.sol,1
0x564532a6368c0e979928bd82f60ea724ed2e2921,1,raw_data/0x564532a6368c0e979928bd82f60ea724ed2e2921/DiabloElon.sol,1
0xb5c424cd005cd1ccc155654b551c4453346e0718,1,raw_data/0xb5c424cd005cd1ccc155654b551c4453346e0718/QUIZ_GAME.sol,1
0x3c7a4b244f3c841830f5d3335ad5b0a9935c8399,1,raw_data/0x3c7a4b244f3c841830f5d3335ad5b0a9935c8399/ERC20.sol,1
0xfd7391d280d0a75f428e82e81692776a3f9586ea,1,raw_data/0xfd7391d280d0a75f428e82e81692776a3f9586ea/HodlonautInu.sol,1
0x387fdfd5479546289c8e040627a9af26d31856bd,0,raw_data/0x387fdfd5479546289c8e040627a9af26d31856bd/MultiSigWalletWithDailyLimit.sol,1
0x57980520ea663a63184d9a16766396d5c5424406,1,raw_data/0x57980520ea663a63184d9a16766396d5c5424406/ERC20.sol,1
0x4a73d9fe078fa67601047f88c3e6c270602e5709,1,raw_data/0x4a73d9fe078fa67601047f88c3e6c270602e5709/ETH_GAME.sol,1
