address,target,target_label,sol_path,emb_000,emb_001,emb_002,emb_003,emb_004,emb_005,emb_006,emb_007,emb_008,emb_009,emb_010,emb_011,emb_012,emb_013,emb_014,emb_015,emb_016,emb_017,emb_018,emb_019,emb_020,emb_021,emb_022,emb_023,emb_024,emb_025,emb_026,emb_027,emb_028,emb_029,emb_030,emb_031,emb_032,emb_033,emb_034,emb_035,emb_036,emb_037,emb_038,emb_039,emb_040,emb_041,emb_042,emb_043,emb_044,emb_045,emb_046,emb_047,emb_048,emb_049,emb_050,emb_051,emb_052,emb_053,emb_054,emb_055,emb_056,emb_057,emb_058,emb_059,emb_060,emb_061,emb_062,emb_063,emb_064,emb_065,emb_066,emb_067,emb_068,emb_069,emb_070,emb_071,emb_072,emb_073,emb_074,emb_075,emb_076,emb_077,emb_078,emb_079,emb_080,emb_081,emb_082,emb_083,emb_084,emb_085,emb_086,emb_087,emb_088,emb_089,emb_090,emb_091,emb_092,emb_093,emb_094,emb_095,emb_096,emb_097,emb_098,emb_099,emb_100,emb_101,emb_102,emb_103,emb_104,emb_105,emb_106,emb_107,emb_108,emb_109,emb_110,emb_111,emb_112,emb_113,emb_114,emb_115,emb_116,emb_117,emb_118,emb_119,emb_120,emb_121,emb_122,emb_123,emb_124,emb_125,emb_126,emb_127,emb_128,emb_129,emb_130,emb_131,emb_132,emb_133,emb_134,emb_135,emb_136,emb_137,emb_138,emb_139,emb_140,emb_141,emb_142,emb_143,emb_144,emb_145,emb_146,emb_147,emb_148,emb_149,emb_150,emb_151,emb_152,emb_153,emb_154,emb_155,emb_156,emb_157,emb_158,emb_159,emb_160,emb_161,emb_162,emb_163,emb_164,emb_165,emb_166,emb_167,emb_168,emb_169,emb_170,emb_171,emb_172,emb_173,emb_174,emb_175,emb_176,emb_177,emb_178,emb_179,emb_180,emb_181,emb_182,emb_183,emb_184,emb_185,emb_186,emb_187,emb_188,emb_189,emb_190,emb_191,emb_192,emb_193,emb_194,emb_195,emb_196,emb_197,emb_198,emb_199,emb_200,emb_201,emb_202,emb_203,emb_204,emb_205,emb_206,emb_207,emb_208,emb_209,emb_210,emb_211,emb_212,emb_213,emb_214,emb_215,emb_216,emb_217,emb_218,emb_219,emb_220,emb_221,emb_222,emb_223,emb_224,emb_225,emb_226,emb_227,emb_228,emb_229,emb_230,emb_231,emb_232,emb_233,emb_234,emb_235,emb_236,emb_237,emb_238,emb_239,emb_240,emb_241,emb_242,emb_243,emb_244,emb_245,emb_246,emb_247,emb_248,emb_249,emb_250,emb_251,emb_252,emb_253,emb_254,emb_255,emb_256,emb_257,emb_258,emb_259,emb_260,emb_261,emb_262,emb_263,emb_264,emb_265,emb_266,emb_267,emb_268,emb_269,emb_270,emb_271,emb_272,emb_273,emb_274,emb_275,emb_276,emb_277,emb_278,emb_279,emb_280,emb_281,emb_282,emb_283,emb_284,emb_285,emb_286,emb_287,emb_288,emb_289,emb_290,emb_291,emb_292,emb_293,emb_294,emb_295,emb_296,emb_297,emb_298,emb_299,emb_300,emb_301,emb_302,emb_303,emb_304,emb_305,emb_306,emb_307,emb_308,emb_309,emb_310,emb_311,emb_312,emb_313,emb_314,emb_315,emb_316,emb_317,emb_318,emb_319,emb_320,emb_321,emb_322,emb_323,emb_324,emb_325,emb_326,emb_327,emb_328,emb_329,emb_330,emb_331,emb_332,emb_333,emb_334,emb_335,emb_336,emb_337,emb_338,emb_339,emb_340,emb_341,emb_342,emb_343,emb_344,emb_345,emb_346,emb_347,emb_348,emb_349,emb_350,emb_351,emb_352,emb_353,emb_354,emb_355,emb_356,emb_357,emb_358,emb_359,emb_360,emb_361,emb_362,emb_363,emb_364,emb_365,emb_366,emb_367,emb_368,emb_369,emb_370,emb_371,emb_372,emb_373,emb_374,emb_375,emb_376,emb_377,emb_378,emb_379,emb_380,emb_381,emb_382,emb_383,owner_withdraw,emergency_withdraw,unrestricted_mint,regex_owner_withdraw,regex_emergency_withdraw,regex_unrestricted_mint,slither_ok,slither_high_count,slither_arbitrary_send,slither_suicidal,slither_unchecked_lowlevel,slither_controlled_delegatecall,slither_delegatecall_loop,slither_ownerish_any,approve_restricted_to_owner,transfer_restricted,burn_restricted,liquidity_removal_guarded,unguarded_public_state_mutation,owner_hardcoded,has_selfdestruct_or_delegatecall,asymmetric_liquidity_flow,has_fallback,liquidity_asymmetric_no_remove
0xe77d19f2b9cda69616d01e610595abc83725d3ce,0,safe,raw_data/0xe77d19f2b9cda69616d01e610595abc83725d3ce/UserWallet.sol,-0.066073,0.084972,-0.010366,-0.096351,0.030028,-0.045428,0.016039,-0.034422,-0.039886,0.009095,-0.016636,0.068610,-0.011271,0.062557,-0.045310,-0.012138,0.070857,-0.008592,0.028301,0.012876,-0.035741,-0.054872,0.019902,-0.019014,0.028338,0.042491,-0.006665,0.043246,0.071236,-0.029819,0.029336,0.103105,0.073227,-0.098516,0.022525,-0.046462,0.024758,-0.043371,-0.013840,-0.058805,-0.014284,-0.083535,-0.072663,0.043399,0.029102,0.023423,0.062811,0.040130,0.027350,0.035635,-0.022524,-0.020391,0.002460,0.003600,-0.034346,-0.092185,-0.009784,0.019343,0.060668,0.009790,-0.023684,-0.014472,-0.072451,0.074014,-0.003654,0.018344,0.069763,-0.008295,-0.099882,0.003918,0.022524,-0.039191,-0.030757,0.071620,0.058352,-0.007246,0.065959,0.023691,-0.002175,-0.128198,-0.055124,-0.139292,-0.007594,0.021647,-0.070590,0.051286,0.106093,0.050599,0.040368,-0.062036,-0.075119,0.084649,0.063118,0.011497,0.001101,-0.045393,-0.052365,0.001921,0.020088,0.101189,-0.055446,0.009493,-0.049859,-0.037293,0.035476,-0.074922,0.020340,0.055997,0.060606,-0.005305,-0.005265,0.029076,0.016223,-0.021229,0.049017,-0.106638,-0.112996,0.000218,0.072648,-0.062036,0.053303,0.015102,-0.062329,0.035684,-0.020477,-0.081663,-0.054630,-0.000000,0.017851,0.028138,0.018013,0.044816,-0.011859,0.036842,-0.005432,-0.005137,-0.116946,-0.031733,-0.015389,-0.037612,-0.054628,0.023817,0.067620,-0.034391,-0.008800,-0.041045,0.029424,0.002322,-0.034430,0.007930,-0.034896,0.014255,-0.036497,0.018734,0.056224,-0.035887,0.146707,0.003531,-0.069320,-0.062946,0.012331,-0.078695,0.020223,0.122008,-0.013420,-0.030570,-0.031104,0.025987,0.003093,-0.015583,-0.119482,-0.061079,-0.025999,0.021364,-0.018376,-0.018581,0.022688,0.000290,-0.018346,0.025333,-0.063175,-0.012304,-0.025448,-0.024777,-0.080218,-0.025756,0.056991,-0.010411,0.001562,0.067188,0.006312,0.093099,-0.008321,0.065134,0.090794,-0.025764,-0.070251,0.057805,-0.120514,0.012414,0.118812,-0.114931,-0.014386,-0.028029,-0.062686,-0.046036,0.041344,0.018230,-0.072524,-0.004862,0.027200,-0.053226,-0.028237,0.000436,-0.041515,-0.113767,0.022616,0.092618,-0.027894,-0.121224,-0.031044,0.071114,-0.005097,0.000000,-0.031428,-0.056556,-0.039867,0.110045,-0.052310,-0.023945,-0.068324,0.093589,0.002435,0.064910,0.066158,0.023778,-0.000436,0.028285,0.004082,-0.042558,0.058757,-0.062451,-0.070828,0.006711,0.008516,-0.011467,0.034407,0.098328,0.015266,0.099788,0.094426,0.009735,-0.033605,-0.026157,0.025341,-0.026970,-0.092544,-0.063367,0.038234,0.008512,0.039621,0.039884,0.009840,-0.027104,0.023495,0.049214,0.026749,0.032633,0.028319,-0.103300,-0.004121,-0.056034,0.078626,-0.000019,0.025776,0.005053,0.068776,-0.118509,0.022344,0.011014,-0.089693,0.043031,0.112561,-0.013364,0.065913,-0.024915,-0.113463,-0.005698,-0.040605,-0.023303,-0.028067,0.027053,-0.015689,0.071158,0.015742,0.051697,-0.030631,-0.057635,-0.021786,-0.002471,0.053127,0.036380,-0.025886,0.036168,0.048148,0.089403,-0.020889,0.064887,-0.002189,0.010928,-0.031437,0.025226,-0.017209,-0.073085,-0.025977,0.021158,-0.007029,0.002172,-0.007068,-0.000000,-0.013443,0.022593,-0.080759,0.012524,0.006471,0.033308,-0.010220,-0.042786,0.058712,0.059770,0.090571,-0.069081,-0.081140,0.006416,-0.007064,0.050584,-0.041871,-0.055216,0.005564,-0.024346,-0.001764,0.024655,0.058769,-0.072770,-0.041176,0.006226,0.024685,-0.060723,-0.034133,0.032019,-0.041304,0.064989,0.024829,0.010189,0.054426,-0.066789,0.025679,0.142184,0.059379,0.003970,-0.010997,0.022331,0.027121,-0.000381,-0.004151,-0.037608,0.021711,0.011857,0.008413,-0.017597,-0.004777,0.022147,0.055977,0.046264,0.056347,0.021409,-0.017246,-0.006903,-0.002787,0.053743,0.037083,-0.027274,0.014585,0.099975,0.000000,0.000000,0.000000,0.000000,0.000000,0.000000,0.000000,0.000000,0.000000,0.000000,0.000000,0.000000,0.000000,0.000000,0.000000,0.000000,0.000000,0.000000,0.000000,0.000000,1.000000,0.000000,0.000000,0.000000
0x8cf40b491c6ecce6ad869e2bff907ca2deac2608,0,safe,raw_data/0x8cf40b491c6ecce6ad869e2bff907ca2deac2608/UserWallet.sol,-0.066073,0.084972,-0.010366,-0.096351,0.030028,-0.045428,0.016039,-0.034422,-0.039886,0.009095,-0.016636,0.068610,-0.011271,0.062557,-0.045310,-0.012138,0.070857,-0.008592,0.028301,0.012876,-0.035741,-0.054872,0.019902,-0.019014,0.028338,0.042491,-0.006665,0.043246,0.071236,-0.029819,0.029336,0.103105,0.073227,-0.098516,0.022525,-0.046462,0.024758,-0.043371,-0.013840,-0.058805,-0.014284,-0.083535,-0.072663,0.043399,0.029102,0.023423,0.062811,0.040130,0.027350,0.035635,-0.022524,-0.020391,0.002460,0.003600,-0.034346,-0.092185,-0.009784,0.019343,0.060668,0.009790,-0.023684,-0.014472,-0.072451,0.074014,-0.003654,0.018344,0.069763,-0.008295,-0.099882,0.003918,0.022524,-0.039191,-0.030757,0.071620,0.058352,-0.007246,0.065959,0.023691,-0.002175,-0.128198,-0.055124,-0.139292,-0.007594,0.021647,-0.070590,0.051286,0.106093,0.050599,0.040368,-0.062036,-0.075119,0.084649,0.063118,0.011497,0.001101,-0.045393,-0.052365,0.001921,0.020088,0.101189,-0.055446,0.009493,-0.049859,-0.037293,0.035476,-0.074922,0.020340,0.055997,0.060606,-0.005305,-0.005265,0.029076,0.016223,-0.021229,0.049017,-0.106638,-0.112996,0.000218,0.072648,-0.062036,0.053303,0.015102,-0.062329,0.035684,-0.020477,-0.081663,-0.054630,-0.000000,0.017851,0.028138,0.018013,0.044816,-0.011859,0.036842,-0.005432,-0.005137,-0.116946,-0.031733,-0.015389,-0.037612,-0.054628,0.023817,0.067620,-0.034391,-0.008800,-0.041045,0.029424,0.002322,-0.034430,0.007930,-0.034896,0.014255,-0.036497,0.018734,0.056224,-0.035887,0.146707,0.003531,-0.069320,-0.062946,0.012331,-0.078695,0.020223,0.122008,-0.013420,-0.030570,-0.031104,0.025987,0.003093,-0.015583,-0.119482,-0.061079,-0.025999,0.021364,-0.018376,-0.018581,0.022688,0.000290,-0.018346,0.025333,-0.063175,-0.012304,-0.025448,-0.024777,-0.080218,-0.025756,0.056991,-0.010411,0.001562,0.067188,0.006312,0.093099,-0.008321,0.065134,0.090794,-0.025764,-0.070251,0.057805,-0.120514,0.012414,0.118812,-0.114931,-0.014386,-0.028029,-0.062686,-0.046036,0.041344,0.018230,-0.072524,-0.004862,0.027200,-0.053226,-0.028237,0.000436,-0.041515,-0.113767,0.022616,0.092618,-0.027894,-0.121224,-0.031044,0.071114,-0.005097,0.000000,-0.031428,-0.056556,-0.039867,0.110045,-0.052310,-0.023945,-0.068324,0.093589,0.002435,0.064910,0.066158,0.023778,-0.000436,0.028285,0.004082,-0.042558,0.058757,-0.062451,-0.070828,0.006711,0.008516,-0.011467,0.034407,0.098328,0.015266,0.099788,0.094426,0.009735,-0.033605,-0.026157,0.025341,-0.026970,-0.092544,-0.063367,0.038234,0.008512,0.039621,0.039884,0.009840,-0.027104,0.023495,0.049214,0.026749,0.032633,0.028319,-0.103300,-0.004121,-0.056034,0.078626,-0.000019,0.025776,0.005053,0.068776,-0.118509,0.022344,0.011014,-0.089693,0.043031,0.112561,-0.013364,0.065913,-0.024915,-0.113463,-0.005698,-0.040605,-0.023303,-0.028067,0.027053,-0.015689,0.071158,0.015742,0.051697,-0.030631,-0.057635,-0.021786,-0.002471,0.053127,0.036380,-0.025886,0.036168,0.048148,0.089403,-0.020889,0.064887,-0.002189,0.010928,-0.031437,0.025226,-0.017209,-0.073085,-0.025977,0.021158,-0.007029,0.002172,-0.007068,-0.000000,-0.013443,0.022593,-0.080759,0.012524,0.006471,0.033308,-0.010220,-0.042786,0.058712,0.059770,0.090571,-0.069081,-0.081140,0.006416,-0.007064,0.050584,-0.041871,-0.055216,0.005564,-0.024346,-0.001764,0.024655,0.058769,-0.072770,-0.041176,0.006226,0.024685,-0.060723,-0.034133,0.032019,-0.041304,0.064989,0.024829,0.010189,0.054426,-0.066789,0.025679,0.142184,0.059379,0.003970,-0.010997,0.022331,0.027121,-0.000381,-0.004151,-0.037608,0.021711,0.011857,0.008413,-0.017597,-0.004777,0.022147,0.055977,0.046264,0.056347,0.021409,-0.017246,-0.006903,-0.002787,0.053743,0.037083,-0.027274,0.014585,0.099975,0.000000,0.000000,0.000000,0.000000,0.000000,0.000000,0.000000,0.000000,0.000000,0.000000,0.000000,0.000000,0.000000,0.000000,0.000000,0.000000,0.000000,0.000000,0.000000,0.000000,1.000000,0.000000,0.000000,0.000000
0x98f777fb9139576902bf7f35956ca015ddc1569f,1,rugpull,raw_data/0x98f777fb9139576902bf7f35956ca015ddc1569f/ETJ.sol,-0.065398,0.122623,0.035256,-0.008388,-0.009103,-0.096438,0.058660,0.039290,-0.004533,0.069846,-0.045278,-0.071970,0.037086,-0.024304,-0.065442,0.058698,0.000775,0.085377,-0.013157,-0.043003,0.027174,-0.007251,-0.013194,0.098237,-0.014965,-0.032213,0.011807,-0.043843,-0.046758,0.013049,0.019046,0.018910,-0.016878,-0.049902,-0.016250,0.046436,0.031532,0.007305,-0.006316,-0.028576,-0.006799,-0.003199,-0.020354,-0.032843,0.037456,0.013402,0.029138,0.078655,-0.046108,0.046331,0.088236,-0.035035,0.003954,0.059767,-0.024492,-0.060221,0.049795,-0.004001,0.009219,-0.073030,-0.011687,0.017631,0.087509,0.003499,-0.004957,-0.018172,-0.018428,0.119397,-0.052969,0.083266,0.026354,0.070380,-0.037452,-0.024604,-0.028432,-0.016324,0.030297,0.046010,0.013280,-0.000508,-0.004458,-0.060574,-0.015072,-0.043262,0.028299,-0.006126,0.029537,0.052276,0.025028,0.033318,0.006213,0.075554,0.040527,-0.023897,0.040030,0.016542,-0.082179,-0.023831,-0.033049,0.076623,-0.002185,0.000068,0.023922,0.022014,0.065471,-0.017106,0.077999,0.003417,0.017246,-0.026919,0.065198,-0.000568,-0.022267,-0.016351,-0.015521,0.033678,0.078856,0.051809,-0.038994,-0.023771,0.071983,0.021440,-0.014450,0.015080,-0.018687,-0.021523,0.042549,0.000000,-0.034009,0.015887,0.020906,0.039540,-0.026200,-0.057114,-0.004905,0.058646,-0.027488,-0.008590,0.016569,0.042541,0.068085,0.034585,-0.032349,-0.111632,0.058069,0.048403,0.135848,-0.041557,0.015289,-0.150697,-0.042821,0.027899,-0.006164,0.008835,-0.025232,0.031570,-0.006434,-0.024344,0.041160,0.006939,-0.002315,-0.022309,-0.019907,-0.045850,-0.064028,-0.004459,-0.008246,-0.050411,-0.110766,-0.020172,-0.036244,0.010871,-0.033672,-0.017031,-0.038444,0.002641,0.059049,0.064282,0.026951,-0.001271,-0.004543,-0.048260,-0.031129,-0.049583,-0.007877,-0.007849,-0.013635,0.013764,0.019306,-0.063296,0.041940,-0.040096,-0.032884,0.100499,-0.100390,-0.129704,0.000216,-0.068804,-0.045984,0.093312,0.068723,0.134283,-0.052893,-0.047831,0.021979,0.038154,-0.066197,-0.072373,0.045033,-0.030875,-0.026419,0.002904,0.006088,-0.005108,-0.011310,0.102587,-0.072827,0.067066,0.029373,-0.065590,0.028412,0.019645,0.027747,-0.000000,-0.007783,0.096202,-0.035775,-0.017587,-0.042289,0.006473,0.027865,0.030837,0.042160,0.007108,-0.094411,0.074319,-0.069207,0.046004,-0.044091,-0.042577,0.014761,-0.013458,-0.024222,-0.017568,-0.009997,0.069176,-0.043372,-0.011475,-0.071844,0.122147,-0.078974,0.072539,-0.010814,-0.003963,-0.048426,-0.004049,0.021029,-0.005992,0.085650,-0.121003,0.017417,0.115551,0.065796,0.078309,0.105069,0.006076,-0.013037,0.093532,0.014466,-0.027592,0.032312,0.016248,0.027451,0.012266,-0.012429,-0.014705,-0.053553,0.134736,0.067182,0.071222,0.099881,-0.034593,0.033448,-0.033504,-0.094085,-0.070001,0.061745,0.050950,-0.022650,-0.011010,-0.053136,-0.005061,0.124917,0.055765,0.038813,0.054535,-0.006354,-0.118322,0.099279,0.026804,-0.016512,-0.094042,0.034936,0.041702,-0.089195,-0.016279,0.069815,0.053897,-0.012189,0.007227,0.004221,-0.049413,0.007851,0.043449,-0.064325,-0.004524,-0.000060,-0.043826,-0.063639,-0.000000,-0.035429,-0.086327,0.032630,0.037381,-0.004640,0.024052,0.016919,-0.087818,-0.070823,-0.025493,-0.045158,0.031710,0.009314,-0.052281,-0.038743,-0.032603,0.019851,-0.040432,-0.109554,-0.062777,-0.074397,0.005456,-0.041852,-0.026758,0.058431,-0.072460,0.044404,0.066299,0.026003,-0.116401,-0.004282,0.023662,-0.024520,0.000428,-0.002176,0.036956,0.022591,0.031839,0.035780,0.097523,-0.051532,0.007852,0.000013,0.000658,0.024669,-0.026017,-0.073458,-0.016132,-0.067246,-0.011092,-0.001512,-0.019055,-0.064178,0.107452,-0.053102,-0.088465,-0.035903,0.010077,0.029115,0.073041,0.070969,0.075915,-0.084061,-0.079288,0.000000,0.000000,0.000000,0.000000,0.000000,0.000000,0.000000,0.000000,0.000000,0.000000,0.000000,0.000000,0.000000,0.000000,0.000000,0.000000,0.000000,0.000000,0.000000,0.000000,0.000000,0.000000,0.000000,0.000000
0x00819c26fbd1c7b70b3270567a55af46d5ea5b08,1,rugpull,raw_data/0x00819c26fbd1c7b70b3270567a55af46d5ea5b08/Connective_DAO.sol,-0.044053,0.025862,-0.007012,-0.028020,-0.008956,-0.059181,0.058431,0.009972,-0.014671,0.058233,0.030355,-0.054951,0.046741,-0.018743,-0.039817,0.031778,0.034740,0.017222,-0.054760,-0.001760,0.025406,-0.023589,-0.033838,0.034218,0.048658,-0.063199,-0.009727,-0.026917,0.031993,-0.057888,-0.012376,0.013790,-0.043286,-0.050124,0.021120,0.000286,-0.017458,-0.071278,-0.004105,-0.076712,0.010093,-0.017853,-0.064786,-0.005668,-0.040750,0.083029,-0.005836,0.036072,-0.081885,-0.011326,0.122012,-0.041123,0.005118,0.019889,-0.007565,-0.014622,0.062913,-0.001317,0.023388,0.027730,-0.077471,0.016107,0.008567,-0.048386,0.029680,-0.049890,-0.040436,0.043701,-0.043806,0.133873,0.016972,-0.040714,-0.093802,-0.025938,0.025061,0.045245,0.037536,0.035180,-0.030384,-0.192051,-0.060594,0.002114,-0.011683,-0.081249,0.048683,-0.003479,0.013440,0.016388,0.125943,0.022264,0.035876,0.040033,0.071145,-0.036866,-0.009352,-0.012378,-0.010340,0.003143,-0.020650,0.066128,-0.015374,0.044598,-0.040120,0.019903,0.077829,-0.025974,0.008368,0.014863,-0.015718,-0.014631,0.052838,0.047813,-0.019733,0.021491,-0.041175,0.041909,-0.022762,0.032578,-0.025510,-0.055334,0.069964,0.016746,-0.012886,-0.008915,-0.051904,-0.022158,0.045360,0.000000,-0.034288,-0.039085,-0.072967,-0.041159,-0.029548,-0.043621,0.018132,0.077022,-0.048578,0.016691,0.034367,0.001732,-0.041630,-0.001626,0.020105,-0.092341,0.065337,0.006377,0.118416,0.061103,0.011040,-0.001278,-0.040330,0.038788,0.084573,-0.041081,-0.078765,-0.004372,0.021625,0.027454,-0.018048,0.027670,-0.009078,0.009990,-0.006672,-0.033124,-0.038235,-0.018653,-0.026944,-0.030578,-0.066092,-0.061204,-0.078427,-0.019359,-0.085111,-0.059302,0.014937,-0.013092,0.078278,0.018221,-0.011143,-0.022131,-0.007716,-0.056575,-0.006931,-0.177076,-0.050428,-0.030531,0.022743,0.002978,0.080377,-0.015069,-0.016236,0.054841,-0.085746,0.051285,0.006858,-0.054727,0.022753,-0.058362,-0.070902,0.041788,0.010460,0.040526,-0.059260,-0.061218,0.062690,0.026214,-0.005377,-0.058016,-0.006470,0.016455,-0.054401,-0.038237,0.006974,0.050012,-0.024143,-0.009062,-0.064920,-0.011565,0.034749,-0.053299,0.064340,0.022147,0.034095,-0.000000,-0.006582,0.053520,0.026770,-0.005236,-0.069013,-0.040493,-0.007039,-0.000483,0.055695,0.002402,-0.098017,0.034389,0.007693,0.016497,-0.019546,-0.044947,-0.084895,-0.074088,-0.000045,0.036325,-0.026787,0.112688,0.104113,0.043497,-0.054993,0.088907,-0.086624,0.101591,-0.005529,-0.021404,-0.014978,-0.092557,-0.026356,0.016484,0.036936,-0.146545,0.081941,0.086487,0.022842,0.059938,0.090340,-0.015734,0.042647,0.083237,0.026090,-0.012510,0.024471,-0.019001,0.028016,-0.069030,0.115439,0.037774,-0.003833,0.075675,-0.032022,0.015659,0.176682,-0.017466,0.043063,-0.034604,-0.018637,-0.002481,0.093259,0.067488,-0.009830,-0.014634,-0.012158,0.006356,0.100469,0.040484,0.050399,0.044047,-0.023921,-0.058265,0.046851,0.006613,0.007859,-0.122161,0.016774,0.041930,-0.094891,0.061711,0.079533,0.065007,-0.069071,-0.027477,-0.001099,-0.005471,0.027296,0.026554,-0.028790,-0.053643,0.036262,0.018363,-0.067442,-0.000000,0.040884,-0.127575,0.026421,0.054198,0.075305,-0.062908,-0.043176,-0.025311,-0.041008,-0.026271,-0.034848,0.083085,-0.034618,-0.090892,-0.028830,-0.039046,0.024959,-0.027785,-0.115899,-0.060935,-0.064190,0.021797,0.036906,-0.019619,-0.051033,-0.012233,0.041163,0.087362,0.037277,-0.072715,0.046381,0.017558,-0.008734,0.007480,-0.001970,-0.011042,-0.000243,0.005602,0.028536,0.055708,-0.032795,0.013041,-0.000670,0.063541,-0.025938,-0.005012,-0.088449,-0.085175,0.009538,-0.045918,-0.000358,-0.019769,-0.026297,0.132204,-0.011455,-0.066696,-0.063763,-0.019048,-0.027814,0.015897,0.108836,0.015193,0.074203,-0.055955,0.000000,0.000000,0.000000,0.000000,0.000000,0.000000,0.000000,0.000000,0.000000,0.000000,0.000000,0.000000,0.000000,0.000000,0.000000,0.000000,0.000000,0.000000,0.000000,0.000000,0.000000,0.000000,0.000000,0.000000
0xc7c03b8a3fc5719066e185ea616e87b88eba44a3,1,rugpull,raw_data/0xc7c03b8a3fc5719066e185ea616e87b88eba44a3/EligmaTokenContract.sol,-0.052952,-0.010891,-0.072933,-0.070069,0.024508,0.048377,0.052185,0.041727,-0.057333,0.037428,0.014988,-0.073120,0.011050,-0.070697,-0.008523,-0.032052,-0.002363,0.049859,-0.076848,-0.052195,0.027176,0.070575,-0.039630,0.001242,0.007936,-0.012758,-0.036066,-0.002949,0.031180,-0.067226,0.006436,-0.026325,-0.001068,-0.007732,-0.019597,0.035426,-0.009125,-0.051230,0.074075,-0.012597,-0.015564,-0.059516,-0.030790,0.017071,0.014016,0.064867,-0.034783,0.017936,0.006002,-0.013875,0.102571,0.002207,-0.028270,0.141348,0.003706,0.031562,0.029151,-0.067060,-0.037521,0.019989,0.002487,0.055251,-0.010023,0.065739,0.013152,0.025837,-0.118499,0.014348,-0.023143,-0.046675,-0.066229,-0.046654,-0.035119,0.015399,0.000874,0.008367,0.018378,0.027238,-0.016939,-0.108105,0.065662,0.068719,0.045054,-0.000919,-0.011208,0.041634,-0.030878,0.016872,0.058600,0.071725,-0.008606,0.019802,0.036912,-0.019309,-0.081351,-0.031825,-0.038944,-0.039085,-0.022511,0.036863,-0.003715,0.069943,0.007082,-0.019719,-0.057272,-0.011431,0.006253,-0.028312,0.060648,0.063396,-0.083003,-0.018884,-0.060165,-0.093328,-0.020547,-0.002900,-0.098089,-0.046227,0.086765,-0.085289,0.084642,-0.014113,0.054413,-0.007101,-0.048341,-0.034036,0.011112,0.000000,-0.039420,-0.010899,-0.056909,0.031113,-0.024486,0.048388,0.016710,-0.010520,-0.072051,0.054786,-0.005442,0.058586,0.006009,0.049982,-0.000470,0.025575,-0.002395,0.098931,0.080305,-0.008243,0.042190,0.036016,0.038730,0.094019,0.130365,0.009321,-0.050453,-0.015924,0.073450,0.020260,0.010891,0.077451,-0.043712,-0.002302,0.044630,0.025109,-0.107716,-0.106145,-0.044966,-0.033536,-0.063039,-0.070846,-0.010119,0.055924,-0.003622,-0.011034,-0.097418,0.041706,0.122475,0.112698,-0.041225,-0.022805,-0.040543,-0.012579,-0.005468,-0.059563,-0.067540,0.085078,-0.034882,0.001423,-0.015143,0.030239,-0.040530,-0.068142,-0.042305,-0.004644,-0.058900,-0.105130,0.075437,-0.026407,-0.102708,0.070173,-0.018853,0.063701,-0.020781,-0.053613,0.006045,-0.009430,-0.010453,-0.048711,-0.037781,-0.000128,-0.007691,0.078490,0.058783,-0.053685,0.025071,0.004456,-0.021893,-0.043298,0.033156,0.038099,-0.001550,0.037064,-0.074655,-0.000000,-0.025922,-0.003273,-0.175691,-0.012699,-0.081407,-0.035398,0.013451,0.016387,0.089178,0.025899,-0.041288,0.017695,0.034128,-0.027961,0.020438,-0.086807,0.024261,-0.020022,-0.021710,0.073147,-0.013735,0.098093,-0.002509,0.058498,-0.016308,0.033633,-0.087923,0.008534,0.033539,0.048118,0.073221,0.040445,-0.046608,0.033641,-0.088098,-0.092224,0.089182,-0.040081,0.031775,-0.006445,0.033961,0.056959,0.005143,-0.018716,-0.012260,-0.030796,-0.075281,-0.008728,-0.010038,0.051716,-0.007650,-0.020259,-0.043678,0.038706,-0.005470,0.041961,0.107345,-0.018882,0.099216,-0.036586,0.054007,0.034779,0.007982,0.029466,0.001577,-0.003453,-0.014170,-0.022173,0.028016,0.045942,0.016913,-0.031670,-0.016216,-0.079209,-0.035369,-0.046606,0.076992,-0.066081,-0.025406,0.061201,-0.023099,0.067849,0.054795,0.078380,-0.000703,-0.081698,0.002563,-0.039235,-0.000271,0.021199,-0.128527,-0.002714,0.030944,0.067761,-0.001050,-0.000000,-0.020592,-0.011325,-0.004809,-0.029743,0.062356,0.008261,-0.005492,-0.010902,-0.076232,-0.052206,0.024464,0.086224,-0.057791,-0.116047,0.009043,0.017347,0.040030,0.070694,-0.061181,-0.051746,-0.027502,0.041418,-0.083788,-0.048641,0.003840,-0.014024,0.076702,0.038348,0.048521,0.004113,0.020695,0.005708,0.099843,-0.056829,-0.024212,0.143132,0.010525,0.040316,0.010920,0.039802,-0.056355,0.027677,-0.026794,-0.000811,-0.003188,-0.013369,-0.071272,-0.058240,0.045526,-0.129638,-0.037429,-0.012420,-0.043923,0.104995,-0.025208,-0.015162,-0.074554,-0.036011,0.047451,0.022287,-0.026581,0.088499,0.111587,0.012029,0.000000,0.000000,1.000000,0.000000,0.000000,1.000000,0.000000,0.000000,0.000000,0.000000,0.000000,0.000000,0.000000,0.000000,0.000000,0.000000,0.000000,0.000000,1.000000,0.000000,1.000000,0.000000,0.000000,0.000000
0xd4c435f5b09f855c3317c8524cb1f586e42795fa,1,rugpull,raw_data/0xd4c435f5b09f855c3317c8524cb1f586e42795fa/CND.sol,0.004110,0.044518,-0.008018,0.025280,0.079494,-0.015047,0.100297,0.068666,0.048810,0.067164,0.079389,-0.064028,0.025270,-0.013823,-0.101345,0.046839,0.073172,0.010087,-0.026427,0.046557,0.099285,-0.004131,0.011689,0.067934,-0.075022,-0.026054,0.076350,0.022500,0.033503,-0.021407,-0.006871,0.003705,-0.033815,-0.063012,-0.008508,0.048518,0.066940,-0.093183,0.039400,-0.134892,0.026205,0.017950,-0.016093,-0.074773,-0.009733,0.044464,0.061426,-0.008162,-0.079583,-0.054381,0.092814,-0.012957,-0.020140,-0.051623,-0.035700,-0.037857,0.027776,-0.039756,0.058262,0.050626,-0.018290,0.028065,0.028994,-0.030762,-0.004251,-0.093157,-0.064085,0.038244,-0.014565,0.014812,0.060747,-0.005964,-0.084155,0.006334,0.040535,-0.042118,0.060149,0.058719,-0.076470,-0.073176,-0.056530,-0.043867,0.021656,-0.055373,-0.004282,-0.021358,-0.037322,0.078892,0.140818,-0.023374,0.027134,0.021454,-0.023191,-0.003476,0.014956,-0.043760,-0.033963,-0.057990,-0.060573,0.092571,-0.008188,0.013301,0.018732,0.023169,0.116544,0.022248,0.030394,-0.016876,0.023809,0.031870,-0.022066,0.001690,-0.019022,0.074338,-0.006720,0.028254,0.039373,-0.011743,0.021888,-0.037501,0.064846,-0.037888,-0.020023,-0.022745,0.055509,-0.037503,-0.007773,-0.000000,-0.016430,0.064517,-0.050543,0.038480,-0.039268,-0.039266,0.051029,0.018281,0.026124,-0.021144,0.005049,-0.083455,0.007235,0.069777,-0.034063,-0.142799,0.040044,0.012836,0.073329,0.015070,-0.033878,0.018648,-0.048214,0.008653,0.039589,-0.075023,-0.046560,-0.027872,0.018784,-0.008955,-0.001837,-0.034684,-0.003670,-0.000473,0.041131,0.047782,-0.046559,0.013716,-0.055683,-0.020572,-0.050330,-0.018898,-0.146939,0.003429,-0.028900,-0.022661,0.061503,-0.050034,0.109019,-0.042251,-0.047122,-0.036373,0.013740,0.032166,0.026535,-0.089121,-0.038227,-0.029677,-0.010539,-0.039207,0.030680,-0.045884,-0.019715,0.036532,0.010052,0.002500,-0.005846,-0.070313,0.059092,-0.111282,-0.094004,0.042636,0.138878,0.046116,-0.021253,-0.054747,-0.006677,-0.011475,0.028626,-0.057798,0.025249,-0.034769,-0.069550,0.023074,0.029224,0.009251,0.008379,0.042566,-0.024806,0.011158,0.055933,-0.008784,0.043719,0.013522,0.047650,0.000000,0.043034,-0.015396,0.068061,0.001668,-0.056753,0.027142,-0.023956,0.049763,-0.017138,-0.051428,-0.086595,0.007788,0.016208,0.017390,-0.107944,-0.046090,-0.005546,-0.054538,0.015801,-0.001119,-0.033941,0.063956,0.060810,-0.039279,-0.041945,0.071599,-0.038137,0.053967,-0.043098,0.004925,-0.033319,-0.048295,0.052526,0.052553,0.058866,-0.076466,0.002794,0.130854,-0.050498,0.087351,0.118590,-0.016831,0.074335,0.044509,-0.025726,-0.055520,0.076402,-0.090237,-0.048602,-0.003408,0.001888,0.000277,-0.020366,0.022276,0.026882,0.031822,0.119621,-0.019525,0.050940,-0.015267,-0.036150,-0.040418,0.014970,-0.015196,0.001051,0.001723,0.043638,0.017169,0.157820,0.033907,0.064325,0.002797,0.020324,-0.058804,0.135309,0.001360,0.022817,-0.095221,-0.011070,-0.065469,-0.016837,-0.052926,0.045932,0.047442,0.000726,0.020172,-0.038995,-0.041163,-0.014642,0.001615,-0.018462,-0.018486,0.083802,-0.039636,-0.063881,-0.000000,-0.012089,-0.031997,0.013328,-0.073787,-0.017851,-0.007892,0.018698,-0.134191,-0.095958,0.035930,-0.063042,0.030410,-0.025325,-0.084527,-0.049896,-0.030349,0.043533,-0.051294,-0.078693,-0.037194,-0.073136,0.032459,-0.008087,0.005196,-0.013767,-0.055051,0.015808,0.081824,-0.028708,-0.052311,-0.005845,0.075724,-0.009515,0.039508,0.002625,0.020207,0.043967,-0.005042,0.024255,0.012662,-0.006940,0.055171,-0.019205,0.012150,0.046096,0.095955,-0.043294,-0.105744,-0.012510,-0.080708,0.018804,-0.034833,0.025622,0.129236,-0.044113,-0.021410,-0.055485,0.033179,-0.001534,-0.050634,0.094154,0.092401,0.026743,-0.014643,0.000000,0.000000,0.000000,0.000000,0.000000,0.000000,0.000000,0.000000,0.000000,0.000000,0.000000,0.000000,0.000000,0.000000,0.000000,0.000000,0.000000,0.000000,0.000000,0.000000,0.000000,0.000000,0.000000,0.000000
0x628d24dc82bd75259297438ef4c5284ecf43df27,1,rugpull,raw_data/0x628d24dc82bd75259297438ef4c5284ecf43df27/Ti.sol,-0.120518,0.012391,0.005392,-0.065475,0.041784,0.000457,0.099742,-0.017495,-0.053043,-0.074942,0.036611,0.000573,0.032438,0.027989,-0.010224,-0.012217,-0.001073,-0.027994,0.059426,0.039842,0.018708,-0.061333,0.016772,-0.021034,0.026026,0.036600,-0.006406,0.009925,0.032509,0.037054,0.005105,0.131263,0.015187,-0.017855,0.077966,-0.048116,-0.025330,-0.068354,-0.061037,-0.039519,0.064388,0.009572,-0.134179,0.071608,0.008261,-0.035798,0.079395,-0.105469,0.012724,0.007761,-0.012069,-0.003116,0.034716,-0.038797,-0.002860,-0.096837,0.055326,0.064087,0.038196,0.024415,0.074383,-0.029094,-0.001519,0.086919,-0.073468,0.087550,-0.080396,-0.004506,-0.050542,-0.098278,0.008314,0.020746,-0.014272,0.080602,-0.056102,-0.008442,0.126816,-0.010138,-0.020366,-0.081013,-0.088628,0.034179,0.051623,0.091447,0.037312,0.131331,0.052008,0.015101,0.060018,0.016742,-0.017332,0.098942,0.060744,-0.001256,0.076955,-0.004996,0.018667,-0.003310,-0.038901,0.051500,-0.005262,0.045869,-0.042927,0.057133,-0.054210,0.010717,-0.054727,0.037168,0.005323,0.019854,0.048688,-0.015687,0.049135,0.022080,-0.056027,0.038824,-0.068630,0.009542,0.090704,0.043405,-0.035850,-0.036475,-0.110651,-0.023582,0.035920,-0.067020,-0.019517,-0.000000,-0.069310,0.074051,-0.016824,0.008536,0.049527,-0.060533,0.026109,-0.054102,-0.118346,0.099586,-0.091815,0.060733,-0.056794,0.048420,0.017858,-0.049476,-0.057305,0.082244,0.050175,0.032642,0.015600,0.000459,-0.000389,-0.025086,-0.075500,0.077890,-0.010548,-0.050778,0.151412,0.036960,0.006484,-0.061907,0.078666,0.021509,-0.027891,0.007091,-0.078300,0.000923,-0.074198,-0.024819,0.101029,0.032650,-0.048360,0.008937,0.024407,-0.048617,-0.004252,-0.055335,0.080761,-0.059014,-0.098963,0.029672,-0.032482,-0.089068,-0.042920,-0.034872,-0.056014,0.031989,0.011874,0.012197,0.000536,0.001678,-0.089265,0.013443,0.051259,-0.045170,-0.023257,-0.049341,-0.008734,-0.000230,-0.047559,-0.014508,0.033562,0.060755,-0.024911,-0.068948,0.010216,-0.012755,-0.001160,-0.033169,-0.137202,-0.015135,-0.011315,-0.043604,-0.011175,0.014581,0.009008,0.038405,-0.062535,0.095296,-0.023664,-0.038884,-0.131594,-0.005734,-0.095615,0.000000,-0.075106,-0.031439,-0.008790,-0.008920,0.000170,0.012584,-0.037034,0.026191,0.032601,0.061231,0.106019,0.056599,0.026765,0.009067,0.023195,0.004862,-0.017934,-0.015573,-0.103915,0.011309,-0.018501,0.070409,0.030819,0.065656,-0.022414,0.052812,0.033180,0.088913,0.027211,0.013082,0.025906,-0.022139,-0.081015,0.026384,0.026946,-0.016233,0.020159,0.024082,0.010163,-0.009363,0.006016,-0.076180,-0.000060,0.038921,-0.028171,-0.057987,-0.022017,-0.031816,0.040412,-0.008766,-0.004059,-0.000882,0.044674,-0.057494,0.001987,0.006629,0.061600,0.077549,-0.051853,0.011555,0.115081,0.108222,-0.020245,0.050681,-0.046801,-0.036555,-0.018786,0.003455,-0.008730,-0.010142,0.014445,0.051739,-0.061608,-0.080854,-0.049447,-0.056644,-0.017666,0.087279,-0.005192,-0.057896,0.040420,0.083237,0.014232,0.029846,-0.008732,-0.016316,0.018124,0.015703,0.115838,-0.035863,-0.022062,0.028672,-0.105213,-0.004145,-0.033501,-0.000000,-0.012969,-0.017515,-0.054306,0.030673,0.000693,0.021076,0.016914,-0.034480,-0.025518,-0.006382,0.083236,-0.107483,-0.045897,-0.011716,-0.002980,-0.043132,-0.055625,0.081361,-0.012686,-0.073065,-0.033061,0.013162,0.039051,-0.001361,-0.000192,0.012019,0.024253,-0.032782,0.027070,-0.007148,-0.020168,0.026122,-0.012350,-0.025749,0.021571,0.016685,-0.001880,0.062472,0.041375,-0.031860,-0.044400,0.028151,0.050197,-0.018611,-0.088447,0.046110,-0.022038,-0.038860,0.099007,0.037388,0.048555,-0.034120,-0.083231,-0.015117,-0.069765,0.063406,-0.051426,-0.048218,-0.071733,-0.006916,0.018340,-0.033625,0.069347,-0.007367,0.000000,0.000000,0.000000,0.000000,0.000000,0.000000,0.000000,0.000000,0.000000,0.000000,0.000000,0.000000,0.000000,0.000000,0.000000,0.000000,0.000000,0.000000,0.000000,0.000000,0.000000,0.000000,1.000000,1.000000
0xe8c28f284c75f826bef3198b239ac6f34907bf5d,1,rugpull,raw_data/0xe8c28f284c75f826bef3198b239ac6f34907bf5d/NyanInu.sol,-0.076197,-0.022634,0.086358,0.009995,0.003756,-0.137711,0.068895,-0.032889,-0.029989,0.016476,-0.012453,-0.052852,-0.094123,0.065700,-0.008926,0.048358,0.010166,-0.027166,-0.004677,0.031922,0.016028,0.009259,0.009393,0.059622,0.016408,0.001087,-0.030126,-0.022685,-0.009712,-0.031755,-0.016019,0.062647,-0.040618,0.064829,0.067573,0.088042,0.058041,-0.097270,0.054092,-0.070806,-0.027650,-0.055886,-0.023914,0.068309,0.035529,0.000792,-0.126244,-0.004994,0.050567,0.068076,-0.071065,-0.039470,-0.024683,0.038890,0.040511,-0.047889,-0.007934,-0.022948,0.040332,-0.026289,0.012030,0.021238,0.050370,0.019829,-0.029130,-0.095740,-0.060858,0.065892,-0.041164,-0.039759,0.044684,0.009451,-0.033950,-0.033722,-0.060109,0.048473,0.050526,-0.020447,-0.047509,0.019484,0.052730,0.009260,-0.033305,0.012164,-0.011845,0.013722,-0.069562,-0.010149,0.047276,-0.014027,-0.004799,-0.036522,0.025619,0.024636,-0.025635,-0.049445,0.005650,0.002531,-0.065554,0.072793,-0.032311,0.024925,-0.014130,0.006513,-0.036921,0.023649,0.055084,-0.071101,0.099768,0.012293,-0.049006,-0.032160,-0.019534,-0.022867,0.020654,-0.010447,-0.008964,0.088367,0.022418,-0.028697,-0.033881,-0.023780,-0.017396,-0.021730,-0.031974,-0.010777,0.020729,0.000000,0.055018,0.072853,-0.013704,0.042953,-0.006314,-0.003281,-0.056287,0.035736,-0.082079,-0.100628,-0.089963,-0.015024,-0.008054,0.031818,-0.021829,-0.111125,0.046595,-0.124916,0.077860,0.010581,-0.019522,-0.026107,-0.063121,-0.004988,0.013597,0.027385,0.044441,-0.049898,-0.009477,0.048323,-0.062524,-0.018791,-0.043034,0.041381,0.005480,0.004691,-0.083380,-0.037953,-0.052680,-0.007327,0.034255,0.002011,-0.079403,-0.041628,-0.027239,0.034726,0.092438,0.005422,0.113478,-0.038872,-0.064050,0.020635,-0.110034,-0.074438,0.086746,-0.053478,0.006203,-0.053704,0.049511,0.035598,0.000357,-0.076020,0.081669,-0.022713,0.001979,-0.011785,-0.012328,0.030948,0.019531,0.014950,-0.098874,0.072908,-0.035481,0.016513,-0.016820,-0.014744,0.033287,0.031729,0.067001,0.029998,0.037562,0.007880,0.012082,-0.029836,0.152746,0.015151,0.054597,-0.074688,-0.016213,0.021087,-0.032718,-0.049194,0.030969,-0.002966,-0.048194,-0.000000,0.028692,-0.039227,-0.002033,-0.051838,-0.011900,-0.018229,0.025014,0.071915,-0.036230,0.050574,-0.099989,-0.014744,0.105074,-0.006607,-0.002445,-0.013982,0.085343,0.066550,-0.079441,0.042052,0.051897,-0.048896,-0.106672,0.008322,-0.057528,0.079216,0.094806,0.001101,-0.060715,0.017833,-0.041147,-0.043045,-0.092852,-0.019317,0.074281,0.054791,0.090538,-0.016090,-0.068073,-0.052693,0.041640,0.033479,-0.016282,0.071383,-0.062048,-0.004632,-0.010945,0.112888,-0.134281,0.041619,0.017900,-0.110615,0.032556,-0.044103,-0.013012,-0.002432,0.019671,-0.002044,-0.025161,-0.009046,0.000017,-0.090761,0.081252,0.023157,-0.036627,-0.083612,0.115206,0.035814,-0.067457,0.022724,0.069313,-0.015636,-0.160665,0.010782,0.061751,0.000423,0.070301,-0.039127,0.016167,-0.031557,-0.019361,0.058233,-0.027191,0.022679,0.110474,0.053507,0.058101,0.012906,-0.056088,-0.021274,-0.016820,0.104573,-0.015445,0.028662,0.053747,-0.000000,-0.006292,-0.005781,0.013584,0.003588,0.029649,0.033453,-0.027358,-0.058510,0.005713,0.028538,0.064459,0.032411,-0.042744,-0.037109,-0.014207,0.002017,-0.037351,0.030074,0.025857,0.012543,0.023601,0.080270,0.055965,-0.085421,-0.034631,0.027694,0.022644,0.050073,0.006981,-0.081300,-0.025052,0.002484,-0.076769,-0.086476,-0.076699,-0.036578,0.027467,0.017411,0.038899,-0.011056,0.017389,0.044204,0.047943,0.053061,-0.054316,0.034838,-0.004858,-0.056440,-0.044783,-0.022211,-0.044425,-0.060386,0.038951,0.030342,0.058418,0.043045,-0.059367,0.063280,-0.038479,0.093951,0.087084,-0.043575,-0.124444,0.005921,0.000000,0.000000,0.000000,0.000000,0.000000,0.000000,0.000000,0.000000,0.000000,0.000000,0.000000,0.000000,0.000000,0.000000,0.000000,0.000000,0.000000,0.000000,0.000000,0.000000,0.000000,0.000000,0.000000,0.000000
0x25febd7c860b50c79dd38815a451b08f74b7cee5,1,rugpull,raw_data/0x25febd7c860b50c79dd38815a451b08f74b7cee5/CommunityNoTax.sol,-0.027867,0.034166,0.026984,0.023314,0.029350,-0.073654,0.104263,0.050475,0.062945,0.070919,0.021489,-0.056227,0.042903,-0.014071,-0.056819,0.066534,0.055717,-0.022696,-0.071662,0.028035,0.081182,-0.023252,-0.009807,0.043415,-0.006690,-0.041381,-0.020648,-0.080321,0.018558,-0.038978,0.004376,0.039187,-0.002406,-0.066882,-0.053355,0.017499,0.024263,-0.029922,-0.006697,-0.036830,-0.000023,-0.022701,-0.055297,-0.010792,-0.000524,0.067880,0.005459,0.007910,-0.106601,0.024663,0.150997,-0.025815,0.013498,-0.022212,-0.004973,-0.046899,0.078824,-0.019648,0.093775,0.013862,-0.059765,0.004575,0.013714,-0.038627,0.041649,-0.065397,-0.013948,-0.000478,-0.069147,0.077168,0.022780,0.001895,-0.041086,-0.080783,0.078654,0.036676,-0.025152,0.081899,-0.022046,-0.100888,0.005693,-0.002892,-0.006211,-0.110222,0.041514,0.006663,0.024520,0.015135,0.124410,0.059750,0.009250,-0.010618,0.041103,0.018965,-0.023488,-0.013823,-0.015967,-0.027568,-0.102990,0.049265,-0.009705,0.055511,-0.005093,0.045212,0.040269,-0.034704,0.037197,0.030009,0.052450,-0.011895,0.031102,-0.039415,-0.053994,0.026067,-0.033728,0.007159,0.021978,0.006008,0.075255,-0.023023,0.048915,0.006847,-0.020512,-0.023027,-0.040436,-0.015787,0.006327,-0.000000,-0.008459,-0.000142,-0.122996,-0.014151,0.005572,-0.054829,0.020023,0.063101,-0.043630,-0.038017,0.045950,-0.001790,0.065516,0.078994,0.029773,-0.085311,0.056140,0.085512,0.083800,0.068015,0.016952,-0.022596,-0.021061,-0.012450,0.053196,-0.063963,-0.119821,0.003208,0.062484,0.009915,-0.018098,0.069090,0.044514,0.015498,-0.005314,-0.014466,-0.022394,-0.025788,-0.010311,-0.035418,-0.033461,-0.021132,-0.075675,-0.007817,-0.087970,-0.065633,0.034471,-0.043166,0.041169,0.043792,-0.014087,0.010470,-0.002214,-0.037163,0.003481,-0.152581,-0.058697,-0.046065,0.016256,-0.033696,0.028478,0.015983,-0.009537,-0.019109,-0.010060,0.062224,-0.033923,-0.062941,0.040499,-0.056330,-0.115278,0.079658,0.059369,0.067437,-0.106349,-0.046535,0.012022,0.010022,-0.029045,0.046382,0.008966,0.035630,-0.033763,-0.064088,0.038327,0.006862,-0.020159,0.067752,-0.058865,-0.060161,0.091661,-0.058510,-0.043840,0.007415,0.033708,-0.000000,0.010364,0.050560,-0.013139,0.012550,-0.058334,-0.033390,-0.008702,-0.004662,0.089507,-0.039269,-0.100685,0.038676,0.026422,0.005063,-0.033783,-0.090242,-0.126826,-0.065409,0.006882,-0.004226,-0.014015,0.029913,0.108513,0.070813,-0.068679,0.066529,-0.045919,0.045725,-0.001948,-0.040160,-0.010612,-0.058822,-0.035894,-0.009098,0.006236,-0.087233,-0.030190,0.115977,0.067658,-0.003327,0.079431,0.000875,0.069302,0.060682,0.029263,-0.014798,0.031089,0.012328,0.048779,-0.063746,0.081332,0.030471,0.001991,0.084497,0.034485,0.014975,0.133629,-0.020386,0.057543,-0.043288,-0.053915,0.048472,0.077453,0.010466,-0.011757,0.035733,-0.032306,-0.019380,0.134641,0.017275,0.024884,-0.011480,-0.041252,-0.072840,0.109683,0.010462,0.033446,-0.132220,0.039450,0.018535,-0.058470,0.030658,0.068988,0.026846,-0.013866,-0.073067,-0.008174,-0.024750,-0.006897,0.007000,0.012872,-0.071829,0.038960,-0.004168,-0.037022,-0.000000,0.009904,-0.041977,-0.023127,-0.042864,0.048015,-0.066103,-0.004328,-0.068009,-0.018215,-0.014767,-0.010499,0.012356,-0.040002,-0.062404,0.008589,-0.009613,0.029428,0.021631,-0.104037,-0.017476,-0.091235,-0.057102,0.037695,-0.054268,0.007653,-0.065579,0.080779,0.092373,-0.034863,-0.025238,-0.007208,-0.018075,-0.042435,0.049191,0.019842,-0.039731,-0.037152,-0.045130,0.033792,0.109817,0.004419,-0.052352,-0.004918,0.040027,-0.021602,0.077043,-0.100208,-0.059002,-0.064039,-0.080519,0.030447,0.018943,0.005697,0.119947,-0.006758,-0.046963,-0.048550,-0.060349,0.032473,-0.000450,0.079209,0.049360,0.064438,-0.026753,0.000000,0.000000,1.000000,0.000000,0.000000,1.000000,0.000000,0.000000,0.000000,0.000000,0.000000,0.000000,0.000000,0.000000,0.000000,0.000000,0.000000,0.000000,0.000000,0.000000,0.000000,0.000000,1.000000,0.000000
0xbd53a4db4003c59070abbfa4e6c31afbf0b26843,1,rugpull,raw_data/0xbd53a4db4003c59070abbfa4e6c31afbf0b26843/ETH_QUIZ.sol,-0.029213,-0.018895,-0.021402,-0.064774,0.025555,0.037883,0.044976,0.014908,-0.046041,0.047922,-0.012555,-0.057327,-0.101413,0.003283,0.060056,0.005614,0.033066,0.006485,-0.002680,-0.103644,0.070735,0.016908,-0.022774,0.027274,-0.047820,-0.003740,-0.032527,-0.001515,0.040935,-0.060518,0.032017,0.007148,-0.000229,0.045133,-0.041480,0.077111,-0.041622,-0.063482,-0.025962,-0.057556,-0.015743,-0.060521,-0.079582,0.013417,0.050054,0.064772,-0.117660,0.030050,0.077500,0.009791,-0.032709,-0.005471,-0.061406,-0.020642,0.113083,0.038922,0.025101,0.012825,0.049172,0.032186,0.016289,-0.016379,-0.070142,0.148065,0.018769,0.039263,-0.037540,-0.020555,-0.003135,-0.052745,-0.070223,0.022602,-0.038346,0.037479,-0.010852,0.047048,-0.061320,-0.026795,-0.101779,-0.065730,0.081367,0.019123,0.034703,0.031252,0.054473,-0.007469,0.013105,0.031844,0.085332,0.079034,-0.132227,0.032021,-0.019352,0.054577,-0.047054,0.069038,-0.065659,-0.141534,0.001418,0.055017,-0.064833,0.093616,0.078632,-0.021874,-0.017589,0.019654,-0.042461,-0.042112,-0.005341,0.053364,-0.067738,-0.002490,0.001761,-0.069472,0.036551,0.038893,0.040573,0.013078,0.075449,-0.017763,0.147017,0.008705,0.003118,0.054276,0.038939,-0.028157,-0.004320,-0.000000,0.019999,-0.075447,-0.012080,0.088073,-0.010349,-0.008086,0.064210,0.000343,-0.070578,0.016871,0.016926,0.022314,-0.013409,0.003063,0.084427,-0.011396,0.010494,0.062426,0.015591,0.002744,0.068076,0.011874,0.014529,0.058372,0.053847,0.043586,-0.068876,-0.040529,0.053024,-0.002735,-0.031789,-0.032033,-0.112990,0.051817,0.061531,0.002135,-0.057591,-0.073970,-0.037244,-0.059187,-0.058786,0.003814,-0.061860,0.020947,-0.052449,-0.156761,-0.115290,0.014291,0.055914,0.048454,-0.001863,0.074733,-0.004835,-0.045990,-0.006037,-0.104206,-0.085100,0.037205,-0.012480,0.038535,0.039903,0.041476,-0.042768,-0.010246,-0.011411,0.024406,-0.022468,-0.002619,0.074717,-0.040931,-0.015792,0.021061,0.030596,0.014576,0.025415,0.032120,-0.075174,-0.064398,-0.035943,-0.092770,0.044824,-0.021288,-0.066103,0.047962,0.043260,-0.066123,0.046694,-0.045026,0.020716,-0.048928,-0.045846,0.066966,-0.047273,-0.000829,-0.030470,-0.000000,0.006721,-0.027106,-0.153564,-0.019008,-0.053902,-0.016684,0.017987,0.018520,0.074406,0.042158,-0.043204,0.034688,0.063083,-0.032318,-0.027403,-0.034955,0.053896,-0.001550,-0.009905,0.043569,-0.047420,0.141983,-0.070294,-0.079094,0.020995,0.049813,0.052378,0.028969,0.008469,0.055716,0.063257,0.104071,-0.022071,-0.016303,0.015817,0.046222,0.047375,-0.015511,-0.042924,-0.003866,0.097780,0.002402,-0.041695,-0.037753,-0.014227,0.024423,-0.030115,0.037721,-0.020285,-0.008522,0.028034,-0.027284,-0.005490,-0.076031,-0.053904,-0.004187,0.030330,-0.022246,0.091013,-0.056276,0.070717,0.004516,-0.072862,-0.030557,0.025185,-0.031624,-0.044513,0.010209,-0.002754,0.011767,-0.019600,0.027771,-0.021416,-0.055924,-0.063540,0.052815,0.025374,-0.067864,-0.001092,0.052231,0.018799,0.013046,0.071563,0.044309,0.030557,-0.004824,-0.056215,0.035460,-0.037696,0.003375,-0.005278,0.050603,0.051614,0.114337,0.013511,-0.000000,-0.026246,-0.026333,-0.014420,0.036681,0.035900,0.050797,0.000765,-0.036792,-0.074189,-0.047201,0.011267,0.080510,0.077418,-0.010277,0.035271,0.044263,0.065761,0.049145,-0.054556,-0.038422,0.002917,0.019885,-0.093499,-0.066414,-0.057480,-0.012413,0.057242,-0.029472,0.004324,-0.039371,0.069276,0.050150,0.082641,-0.021244,0.046987,0.110581,-0.011821,0.049445,0.042677,-0.014288,-0.068222,0.005913,-0.084691,0.003584,-0.092217,0.001811,-0.029414,-0.066823,0.014422,-0.056651,-0.038785,-0.005288,-0.080939,0.005881,0.069974,0.049743,-0.037663,-0.020673,-0.028047,0.029341,-0.037364,0.098920,0.082040,0.059179,0.000000,0.000000,0.000000,0.000000,0.000000,0.000000,0.000000,0.000000,0.000000,0.000000,0.000000,0.000000,0.000000,0.000000,0.000000,0.000000,0.000000,0.000000,0.000000,0.000000,0.000000,0.000000,0.000000,0.000000
0x5a61da190215faa56aed0489e9357c2f2713e340,0,safe,raw_data/0x5a61da190215faa56aed0489e9357c2f2713e340/UserWallet.sol,-0.066073,0.084972,-0.010366,-0.096351,0.030028,-0.045428,0.016039,-0.034422,-0.039886,0.009095,-0.016636,0.068610,-0.011271,0.062557,-0.045310,-0.012138,0.070857,-0.008592,0.028301,0.012876,-0.035741,-0.054872,0.019902,-0.019014,0.028338,0.042491,-0.006665,0.043246,0.071236,-0.029819,0.029336,0.103105,0.073227,-0.098516,0.022525,-0.046462,0.024758,-0.043371,-0.013840,-0.058805,-0.014284,-0.083535,-0.072663,0.043399,0.029102,0.023423,0.062811,0.040130,0.027350,0.035635,-0.022524,-0.020391,0.002460,0.003600,-0.034346,-0.092185,-0.009784,0.019343,0.060668,0.009790,-0.023684,-0.014472,-0.072451,0.074014,-0.003654,0.018344,0.069763,-0.008295,-0.099882,0.003918,0.022524,-0.039191,-0.030757,0.071620,0.058352,-0.007246,0.065959,0.023691,-0.002175,-0.128198,-0.055124,-0.139292,-0.007594,0.021647,-0.070590,0.051286,0.106093,0.050599,0.040368,-0.062036,-0.075119,0.084649,0.063118,0.011497,0.001101,-0.045393,-0.052365,0.001921,0.020088,0.101189,-0.055446,0.009493,-0.049859,-0.037293,0.035476,-0.074922,0.020340,0.055997,0.060606,-0.005305,-0.005265,0.029076,0.016223,-0.021229,0.049017,-0.106638,-0.112996,0.000218,0.072648,-0.062036,0.053303,0.015102,-0.062329,0.035684,-0.020477,-0.081663,-0.054630,-0.000000,0.017851,0.028138,0.018013,0.044816,-0.011859,0.036842,-0.005432,-0.005137,-0.116946,-0.031733,-0.015389,-0.037612,-0.054628,0.023817,0.067620,-0.034391,-0.008800,-0.041045,0.029424,0.002322,-0.034430,0.007930,-0.034896,0.014255,-0.036497,0.018734,0.056224,-0.035887,0.146707,0.003531,-0.069320,-0.062946,0.012331,-0.078695,0.020223,0.122008,-0.013420,-0.030570,-0.031104,0.025987,0.003093,-0.015583,-0.119482,-0.061079,-0.025999,0.021364,-0.018376,-0.018581,0.022688,0.000290,-0.018346,0.025333,-0.063175,-0.012304,-0.025448,-0.024777,-0.080218,-0.025756,0.056991,-0.010411,0.001562,0.067188,0.006312,0.093099,-0.008321,0.065134,0.090794,-0.025764,-0.070251,0.057805,-0.120514,0.012414,0.118812,-0.114931,-0.014386,-0.028029,-0.062686,-0.046036,0.041344,0.018230,-0.072524,-0.004862,0.027200,-0.053226,-0.028237,0.000436,-0.041515,-0.113767,0.022616,0.092618,-0.027894,-0.121224,-0.031044,0.071114,-0.005097,0.000000,-0.031428,-0.056556,-0.039867,0.110045,-0.052310,-0.023945,-0.068324,0.093589,0.002435,0.064910,0.066158,0.023778,-0.000436,0.028285,0.004082,-0.042558,0.058757,-0.062451,-0.070828,0.006711,0.008516,-0.011467,0.034407,0.098328,0.015266,0.099788,0.094426,0.009735,-0.033605,-0.026157,0.025341,-0.026970,-0.092544,-0.063367,0.038234,0.008512,0.039621,0.039884,0.009840,-0.027104,0.023495,0.049214,0.026749,0.032633,0.028319,-0.103300,-0.004121,-0.056034,0.078626,-0.000019,0.025776,0.005053,0.068776,-0.118509,0.022344,0.011014,-0.089693,0.043031,0.112561,-0.013364,0.065913,-0.024915,-0.113463,-0.005698,-0.040605,-0.023303,-0.028067,0.027053,-0.015689,0.071158,0.015742,0.051697,-0.030631,-0.057635,-0.021786,-0.002471,0.053127,0.036380,-0.025886,0.036168,0.048148,0.089403,-0.020889,0.064887,-0.002189,0.010928,-0.031437,0.025226,-0.017209,-0.073085,-0.025977,0.021158,-0.007029,0.002172,-0.007068,-0.000000,-0.013443,0.022593,-0.080759,0.012524,0.006471,0.033308,-0.010220,-0.042786,0.058712,0.059770,0.090571,-0.069081,-0.081140,0.006416,-0.007064,0.050584,-0.041871,-0.055216,0.005564,-0.024346,-0.001764,0.024655,0.058769,-0.072770,-0.041176,0.006226,0.024685,-0.060723,-0.034133,0.032019,-0.041304,0.064989,0.024829,0.010189,0.054426,-0.066789,0.025679,0.142184,0.059379,0.003970,-0.010997,0.022331,0.027121,-0.000381,-0.004151,-0.037608,0.021711,0.011857,0.008413,-0.017597,-0.004777,0.022147,0.055977,0.046264,0.056347,0.021409,-0.017246,-0.006903,-0.002787,0.053743,0.037083,-0.027274,0.014585,0.099975,0.000000,0.000000,0.000000,0.000000,0.000000,0.000000,0.000000,0.000000,0.000000,0.000000,0.000000,0.000000,0.000000,0.000000,0.000000,0.000000,0.000000,0.000000,0.000000,0.000000,1.000000,0.000000,0.000000,0.000000
0x9f24fd67f51664b146571eedf103463543e91e7b,0,safe,raw_data/0x9f24fd67f51664b146571eedf103463543e91e7b/UserWallet.sol,-0.066073,0.084972,-0.010366,-0.096351,0.030028,-0.045428,0.016039,-0.034422,-0.039886,0.009095,-0.016636,0.068610,-0.011271,0.062557,-0.045310,-0.012138,0.070857,-0.008592,0.028301,0.012876,-0.035741,-0.054872,0.019902,-0.019014,0.028338,0.042491,-0.006665,0.043246,0.071236,-0.029819,0.029336,0.103105,0.073227,-0.098516,0.022525,-0.046462,0.024758,-0.043371,-0.013840,-0.058805,-0.014284,-0.083535,-0.072663,0.043399,0.029102,0.023423,0.062811,0.040130,0.027350,0.035635,-0.022524,-0.020391,0.002460,0.003600,-0.034346,-0.092185,-0.009784,0.019343,0.060668,0.009790,-0.023684,-0.014472,-0.072451,0.074014,-0.003654,0.018344,0.069763,-0.008295,-0.099882,0.003918,0.022524,-0.039191,-0.030757,0.071620,0.058352,-0.007246,0.065959,0.023691,-0.002175,-0.128198,-0.055124,-0.139292,-0.007594,0.021647,-0.070590,0.051286,0.106093,0.050599,0.040368,-0.062036,-0.075119,0.084649,0.063118,0.011497,0.001101,-0.045393,-0.052365,0.001921,0.020088,0.101189,-0.055446,0.009493,-0.049859,-0.037293,0.035476,-0.074922,0.020340,0.055997,0.060606,-0.005305,-0.005265,0.029076,0.016223,-0.021229,0.049017,-0.106638,-0.112996,0.000218,0.072648,-0.062036,0.053303,0.015102,-0.062329,0.035684,-0.020477,-0.081663,-0.054630,-0.000000,0.017851,0.028138,0.018013,0.044816,-0.011859,0.036842,-0.005432,-0.005137,-0.116946,-0.031733,-0.015389,-0.037612,-0.054628,0.023817,0.067620,-0.034391,-0.008800,-0.041045,0.029424,0.002322,-0.034430,0.007930,-0.034896,0.014255,-0.036497,0.018734,0.056224,-0.035887,0.146707,0.003531,-0.069320,-0.062946,0.012331,-0.078695,0.020223,0.122008,-0.013420,-0.030570,-0.031104,0.025987,0.003093,-0.015583,-0.119482,-0.061079,-0.025999,0.021364,-0.018376,-0.018581,0.022688,0.000290,-0.018346,0.025333,-0.063175,-0.012304,-0.025448,-0.024777,-0.080218,-0.025756,0.056991,-0.010411,0.001562,0.067188,0.006312,0.093099,-0.008321,0.065134,0.090794,-0.025764,-0.070251,0.057805,-0.120514,0.012414,0.118812,-0.114931,-0.014386,-0.028029,-0.062686,-0.046036,0.041344,0.018230,-0.072524,-0.004862,0.027200,-0.053226,-0.028237,0.000436,-0.041515,-0.113767,0.022616,0.092618,-0.027894,-0.121224,-0.031044,0.071114,-0.005097,0.000000,-0.031428,-0.056556,-0.039867,0.110045,-0.052310,-0.023945,-0.068324,0.093589,0.002435,0.064910,0.066158,0.023778,-0.000436,0.028285,0.004082,-0.042558,0.058757,-0.062451,-0.070828,0.006711,0.008516,-0.011467,0.034407,0.098328,0.015266,0.099788,0.094426,0.009735,-0.033605,-0.026157,0.025341,-0.026970,-0.092544,-0.063367,0.038234,0.008512,0.039621,0.039884,0.009840,-0.027104,0.023495,0.049214,0.026749,0.032633,0.028319,-0.103300,-0.004121,-0.056034,0.078626,-0.000019,0.025776,0.005053,0.068776,-0.118509,0.022344,0.011014,-0.089693,0.043031,0.112561,-0.013364,0.065913,-0.024915,-0.113463,-0.005698,-0.040605,-0.023303,-0.028067,0.027053,-0.015689,0.071158,0.015742,0.051697,-0.030631,-0.057635,-0.021786,-0.002471,0.053127,0.036380,-0.025886,0.036168,0.048148,0.089403,-0.020889,0.064887,-0.002189,0.010928,-0.031437,0.025226,-0.017209,-0.073085,-0.025977,0.021158,-0.007029,0.002172,-0.007068,-0.000000,-0.013443,0.022593,-0.080759,0.012524,0.006471,0.033308,-0.010220,-0.042786,0.058712,0.059770,0.090571,-0.069081,-0.081140,0.006416,-0.007064,0.050584,-0.041871,-0.055216,0.005564,-0.024346,-0.001764,0.024655,0.058769,-0.072770,-0.041176,0.006226,0.024685,-0.060723,-0.034133,0.032019,-0.041304,0.064989,0.024829,0.010189,0.054426,-0.066789,0.025679,0.142184,0.059379,0.003970,-0.010997,0.022331,0.027121,-0.000381,-0.004151,-0.037608,0.021711,0.011857,0.008413,-0.017597,-0.004777,0.022147,0.055977,0.046264,0.056347,0.021409,-0.017246,-0.006903,-0.002787,0.053743,0.037083,-0.027274,0.014585,0.099975,0.000000,0.000000,0.000000,0.000000,0.000000,0.000000,0.000000,0.000000,0.000000,0.000000,0.000000,0.000000,0.000000,0.000000,0.000000,0.000000,0.000000,0.000000,0.000000,0.000000,1.000000,0.000000,0.000000,0.000000
0xa25247f9102d02dc5f11792a57c757c5d62d9acf,1,rugpull,raw_data/0xa25247f9102d02dc5f11792a57c757c5d62d9acf/FOMI.sol,-0.152458,0.090683,-0.044395,0.084319,0.023813,-0.020198,0.034627,-0.005287,0.041823,0.003104,0.042368,-0.060683,0.047168,-0.000437,-0.027055,0.016173,0.008511,0.109653,0.005349,0.000885,0.031803,0.076732,-0.015939,-0.030640,0.081866,-0.028168,-0.047486,-0.008138,0.085381,-0.081475,0.047430,0.088445,-0.038086,-0.000373,0.130612,0.051777,-0.015736,0.035014,0.062605,0.001916,0.032220,-0.071141,-0.070501,0.032343,-0.011709,0.059542,-0.001695,0.042388,-0.140148,0.010132,0.043045,-0.049198,-0.034040,-0.046154,0.002299,-0.110024,-0.036210,-0.017446,0.032707,0.011478,0.073523,-0.031124,0.018014,0.009134,0.028884,-0.097805,0.013024,-0.039511,0.010946,0.045224,0.009809,0.028051,0.057768,-0.013319,0.054803,0.013198,0.036232,0.061724,0.013838,-0.074411,0.019538,-0.039731,0.009773,0.000411,0.055362,0.011109,0.025193,0.086629,0.127947,0.020463,-0.010076,-0.036026,-0.007978,-0.042212,0.010828,-0.066322,-0.095387,-0.043771,-0.067363,0.079096,-0.022663,0.073608,0.011174,0.007664,0.050901,-0.062587,0.026060,-0.045488,0.047492,0.007573,0.092585,0.015634,0.027111,-0.040058,-0.113464,-0.067309,0.001694,-0.007965,0.095540,-0.016641,-0.030951,-0.042496,-0.011259,0.053681,-0.125501,0.008427,0.014570,-0.000000,-0.042808,0.025622,-0.071757,-0.041942,-0.068931,-0.002387,0.003718,0.013204,0.007818,0.011264,-0.014249,-0.037559,0.012615,0.061944,-0.020565,0.014314,0.016159,0.051545,-0.015853,-0.022576,0.001130,0.001539,-0.058930,-0.023486,0.039651,-0.019265,0.028213,-0.051365,0.004836,0.017311,0.054966,0.025935,0.022001,0.071842,0.036813,0.077916,-0.053472,-0.038445,0.005075,-0.034299,-0.098236,-0.001187,-0.033921,-0.043060,-0.044152,-0.089004,-0.044578,-0.000933,0.131180,-0.066467,-0.017578,0.081353,0.020216,-0.037817,-0.001217,-0.037284,0.000895,0.044328,-0.014092,0.071886,-0.110088,0.052740,-0.037714,-0.044827,-0.111156,0.052465,-0.031542,-0.045078,0.030159,-0.055787,-0.033429,-0.017251,0.026661,0.002139,-0.071382,-0.013969,0.036880,0.039012,0.053578,-0.070192,0.036357,0.001307,-0.009003,0.046203,-0.021384,-0.017927,-0.019491,-0.021970,-0.038371,-0.023048,0.002402,0.000940,-0.073765,0.047929,0.028976,0.000000,0.019822,0.065208,-0.013721,0.063529,-0.080357,-0.057824,0.020184,-0.090055,0.021185,0.022774,-0.048760,0.022319,-0.066305,0.011299,0.070219,0.005638,-0.073058,-0.087893,-0.016034,0.072442,-0.034202,0.048316,-0.022344,0.022086,-0.048580,0.084525,0.025583,0.033366,-0.084697,0.074494,-0.005822,0.019368,-0.124924,-0.066335,-0.034470,-0.085598,-0.026259,0.099495,0.024739,0.037646,0.079460,0.054811,0.006481,0.055655,-0.005581,0.039253,0.095731,-0.083039,0.024877,-0.039235,0.055248,-0.015703,0.017787,0.005769,-0.061940,0.065706,-0.017457,-0.023778,-0.061290,-0.007111,0.016565,0.052104,0.044095,0.054724,0.009233,0.001211,-0.033424,-0.023169,0.027814,-0.056179,0.030022,0.059842,-0.015746,-0.034350,0.032653,0.086258,0.036715,-0.093646,-0.001036,-0.017219,-0.030522,0.039113,-0.002706,0.057071,-0.010008,0.008529,-0.019734,-0.006199,0.020457,0.074449,0.014518,0.063049,0.019630,-0.001346,-0.029676,-0.000000,-0.067678,-0.087709,0.044098,-0.037837,-0.033920,-0.062049,0.031322,-0.074190,0.005409,-0.016422,0.034909,-0.034551,-0.015920,-0.032714,-0.034875,-0.027490,0.044514,0.033255,-0.083091,-0.001555,-0.074475,0.075740,0.056806,-0.028138,0.033072,-0.057265,0.061654,0.051439,0.001669,-0.050755,0.055542,0.055867,0.022552,0.052820,-0.025729,0.129654,0.089420,0.015534,-0.013561,0.098864,-0.063252,0.061704,0.032267,0.011288,-0.112013,-0.005372,-0.071131,-0.053063,-0.064724,-0.088479,0.010998,0.007195,-0.087629,0.123592,0.019097,-0.072144,-0.047646,-0.029933,0.029367,0.069196,-0.008154,0.022082,0.035895,-0.057216,0.000000,0.000000,1.000000,0.000000,0.000000,1.000000,0.000000,0.000000,0.000000,0.000000,0.000000,0.000000,0.000000,0.000000,0.000000,0.000000,0.000000,0.000000,0.000000,0.000000,0.000000,0.000000,1.000000,0.000000
0x25821e9b69ef4425a789c052522f2f0ad939fa80,1,rugpull,raw_data/0x25821e9b69ef4425a789c052522f2f0ad939fa80/BabyStarLink.sol,-0.059925,-0.023211,-0.040378,-0.075002,-0.018373,0.036681,-0.007145,0.005262,-0.058748,-0.001158,0.015480,-0.043825,0.026068,-0.008847,-0.008493,0.076622,0.018061,0.013536,-0.059356,0.000173,0.022158,0.054450,-0.059827,0.016912,-0.070072,0.059409,-0.078359,-0.000558,-0.005170,-0.015264,-0.072863,0.109716,0.047730,0.019697,0.013279,0.046639,0.059957,0.009578,0.038809,0.033788,-0.032111,-0.061779,-0.012754,-0.018787,-0.039596,-0.002569,-0.008639,-0.063267,0.026845,-0.050144,-0.116407,-0.032556,-0.068167,0.063768,0.080026,0.011464,-0.041178,-0.037151,0.064526,-0.072089,0.054907,-0.060505,-0.063113,-0.089178,0.046558,-0.041559,-0.083509,0.067296,-0.021109,0.033951,-0.075264,0.011608,-0.123845,-0.011937,0.046539,0.059052,0.015293,0.012842,-0.021048,-0.057619,-0.019083,-0.096757,0.057659,0.025857,-0.088849,-0.064762,0.015781,-0.047244,0.074940,-0.037582,-0.064824,-0.035871,0.045135,0.012622,0.022060,0.061817,-0.057004,-0.047091,0.028586,0.115223,0.082942,-0.007384,-0.061607,-0.083168,-0.036196,-0.008214,-0.007251,0.109914,0.043060,-0.050226,-0.014926,-0.002492,-0.033802,-0.074605,-0.050898,-0.018416,0.035212,-0.027030,0.058269,-0.009230,0.032783,-0.018193,0.011193,0.111570,0.030659,-0.048460,0.022949,0.000000,-0.038464,0.067366,0.060336,-0.026238,0.032251,-0.054623,-0.128907,0.012745,-0.023840,0.037026,0.012330,0.042095,-0.056396,-0.030104,0.009093,-0.067518,-0.026787,-0.048457,-0.006213,-0.063713,0.051469,0.088162,-0.048851,-0.032008,-0.020073,-0.054667,-0.001256,-0.099278,-0.017372,0.010500,-0.008415,0.002235,0.046944,0.050065,0.000128,0.039483,0.026419,-0.071363,-0.048370,-0.041559,-0.096650,-0.048400,-0.140896,0.023886,0.051744,0.002258,-0.007306,-0.020440,0.040567,-0.002841,-0.015161,0.062064,-0.022498,-0.041237,0.030332,-0.010811,-0.073088,0.063058,0.028573,0.073243,-0.030972,-0.002407,0.056470,-0.019610,0.003475,0.024308,-0.037730,-0.037027,0.041080,0.069723,-0.092383,-0.013282,0.035949,0.066027,-0.046870,0.016572,-0.073859,-0.071106,-0.018117,-0.028257,-0.124620,-0.003196,-0.048242,-0.023133,-0.009687,-0.081154,0.097439,-0.009085,-0.068431,-0.062284,-0.003252,0.006482,0.080287,-0.055908,-0.028177,-0.000000,-0.057126,0.049412,-0.069494,0.019010,-0.068429,-0.012898,-0.018558,-0.011973,-0.065305,0.013517,-0.046639,0.014292,0.020545,-0.012681,-0.036297,-0.027099,0.014099,0.014452,-0.055951,0.082761,-0.016680,-0.022250,-0.061777,0.126502,-0.017340,0.046934,0.085276,-0.007457,-0.032846,0.074550,-0.034213,0.015481,-0.008373,-0.021090,-0.083384,0.051720,-0.048951,0.107894,-0.048197,-0.020356,0.004943,0.020856,-0.140793,-0.021694,-0.026994,-0.032034,0.029098,0.060148,0.012302,-0.073284,0.125541,-0.067417,0.016996,-0.092179,0.025087,-0.020587,0.039474,-0.028578,0.059535,0.016020,-0.001705,-0.037318,-0.029505,-0.033068,0.107887,-0.001730,0.025341,0.011629,-0.058279,0.016689,0.071786,0.026044,-0.033719,-0.005973,0.114681,0.099236,0.059355,0.108096,-0.083945,0.053889,-0.043048,0.034130,0.024583,0.029060,-0.061548,0.071851,-0.007907,0.083513,-0.014146,0.020716,-0.012120,0.064614,0.024272,0.014458,0.077416,-0.000000,-0.003049,-0.019986,-0.075243,0.031412,0.002208,0.010054,0.007211,-0.087978,-0.021280,0.024090,-0.001588,0.074240,-0.044964,0.040504,0.015121,0.041773,-0.047759,0.011008,-0.056143,0.045716,-0.019314,0.022493,0.049837,-0.060518,0.024488,-0.030125,0.009552,0.103837,0.094027,0.003178,0.069469,0.021916,-0.035160,-0.052687,-0.101413,-0.061370,0.001777,0.045761,-0.044927,0.014758,-0.046345,0.002639,-0.022810,-0.001404,-0.015380,0.032757,0.001283,0.080831,-0.063859,-0.056798,-0.060751,0.008367,0.044224,0.014178,-0.002711,-0.000513,-0.052624,0.073455,-0.065009,0.030242,-0.025438,0.047284,-0.045182,-0.011236,0.000000,0.000000,1.000000,0.000000,0.000000,1.000000,0.000000,0.000000,0.000000,0.000000,0.000000,0.000000,0.000000,0.000000,0.000000,0.000000,0.000000,0.000000,0.000000,0.000000,0.000000,0.000000,0.000000,0.000000
0xd80aaa052fce83149862c60534f277a52b6a8d58,1,rugpull,raw_data/0xd80aaa052fce83149862c60534f277a52b6a8d58/TrashCoin.sol,-0.049407,0.052557,-0.033006,0.029060,-0.044566,-0.059495,0.022053,0.033406,-0.031294,0.001816,0.031272,-0.008688,-0.064288,-0.024883,-0.056775,0.015023,0.000819,-0.028519,-0.075557,-0.004799,0.001966,-0.054724,-0.030107,0.037706,-0.024062,-0.014077,-0.031284,0.041003,0.027604,-0.033710,0.029549,0.149290,-0.068057,-0.022959,0.108250,0.089033,-0.018531,0.000406,-0.003042,-0.089870,-0.032450,0.041970,-0.072651,-0.029947,-0.006440,-0.031730,-0.052636,-0.058296,0.057137,0.015970,0.007494,0.051840,-0.062562,-0.069885,0.066581,0.046243,0.063014,0.021269,-0.018737,0.003966,-0.015169,0.029512,-0.039965,-0.044358,-0.029899,0.104420,0.015937,-0.036173,-0.006562,0.080194,0.012794,-0.024914,-0.057577,-0.037906,-0.004106,-0.007199,-0.009588,0.003297,-0.075259,-0.056661,0.015827,0.003776,0.023075,-0.034200,0.023196,-0.014802,0.006102,-0.070891,0.133453,-0.006831,-0.018244,-0.041327,0.029019,-0.012490,0.008054,0.016123,-0.042112,0.015519,-0.117326,0.053946,-0.019640,0.017571,-0.015560,0.022225,-0.028899,-0.118759,0.064389,0.069578,-0.111951,-0.055227,-0.005246,0.054426,0.059429,0.041205,-0.039447,0.017996,0.015897,-0.036215,-0.052747,0.035519,0.085798,0.031405,-0.013825,0.007159,0.014699,-0.028262,-0.025504,0.000000,-0.009928,-0.060109,-0.012151,-0.009641,0.028860,-0.019081,-0.038472,0.012860,-0.067502,0.073859,0.057849,-0.054064,-0.014704,-0.067132,-0.024089,-0.148484,-0.010209,0.022603,-0.051956,-0.001612,-0.016120,-0.031003,-0.080241,-0.034851,0.033428,-0.014519,-0.061299,-0.010087,0.100495,0.034657,0.026461,-0.020046,-0.023435,0.009315,-0.006470,0.009447,-0.119799,-0.036082,0.002541,-0.018827,-0.055004,0.014805,-0.018304,-0.046386,0.036825,-0.068111,-0.058299,0.012590,-0.059895,-0.019972,0.015658,0.090522,-0.025849,-0.017073,-0.046095,-0.106415,-0.029603,-0.012250,-0.051240,0.117327,0.009336,-0.035118,-0.142553,0.025472,-0.040430,0.048305,-0.061241,-0.027049,-0.033661,-0.047316,-0.090575,-0.062684,0.038516,0.083542,-0.042730,-0.082796,0.048769,0.031452,-0.011605,-0.121967,0.007102,-0.048885,-0.027731,-0.078845,0.088180,-0.074732,-0.002789,-0.029650,-0.016090,-0.027199,-0.000077,-0.011383,0.023527,-0.061794,-0.044991,-0.000000,0.030711,-0.014143,-0.062995,-0.025867,-0.036541,0.060409,0.002191,-0.053173,0.025238,-0.021794,-0.011387,0.015612,0.036682,0.018995,-0.036121,0.041610,0.015827,-0.048561,0.056828,0.062203,-0.023455,0.073583,0.034261,0.001516,-0.066671,0.006155,-0.101425,0.087057,0.045165,0.011232,-0.045632,-0.031195,0.003057,-0.028641,-0.009941,-0.043661,-0.014717,0.011326,-0.048580,0.082005,0.111818,-0.002018,-0.007126,0.028243,-0.011013,0.049692,-0.075458,-0.083499,0.002109,-0.018373,-0.022466,-0.021503,0.084022,0.061604,-0.014223,0.004393,0.088756,-0.045809,-0.006631,-0.053190,0.073083,-0.018280,0.061840,-0.080713,0.134316,-0.017742,0.022427,-0.005550,0.028310,-0.031685,0.063892,0.024116,-0.030625,-0.012702,0.037705,-0.021059,-0.067125,-0.032482,0.020066,-0.038422,-0.012861,0.027486,0.046175,0.062529,-0.160775,-0.079893,-0.068116,0.066720,-0.019246,0.031333,-0.033090,-0.067751,0.072504,0.099016,0.016395,-0.000000,-0.001883,-0.129736,0.004335,0.042916,0.090500,-0.055861,-0.023387,0.101687,-0.038512,-0.039389,0.048273,0.053984,-0.031913,-0.040207,0.001494,-0.018510,-0.027479,-0.015119,-0.050543,-0.107426,-0.031057,-0.033831,0.010069,0.055724,0.003088,0.027394,0.073632,0.027896,0.016962,-0.062633,-0.006639,-0.017040,0.033291,0.023035,-0.101552,0.014121,-0.001164,0.055494,0.054925,0.010483,0.020377,0.102399,-0.051363,0.081219,0.008747,-0.020235,-0.062644,-0.064364,-0.009134,-0.030091,-0.071755,0.072298,0.042367,0.082712,0.018555,0.024643,-0.021146,0.055574,-0.021479,0.103032,0.058734,0.101976,0.038842,0.035895,0.000000,0.000000,1.000000,0.000000,0.000000,1.000000,0.000000,0.000000,0.000000,0.000000,0.000000,0.000000,0.000000,0.000000,0.000000,0.000000,0.000000,0.000000,0.000000,0.000000,0.000000,0.000000,0.000000,0.000000
0x18205bdd8ccbe685af20d5517d2a20c03a1d4694,0,safe,raw_data/0x18205bdd8ccbe685af20d5517d2a20c03a1d4694/UserWallet.sol,-0.066073,0.084972,-0.010366,-0.096351,0.030028,-0.045428,0.016039,-0.034422,-0.039886,0.009095,-0.016636,0.068610,-0.011271,0.062557,-0.045310,-0.012138,0.070857,-0.008592,0.028301,0.012876,-0.035741,-0.054872,0.019902,-0.019014,0.028338,0.042491,-0.006665,0.043246,0.071236,-0.029819,0.029336,0.103105,0.073227,-0.098516,0.022525,-0.046462,0.024758,-0.043371,-0.013840,-0.058805,-0.014284,-0.083535,-0.072663,0.043399,0.029102,0.023423,0.062811,0.040130,0.027350,0.035635,-0.022524,-0.020391,0.002460,0.003600,-0.034346,-0.092185,-0.009784,0.019343,0.060668,0.009790,-0.023684,-0.014472,-0.072451,0.074014,-0.003654,0.018344,0.069763,-0.008295,-0.099882,0.003918,0.022524,-0.039191,-0.030757,0.071620,0.058352,-0.007246,0.065959,0.023691,-0.002175,-0.128198,-0.055124,-0.139292,-0.007594,0.021647,-0.070590,0.051286,0.106093,0.050599,0.040368,-0.062036,-0.075119,0.084649,0.063118,0.011497,0.001101,-0.045393,-0.052365,0.001921,0.020088,0.101189,-0.055446,0.009493,-0.049859,-0.037293,0.035476,-0.074922,0.020340,0.055997,0.060606,-0.005305,-0.005265,0.029076,0.016223,-0.021229,0.049017,-0.106638,-0.112996,0.000218,0.072648,-0.062036,0.053303,0.015102,-0.062329,0.035684,-0.020477,-0.081663,-0.054630,-0.000000,0.017851,0.028138,0.018013,0.044816,-0.011859,0.036842,-0.005432,-0.005137,-0.116946,-0.031733,-0.015389,-0.037612,-0.054628,0.023817,0.067620,-0.034391,-0.008800,-0.041045,0.029424,0.002322,-0.034430,0.007930,-0.034896,0.014255,-0.036497,0.018734,0.056224,-0.035887,0.146707,0.003531,-0.069320,-0.062946,0.012331,-0.078695,0.020223,0.122008,-0.013420,-0.030570,-0.031104,0.025987,0.003093,-0.015583,-0.119482,-0.061079,-0.025999,0.021364,-0.018376,-0.018581,0.022688,0.000290,-0.018346,0.025333,-0.063175,-0.012304,-0.025448,-0.024777,-0.080218,-0.025756,0.056991,-0.010411,0.001562,0.067188,0.006312,0.093099,-0.008321,0.065134,0.090794,-0.025764,-0.070251,0.057805,-0.120514,0.012414,0.118812,-0.114931,-0.014386,-0.028029,-0.062686,-0.046036,0.041344,0.018230,-0.072524,-0.004862,0.027200,-0.053226,-0.028237,0.000436,-0.041515,-0.113767,0.022616,0.092618,-0.027894,-0.121224,-0.031044,0.071114,-0.005097,0.000000,-0.031428,-0.056556,-0.039867,0.110045,-0.052310,-0.023945,-0.068324,0.093589,0.002435,0.064910,0.066158,0.023778,-0.000436,0.028285,0.004082,-0.042558,0.058757,-0.062451,-0.070828,0.006711,0.008516,-0.011467,0.034407,0.098328,0.015266,0.099788,0.094426,0.009735,-0.033605,-0.026157,0.025341,-0.026970,-0.092544,-0.063367,0.038234,0.008512,0.039621,0.039884,0.009840,-0.027104,0.023495,0.049214,0.026749,0.032633,0.028319,-0.103300,-0.004121,-0.056034,0.078626,-0.000019,0.025776,0.005053,0.068776,-0.118509,0.022344,0.011014,-0.089693,0.043031,0.112561,-0.013364,0.065913,-0.024915,-0.113463,-0.005698,-0.040605,-0.023303,-0.028067,0.027053,-0.015689,0.071158,0.015742,0.051697,-0.030631,-0.057635,-0.021786,-0.002471,0.053127,0.036380,-0.025886,0.036168,0.048148,0.089403,-0.020889,0.064887,-0.002189,0.010928,-0.031437,0.025226,-0.017209,-0.073085,-0.025977,0.021158,-0.007029,0.002172,-0.007068,-0.000000,-0.013443,0.022593,-0.080759,0.012524,0.006471,0.033308,-0.010220,-0.042786,0.058712,0.059770,0.090571,-0.069081,-0.081140,0.006416,-0.007064,0.050584,-0.041871,-0.055216,0.005564,-0.024346,-0.001764,0.024655,0.058769,-0.072770,-0.041176,0.006226,0.024685,-0.060723,-0.034133,0.032019,-0.041304,0.064989,0.024829,0.010189,0.054426,-0.066789,0.025679,0.142184,0.059379,0.003970,-0.010997,0.022331,0.027121,-0.000381,-0.004151,-0.037608,0.021711,0.011857,0.008413,-0.017597,-0.004777,0.022147,0.055977,0.046264,0.056347,0.021409,-0.017246,-0.006903,-0.002787,0.053743,0.037083,-0.027274,0.014585,0.099975,0.000000,0.000000,0.000000,0.000000,0.000000,0.000000,0.000000,0.000000,0.000000,0.000000,0.000000,0.000000,0.000000,0.000000,0.000000,0.000000,0.000000,0.000000,0.000000,0.000000,1.000000,0.000000,0.000000,0.000000
0xa8bc1c89ba2ed4d6679796b99a3ea1660d916007,0,safe,raw_data/0xa8bc1c89ba2ed4d6679796b99a3ea1660d916007/UserWallet.sol,-0.066073,0.084972,-0.010366,-0.096351,0.030028,-0.045428,0.016039,-0.034422,-0.039886,0.009095,-0.016636,0.068610,-0.011271,0.062557,-0.045310,-0.012138,0.070857,-0.008592,0.028301,0.012876,-0.035741,-0.054872,0.019902,-0.019014,0.028338,0.042491,-0.006665,0.043246,0.071236,-0.029819,0.029336,0.103105,0.073227,-0.098516,0.022525,-0.046462,0.024758,-0.043371,-0.013840,-0.058805,-0.014284,-0.083535,-0.072663,0.043399,0.029102,0.023423,0.062811,0.040130,0.027350,0.035635,-0.022524,-0.020391,0.002460,0.003600,-0.034346,-0.092185,-0.009784,0.019343,0.060668,0.009790,-0.023684,-0.014472,-0.072451,0.074014,-0.003654,0.018344,0.069763,-0.008295,-0.099882,0.003918,0.022524,-0.039191,-0.030757,0.071620,0.058352,-0.007246,0.065959,0.023691,-0.002175,-0.128198,-0.055124,-0.139292,-0.007594,0.021647,-0.070590,0.051286,0.106093,0.050599,0.040368,-0.062036,-0.075119,0.084649,0.063118,0.011497,0.001101,-0.045393,-0.052365,0.001921,0.020088,0.101189,-0.055446,0.009493,-0.049859,-0.037293,0.035476,-0.074922,0.020340,0.055997,0.060606,-0.005305,-0.005265,0.029076,0.016223,-0.021229,0.049017,-0.106638,-0.112996,0.000218,0.072648,-0.062036,0.053303,0.015102,-0.062329,0.035684,-0.020477,-0.081663,-0.054630,-0.000000,0.017851,0.028138,0.018013,0.044816,-0.011859,0.036842,-0.005432,-0.005137,-0.116946,-0.031733,-0.015389,-0.037612,-0.054628,0.023817,0.067620,-0.034391,-0.008800,-0.041045,0.029424,0.002322,-0.034430,0.007930,-0.034896,0.014255,-0.036497,0.018734,0.056224,-0.035887,0.146707,0.003531,-0.069320,-0.062946,0.012331,-0.078695,0.020223,0.122008,-0.013420,-0.030570,-0.031104,0.025987,0.003093,-0.015583,-0.119482,-0.061079,-0.025999,0.021364,-0.018376,-0.018581,0.022688,0.000290,-0.018346,0.025333,-0.063175,-0.012304,-0.025448,-0.024777,-0.080218,-0.025756,0.056991,-0.010411,0.001562,0.067188,0.006312,0.093099,-0.008321,0.065134,0.090794,-0.025764,-0.070251,0.057805,-0.120514,0.012414,0.118812,-0.114931,-0.014386,-0.028029,-0.062686,-0.046036,0.041344,0.018230,-0.072524,-0.004862,0.027200,-0.053226,-0.028237,0.000436,-0.041515,-0.113767,0.022616,0.092618,-0.027894,-0.121224,-0.031044,0.071114,-0.005097,0.000000,-0.031428,-0.056556,-0.039867,0.110045,-0.052310,-0.023945,-0.068324,0.093589,0.002435,0.064910,0.066158,0.023778,-0.000436,0.028285,0.004082,-0.042558,0.058757,-0.062451,-0.070828,0.006711,0.008516,-0.011467,0.034407,0.098328,0.015266,0.099788,0.094426,0.009735,-0.033605,-0.026157,0.025341,-0.026970,-0.092544,-0.063367,0.038234,0.008512,0.039621,0.039884,0.009840,-0.027104,0.023495,0.049214,0.026749,0.032633,0.028319,-0.103300,-0.004121,-0.056034,0.078626,-0.000019,0.025776,0.005053,0.068776,-0.118509,0.022344,0.011014,-0.089693,0.043031,0.112561,-0.013364,0.065913,-0.024915,-0.113463,-0.005698,-0.040605,-0.023303,-0.028067,0.027053,-0.015689,0.071158,0.015742,0.051697,-0.030631,-0.057635,-0.021786,-0.002471,0.053127,0.036380,-0.025886,0.036168,0.048148,0.089403,-0.020889,0.064887,-0.002189,0.010928,-0.031437,0.025226,-0.017209,-0.073085,-0.025977,0.021158,-0.007029,0.002172,-0.007068,-0.000000,-0.013443,0.022593,-0.080759,0.012524,0.006471,0.033308,-0.010220,-0.042786,0.058712,0.059770,0.090571,-0.069081,-0.081140,0.006416,-0.007064,0.050584,-0.041871,-0.055216,0.005564,-0.024346,-0.001764,0.024655,0.058769,-0.072770,-0.041176,0.006226,0.024685,-0.060723,-0.034133,0.032019,-0.041304,0.064989,0.024829,0.010189,0.054426,-0.066789,0.025679,0.142184,0.059379,0.003970,-0.010997,0.022331,0.027121,-0.000381,-0.004151,-0.037608,0.021711,0.011857,0.008413,-0.017597,-0.004777,0.022147,0.055977,0.046264,0.056347,0.021409,-0.017246,-0.006903,-0.002787,0.053743,0.037083,-0.027274,0.014585,0.099975,0.000000,0.000000,0.000000,0.000000,0.000000,0.000000,0.000000,0.000000,0.000000,0.000000,0.000000,0.000000,0.000000,0.000000,0.000000,0.000000,0.000000,0.000000,0.000000,0.000000,1.000000,0.000000,0.000000,0.000000
0x5ecbaaba1baa0072047158685d001374dc6aef0b,0,safe,raw_data/0x5ecbaaba1baa0072047158685d001374dc6aef0b/UserWallet.sol,-0.066073,0.084972,-0.010366,-0.096351,0.030028,-0.045428,0.016039,-0.034422,-0.039886,0.009095,-0.016636,0.068610,-0.011271,0.062557,-0.045310,-0.012138,0.070857,-0.008592,0.028301,0.012876,-0.035741,-0.054872,0.019902,-0.019014,0.028338,0.042491,-0.006665,0.043246,0.071236,-0.029819,0.029336,0.103105,0.073227,-0.098516,0.022525,-0.046462,0.024758,-0.043371,-0.013840,-0.058805,-0.014284,-0.083535,-0.072663,0.043399,0.029102,0.023423,0.062811,0.040130,0.027350,0.035635,-0.022524,-0.020391,0.002460,0.003600,-0.034346,-0.092185,-0.009784,0.019343,0.060668,0.009790,-0.023684,-0.014472,-0.072451,0.074014,-0.003654,0.018344,0.069763,-0.008295,-0.099882,0.003918,0.022524,-0.039191,-0.030757,0.071620,0.058352,-0.007246,0.065959,0.023691,-0.002175,-0.128198,-0.055124,-0.139292,-0.007594,0.021647,-0.070590,0.051286,0.106093,0.050599,0.040368,-0.062036,-0.075119,0.084649,0.063118,0.011497,0.001101,-0.045393,-0.052365,0.001921,0.020088,0.101189,-0.055446,0.009493,-0.049859,-0.037293,0.035476,-0.074922,0.020340,0.055997,0.060606,-0.005305,-0.005265,0.029076,0.016223,-0.021229,0.049017,-0.106638,-0.112996,0.000218,0.072648,-0.062036,0.053303,0.015102,-0.062329,0.035684,-0.020477,-0.081663,-0.054630,-0.000000,0.017851,0.028138,0.018013,0.044816,-0.011859,0.036842,-0.005432,-0.005137,-0.116946,-0.031733,-0.015389,-0.037612,-0.054628,0.023817,0.067620,-0.034391,-0.008800,-0.041045,0.029424,0.002322,-0.034430,0.007930,-0.034896,0.014255,-0.036497,0.018734,0.056224,-0.035887,0.146707,0.003531,-0.069320,-0.062946,0.012331,-0.078695,0.020223,0.122008,-0.013420,-0.030570,-0.031104,0.025987,0.003093,-0.015583,-0.119482,-0.061079,-0.025999,0.021364,-0.018376,-0.018581,0.022688,0.000290,-0.018346,0.025333,-0.063175,-0.012304,-0.025448,-0.024777,-0.080218,-0.025756,0.056991,-0.010411,0.001562,0.067188,0.006312,0.093099,-0.008321,0.065134,0.090794,-0.025764,-0.070251,0.057805,-0.120514,0.012414,0.118812,-0.114931,-0.014386,-0.028029,-0.062686,-0.046036,0.041344,0.018230,-0.072524,-0.004862,0.027200,-0.053226,-0.028237,0.000436,-0.041515,-0.113767,0.022616,0.092618,-0.027894,-0.121224,-0.031044,0.071114,-0.005097,0.000000,-0.031428,-0.056556,-0.039867,0.110045,-0.052310,-0.023945,-0.068324,0.093589,0.002435,0.064910,0.066158,0.023778,-0.000436,0.028285,0.004082,-0.042558,0.058757,-0.062451,-0.070828,0.006711,0.008516,-0.011467,0.034407,0.098328,0.015266,0.099788,0.094426,0.009735,-0.033605,-0.026157,0.025341,-0.026970,-0.092544,-0.063367,0.038234,0.008512,0.039621,0.039884,0.009840,-0.027104,0.023495,0.049214,0.026749,0.032633,0.028319,-0.103300,-0.004121,-0.056034,0.078626,-0.000019,0.025776,0.005053,0.068776,-0.118509,0.022344,0.011014,-0.089693,0.043031,0.112561,-0.013364,0.065913,-0.024915,-0.113463,-0.005698,-0.040605,-0.023303,-0.028067,0.027053,-0.015689,0.071158,0.015742,0.051697,-0.030631,-0.057635,-0.021786,-0.002471,0.053127,0.036380,-0.025886,0.036168,0.048148,0.089403,-0.020889,0.064887,-0.002189,0.010928,-0.031437,0.025226,-0.017209,-0.073085,-0.025977,0.021158,-0.007029,0.002172,-0.007068,-0.000000,-0.013443,0.022593,-0.080759,0.012524,0.006471,0.033308,-0.010220,-0.042786,0.058712,0.059770,0.090571,-0.069081,-0.081140,0.006416,-0.007064,0.050584,-0.041871,-0.055216,0.005564,-0.024346,-0.001764,0.024655,0.058769,-0.072770,-0.041176,0.006226,0.024685,-0.060723,-0.034133,0.032019,-0.041304,0.064989,0.024829,0.010189,0.054426,-0.066789,0.025679,0.142184,0.059379,0.003970,-0.010997,0.022331,0.027121,-0.000381,-0.004151,-0.037608,0.021711,0.011857,0.008413,-0.017597,-0.004777,0.022147,0.055977,0.046264,0.056347,0.021409,-0.017246,-0.006903,-0.002787,0.053743,0.037083,-0.027274,0.014585,0.099975,0.000000,0.000000,0.000000,0.000000,0.000000,0.000000,0.000000,0.000000,0.000000,0.000000,0.000000,0.000000,0.000000,0.000000,0.000000,0.000000,0.000000,0.000000,0.000000,0.000000,1.000000,0.000000,0.000000,0.000000
0xb302a8e5da35eb272c810333f1b991d458ae4c26,1,rugpull,raw_data/0xb302a8e5da35eb272c810333f1b991d458ae4c26/Mivie.sol,-0.044053,0.025862,-0.007012,-0.028020,-0.008956,-0.059181,0.058431,0.009972,-0.014671,0.058233,0.030355,-0.054951,0.046741,-0.018743,-0.039817,0.031778,0.034740,0.017222,-0.054760,-0.001760,0.025406,-0.023589,-0.033838,0.034218,0.048658,-0.063199,-0.009727,-0.026917,0.031993,-0.057888,-0.012376,0.013790,-0.043286,-0.050124,0.021120,0.000286,-0.017458,-0.071278,-0.004105,-0.076712,0.010093,-0.017853,-0.064786,-0.005668,-0.040750,0.083029,-0.005836,0.036072,-0.081885,-0.011326,0.122012,-0.041123,0.005118,0.019889,-0.007565,-0.014622,0.062913,-0.001317,0.023388,0.027730,-0.077471,0.016107,0.008567,-0.048386,0.029680,-0.049890,-0.040436,0.043701,-0.043806,0.133873,0.016972,-0.040714,-0.093802,-0.025938,0.025061,0.045245,0.037536,0.035180,-0.030384,-0.192051,-0.060594,0.002114,-0.011683,-0.081249,0.048683,-0.003479,0.013440,0.016388,0.125943,0.022264,0.035876,0.040033,0.071145,-0.036866,-0.009352,-0.012378,-0.010340,0.003143,-0.020650,0.066128,-0.015374,0.044598,-0.040120,0.019903,0.077829,-0.025974,0.008368,0.014863,-0.015718,-0.014631,0.052838,0.047813,-0.019733,0.021491,-0.041175,0.041909,-0.022762,0.032578,-0.025510,-0.055334,0.069964,0.016746,-0.012886,-0.008915,-0.051904,-0.022158,0.045360,0.000000,-0.034288,-0.039085,-0.072967,-0.041159,-0.029548,-0.043621,0.018132,0.077022,-0.048578,0.016691,0.034367,0.001732,-0.041630,-0.001626,0.020105,-0.092341,0.065337,0.006377,0.118416,0.061103,0.011040,-0.001278,-0.040330,0.038788,0.084573,-0.041081,-0.078765,-0.004372,0.021625,0.027454,-0.018048,0.027670,-0.009078,0.009990,-0.006672,-0.033124,-0.038235,-0.018653,-0.026944,-0.030578,-0.066092,-0.061204,-0.078427,-0.019359,-0.085111,-0.059302,0.014937,-0.013092,0.078278,0.018221,-0.011143,-0.022131,-0.007716,-0.056575,-0.006931,-0.177076,-0.050428,-0.030531,0.022743,0.002978,0.080377,-0.015069,-0.016236,0.054841,-0.085746,0.051285,0.006858,-0.054727,0.022753,-0.058362,-0.070902,0.041788,0.010460,0.040526,-0.059260,-0.061218,0.062690,0.026214,-0.005377,-0.058016,-0.006470,0.016455,-0.054401,-0.038237,0.006974,0.050012,-0.024143,-0.009062,-0.064920,-0.011565,0.034749,-0.053299,0.064340,0.022147,0.034095,-0.000000,-0.006582,0.053520,0.026770,-0.005236,-0.069013,-0.040493,-0.007039,-0.000483,0.055695,0.002402,-0.098017,0.034389,0.007693,0.016497,-0.019546,-0.044947,-0.084895,-0.074088,-0.000045,0.036325,-0.026787,0.112688,0.104113,0.043497,-0.054993,0.088907,-0.086624,0.101591,-0.005529,-0.021404,-0.014978,-0.092557,-0.026356,0.016484,0.036936,-0.146545,0.081941,0.086487,0.022842,0.059938,0.090340,-0.015734,0.042647,0.083237,0.026090,-0.012510,0.024471,-0.019001,0.028016,-0.069030,0.115439,0.037774,-0.003833,0.075675,-0.032022,0.015659,0.176682,-0.017466,0.043063,-0.034604,-0.018637,-0.002481,0.093259,0.067488,-0.009830,-0.014634,-0.012158,0.006356,0.100469,0.040484,0.050399,0.044047,-0.023921,-0.058265,0.046851,0.006613,0.007859,-0.122161,0.016774,0.041930,-0.094891,0.061711,0.079533,0.065007,-0.069071,-0.027477,-0.001099,-0.005471,0.027296,0.026554,-0.028790,-0.053643,0.036262,0.018363,-0.067442,-0.000000,0.040884,-0.127575,0.026421,0.054198,0.075305,-0.062908,-0.043176,-0.025311,-0.041008,-0.026271,-0.034848,0.083085,-0.034618,-0.090892,-0.028830,-0.039046,0.024959,-0.027785,-0.115899,-0.060935,-0.064190,0.021797,0.036906,-0.019619,-0.051033,-0.012233,0.041163,0.087362,0.037277,-0.072715,0.046381,0.017558,-0.008734,0.007480,-0.001970,-0.011042,-0.000243,0.005602,0.028536,0.055708,-0.032795,0.013041,-0.000670,0.063541,-0.025938,-0.005012,-0.088449,-0.085175,0.009538,-0.045918,-0.000358,-0.019769,-0.026297,0.132204,-0.011455,-0.066696,-0.063763,-0.019048,-0.027814,0.015897,0.108836,0.015193,0.074203,-0.055955,0.000000,0.000000,0.000000,0.000000,0.000000,0.000000,0.000000,0.000000,0.000000,0.000000,0.000000,0.000000,0.000000,0.000000,0.000000,0.000000,0.000000,0.000000,0.000000,0.000000,0.000000,0.000000,0.000000,0.000000
0x5e03324661db476a88bbfd734d9425262d85ae8a,0,safe,raw_data/0x5e03324661db476a88bbfd734d9425262d85ae8a/UserWallet.sol,-0.066073,0.084972,-0.010366,-0.096351,0.030028,-0.045428,0.016039,-0.034422,-0.039886,0.009095,-0.016636,0.068610,-0.011271,0.062557,-0.045310,-0.012138,0.070857,-0.008592,0.028301,0.012876,-0.035741,-0.054872,0.019902,-0.019014,0.028338,0.042491,-0.006665,0.043246,0.071236,-0.029819,0.029336,0.103105,0.073227,-0.098516,0.022525,-0.046462,0.024758,-0.043371,-0.013840,-0.058805,-0.014284,-0.083535,-0.072663,0.043399,0.029102,0.023423,0.062811,0.040130,0.027350,0.035635,-0.022524,-0.020391,0.002460,0.003600,-0.034346,-0.092185,-0.009784,0.019343,0.060668,0.009790,-0.023684,-0.014472,-0.072451,0.074014,-0.003654,0.018344,0.069763,-0.008295,-0.099882,0.003918,0.022524,-0.039191,-0.030757,0.071620,0.058352,-0.007246,0.065959,0.023691,-0.002175,-0.128198,-0.055124,-0.139292,-0.007594,0.021647,-0.070590,0.051286,0.106093,0.050599,0.040368,-0.062036,-0.075119,0.084649,0.063118,0.011497,0.001101,-0.045393,-0.052365,0.001921,0.020088,0.101189,-0.055446,0.009493,-0.049859,-0.037293,0.035476,-0.074922,0.020340,0.055997,0.060606,-0.005305,-0.005265,0.029076,0.016223,-0.021229,0.049017,-0.106638,-0.112996,0.000218,0.072648,-0.062036,0.053303,0.015102,-0.062329,0.035684,-0.020477,-0.081663,-0.054630,-0.000000,0.017851,0.028138,0.018013,0.044816,-0.011859,0.036842,-0.005432,-0.005137,-0.116946,-0.031733,-0.015389,-0.037612,-0.054628,0.023817,0.067620,-0.034391,-0.008800,-0.041045,0.029424,0.002322,-0.034430,0.007930,-0.034896,0.014255,-0.036497,0.018734,0.056224,-0.035887,0.146707,0.003531,-0.069320,-0.062946,0.012331,-0.078695,0.020223,0.122008,-0.013420,-0.030570,-0.031104,0.025987,0.003093,-0.015583,-0.119482,-0.061079,-0.025999,0.021364,-0.018376,-0.018581,0.022688,0.000290,-0.018346,0.025333,-0.063175,-0.012304,-0.025448,-0.024777,-0.080218,-0.025756,0.056991,-0.010411,0.001562,0.067188,0.006312,0.093099,-0.008321,0.065134,0.090794,-0.025764,-0.070251,0.057805,-0.120514,0.012414,0.118812,-0.114931,-0.014386,-0.028029,-0.062686,-0.046036,0.041344,0.018230,-0.072524,-0.004862,0.027200,-0.053226,-0.028237,0.000436,-0.041515,-0.113767,0.022616,0.092618,-0.027894,-0.121224,-0.031044,0.071114,-0.005097,0.000000,-0.031428,-0.056556,-0.039867,0.110045,-0.052310,-0.023945,-0.068324,0.093589,0.002435,0.064910,0.066158,0.023778,-0.000436,0.028285,0.004082,-0.042558,0.058757,-0.062451,-0.070828,0.006711,0.008516,-0.011467,0.034407,0.098328,0.015266,0.099788,0.094426,0.009735,-0.033605,-0.026157,0.025341,-0.026970,-0.092544,-0.063367,0.038234,0.008512,0.039621,0.039884,0.009840,-0.027104,0.023495,0.049214,0.026749,0.032633,0.028319,-0.103300,-0.004121,-0.056034,0.078626,-0.000019,0.025776,0.005053,0.068776,-0.118509,0.022344,0.011014,-0.089693,0.043031,0.112561,-0.013364,0.065913,-0.024915,-0.113463,-0.005698,-0.040605,-0.023303,-0.028067,0.027053,-0.015689,0.071158,0.015742,0.051697,-0.030631,-0.057635,-0.021786,-0.002471,0.053127,0.036380,-0.025886,0.036168,0.048148,0.089403,-0.020889,0.064887,-0.002189,0.010928,-0.031437,0.025226,-0.017209,-0.073085,-0.025977,0.021158,-0.007029,0.002172,-0.007068,-0.000000,-0.013443,0.022593,-0.080759,0.012524,0.006471,0.033308,-0.010220,-0.042786,0.058712,0.059770,0.090571,-0.069081,-0.081140,0.006416,-0.007064,0.050584,-0.041871,-0.055216,0.005564,-0.024346,-0.001764,0.024655,0.058769,-0.072770,-0.041176,0.006226,0.024685,-0.060723,-0.034133,0.032019,-0.041304,0.064989,0.024829,0.010189,0.054426,-0.066789,0.025679,0.142184,0.059379,0.003970,-0.010997,0.022331,0.027121,-0.000381,-0.004151,-0.037608,0.021711,0.011857,0.008413,-0.017597,-0.004777,0.022147,0.055977,0.046264,0.056347,0.021409,-0.017246,-0.006903,-0.002787,0.053743,0.037083,-0.027274,0.014585,0.099975,0.000000,0.000000,0.000000,0.000000,0.000000,0.000000,0.000000,0.000000,0.000000,0.000000,0.000000,0.000000,0.000000,0.000000,0.000000,0.000000,0.000000,0.000000,0.000000,0.000000,1.000000,0.000000,0.000000,0.000000
0x4d8266eC8dEd77EdaC50A0Eefe3d6934B53663cD,1,rugpull,raw_data/0x4d8266eC8dEd77EdaC50A0Eefe3d6934B53663cD/OEBStaking.sol,-0.038411,0.016996,-0.050216,0.017972,0.010085,-0.125439,-0.080019,0.092678,0.049875,0.032604,0.030413,-0.061068,0.011586,0.014914,-0.008969,0.018507,-0.046847,0.066267,-0.032466,0.030210,0.068835,0.021284,-0.014344,0.047960,0.093062,-0.062256,-0.031862,0.019316,0.042475,-0.070035,0.009109,0.125904,0.106642,-0.015534,0.014550,0.029336,0.070373,-0.057924,0.029247,-0.089563,-0.110207,-0.026095,0.079997,0.053771,0.015050,-0.042787,-0.102988,0.036543,-0.023117,0.030234,0.013398,0.049738,-0.049415,-0.009775,0.064546,-0.008707,-0.023047,-0.042802,0.048524,0.020751,-0.035456,0.013184,0.003239,-0.068424,0.030322,-0.046472,-0.018292,-0.108790,-0.084287,0.017895,-0.017670,-0.012164,0.011449,0.052213,0.090180,-0.036132,-0.111325,0.026860,0.012434,-0.018366,-0.024080,0.019149,-0.008994,-0.016765,-0.004913,-0.027620,0.101460,0.094425,0.159708,0.000362,0.080468,0.032432,-0.113055,-0.066717,0.006308,0.007911,-0.028274,-0.038723,-0.051668,0.050726,-0.015963,0.020575,-0.037627,-0.119815,0.001917,-0.037668,0.093597,0.069085,0.047738,-0.024478,-0.008086,-0.023848,0.006597,0.026556,0.032368,0.000178,0.012808,-0.034782,0.044870,-0.055277,0.029984,0.081781,-0.050284,0.055767,0.029609,0.035347,-0.014797,0.000000,-0.038834,0.030393,0.007965,0.033552,-0.003027,-0.013618,-0.050325,-0.015997,-0.037960,0.085078,-0.024469,0.011604,0.048128,-0.087841,0.063682,-0.095536,0.039503,0.005581,-0.029834,0.033837,0.001486,0.037710,-0.030241,0.044516,-0.001356,0.075036,-0.040705,-0.003672,0.042271,0.037188,-0.028895,0.059546,0.017454,-0.028345,0.035691,-0.009573,0.011047,-0.002376,0.025076,0.064922,-0.102451,0.021297,-0.045118,-0.042349,0.021834,-0.077073,0.046871,0.027019,0.097304,0.023306,-0.103875,0.054102,0.026933,-0.007778,0.033969,0.010427,0.028596,0.012381,-0.049241,0.060743,-0.013843,0.057361,-0.030507,-0.104691,-0.073564,-0.009364,-0.074027,-0.017572,0.018010,0.054980,-0.024803,0.004208,0.008850,-0.016920,-0.021978,-0.102199,0.101370,0.022992,0.069125,-0.124145,0.030284,0.090343,0.020726,-0.090128,0.035758,-0.017613,-0.031585,0.038356,-0.100549,-0.003208,0.002225,-0.117726,0.009627,-0.003655,-0.045526,-0.000000,-0.103495,0.083720,-0.085655,0.033829,-0.093984,-0.013866,-0.016531,-0.082904,0.062440,-0.095633,-0.015110,0.028967,-0.065949,0.022724,0.046939,-0.025117,-0.041431,-0.062692,-0.051362,-0.004094,0.020206,0.053962,0.040425,0.037845,-0.003952,0.082812,0.010019,0.047462,-0.003266,-0.007202,-0.056162,-0.050498,-0.019513,-0.048544,0.013900,-0.166002,-0.006075,-0.004603,0.021503,-0.046139,0.065382,-0.021731,0.012380,-0.004836,0.060550,0.012938,0.085507,0.052289,0.017883,-0.114609,-0.003675,-0.020535,-0.026525,0.050654,-0.062872,0.023212,-0.025292,0.018960,0.024690,0.032196,-0.070355,0.044281,-0.001897,-0.015723,-0.055710,0.050709,-0.005091,0.051467,-0.032535,0.043762,-0.001847,0.035598,0.014016,-0.070120,-0.055711,-0.027937,-0.001838,0.005919,0.002902,0.017359,0.044506,0.122947,0.001769,-0.041684,-0.032849,-0.044006,0.042911,0.040481,-0.044487,-0.035149,-0.058039,0.044064,-0.014893,-0.016477,0.014849,-0.000000,0.003624,-0.002553,-0.078759,-0.050814,0.072680,0.028181,-0.007938,-0.011974,-0.014258,-0.047527,0.022272,0.012942,-0.039154,-0.062263,0.034154,0.033160,0.011733,0.005647,-0.093923,-0.061832,-0.050984,-0.038765,0.010578,-0.043746,-0.062144,0.003578,-0.069972,0.076006,-0.010828,-0.009792,0.044691,0.018299,-0.002426,0.033260,0.044296,-0.000388,0.059786,0.074375,0.112615,0.004635,-0.079263,-0.080907,-0.005182,-0.000685,0.012315,0.013321,-0.006687,-0.016243,0.026366,-0.035555,-0.009207,0.032696,-0.077143,0.046838,-0.000062,-0.035970,-0.075253,-0.063441,-0.108545,0.073912,0.027762,0.029276,0.064653,-0.032090,1.000000,1.000000,0.000000,1.000000,1.000000,0.000000,0.000000,0.000000,0.000000,0.000000,0.000000,0.000000,0.000000,0.000000,0.000000,0.000000,0.000000,0.000000,0.000000,0.000000,1.000000,0.000000,0.000000,0.000000
0xea822d8a8c783fd7aa5975918a73c37cdff807e6,1,rugpull,raw_data/0xea822d8a8c783fd7aa5975918a73c37cdff807e6/BONE.sol,-0.158178,0.047886,-0.025899,-0.046543,-0.049828,-0.144261,0.033306,0.119224,-0.017990,0.037467,-0.018019,-0.034275,0.065592,0.029773,-0.059661,0.007832,-0.035077,0.120786,-0.046561,0.035760,0.056689,-0.018137,-0.073214,0.015922,0.015558,-0.030055,-0.035877,-0.026051,0.056943,-0.071033,0.014188,0.088357,0.022751,-0.043578,0.063089,0.065224,0.068603,-0.064619,-0.035442,-0.029797,-0.051002,-0.047145,-0.040093,-0.001012,-0.021793,-0.032982,-0.031007,-0.007978,-0.029045,-0.016866,-0.020155,0.017839,-0.059700,0.087601,-0.002420,-0.068823,-0.041499,-0.045797,0.026759,-0.028193,0.027490,0.070239,-0.008955,-0.029002,0.042917,-0.023139,0.018275,-0.001492,-0.011347,0.095593,-0.009094,-0.050982,-0.014907,0.069333,0.049364,0.017254,-0.024866,-0.017967,-0.006115,-0.091773,-0.052317,-0.030934,0.032214,-0.031028,0.101224,0.066417,-0.011482,0.052284,0.069547,0.013290,-0.017462,0.020306,0.025270,-0.025455,0.026094,0.002271,-0.027165,-0.009101,-0.037568,0.123256,-0.047198,0.095332,-0.015474,-0.069941,0.004679,-0.004135,-0.021636,0.028711,0.047648,-0.018488,0.039082,-0.015119,-0.030030,-0.037025,0.039136,0.029503,-0.002456,0.065366,0.047256,-0.015451,0.040100,0.015142,-0.103729,0.040450,0.003919,0.004533,-0.015029,-0.000000,-0.046325,0.036373,-0.004441,0.043124,-0.031919,-0.029283,-0.099735,-0.002706,-0.086774,0.071206,0.019000,0.067595,0.011810,-0.020833,0.053455,-0.149936,0.032270,-0.058914,0.044208,0.019156,0.055872,-0.040676,-0.071629,0.029240,0.099953,0.033369,0.008725,-0.036814,0.068614,0.052858,-0.072323,-0.029572,-0.009362,-0.007014,0.052460,-0.052807,0.001827,-0.036502,-0.035413,-0.035181,0.002183,0.000607,-0.069961,-0.014956,0.077152,-0.064337,0.040909,0.007327,0.048875,-0.100983,-0.033429,0.091141,-0.041508,-0.098845,-0.031741,-0.071774,-0.009495,-0.023758,0.039562,0.098714,-0.021285,0.033854,0.038388,-0.038446,-0.057185,-0.018790,-0.075106,0.013859,0.002253,0.027212,-0.107368,0.013524,0.001328,0.056158,-0.086353,-0.043992,0.092247,0.000214,0.002010,-0.107629,-0.005708,0.015222,-0.016760,0.010572,0.044145,-0.055852,-0.035078,-0.109012,-0.100847,-0.050865,-0.093578,-0.088297,0.046669,-0.038237,-0.097492,-0.000000,-0.066480,0.034910,-0.071553,0.092304,-0.089344,-0.039764,0.053547,-0.009550,0.071561,-0.034500,-0.010064,0.014786,0.017685,-0.055753,0.030116,0.020544,-0.080831,-0.090866,-0.048119,0.047447,-0.064969,0.117563,0.027691,0.048616,0.004476,0.136943,-0.048130,0.043633,-0.000683,0.012735,-0.002999,-0.056671,-0.020278,-0.073271,-0.048845,-0.071987,0.057296,-0.001726,0.033272,-0.018503,0.146246,0.016379,0.099839,0.091808,-0.021097,0.001883,-0.025648,0.016234,-0.003869,-0.084058,-0.009452,-0.043608,-0.014144,0.000156,-0.018839,0.031430,0.077751,-0.004113,-0.045094,0.032208,-0.017585,0.016517,0.093624,-0.004728,0.014878,0.043431,-0.044580,-0.040085,-0.084091,-0.003951,0.070872,0.015944,-0.070353,0.000303,-0.017420,-0.018354,0.031237,-0.066583,-0.003225,0.021984,-0.096511,0.018194,-0.029728,-0.009431,-0.008272,-0.079701,-0.025899,0.091283,0.010112,-0.014883,-0.051889,0.016037,0.001600,0.004376,0.019847,-0.000000,-0.005091,-0.055365,-0.007422,-0.001098,0.091670,-0.026589,-0.042778,-0.094239,0.008586,-0.038110,0.046061,-0.034172,-0.053364,-0.056849,0.029436,0.058167,-0.001294,0.004938,-0.092464,-0.080859,-0.036833,0.049185,0.017371,-0.033887,-0.010303,0.008224,-0.038185,0.043806,-0.043628,-0.017903,0.030484,0.074897,0.030941,0.045889,-0.005535,0.027168,0.053971,0.089926,0.008007,0.004257,-0.010367,0.064643,-0.049492,0.057618,-0.006586,-0.013753,0.000746,-0.003572,0.006185,0.032568,0.009545,0.001580,0.019036,0.051401,0.010897,0.035940,-0.058499,-0.055551,0.002853,0.097895,0.041251,-0.025747,0.038504,0.016840,0.000000,0.000000,1.000000,0.000000,0.000000,1.000000,0.000000,0.000000,0.000000,0.000000,0.000000,0.000000,0.000000,0.000000,0.000000,0.000000,0.000000,0.000000,0.000000,0.000000,0.000000,0.000000,0.000000,0.000000
0x3b38bab9289f00411bb34a28cebb53a2010483ec,1,rugpull,raw_data/0x3b38bab9289f00411bb34a28cebb53a2010483ec/RedHerring.sol,-0.055977,-0.014681,-0.065223,-0.023716,0.009332,0.040916,0.112941,0.047054,-0.043654,-0.014356,0.060093,0.022694,0.012599,-0.016430,-0.060423,0.019141,0.002692,0.033178,-0.009498,0.082168,0.036048,-0.034318,-0.029695,0.003733,0.030793,0.003323,0.027845,-0.010624,0.022886,-0.026228,-0.008739,0.064437,0.054738,0.004388,0.076985,-0.035089,0.040585,-0.064482,0.008014,-0.026761,0.095141,-0.047705,-0.149124,0.085866,-0.038047,0.047429,-0.021932,-0.009055,0.029034,0.057137,0.031271,0.000578,-0.027654,0.020151,-0.028684,-0.075502,0.018783,0.009979,0.090238,-0.026043,0.066833,0.001361,0.023442,0.088875,-0.078851,0.011796,-0.063455,-0.018611,-0.074679,-0.049570,-0.040290,0.029102,-0.069986,0.061900,-0.030890,-0.052131,0.109006,-0.003948,-0.033914,-0.084425,-0.097520,0.038913,-0.002094,0.023911,0.035781,0.068661,0.034308,0.004372,0.064827,-0.028200,-0.021259,0.022630,0.024055,-0.067096,0.028395,0.004321,-0.006550,0.013714,0.064048,0.042521,0.042744,-0.001633,-0.035062,0.001565,-0.059475,-0.029025,-0.007896,0.025518,-0.025980,0.034838,0.012610,0.036235,0.014175,-0.050530,-0.059462,0.116475,-0.090979,-0.010706,0.043048,0.026794,-0.014401,-0.028137,-0.096881,-0.059077,-0.067044,-0.031557,0.026569,-0.000000,-0.099172,0.013727,-0.058798,0.003163,0.032791,-0.006323,0.039665,-0.030682,-0.148638,0.069117,-0.054460,0.056690,-0.060216,0.012530,-0.027551,-0.047361,-0.001301,0.047335,0.177237,-0.012619,0.020456,-0.011676,-0.009734,0.005892,-0.081691,0.062343,-0.012127,-0.073224,0.155422,0.006657,0.015999,-0.020158,0.005786,0.032845,0.006025,0.069126,-0.065162,-0.000924,-0.035114,-0.070369,0.005541,-0.014379,-0.074994,-0.065818,0.003972,0.007663,0.009316,-0.063297,0.090462,0.002047,-0.085065,0.003188,0.002284,-0.053971,-0.002245,-0.057164,-0.016079,0.000285,-0.078065,0.004097,0.001298,-0.008240,-0.024717,0.010537,0.019725,-0.020960,0.006326,-0.079804,-0.031401,-0.057504,-0.074465,0.012808,0.056147,0.085394,-0.061565,-0.023882,0.032862,0.075821,0.042844,0.018025,-0.083250,-0.015955,-0.065796,0.009471,-0.054635,0.001529,-0.018948,0.053799,-0.122967,0.038284,-0.022782,-0.023624,-0.132194,0.014742,0.015516,0.000000,-0.012002,-0.040737,0.051033,0.061335,-0.036902,0.048966,0.003520,0.076243,-0.005558,0.052631,0.081090,0.014799,0.000525,-0.020123,0.018674,-0.073961,-0.072359,0.022860,-0.024380,0.054347,0.032372,0.137883,-0.054119,0.106819,-0.016632,0.064521,0.006505,0.086500,-0.024598,0.035664,0.040374,-0.040000,-0.055614,0.034775,-0.030629,-0.052828,0.040138,0.099822,0.036699,0.044236,0.034707,-0.037322,0.037659,0.029809,0.007272,-0.045265,-0.026782,-0.086924,0.079585,-0.021783,-0.063338,0.018601,0.000895,-0.029149,-0.017226,0.047310,0.070452,0.057149,0.059274,-0.062329,0.074062,0.081071,-0.052842,0.048466,-0.019170,-0.039939,-0.019801,-0.036343,0.048335,0.004083,0.010823,0.058691,-0.004018,-0.085943,-0.035102,-0.052410,0.053509,0.010200,0.032063,-0.022528,0.041792,0.002838,0.045832,0.112445,-0.047239,-0.019109,-0.018901,-0.017330,0.076018,-0.027801,-0.136656,-0.047559,-0.048083,-0.013836,-0.103810,-0.000000,-0.034285,-0.052985,0.010264,0.064755,0.035005,0.054198,-0.047383,-0.002322,-0.092165,0.003286,0.017927,-0.011616,-0.057899,-0.011330,-0.050845,-0.035356,0.025770,0.067758,0.014035,-0.020272,-0.017222,0.063321,0.048489,0.024615,0.036407,-0.023810,0.102177,0.058247,0.020615,-0.091435,0.009310,0.066581,0.035514,-0.045886,-0.002885,0.036301,-0.073704,0.056142,-0.002626,-0.010198,-0.041842,0.022460,0.013798,-0.031708,-0.055200,0.095285,-0.096040,-0.022292,0.054321,-0.028765,0.032393,-0.024633,-0.008487,0.023460,-0.110079,0.053760,-0.018242,0.032398,-0.059625,-0.004229,0.023834,0.053115,0.038412,-0.029726,0.000000,0.000000,0.000000,0.000000,0.000000,0.000000,0.000000,0.000000,0.000000,0.000000,0.000000,0.000000,0.000000,0.000000,0.000000,0.000000,0.000000,0.000000,0.000000,0.000000,0.000000,0.000000,1.000000,1.000000
0x209e9e4060ab423b2e9250c753bf5d3b54eb5856,1,rugpull,raw_data/0x209e9e4060ab423b2e9250c753bf5d3b54eb5856/SuzumiyaInu.sol,-0.040852,0.031433,-0.008238,-0.027390,0.010880,-0.063764,0.076550,-0.029483,-0.039233,0.072237,0.027711,-0.090318,0.099609,0.012143,-0.057336,-0.005701,0.047142,-0.015601,-0.061810,-0.000579,-0.038442,-0.039804,-0.022128,0.076183,0.006730,-0.047393,0.014469,-0.027854,-0.001069,-0.034889,0.017699,0.025151,-0.009239,-0.067086,0.033135,-0.018547,-0.030406,-0.079936,-0.011454,-0.084949,-0.004480,-0.020625,-0.046489,0.037949,-0.002176,0.090153,0.030989,0.026035,-0.068958,-0.009196,0.064824,-0.057074,-0.003959,-0.033580,-0.030513,0.015707,0.103675,0.006736,0.010662,0.017381,-0.049372,-0.024548,0.033219,-0.050313,0.043457,-0.013957,-0.042183,0.053400,-0.028814,0.178272,0.040905,-0.041192,-0.067665,-0.008828,-0.014093,0.042211,0.026147,0.046920,-0.010441,-0.183295,-0.060712,-0.060831,-0.034976,-0.102637,0.031713,-0.012919,0.029583,-0.016108,0.113425,0.004598,0.100700,0.055561,0.044745,-0.054696,-0.000306,-0.054290,-0.034083,0.030382,0.034463,0.048187,0.001458,0.048923,-0.029724,0.042303,0.058493,-0.004214,0.059277,0.018379,-0.010145,-0.021113,0.075675,0.038231,0.013368,0.016890,-0.072635,0.060714,0.015178,0.038310,-0.031974,-0.025534,0.019261,0.011479,-0.018578,-0.040667,-0.044969,-0.037143,0.012423,-0.000000,-0.034672,-0.002664,-0.073585,-0.046111,-0.061941,-0.022714,0.000374,0.052800,-0.061158,-0.027271,0.057951,0.004906,-0.022122,-0.027876,0.027665,-0.082291,0.071703,0.017326,0.055866,0.036436,0.048355,-0.066287,-0.053410,-0.005757,0.047646,-0.038108,-0.040708,0.016203,0.020178,0.025071,-0.011726,-0.001590,-0.013108,0.045613,-0.022990,-0.016584,-0.023981,-0.010610,-0.027737,-0.031731,-0.035967,-0.025273,-0.063166,0.004592,-0.044999,-0.038214,0.007244,0.022076,0.053206,0.029884,-0.007718,-0.048487,-0.023924,-0.057965,-0.037689,-0.156488,-0.034937,-0.060740,0.030754,-0.009192,0.097182,-0.017724,-0.054318,0.021041,-0.077505,0.063900,0.036438,0.002986,-0.028199,-0.035881,-0.062060,0.014391,0.029657,0.050062,-0.040053,-0.057391,0.052628,0.037966,-0.055515,-0.051750,0.005428,0.003623,-0.036453,-0.082955,0.031320,0.019798,-0.009805,0.031828,-0.048037,0.013092,0.041293,-0.047069,0.031883,0.086547,0.042349,-0.000000,-0.008796,0.028161,0.055296,0.014176,-0.048244,-0.034834,0.012356,-0.008480,0.043579,-0.008444,-0.086133,-0.019502,0.033479,-0.037652,-0.046700,-0.052407,-0.069925,-0.051289,-0.018801,0.051066,0.009146,0.104517,0.052939,0.052660,-0.052635,0.111892,-0.038896,0.096160,0.003555,0.007916,-0.055920,-0.092090,-0.031502,0.024854,0.050149,-0.125438,0.092155,0.081746,0.010713,0.100324,0.025919,0.013505,0.008986,0.099972,0.028011,-0.001231,0.026271,-0.014607,0.019763,-0.036108,0.097309,-0.007958,0.029527,0.104248,-0.005876,0.026649,0.126028,-0.012402,0.017087,-0.018907,0.005853,-0.001317,0.080726,0.041153,0.028124,0.013537,0.009930,0.037242,0.121706,0.058561,0.050740,0.008429,-0.059650,-0.057898,0.041225,0.029319,0.014269,-0.095115,0.016994,0.050285,-0.095298,0.083901,0.096449,0.060385,-0.041822,-0.008401,-0.015700,-0.049200,0.006386,0.014416,-0.025469,-0.093718,0.049122,-0.008968,-0.060779,-0.000000,0.031837,-0.108455,0.007006,0.073527,0.123567,-0.066756,-0.099591,-0.018967,0.006329,0.002505,-0.023539,0.047075,-0.023977,-0.106877,-0.046016,-0.076912,-0.025381,-0.050895,-0.099308,-0.027654,-0.042658,0.016243,0.049344,-0.013647,-0.062049,-0.011868,0.036693,0.077927,0.016892,-0.078018,-0.015366,-0.033546,-0.006114,-0.016125,0.001516,-0.005704,0.025873,0.018740,0.022136,0.076799,-0.025095,-0.011646,-0.024194,0.066663,-0.007563,-0.009077,-0.100568,-0.071319,-0.017786,-0.045919,0.021642,-0.051961,-0.001203,0.155170,-0.049762,-0.031980,-0.049974,-0.003975,-0.001924,0.056362,0.131687,-0.032015,0.040977,-0.049769,0.000000,0.000000,0.000000,0.000000,0.000000,0.000000,0.000000,0.000000,0.000000,0.000000,0.000000,0.000000,0.000000,0.000000,0.000000,0.000000,0.000000,0.000000,0.000000,0.000000,0.000000,0.000000,0.000000,0.000000
0x180d6c062b29bb2f4614a609ba0eb30ff1278b6b,1,rugpull,raw_data/0x180d6c062b29bb2f4614a609ba0eb30ff1278b6b/TrustAI.sol,-0.042257,0.025682,-0.005097,-0.024261,-0.013179,-0.046921,0.047194,0.018352,-0.018365,0.061115,0.030105,-0.074158,0.042871,-0.014741,-0.029905,0.035025,0.041309,0.011960,-0.058994,-0.012183,0.038115,-0.030173,-0.028407,0.034549,0.045731,-0.066556,-0.009955,-0.039711,0.027710,-0.039006,-0.010049,0.004238,-0.048405,-0.048781,0.014508,-0.000567,-0.019029,-0.082505,0.012443,-0.091624,0.011835,-0.006192,-0.059526,-0.012979,-0.034109,0.088185,0.007994,0.033906,-0.079344,-0.009862,0.112097,-0.048467,0.016194,0.000771,-0.012684,-0.019275,0.069015,-0.001257,0.030990,0.024077,-0.075915,-0.002080,0.015839,-0.044651,0.023138,-0.052578,-0.040341,0.053134,-0.040260,0.136565,0.012962,-0.033049,-0.106570,-0.028143,0.005749,0.050407,0.043323,0.041514,-0.035134,-0.188489,-0.046054,0.011446,-0.012187,-0.081608,0.047493,0.005445,0.012244,0.012879,0.107222,0.015365,0.039050,0.028685,0.066352,-0.038028,-0.013707,-0.018755,-0.019027,0.006604,-0.019187,0.064528,-0.017589,0.035382,-0.023535,0.032420,0.082015,-0.013872,0.013608,0.016971,-0.008200,-0.011027,0.050641,0.053020,-0.022245,0.021077,-0.050672,0.039678,-0.018179,0.018612,-0.025718,-0.038560,0.069189,0.002905,-0.016700,-0.016010,-0.048719,-0.023707,0.047062,0.000000,-0.038595,-0.034095,-0.065829,-0.041473,-0.031513,-0.047461,0.018879,0.074253,-0.048327,0.023193,0.038429,0.004577,-0.048338,-0.023322,0.016298,-0.096024,0.061571,0.006733,0.122390,0.057098,0.005733,-0.011948,-0.032242,0.034875,0.072357,-0.049816,-0.066759,-0.013821,0.015897,0.024448,-0.004867,0.012298,0.002779,0.016505,-0.006835,-0.027659,-0.041420,-0.018241,-0.026721,-0.029860,-0.062740,-0.073440,-0.076620,-0.014100,-0.099168,-0.060517,0.004704,-0.010296,0.091480,0.038463,-0.015467,-0.025291,-0.008956,-0.052657,0.001256,-0.174918,-0.055002,-0.026966,0.022462,-0.014114,0.074099,-0.034773,-0.019278,0.060246,-0.083693,0.050847,0.006563,-0.054776,0.017709,-0.072583,-0.060741,0.042506,0.010151,0.047293,-0.048479,-0.053042,0.063238,0.035897,-0.015153,-0.057042,-0.005861,0.008889,-0.061373,-0.035024,0.004158,0.064225,-0.019002,0.000959,-0.060668,-0.011192,0.042347,-0.051245,0.061971,0.035834,0.038885,-0.000000,0.014514,0.048821,0.044301,-0.019554,-0.056359,-0.030172,-0.002032,-0.003400,0.037581,0.018228,-0.109009,0.030317,0.007791,0.011643,-0.022036,-0.032553,-0.071914,-0.083944,0.001924,0.034243,-0.025434,0.111872,0.092286,0.048723,-0.065990,0.086297,-0.084193,0.096863,-0.012402,-0.024195,-0.027989,-0.092922,-0.020257,0.017715,0.031993,-0.151966,0.080320,0.097589,0.022859,0.076307,0.082077,-0.009569,0.038090,0.070751,0.019003,-0.013595,0.019556,-0.026958,0.029024,-0.055261,0.114572,0.037454,-0.001354,0.069882,-0.024949,0.020039,0.180220,-0.024880,0.024198,-0.043271,-0.023433,-0.009272,0.092431,0.075620,-0.009650,-0.011999,-0.013285,0.011172,0.107023,0.024565,0.053683,0.035565,-0.030213,-0.057040,0.056416,0.013043,0.016966,-0.130291,0.024469,0.040169,-0.085413,0.063547,0.087142,0.068988,-0.069856,-0.014996,-0.005400,-0.007400,0.030067,0.025183,-0.032873,-0.062870,0.043666,0.004885,-0.055411,-0.000000,0.042914,-0.118275,0.036984,0.056531,0.061517,-0.051648,-0.040612,-0.017559,-0.044957,-0.016699,-0.050140,0.082860,-0.041349,-0.095154,-0.039735,-0.053218,0.018906,-0.018733,-0.112474,-0.052280,-0.061315,0.018343,0.052994,-0.021691,-0.051784,-0.014864,0.036788,0.082120,0.040724,-0.068495,0.028367,0.019037,-0.017050,-0.002351,-0.007460,-0.005671,-0.007900,0.010500,0.020207,0.067872,-0.024979,0.020146,-0.000842,0.069352,-0.026893,0.014825,-0.076805,-0.083153,0.020710,-0.052952,0.004861,-0.021839,-0.035413,0.138710,-0.034580,-0.058129,-0.058442,-0.006474,-0.022470,0.003319,0.119293,0.020089,0.066922,-0.053263,1.000000,0.000000,0.000000,1.000000,0.000000,0.000000,0.000000,0.000000,0.000000,0.000000,0.000000,0.000000,0.000000,0.000000,0.000000,0.000000,0.000000,0.000000,0.000000,0.000000,0.000000,0.000000,1.000000,0.000000
0xdc2431fd21b15e3854d41c4b9b122a3a39161c47,1,rugpull,raw_data/0xdc2431fd21b15e3854d41c4b9b122a3a39161c47/Omicron.sol,-0.089926,0.100196,-0.073620,-0.003740,0.019821,-0.123728,-0.004537,0.078664,-0.006019,-0.005743,0.000911,-0.036259,-0.028522,0.011906,-0.055199,-0.048680,-0.039070,0.116987,-0.035867,0.013434,0.029418,0.017229,-0.063908,0.052891,0.080028,0.006294,-0.045318,-0.032096,0.067882,-0.067351,0.029627,0.064293,0.026246,0.011278,0.040049,0.012685,0.068763,-0.000383,-0.022465,0.032946,-0.053154,-0.036120,-0.047840,0.007564,-0.018078,-0.032024,-0.040361,0.022382,-0.016658,0.023757,0.111995,0.073256,-0.079508,0.085611,-0.006450,-0.039712,0.002280,-0.016014,-0.027478,-0.026128,-0.030946,0.057978,-0.047221,-0.074924,0.021325,-0.038937,0.004103,-0.087042,-0.033241,0.080156,-0.015693,-0.000972,0.023466,0.028249,0.065580,-0.013471,-0.057270,0.000127,0.002262,-0.021981,0.036355,-0.025006,-0.012243,-0.061030,0.044345,0.002099,-0.002256,0.039975,0.135594,-0.020685,-0.045841,0.025334,-0.006641,-0.027082,0.007056,0.015731,-0.030662,-0.007251,-0.016678,0.061796,-0.055091,0.042909,-0.078734,-0.055065,0.022816,0.055015,0.019595,0.037576,-0.027072,-0.030673,0.059902,0.001464,0.046903,-0.066053,0.083967,-0.017344,-0.012189,0.057625,-0.030146,-0.080000,-0.012789,0.080639,-0.041503,0.074922,0.018802,0.011871,0.004066,0.000000,-0.070121,0.014680,0.007759,0.079725,-0.061501,0.051315,-0.034595,0.020931,-0.044549,0.097749,-0.014246,0.020417,0.014419,-0.022813,0.021161,-0.088651,0.107225,-0.026961,0.004029,0.001495,0.043162,-0.013286,-0.119975,0.058230,0.101540,0.038266,-0.018982,-0.046875,0.037136,0.029930,-0.066929,0.078526,0.003705,-0.013527,0.039425,-0.009204,-0.031532,0.021932,0.005397,0.010626,-0.083293,-0.006829,-0.081129,-0.034181,0.004149,-0.038759,0.072316,0.047327,0.065132,-0.042897,-0.028904,0.068964,-0.072423,-0.021593,-0.019535,-0.066508,0.047027,-0.030485,0.013628,0.063661,-0.015153,0.101307,-0.045315,-0.067059,-0.096588,0.004296,-0.089416,-0.038878,0.022113,0.016232,-0.122326,0.040198,0.002800,0.043923,-0.050277,-0.052156,0.092916,-0.045783,0.066466,-0.070722,-0.029342,0.057792,0.055253,-0.038528,0.036512,-0.116476,-0.083218,-0.073489,-0.074644,-0.012709,-0.079134,-0.082008,0.054031,-0.022805,-0.042688,-0.000000,-0.077908,0.066996,-0.103472,0.072149,-0.132201,-0.038079,0.040545,-0.019295,0.081916,-0.059647,-0.005270,0.035545,0.008572,0.018071,0.036344,-0.001474,-0.123779,-0.047287,-0.031285,0.057596,-0.082191,0.090409,0.061419,-0.008460,0.005048,0.085732,0.023251,0.066420,0.052996,-0.017168,0.032647,-0.061790,0.015121,-0.075953,-0.006110,-0.073597,0.034129,0.002360,0.038494,-0.050265,0.066394,-0.010323,0.054008,0.075208,0.010530,-0.012474,0.076149,0.005236,0.032649,-0.123389,0.022874,-0.012448,-0.020056,0.096576,0.014246,0.043049,0.022463,0.023403,0.016039,0.016399,-0.021314,0.000714,0.118293,-0.005958,-0.013975,0.026087,-0.062972,-0.018927,-0.000659,0.037426,0.099289,0.061625,0.001295,-0.012628,-0.039850,-0.054820,-0.016230,-0.027044,0.010335,0.040064,-0.078322,0.022588,-0.001492,-0.024261,-0.054866,-0.065563,0.005729,0.029959,-0.015529,0.002416,-0.047057,0.001416,-0.017202,-0.002255,0.004903,-0.000000,-0.022694,-0.061305,-0.000906,-0.034710,0.056908,0.008747,0.021268,-0.046692,-0.011443,-0.065535,0.043928,0.030919,0.004124,-0.098758,0.036770,0.040583,0.033181,-0.004597,-0.082561,-0.013802,-0.040341,0.013242,-0.019690,-0.049914,-0.022211,-0.028995,-0.011882,0.045857,0.029378,-0.045120,0.066155,0.061525,0.045882,0.069750,0.034119,-0.078048,0.059239,0.105021,0.043338,0.023285,-0.072706,0.031186,-0.047286,0.047585,-0.043933,-0.012743,-0.006600,-0.042810,-0.068030,0.026319,0.012858,0.060937,-0.052557,0.093280,0.025946,-0.045120,-0.109759,-0.040995,-0.064339,0.074506,-0.060762,0.003390,0.045271,-0.024969,0.000000,0.000000,1.000000,0.000000,0.000000,1.000000,0.000000,0.000000,0.000000,0.000000,0.000000,0.000000,0.000000,0.000000,0.000000,0.000000,0.000000,0.000000,0.000000,0.000000,0.000000,0.000000,0.000000,0.000000
0x53018f93f9240cf7e01301cdc4b3e45d25481f73,1,rugpull,raw_data/0x53018f93f9240cf7e01301cdc4b3e45d25481f73/BRTH_GFT.sol,-0.050242,0.000098,-0.016644,0.022189,0.050404,-0.014942,0.026047,0.035149,-0.030210,-0.031835,-0.010508,-0.015942,-0.127622,-0.061936,-0.010151,0.014483,-0.027156,0.036174,-0.067339,-0.114075,0.053325,0.066042,0.011733,0.062058,-0.028865,0.022358,-0.007451,-0.023761,0.072125,-0.042603,0.027498,0.008652,-0.094813,0.011266,-0.008948,0.154398,0.006685,-0.035860,0.064811,-0.030970,0.010083,-0.024134,0.003516,0.000253,0.047254,0.051741,-0.014727,0.035869,-0.017161,-0.006389,0.001214,0.018132,-0.007203,0.001883,0.052872,0.053166,-0.029671,-0.095076,0.007559,0.009184,-0.055538,-0.005618,-0.056827,0.018829,-0.005945,0.007722,-0.008065,-0.059607,-0.036550,-0.003727,0.005616,0.019143,-0.114025,0.035673,-0.026831,0.043742,-0.042217,0.020579,-0.060925,-0.010751,0.118805,0.030952,0.086520,0.060922,0.050796,-0.046476,0.044923,0.135799,0.024634,0.006143,-0.059005,0.039354,-0.066638,0.037896,-0.061749,0.026274,0.007659,-0.020746,0.008690,0.047759,-0.050720,0.053698,0.017910,0.023121,-0.068929,0.023098,-0.020479,0.071646,0.041536,0.015020,-0.001474,-0.015759,-0.012795,-0.009494,0.017286,0.114268,-0.011632,0.009807,0.120544,0.027853,0.092929,0.032300,-0.017742,0.041298,-0.015474,0.027064,0.076775,0.000000,-0.023766,-0.070020,-0.043485,-0.011149,-0.023330,0.028276,-0.045667,-0.016203,-0.079068,0.038100,-0.033164,-0.009957,-0.030659,-0.119096,-0.077551,0.011557,0.033039,0.053498,0.056397,0.000228,0.077219,-0.019542,-0.036907,0.027048,0.036633,-0.021809,-0.025168,-0.053344,0.060657,0.008100,0.052271,0.050231,-0.050964,0.053862,0.039842,-0.044083,-0.053887,-0.049853,-0.040058,-0.037128,-0.028004,0.012014,-0.130354,-0.018517,0.003805,-0.140942,-0.031810,0.043373,0.060199,0.137123,0.028788,0.057565,-0.106559,-0.060118,0.016838,-0.027687,-0.040687,0.073453,0.042740,0.020609,0.054786,0.067501,-0.029959,-0.128287,0.038830,-0.042788,0.001270,0.033995,0.030917,0.030947,-0.042268,0.002162,0.025322,0.041698,-0.005412,-0.053532,0.017647,-0.015581,0.000297,-0.021754,0.058584,-0.005712,-0.007254,0.033495,0.017713,-0.106799,0.028448,0.023343,-0.066373,-0.029483,-0.105405,0.039800,0.018190,-0.074671,-0.112525,-0.000000,0.061847,-0.053238,-0.096111,0.055078,-0.017554,-0.074450,0.080338,-0.002767,0.093423,0.101271,0.078115,0.030721,0.030212,-0.017977,-0.015744,-0.024516,0.079792,-0.064007,-0.031269,0.046411,-0.010550,0.044779,-0.002887,-0.020637,-0.000547,0.036524,0.043414,0.027569,-0.065919,-0.024216,0.001314,0.052974,-0.066703,-0.051937,0.017272,0.014627,-0.031553,0.051028,-0.053598,-0.000037,0.073002,0.097967,-0.098430,-0.110850,-0.000995,0.043705,-0.045326,0.014901,-0.039200,0.052840,-0.008054,-0.003631,0.011836,-0.010864,0.002813,-0.033575,0.057401,-0.035812,0.011832,-0.022209,0.053797,-0.060243,0.025355,-0.057435,0.090619,-0.005765,-0.077687,-0.024365,0.018697,0.078392,0.016219,-0.024879,0.030173,0.034638,-0.050004,0.035526,0.116304,-0.045376,0.011425,-0.014925,0.026901,0.037102,0.043817,0.015939,0.040548,0.016221,-0.098665,0.051337,0.038353,0.015682,-0.060841,0.005266,0.015862,0.041709,0.015044,-0.000000,-0.057009,-0.010675,0.002722,0.013114,0.050703,0.013030,0.049851,-0.016597,-0.047967,-0.131513,0.054128,0.035526,0.037709,-0.024630,0.023670,-0.015402,0.019981,-0.005481,0.001692,-0.067176,-0.067872,-0.026342,0.016264,-0.029620,-0.087585,-0.069868,0.080067,-0.027571,0.002620,-0.068711,0.044970,0.029068,0.070431,-0.004328,-0.032684,0.027946,-0.065424,0.092051,-0.030854,0.042962,-0.022669,0.042679,-0.058485,-0.049316,-0.029341,-0.001245,0.038791,-0.014552,0.023267,0.083660,0.039777,-0.045073,-0.076538,0.073465,0.062977,-0.030843,0.051818,-0.103672,-0.081344,-0.032587,-0.129673,0.057677,0.080917,0.032995,0.000000,0.000000,0.000000,0.000000,0.000000,0.000000,0.000000,0.000000,0.000000,0.000000,0.000000,0.000000,0.000000,0.000000,0.000000,0.000000,0.000000,0.000000,0.000000,0.000000,0.000000,0.000000,0.000000,0.000000
0x07938148948c39d8f7f61dff3615a960ee1d329b,1,rugpull,raw_data/0x07938148948c39d8f7f61dff3615a960ee1d329b/OctopusProtocol.sol,-0.093501,0.101156,-0.069983,-0.004659,0.010270,-0.121325,-0.010176,0.082210,-0.009600,-0.006142,0.002777,-0.038506,-0.032732,0.005879,-0.057036,-0.041653,-0.034017,0.120159,-0.035849,0.016485,0.032411,0.010866,-0.066649,0.050235,0.080181,0.008792,-0.041514,-0.030476,0.069788,-0.067229,0.033029,0.064867,0.016100,0.007046,0.036227,0.010419,0.066934,0.002163,-0.020060,0.030812,-0.047265,-0.032273,-0.042175,0.005388,-0.014624,-0.037433,-0.045649,0.013603,-0.013969,0.020126,0.111969,0.071337,-0.076393,0.083094,-0.006176,-0.043649,0.003472,-0.012639,-0.025001,-0.024731,-0.025055,0.048727,-0.050603,-0.073516,0.018530,-0.040698,0.002928,-0.092026,-0.037717,0.085196,-0.021082,-0.002470,0.019510,0.024413,0.068563,-0.007785,-0.061180,0.002395,0.004056,-0.024707,0.041843,-0.027578,-0.015414,-0.059509,0.043365,0.003166,-0.003623,0.040239,0.132410,-0.016018,-0.038121,0.021199,-0.008270,-0.024091,0.008791,0.016990,-0.030858,-0.012739,-0.016581,0.062023,-0.055645,0.038242,-0.077472,-0.057638,0.021303,0.061949,0.014632,0.038665,-0.026214,-0.033309,0.059284,0.003659,0.043394,-0.071603,0.090767,-0.012144,-0.012228,0.063724,-0.031158,-0.080825,-0.019286,0.082125,-0.051569,0.069451,0.020004,0.012252,0.000765,0.000000,-0.068026,0.022366,0.006209,0.079357,-0.053524,0.051210,-0.035404,0.020874,-0.045963,0.097998,-0.011145,0.015995,0.010075,-0.024694,0.017575,-0.086907,0.106261,-0.022306,0.005501,0.001688,0.042519,-0.023077,-0.116341,0.055399,0.092988,0.039352,-0.016139,-0.045978,0.029372,0.029248,-0.067657,0.076542,0.006197,-0.014439,0.037120,-0.012493,-0.028835,0.015249,0.007037,0.009791,-0.085730,-0.004394,-0.086592,-0.030248,0.004384,-0.037136,0.073169,0.042946,0.068545,-0.041778,-0.029895,0.071346,-0.081166,-0.020624,-0.013390,-0.063887,0.047562,-0.025393,0.022428,0.071657,-0.013670,0.100880,-0.044553,-0.069647,-0.095507,0.008946,-0.092074,-0.047410,0.016570,0.008284,-0.118597,0.042384,0.001236,0.044150,-0.047638,-0.051268,0.096605,-0.040355,0.070669,-0.080825,-0.036551,0.062594,0.050567,-0.039487,0.036039,-0.116304,-0.080442,-0.073227,-0.078264,-0.007586,-0.082852,-0.082261,0.059761,-0.018365,-0.048738,-0.000000,-0.085397,0.064823,-0.107973,0.069821,-0.129643,-0.036179,0.037539,-0.017766,0.081227,-0.057873,-0.003676,0.038107,0.006800,0.017515,0.033383,-0.005825,-0.115473,-0.053528,-0.028919,0.051070,-0.068046,0.094919,0.055365,-0.000027,0.006554,0.084289,0.017767,0.065692,0.054766,-0.010070,0.031434,-0.062407,0.017329,-0.072592,-0.007212,-0.075656,0.036560,0.007862,0.040779,-0.046252,0.070591,-0.010935,0.044895,0.074084,0.009226,-0.017135,0.071365,0.004167,0.035707,-0.119685,0.017966,-0.016939,-0.013797,0.099922,0.010999,0.042007,0.024683,0.017721,0.019495,0.016232,-0.021435,-0.001158,0.130132,-0.007989,-0.006050,0.032500,-0.057376,-0.019165,-0.003107,0.033586,0.097186,0.060242,0.000505,-0.007093,-0.028485,-0.061311,-0.017264,-0.029022,0.010383,0.039688,-0.082481,0.023268,0.000203,-0.019309,-0.051750,-0.069758,0.007222,0.031421,-0.008385,0.005071,-0.048881,0.004290,-0.018782,-0.002679,0.007974,-0.000000,-0.028473,-0.059712,-0.003145,-0.027824,0.058181,0.004522,0.020712,-0.044870,-0.011416,-0.068559,0.044912,0.028100,0.005752,-0.096977,0.037169,0.039954,0.024092,-0.002566,-0.081950,-0.017366,-0.040239,0.014814,-0.015617,-0.055869,-0.022758,-0.030191,-0.011612,0.048221,0.032066,-0.042425,0.057204,0.061138,0.042565,0.074350,0.030479,-0.076690,0.064072,0.102221,0.045422,0.029255,-0.073360,0.032068,-0.047432,0.047522,-0.039292,-0.008453,-0.006567,-0.045818,-0.070200,0.028840,0.015757,0.063579,-0.052420,0.094534,0.026575,-0.047687,-0.112364,-0.037841,-0.065111,0.075716,-0.062515,0.005323,0.045452,-0.021972,0.000000,0.000000,1.000000,0.000000,0.000000,1.000000,0.000000,0.000000,0.000000,0.000000,0.000000,0.000000,0.000000,0.000000,0.000000,0.000000,0.000000,0.000000,0.000000,0.000000,0.000000,0.000000,0.000000,0.000000
0xce677df0f78e471aacd102d6465fc53312617eb6,1,rugpull,raw_data/0xce677df0f78e471aacd102d6465fc53312617eb6/BONE.sol,-0.127183,-0.004195,-0.006757,-0.046165,-0.034788,0.006812,-0.025328,-0.016294,-0.077383,0.034427,0.051648,-0.077697,0.077906,0.027725,-0.039441,0.073422,-0.006502,0.059822,-0.119025,0.021270,0.073715,0.007270,-0.039255,-0.028629,-0.054521,0.076795,0.000976,-0.052422,0.019489,-0.036644,-0.056058,0.085401,0.045139,0.091156,-0.001045,0.049624,0.033437,-0.004328,0.029816,0.027524,-0.081788,-0.056651,-0.029067,-0.010873,-0.002331,-0.042995,-0.022258,-0.042571,-0.008016,-0.098819,-0.104757,0.016594,-0.026817,0.035950,0.079904,0.009067,0.071643,-0.040560,0.040795,-0.121606,-0.006233,-0.038583,-0.097107,-0.099149,0.046020,-0.039423,-0.053493,0.044753,-0.060026,0.071505,-0.143393,-0.002309,-0.024707,0.065608,0.040463,0.053612,0.022197,0.012424,-0.030072,-0.068385,-0.080599,-0.053669,0.064933,0.042063,-0.087603,0.015155,-0.022382,0.002526,0.109622,0.014280,0.010880,-0.035878,0.004312,0.007239,-0.011072,-0.004225,-0.029644,-0.030881,-0.016146,0.075562,0.046882,0.016394,-0.021081,-0.127505,0.004420,-0.041909,-0.016941,0.048181,0.060821,-0.031060,0.015001,0.025255,-0.030860,-0.058659,-0.017626,-0.057087,-0.011485,-0.061221,0.067323,-0.013340,0.044175,0.015035,-0.018698,0.087635,0.028528,-0.028462,-0.024145,0.000000,-0.050635,0.104873,-0.008110,0.003602,-0.039921,-0.045676,-0.065126,0.036778,-0.032603,0.038556,0.020513,0.059195,-0.032093,-0.012640,-0.025202,-0.080221,-0.048633,-0.020246,-0.006187,0.026782,-0.034184,0.096009,-0.001929,0.035650,-0.034007,-0.067347,0.049375,-0.080194,0.027311,0.001304,0.010778,0.018836,0.037764,-0.056354,-0.021468,0.023192,-0.013552,-0.104141,0.011551,0.003371,-0.091730,-0.048174,-0.060486,0.078634,0.050581,0.015101,0.027378,-0.049203,0.004471,-0.080991,0.013619,0.083167,0.082014,-0.034734,0.002273,-0.064831,-0.063790,-0.019710,0.028415,0.032683,-0.027915,0.069884,0.059440,-0.013707,-0.060829,-0.066240,-0.079979,0.035076,0.042501,0.014226,-0.073460,0.002519,0.019184,0.051037,-0.065338,0.001990,0.011680,-0.093607,0.065823,-0.117571,-0.103441,0.057050,-0.014110,-0.102892,-0.045512,-0.065780,0.077577,-0.053664,-0.100113,-0.026769,-0.038672,-0.078018,0.077907,-0.075816,-0.033452,-0.000000,-0.000968,0.054054,-0.084205,0.069423,-0.036600,-0.054351,-0.035603,-0.009974,0.034986,-0.031130,-0.034326,-0.010275,0.088780,-0.030314,0.011722,0.009418,-0.079125,-0.009329,-0.008937,0.033273,-0.024164,-0.003155,-0.070626,0.107535,-0.042787,0.034299,-0.005968,0.000672,-0.006234,0.046030,0.036824,-0.048646,0.020636,0.025645,-0.061409,-0.033797,-0.028943,0.072325,0.012167,-0.033338,0.005911,-0.009216,-0.089024,0.006125,-0.022430,-0.035745,0.029986,-0.002836,-0.028270,-0.061296,0.111432,-0.008057,0.012150,-0.092054,-0.000544,-0.028845,-0.006436,-0.078641,0.041559,0.061440,-0.054357,0.008306,0.067992,-0.014155,0.056648,-0.005791,0.032236,0.040672,-0.064103,0.025409,0.013053,0.028815,-0.064332,0.010083,0.110905,0.076114,0.036943,0.022418,-0.098793,0.035701,-0.046939,-0.011793,-0.015762,0.104746,-0.092506,0.027997,0.054391,0.062259,-0.003690,0.028400,-0.049724,0.017569,0.068641,0.003082,0.089993,-0.000000,-0.017547,-0.031631,-0.029212,-0.010779,0.024451,0.033836,0.039482,-0.072596,-0.051933,-0.021427,0.017250,0.061892,-0.091634,-0.019228,0.063221,0.053477,-0.023384,0.004537,-0.067839,0.057484,0.025755,0.019596,0.086816,-0.005829,-0.046576,0.023588,-0.016089,0.102412,0.005657,0.009266,0.063440,0.023838,0.044938,-0.038692,-0.027216,-0.012378,0.048965,0.005179,0.050241,0.070007,-0.032943,-0.017918,-0.028294,0.032333,-0.019198,-0.015838,-0.026307,0.076042,-0.038180,-0.082184,-0.046348,0.047857,-0.046264,0.027200,0.027893,-0.004228,-0.023427,0.067718,-0.020632,0.095623,-0.016731,0.040642,0.006397,-0.011398,0.000000,0.000000,1.000000,0.000000,0.000000,1.000000,0.000000,0.000000,0.000000,0.000000,0.000000,0.000000,0.000000,0.000000,0.000000,0.000000,0.000000,0.000000,0.000000,0.000000,0.000000,0.000000,0.000000,0.000000
0x74808c86c6f0bc6f59a3a1430ddfcd2e29952eac,1,rugpull,raw_data/0x74808c86c6f0bc6f59a3a1430ddfcd2e29952eac/CryptoRoulette.sol,-0.062185,0.037780,-0.043322,-0.067096,-0.037706,0.047477,0.119432,0.023020,0.077251,-0.003779,-0.055880,-0.014132,0.052102,-0.025010,-0.017464,-0.111165,-0.048843,0.039278,0.005483,-0.021802,0.014529,-0.074322,0.004980,-0.008724,-0.000029,-0.095293,0.054631,0.017270,-0.008830,-0.049088,0.049758,0.043471,0.036626,-0.063418,-0.099916,-0.082621,-0.147083,-0.070129,-0.076257,0.017388,-0.009156,-0.034083,-0.040320,0.016943,-0.066481,0.037120,-0.038716,0.098591,0.011889,0.086315,0.004482,-0.002523,-0.026280,0.005057,-0.045429,-0.045552,0.044312,0.023066,0.035889,0.063181,0.058842,0.019925,0.024818,0.007606,-0.028188,-0.059334,0.061866,0.010899,-0.019865,-0.030719,0.077157,0.056038,0.024777,0.002138,0.044858,0.041200,-0.080288,-0.108798,0.000759,0.082721,-0.060270,-0.100000,-0.008855,0.029576,0.070008,-0.021075,0.102396,0.058297,0.112230,-0.036726,-0.077164,0.071242,-0.063077,0.031436,0.004621,0.139965,-0.022273,0.003592,-0.025643,0.031621,-0.026432,0.057236,0.024764,-0.002961,0.098449,0.010848,0.045757,-0.050654,0.052814,-0.055548,0.004315,0.025758,0.051021,0.041446,-0.014641,0.054640,-0.014353,0.018757,-0.096661,0.077851,0.039424,0.064495,-0.038660,-0.018248,-0.085460,0.100280,0.070684,-0.000000,0.009915,-0.126618,-0.003828,0.039743,0.015991,-0.014558,0.039778,0.047261,-0.074562,0.001430,0.006338,-0.070744,0.068407,-0.014707,-0.004054,-0.104235,-0.012477,-0.018941,0.100933,-0.042384,0.094694,0.045764,0.033046,-0.092669,0.054928,0.125448,-0.028501,-0.014148,0.090860,-0.003187,0.023373,-0.043216,-0.105352,-0.022298,0.020279,0.029216,-0.004950,0.021597,-0.031624,-0.039260,-0.000689,-0.035046,-0.013614,0.010368,-0.028958,-0.016526,-0.005000,0.030915,0.049055,0.088678,-0.005027,0.044872,-0.043891,-0.043928,-0.001578,-0.079216,0.050252,-0.035951,-0.061785,-0.025417,0.056194,0.009070,0.007183,-0.045631,-0.105412,0.071706,-0.013474,-0.129819,-0.020193,-0.026865,0.026228,-0.017131,0.002573,0.016693,-0.074086,0.029298,0.002145,0.031060,0.025895,-0.060143,0.069418,-0.002649,-0.077377,0.034335,-0.037127,0.076299,-0.012510,-0.086305,0.004762,0.020145,0.046943,-0.050086,0.004013,-0.013238,0.023511,0.000000,-0.053923,0.006517,0.015932,0.067613,0.038691,-0.016226,-0.007129,0.044182,-0.001445,0.021460,-0.062885,0.058729,0.002925,0.005358,0.027387,-0.078366,0.014271,0.122756,0.036591,0.002457,-0.006384,0.041269,-0.080871,0.067717,0.035422,0.022258,0.055665,-0.028968,0.025393,0.011377,-0.032375,-0.041461,0.015105,-0.064213,-0.013684,-0.084274,0.079881,0.040979,-0.011806,0.045909,0.007635,-0.069004,0.023340,0.001884,-0.012764,-0.013904,-0.003352,0.005619,0.025320,0.010403,0.044407,-0.012181,-0.086223,0.008156,-0.017500,0.084598,-0.059126,0.125109,0.057148,0.083318,0.050833,0.078383,-0.030228,0.009122,0.004818,0.083523,-0.133743,-0.047092,0.021503,0.064187,-0.031125,0.100161,0.031454,-0.025114,0.010479,-0.063659,-0.053179,-0.005555,0.057169,0.006660,0.038309,-0.025046,0.011754,-0.019923,-0.017032,0.019500,0.037529,-0.036144,-0.069081,-0.032543,-0.004455,0.014814,0.042073,-0.023095,-0.026534,-0.000000,0.015327,-0.015070,0.068859,0.069611,-0.004408,0.063736,-0.015878,-0.093487,0.023328,-0.006157,0.064952,0.000280,0.007630,-0.042253,0.001565,-0.032271,-0.013911,-0.017856,-0.035832,-0.002939,-0.022078,0.057630,-0.009722,-0.052802,-0.026001,-0.016158,0.047584,0.149686,-0.028622,0.016420,-0.040100,-0.064657,-0.022052,-0.034764,-0.025019,0.099464,-0.097582,0.014717,0.080965,0.006087,-0.021442,-0.030083,-0.018981,-0.027611,-0.036203,-0.031609,-0.024041,-0.090808,0.021317,-0.014680,-0.013696,-0.002660,-0.024977,0.007966,0.062936,0.005118,-0.043574,-0.036469,-0.069791,0.062302,0.004724,-0.032762,-0.052478,-0.013662,0.000000,0.000000,0.000000,0.000000,0.000000,0.000000,0.000000,0.000000,0.000000,0.000000,0.000000,0.000000,0.000000,0.000000,0.000000,0.000000,0.000000,0.000000,0.000000,0.000000,0.000000,0.000000,0.000000,0.000000
0x76db129415356b9a874c07faa10c7c027fdef580,0,safe,raw_data/0x76db129415356b9a874c07faa10c7c027fdef580/UserWallet.sol,-0.066073,0.084972,-0.010366,-0.096351,0.030028,-0.045428,0.016039,-0.034422,-0.039886,0.009095,-0.016636,0.068610,-0.011271,0.062557,-0.045310,-0.012138,0.070857,-0.008592,0.028301,0.012876,-0.035741,-0.054872,0.019902,-0.019014,0.028338,0.042491,-0.006665,0.043246,0.071236,-0.029819,0.029336,0.103105,0.073227,-0.098516,0.022525,-0.046462,0.024758,-0.043371,-0.013840,-0.058805,-0.014284,-0.083535,-0.072663,0.043399,0.029102,0.023423,0.062811,0.040130,0.027350,0.035635,-0.022524,-0.020391,0.002460,0.003600,-0.034346,-0.092185,-0.009784,0.019343,0.060668,0.009790,-0.023684,-0.014472,-0.072451,0.074014,-0.003654,0.018344,0.069763,-0.008295,-0.099882,0.003918,0.022524,-0.039191,-0.030757,0.071620,0.058352,-0.007246,0.065959,0.023691,-0.002175,-0.128198,-0.055124,-0.139292,-0.007594,0.021647,-0.070590,0.051286,0.106093,0.050599,0.040368,-0.062036,-0.075119,0.084649,0.063118,0.011497,0.001101,-0.045393,-0.052365,0.001921,0.020088,0.101189,-0.055446,0.009493,-0.049859,-0.037293,0.035476,-0.074922,0.020340,0.055997,0.060606,-0.005305,-0.005265,0.029076,0.016223,-0.021229,0.049017,-0.106638,-0.112996,0.000218,0.072648,-0.062036,0.053303,0.015102,-0.062329,0.035684,-0.020477,-0.081663,-0.054630,-0.000000,0.017851,0.028138,0.018013,0.044816,-0.011859,0.036842,-0.005432,-0.005137,-0.116946,-0.031733,-0.015389,-0.037612,-0.054628,0.023817,0.067620,-0.034391,-0.008800,-0.041045,0.029424,0.002322,-0.034430,0.007930,-0.034896,0.014255,-0.036497,0.018734,0.056224,-0.035887,0.146707,0.003531,-0.069320,-0.062946,0.012331,-0.078695,0.020223,0.122008,-0.013420,-0.030570,-0.031104,0.025987,0.003093,-0.015583,-0.119482,-0.061079,-0.025999,0.021364,-0.018376,-0.018581,0.022688,0.000290,-0.018346,0.025333,-0.063175,-0.012304,-0.025448,-0.024777,-0.080218,-0.025756,0.056991,-0.010411,0.001562,0.067188,0.006312,0.093099,-0.008321,0.065134,0.090794,-0.025764,-0.070251,0.057805,-0.120514,0.012414,0.118812,-0.114931,-0.014386,-0.028029,-0.062686,-0.046036,0.041344,0.018230,-0.072524,-0.004862,0.027200,-0.053226,-0.028237,0.000436,-0.041515,-0.113767,0.022616,0.092618,-0.027894,-0.121224,-0.031044,0.071114,-0.005097,0.000000,-0.031428,-0.056556,-0.039867,0.110045,-0.052310,-0.023945,-0.068324,0.093589,0.002435,0.064910,0.066158,0.023778,-0.000436,0.028285,0.004082,-0.042558,0.058757,-0.062451,-0.070828,0.006711,0.008516,-0.011467,0.034407,0.098328,0.015266,0.099788,0.094426,0.009735,-0.033605,-0.026157,0.025341,-0.026970,-0.092544,-0.063367,0.038234,0.008512,0.039621,0.039884,0.009840,-0.027104,0.023495,0.049214,0.026749,0.032633,0.028319,-0.103300,-0.004121,-0.056034,0.078626,-0.000019,0.025776,0.005053,0.068776,-0.118509,0.022344,0.011014,-0.089693,0.043031,0.112561,-0.013364,0.065913,-0.024915,-0.113463,-0.005698,-0.040605,-0.023303,-0.028067,0.027053,-0.015689,0.071158,0.015742,0.051697,-0.030631,-0.057635,-0.021786,-0.002471,0.053127,0.036380,-0.025886,0.036168,0.048148,0.089403,-0.020889,0.064887,-0.002189,0.010928,-0.031437,0.025226,-0.017209,-0.073085,-0.025977,0.021158,-0.007029,0.002172,-0.007068,-0.000000,-0.013443,0.022593,-0.080759,0.012524,0.006471,0.033308,-0.010220,-0.042786,0.058712,0.059770,0.090571,-0.069081,-0.081140,0.006416,-0.007064,0.050584,-0.041871,-0.055216,0.005564,-0.024346,-0.001764,0.024655,0.058769,-0.072770,-0.041176,0.006226,0.024685,-0.060723,-0.034133,0.032019,-0.041304,0.064989,0.024829,0.010189,0.054426,-0.066789,0.025679,0.142184,0.059379,0.003970,-0.010997,0.022331,0.027121,-0.000381,-0.004151,-0.037608,0.021711,0.011857,0.008413,-0.017597,-0.004777,0.022147,0.055977,0.046264,0.056347,0.021409,-0.017246,-0.006903,-0.002787,0.053743,0.037083,-0.027274,0.014585,0.099975,0.000000,0.000000,0.000000,0.000000,0.000000,0.000000,0.000000,0.000000,0.000000,0.000000,0.000000,0.000000,0.000000,0.000000,0.000000,0.000000,0.000000,0.000000,0.000000,0.000000,1.000000,0.000000,0.000000,0.000000
0x65e6149e098dd951b579da258c6ea6e3c15dffa1,1,rugpull,raw_data/0x65e6149e098dd951b579da258c6ea6e3c15dffa1/ERC20.sol,-0.070827,0.045913,-0.033177,0.010058,-0.013407,-0.094427,0.017916,0.031731,0.024382,0.012659,0.046706,-0.048858,0.008050,0.009926,-0.018424,0.006527,-0.085991,0.086528,-0.096886,0.052986,0.104530,0.081556,-0.101082,0.031621,0.067401,-0.030090,-0.112873,-0.034069,0.075232,-0.067985,0.040659,0.079264,-0.059992,-0.016993,0.048973,0.103463,0.029617,-0.031637,0.024961,-0.030379,-0.075519,0.041588,-0.017622,-0.005437,-0.035344,-0.040066,0.008623,0.053791,-0.002005,0.035436,0.072132,0.122091,-0.062553,0.019863,0.060133,-0.013356,-0.041249,-0.022075,0.031298,0.036118,-0.071575,-0.008340,-0.009243,-0.070813,0.039305,-0.051952,-0.000955,-0.133190,-0.069121,0.069722,-0.041856,-0.017827,0.019908,0.100373,0.046776,0.030900,-0.086429,-0.004290,-0.049505,-0.035439,0.017571,-0.008120,0.050660,-0.008605,0.075342,-0.067553,-0.039533,0.020226,0.111285,0.024785,0.049330,0.035295,-0.073293,0.003864,0.043164,-0.069053,0.001714,-0.034173,-0.041303,0.071697,-0.059530,0.092698,-0.038951,-0.028404,0.048325,0.012985,-0.050383,0.026503,-0.019221,-0.017146,0.018725,0.013919,0.051485,-0.029458,0.072901,-0.037064,-0.004430,-0.004444,-0.006808,-0.076547,-0.024856,0.056850,-0.009135,0.046582,0.035379,0.012607,-0.027762,0.000000,-0.068825,0.038772,-0.025907,0.082716,-0.008651,0.048433,-0.015548,0.013927,-0.040703,0.002300,0.001487,0.011080,0.035731,-0.051476,0.110316,-0.031508,0.103915,-0.040105,0.025826,0.027078,0.045508,0.001174,-0.059621,0.022354,0.069037,0.016613,0.024925,-0.023539,0.005776,0.023453,-0.089600,0.083716,0.047740,-0.019860,0.057835,-0.020701,0.003736,0.003854,-0.046761,0.007835,-0.066873,0.010649,-0.116587,0.006159,0.025000,-0.091647,0.033671,0.090040,0.040925,-0.066383,-0.022028,0.055582,-0.017088,-0.002721,0.013739,-0.039362,0.007068,-0.006310,0.018290,0.109078,0.000584,0.023097,-0.067304,-0.007366,-0.080242,-0.034627,-0.067416,-0.012432,-0.022137,0.031199,-0.049087,0.013339,0.000486,0.081873,-0.073063,-0.039068,0.012353,-0.037152,0.015098,-0.124154,0.023687,0.053455,0.089581,-0.000193,0.011177,-0.088038,-0.035054,-0.047206,-0.057079,-0.000382,-0.048605,-0.098556,0.009902,-0.055574,-0.082431,-0.000000,-0.040423,0.055300,-0.070576,0.053354,-0.082089,-0.059477,0.082329,-0.085007,0.061774,-0.047308,-0.000106,0.028481,0.028423,0.016842,0.000784,-0.032744,-0.083753,-0.014497,-0.027971,0.042793,-0.049173,0.045064,0.036779,-0.045797,-0.012137,0.116561,-0.067227,0.090865,0.040514,-0.028064,-0.011491,-0.020587,0.054885,-0.067165,0.075145,-0.041477,-0.009309,-0.010496,0.063539,-0.007306,0.077943,0.058764,0.032802,0.038957,0.051507,-0.073307,0.056313,-0.056473,0.036344,-0.100418,0.007473,-0.043830,0.005554,0.123433,-0.045503,0.024344,0.062240,-0.015325,0.029819,0.054493,-0.023398,-0.007230,0.087720,-0.026450,0.053511,0.034999,-0.016850,0.006413,0.075634,0.032920,0.072457,-0.002689,0.000657,-0.065213,-0.028538,0.033045,0.037288,0.030627,0.026211,0.047021,-0.035495,0.066936,0.005544,0.028200,-0.064836,-0.041553,0.051217,0.065200,-0.035732,0.000541,-0.021168,-0.049106,0.032040,0.012861,0.062217,-0.000000,-0.045046,-0.075224,-0.055287,-0.074831,0.087876,-0.030879,-0.005935,-0.102896,-0.012811,-0.080568,-0.005346,-0.009293,-0.012333,-0.099516,-0.000548,-0.016741,-0.047527,0.003677,-0.106223,-0.032267,-0.050467,-0.020766,0.015225,-0.005253,-0.049580,-0.068687,-0.022458,0.008090,0.031073,-0.002267,-0.046382,0.008389,0.010602,0.033748,-0.001820,0.008789,0.059411,0.033957,0.054349,0.010948,-0.019870,-0.055127,-0.047664,0.046402,0.048200,-0.011767,-0.026738,-0.029571,-0.037477,0.038319,-0.009449,0.125874,-0.049507,0.061822,-0.016156,-0.023305,-0.123536,-0.060347,-0.034337,0.049504,0.009046,-0.000877,0.068337,-0.038031,0.000000,0.000000,0.000000,0.000000,0.000000,0.000000,0.000000,0.000000,0.000000,0.000000,0.000000,0.000000,0.000000,0.000000,0.000000,0.000000,0.000000,0.000000,0.000000,0.000000,0.000000,0.000000,0.000000,0.000000
0x86f2b0105ea819e11546713207405473c186cb91,1,rugpull,raw_data/0x86f2b0105ea819e11546713207405473c186cb91/MFLOOR.sol,-0.073199,0.054328,-0.084419,-0.023992,-0.016907,-0.081724,-0.050225,0.066238,-0.028395,-0.003536,0.003741,-0.032287,0.029820,0.015033,-0.001720,0.009210,-0.056098,0.082989,-0.022559,0.005747,0.048929,-0.017923,-0.059540,0.005978,-0.029001,-0.017410,-0.094807,-0.047957,0.041630,-0.063155,-0.027247,0.041993,0.028271,-0.005383,0.135624,0.015038,0.021104,0.018820,-0.067632,-0.021875,-0.062097,-0.083721,-0.038610,0.029640,-0.004223,-0.092036,-0.071420,0.009332,0.040957,0.060122,0.007312,0.003001,-0.020695,0.083598,-0.039043,0.014551,-0.063407,-0.102881,-0.051505,-0.082209,0.035589,0.039852,-0.041427,-0.048032,0.080626,0.049084,0.009228,-0.043104,-0.007113,0.120108,0.015818,-0.034890,-0.019684,0.087586,0.013031,0.052217,-0.075933,0.017989,0.017612,-0.013201,0.008269,-0.057856,-0.029735,-0.068284,0.060116,0.052023,-0.012450,0.042593,0.047305,-0.001276,-0.052971,-0.042872,0.043870,-0.078369,0.030594,0.021421,-0.058646,-0.007945,-0.012779,0.048633,-0.045862,0.072799,0.024216,-0.082537,-0.066116,-0.003316,0.012429,0.057775,0.014571,-0.006090,0.002448,-0.023946,0.048303,-0.031547,0.055640,0.040197,-0.066153,0.012046,-0.048235,-0.018459,0.072076,0.045123,-0.027632,0.047041,-0.011660,0.001800,-0.031753,0.000000,-0.035038,0.019499,-0.039904,0.086778,0.028214,0.037097,-0.022622,0.011351,-0.110925,0.126964,-0.019212,0.063417,-0.032924,-0.086422,-0.004149,-0.109883,0.114765,0.021799,0.088292,-0.049347,0.062459,0.029566,-0.065809,0.012971,0.061151,0.051879,-0.093023,-0.035899,0.044131,0.047042,-0.022971,0.037346,-0.043802,-0.041494,0.055651,-0.093776,0.019497,-0.058800,0.026980,-0.027964,-0.016118,0.015476,-0.051073,-0.002902,0.013710,0.001490,0.083075,0.021791,0.041199,-0.025038,-0.102935,0.082235,-0.154388,-0.077431,0.035546,-0.097973,0.008225,-0.003011,-0.005560,0.054022,-0.013522,0.058582,0.010001,-0.056121,-0.042036,-0.053048,-0.070742,-0.009505,0.032808,0.067971,-0.063811,0.026636,0.002125,0.070570,0.015722,-0.125523,0.095720,0.057550,0.044220,-0.093155,-0.039814,0.027186,-0.012483,0.056781,0.031009,-0.018693,-0.000506,0.010367,-0.056560,-0.106666,-0.055649,-0.092991,0.025532,-0.060498,-0.045338,-0.000000,-0.044360,-0.015455,-0.056397,0.035546,-0.050615,-0.016575,0.026940,-0.019489,0.050525,-0.018715,-0.042169,0.065560,0.055962,-0.095247,0.007976,-0.059226,-0.068052,-0.084671,-0.023392,0.042991,-0.096299,0.061931,0.044500,0.053658,0.049028,0.109030,0.002004,0.054981,0.058997,0.017330,-0.010897,0.025978,-0.011307,-0.030190,0.001537,-0.126371,0.087718,0.042003,0.026462,-0.067483,0.095262,0.003140,0.012717,-0.012870,0.048624,-0.029897,0.019227,-0.006551,0.048035,-0.103739,0.013607,-0.072377,-0.032524,0.015477,0.019809,0.079525,0.021585,-0.058174,0.065127,0.032869,-0.014369,0.064164,0.049395,-0.017254,-0.025427,-0.019182,-0.089480,0.041311,-0.092177,0.041519,0.008090,-0.007176,0.066626,0.035808,-0.011785,-0.064388,0.033199,-0.024645,0.104655,-0.017812,-0.100698,0.068435,0.007322,0.002265,0.007408,-0.013888,0.064341,0.079274,-0.001208,-0.013801,-0.070856,-0.008549,-0.019475,0.041964,0.049849,-0.000000,-0.031675,-0.007189,-0.005732,-0.048637,0.114857,0.002541,-0.037664,-0.003364,0.026431,-0.073385,0.076357,-0.019350,-0.007661,-0.018864,-0.022934,0.012254,0.007122,0.003937,-0.084308,-0.041142,-0.046489,0.011082,0.044176,-0.054958,-0.018281,-0.053578,-0.023256,0.034221,0.002983,-0.016596,-0.007934,0.014588,0.049838,0.056802,0.020545,-0.011680,0.053957,0.071053,0.030314,0.025125,-0.021341,0.012518,-0.076109,0.037554,0.024504,-0.063171,-0.021398,-0.041870,-0.043622,0.043182,-0.005070,-0.009055,0.011864,0.035035,0.044890,-0.025487,-0.062023,-0.019797,-0.031185,0.098215,0.038761,-0.062627,0.034358,0.007555,0.000000,0.000000,1.000000,0.000000,0.000000,1.000000,0.000000,0.000000,0.000000,0.000000,0.000000,0.000000,0.000000,0.000000,0.000000,0.000000,0.000000,0.000000,0.000000,0.000000,0.000000,0.000000,0.000000,0.000000
0x026d146d3c4515724998369da21de2ea912c73cc,1,rugpull,raw_data/0x026d146d3c4515724998369da21de2ea912c73cc/CONV.sol,-0.089926,0.100196,-0.073620,-0.003740,0.019821,-0.123728,-0.004537,0.078664,-0.006019,-0.005743,0.000911,-0.036259,-0.028522,0.011906,-0.055199,-0.048680,-0.039070,0.116987,-0.035867,0.013434,0.029418,0.017229,-0.063908,0.052891,0.080028,0.006294,-0.045318,-0.032096,0.067882,-0.067351,0.029627,0.064293,0.026246,0.011278,0.040049,0.012685,0.068763,-0.000383,-0.022465,0.032946,-0.053154,-0.036120,-0.047840,0.007564,-0.018078,-0.032024,-0.040361,0.022382,-0.016658,0.023757,0.111995,0.073256,-0.079508,0.085611,-0.006450,-0.039712,0.002280,-0.016014,-0.027478,-0.026128,-0.030946,0.057978,-0.047221,-0.074924,0.021325,-0.038937,0.004103,-0.087042,-0.033241,0.080156,-0.015693,-0.000972,0.023466,0.028249,0.065580,-0.013471,-0.057270,0.000127,0.002262,-0.021981,0.036355,-0.025006,-0.012243,-0.061030,0.044345,0.002099,-0.002256,0.039975,0.135594,-0.020685,-0.045841,0.025334,-0.006641,-0.027082,0.007056,0.015731,-0.030662,-0.007251,-0.016678,0.061796,-0.055091,0.042909,-0.078734,-0.055065,0.022816,0.055015,0.019595,0.037576,-0.027072,-0.030673,0.059902,0.001464,0.046903,-0.066053,0.083967,-0.017344,-0.012189,0.057625,-0.030146,-0.080000,-0.012789,0.080639,-0.041503,0.074922,0.018802,0.011871,0.004066,0.000000,-0.070121,0.014680,0.007759,0.079725,-0.061501,0.051315,-0.034595,0.020931,-0.044549,0.097749,-0.014246,0.020417,0.014419,-0.022813,0.021161,-0.088651,0.107225,-0.026961,0.004029,0.001495,0.043162,-0.013286,-0.119975,0.058230,0.101540,0.038266,-0.018982,-0.046875,0.037136,0.029930,-0.066929,0.078526,0.003705,-0.013527,0.039425,-0.009204,-0.031532,0.021932,0.005397,0.010626,-0.083293,-0.006829,-0.081129,-0.034181,0.004149,-0.038759,0.072316,0.047327,0.065132,-0.042897,-0.028904,0.068964,-0.072423,-0.021593,-0.019535,-0.066508,0.047027,-0.030485,0.013628,0.063661,-0.015153,0.101307,-0.045315,-0.067059,-0.096588,0.004296,-0.089416,-0.038878,0.022113,0.016232,-0.122326,0.040198,0.002800,0.043923,-0.050277,-0.052156,0.092916,-0.045783,0.066466,-0.070722,-0.029342,0.057792,0.055253,-0.038528,0.036512,-0.116476,-0.083218,-0.073489,-0.074644,-0.012709,-0.079134,-0.082008,0.054031,-0.022805,-0.042688,-0.000000,-0.077908,0.066996,-0.103472,0.072149,-0.132201,-0.038079,0.040545,-0.019295,0.081916,-0.059647,-0.005270,0.035545,0.008572,0.018071,0.036344,-0.001474,-0.123779,-0.047287,-0.031285,0.057596,-0.082191,0.090409,0.061419,-0.008460,0.005048,0.085732,0.023251,0.066420,0.052996,-0.017168,0.032647,-0.061790,0.015121,-0.075953,-0.006110,-0.073597,0.034129,0.002360,0.038494,-0.050265,0.066394,-0.010323,0.054008,0.075208,0.010530,-0.012474,0.076149,0.005236,0.032649,-0.123389,0.022874,-0.012448,-0.020056,0.096576,0.014246,0.043049,0.022463,0.023403,0.016039,0.016399,-0.021314,0.000714,0.118293,-0.005958,-0.013975,0.026087,-0.062972,-0.018927,-0.000659,0.037426,0.099289,0.061625,0.001295,-0.012628,-0.039850,-0.054820,-0.016230,-0.027044,0.010335,0.040064,-0.078322,0.022588,-0.001492,-0.024261,-0.054866,-0.065563,0.005729,0.029959,-0.015529,0.002416,-0.047057,0.001416,-0.017202,-0.002255,0.004903,-0.000000,-0.022694,-0.061305,-0.000906,-0.034710,0.056908,0.008747,0.021268,-0.046692,-0.011443,-0.065535,0.043928,0.030919,0.004124,-0.098758,0.036770,0.040583,0.033181,-0.004597,-0.082561,-0.013802,-0.040341,0.013242,-0.019690,-0.049914,-0.022211,-0.028995,-0.011882,0.045857,0.029378,-0.045120,0.066155,0.061525,0.045882,0.069750,0.034119,-0.078048,0.059239,0.105021,0.043338,0.023285,-0.072706,0.031186,-0.047286,0.047585,-0.043933,-0.012743,-0.006600,-0.042810,-0.068030,0.026319,0.012858,0.060937,-0.052557,0.093280,0.025946,-0.045120,-0.109759,-0.040995,-0.064339,0.074506,-0.060762,0.003390,0.045271,-0.024969,0.000000,0.000000,1.000000,0.000000,0.000000,1.000000,0.000000,0.000000,0.000000,0.000000,0.000000,0.000000,0.000000,0.000000,0.000000,0.000000,0.000000,0.000000,0.000000,0.000000,0.000000,0.000000,0.000000,0.000000
0x32f2f89b3927a7156f3fb34e82fc2ada64e57ab4,1,rugpull,raw_data/0x32f2f89b3927a7156f3fb34e82fc2ada64e57ab4/EPIKPrime.sol,-0.093501,0.101156,-0.069983,-0.004659,0.010270,-0.121325,-0.010176,0.082210,-0.009600,-0.006142,0.002777,-0.038506,-0.032732,0.005879,-0.057036,-0.041653,-0.034017,0.120159,-0.035849,0.016485,0.032411,0.010866,-0.066649,0.050235,0.080181,0.008792,-0.041514,-0.030476,0.069788,-0.067229,0.033029,0.064867,0.016100,0.007046,0.036227,0.010419,0.066934,0.002163,-0.020060,0.030812,-0.047265,-0.032273,-0.042175,0.005388,-0.014624,-0.037433,-0.045649,0.013603,-0.013969,0.020126,0.111969,0.071337,-0.076393,0.083094,-0.006176,-0.043649,0.003472,-0.012639,-0.025001,-0.024731,-0.025055,0.048727,-0.050603,-0.073516,0.018530,-0.040698,0.002928,-0.092026,-0.037717,0.085196,-0.021082,-0.002470,0.019510,0.024413,0.068563,-0.007785,-0.061180,0.002395,0.004056,-0.024707,0.041843,-0.027578,-0.015414,-0.059509,0.043365,0.003166,-0.003623,0.040239,0.132410,-0.016018,-0.038121,0.021199,-0.008270,-0.024091,0.008791,0.016990,-0.030858,-0.012739,-0.016581,0.062023,-0.055645,0.038242,-0.077472,-0.057638,0.021303,0.061949,0.014632,0.038665,-0.026214,-0.033309,0.059284,0.003659,0.043394,-0.071603,0.090767,-0.012144,-0.012228,0.063724,-0.031158,-0.080825,-0.019286,0.082125,-0.051569,0.069451,0.020004,0.012252,0.000765,0.000000,-0.068026,0.022366,0.006209,0.079357,-0.053524,0.051210,-0.035404,0.020874,-0.045963,0.097998,-0.011145,0.015995,0.010075,-0.024694,0.017575,-0.086907,0.106261,-0.022306,0.005501,0.001688,0.042519,-0.023077,-0.116341,0.055399,0.092988,0.039352,-0.016139,-0.045978,0.029372,0.029248,-0.067657,0.076542,0.006197,-0.014439,0.037120,-0.012493,-0.028835,0.015249,0.007037,0.009791,-0.085730,-0.004394,-0.086592,-0.030248,0.004384,-0.037136,0.073169,0.042946,0.068545,-0.041778,-0.029895,0.071346,-0.081166,-0.020624,-0.013390,-0.063887,0.047562,-0.025393,0.022428,0.071657,-0.013670,0.100880,-0.044553,-0.069647,-0.095507,0.008946,-0.092074,-0.047410,0.016570,0.008284,-0.118597,0.042384,0.001236,0.044150,-0.047638,-0.051268,0.096605,-0.040355,0.070669,-0.080825,-0.036551,0.062594,0.050567,-0.039487,0.036039,-0.116304,-0.080442,-0.073227,-0.078264,-0.007586,-0.082852,-0.082261,0.059761,-0.018365,-0.048738,-0.000000,-0.085397,0.064823,-0.107973,0.069821,-0.129643,-0.036179,0.037539,-0.017766,0.081227,-0.057873,-0.003676,0.038107,0.006800,0.017515,0.033383,-0.005825,-0.115473,-0.053528,-0.028919,0.051070,-0.068046,0.094919,0.055365,-0.000027,0.006554,0.084289,0.017767,0.065692,0.054766,-0.010070,0.031434,-0.062407,0.017329,-0.072592,-0.007212,-0.075656,0.036560,0.007862,0.040779,-0.046252,0.070591,-0.010935,0.044895,0.074084,0.009226,-0.017135,0.071365,0.004167,0.035707,-0.119685,0.017966,-0.016939,-0.013797,0.099922,0.010999,0.042007,0.024683,0.017721,0.019495,0.016232,-0.021435,-0.001158,0.130132,-0.007989,-0.006050,0.032500,-0.057376,-0.019165,-0.003107,0.033586,0.097186,0.060242,0.000505,-0.007093,-0.028485,-0.061311,-0.017264,-0.029022,0.010383,0.039688,-0.082481,0.023268,0.000203,-0.019309,-0.051750,-0.069758,0.007222,0.031421,-0.008385,0.005071,-0.048881,0.004290,-0.018782,-0.002679,0.007974,-0.000000,-0.028473,-0.059712,-0.003145,-0.027824,0.058181,0.004522,0.020712,-0.044870,-0.011416,-0.068559,0.044912,0.028100,0.005752,-0.096977,0.037169,0.039954,0.024092,-0.002566,-0.081950,-0.017366,-0.040239,0.014814,-0.015617,-0.055869,-0.022758,-0.030191,-0.011612,0.048221,0.032066,-0.042425,0.057204,0.061138,0.042565,0.074350,0.030479,-0.076690,0.064072,0.102221,0.045422,0.029255,-0.073360,0.032068,-0.047432,0.047522,-0.039292,-0.008453,-0.006567,-0.045818,-0.070200,0.028840,0.015757,0.063579,-0.052420,0.094534,0.026575,-0.047687,-0.112364,-0.037841,-0.065111,0.075716,-0.062515,0.005323,0.045452,-0.021972,0.000000,0.000000,1.000000,0.000000,0.000000,1.000000,0.000000,0.000000,0.000000,0.000000,0.000000,0.000000,0.000000,0.000000,0.000000,0.000000,0.000000,0.000000,0.000000,0.000000,0.000000,0.000000,0.000000,0.000000
0x315d283def1de99025369870b132cb9a9373af02,0,safe,raw_data/0x315d283def1de99025369870b132cb9a9373af02/UserWallet.sol,-0.066073,0.084972,-0.010366,-0.096351,0.030028,-0.045428,0.016039,-0.034422,-0.039886,0.009095,-0.016636,0.068610,-0.011271,0.062557,-0.045310,-0.012138,0.070857,-0.008592,0.028301,0.012876,-0.035741,-0.054872,0.019902,-0.019014,0.028338,0.042491,-0.006665,0.043246,0.071236,-0.029819,0.029336,0.103105,0.073227,-0.098516,0.022525,-0.046462,0.024758,-0.043371,-0.013840,-0.058805,-0.014284,-0.083535,-0.072663,0.043399,0.029102,0.023423,0.062811,0.040130,0.027350,0.035635,-0.022524,-0.020391,0.002460,0.003600,-0.034346,-0.092185,-0.009784,0.019343,0.060668,0.009790,-0.023684,-0.014472,-0.072451,0.074014,-0.003654,0.018344,0.069763,-0.008295,-0.099882,0.003918,0.022524,-0.039191,-0.030757,0.071620,0.058352,-0.007246,0.065959,0.023691,-0.002175,-0.128198,-0.055124,-0.139292,-0.007594,0.021647,-0.070590,0.051286,0.106093,0.050599,0.040368,-0.062036,-0.075119,0.084649,0.063118,0.011497,0.001101,-0.045393,-0.052365,0.001921,0.020088,0.101189,-0.055446,0.009493,-0.049859,-0.037293,0.035476,-0.074922,0.020340,0.055997,0.060606,-0.005305,-0.005265,0.029076,0.016223,-0.021229,0.049017,-0.106638,-0.112996,0.000218,0.072648,-0.062036,0.053303,0.015102,-0.062329,0.035684,-0.020477,-0.081663,-0.054630,-0.000000,0.017851,0.028138,0.018013,0.044816,-0.011859,0.036842,-0.005432,-0.005137,-0.116946,-0.031733,-0.015389,-0.037612,-0.054628,0.023817,0.067620,-0.034391,-0.008800,-0.041045,0.029424,0.002322,-0.034430,0.007930,-0.034896,0.014255,-0.036497,0.018734,0.056224,-0.035887,0.146707,0.003531,-0.069320,-0.062946,0.012331,-0.078695,0.020223,0.122008,-0.013420,-0.030570,-0.031104,0.025987,0.003093,-0.015583,-0.119482,-0.061079,-0.025999,0.021364,-0.018376,-0.018581,0.022688,0.000290,-0.018346,0.025333,-0.063175,-0.012304,-0.025448,-0.024777,-0.080218,-0.025756,0.056991,-0.010411,0.001562,0.067188,0.006312,0.093099,-0.008321,0.065134,0.090794,-0.025764,-0.070251,0.057805,-0.120514,0.012414,0.118812,-0.114931,-0.014386,-0.028029,-0.062686,-0.046036,0.041344,0.018230,-0.072524,-0.004862,0.027200,-0.053226,-0.028237,0.000436,-0.041515,-0.113767,0.022616,0.092618,-0.027894,-0.121224,-0.031044,0.071114,-0.005097,0.000000,-0.031428,-0.056556,-0.039867,0.110045,-0.052310,-0.023945,-0.068324,0.093589,0.002435,0.064910,0.066158,0.023778,-0.000436,0.028285,0.004082,-0.042558,0.058757,-0.062451,-0.070828,0.006711,0.008516,-0.011467,0.034407,0.098328,0.015266,0.099788,0.094426,0.009735,-0.033605,-0.026157,0.025341,-0.026970,-0.092544,-0.063367,0.038234,0.008512,0.039621,0.039884,0.009840,-0.027104,0.023495,0.049214,0.026749,0.032633,0.028319,-0.103300,-0.004121,-0.056034,0.078626,-0.000019,0.025776,0.005053,0.068776,-0.118509,0.022344,0.011014,-0.089693,0.043031,0.112561,-0.013364,0.065913,-0.024915,-0.113463,-0.005698,-0.040605,-0.023303,-0.028067,0.027053,-0.015689,0.071158,0.015742,0.051697,-0.030631,-0.057635,-0.021786,-0.002471,0.053127,0.036380,-0.025886,0.036168,0.048148,0.089403,-0.020889,0.064887,-0.002189,0.010928,-0.031437,0.025226,-0.017209,-0.073085,-0.025977,0.021158,-0.007029,0.002172,-0.007068,-0.000000,-0.013443,0.022593,-0.080759,0.012524,0.006471,0.033308,-0.010220,-0.042786,0.058712,0.059770,0.090571,-0.069081,-0.081140,0.006416,-0.007064,0.050584,-0.041871,-0.055216,0.005564,-0.024346,-0.001764,0.024655,0.058769,-0.072770,-0.041176,0.006226,0.024685,-0.060723,-0.034133,0.032019,-0.041304,0.064989,0.024829,0.010189,0.054426,-0.066789,0.025679,0.142184,0.059379,0.003970,-0.010997,0.022331,0.027121,-0.000381,-0.004151,-0.037608,0.021711,0.011857,0.008413,-0.017597,-0.004777,0.022147,0.055977,0.046264,0.056347,0.021409,-0.017246,-0.006903,-0.002787,0.053743,0.037083,-0.027274,0.014585,0.099975,0.000000,0.000000,0.000000,0.000000,0.000000,0.000000,0.000000,0.000000,0.000000,0.000000,0.000000,0.000000,0.000000,0.000000,0.000000,0.000000,0.000000,0.000000,0.000000,0.000000,1.000000,0.000000,0.000000,0.000000
0x820fc3a3a5693f7bf275bdbab26d0b6d583acd0b,1,rugpull,raw_data/0x820fc3a3a5693f7bf275bdbab26d0b6d583acd0b/MINISTARS.sol,-0.017821,0.064271,-0.001492,-0.037563,0.025157,-0.014299,0.051791,0.030281,-0.009080,0.079180,0.030737,-0.026349,0.049103,-0.021068,-0.038375,0.007271,0.065703,-0.019661,-0.056085,-0.029226,-0.045199,-0.060119,-0.039368,0.077411,0.038309,-0.035294,-0.064975,-0.042639,0.018627,-0.022319,-0.023994,-0.006834,-0.043247,-0.041834,0.027600,0.026754,-0.071916,-0.083395,-0.010065,-0.061272,0.005730,-0.035419,-0.087117,0.016379,-0.060834,0.062905,0.031081,0.009100,-0.095977,-0.022071,0.093718,-0.074856,-0.008584,-0.022159,-0.025581,0.005100,0.069570,0.004766,0.046534,0.030316,-0.042872,-0.035410,0.065626,-0.027217,0.032306,-0.064749,-0.023312,0.067301,-0.051419,0.154789,0.037150,0.024126,-0.135286,0.010350,-0.009632,0.031238,0.095202,0.047165,-0.055193,-0.126378,-0.058027,-0.040803,-0.023430,-0.071380,0.024608,0.002068,0.004374,-0.012980,0.115965,0.009060,0.038734,0.063439,0.113846,-0.035033,-0.028013,-0.021956,-0.026970,-0.011046,-0.034135,0.077278,-0.021267,0.039386,0.037320,0.033283,0.088358,-0.012161,0.045708,0.011839,0.017582,-0.011587,0.052800,0.063428,0.010862,-0.006407,-0.024090,0.044631,0.003958,0.012482,0.024603,-0.011228,0.066128,0.009359,-0.000195,-0.039325,-0.000248,0.017426,0.005145,0.000000,0.007223,-0.012363,-0.073330,-0.047346,-0.018672,-0.036238,0.023088,0.045065,-0.067503,-0.016980,0.055785,-0.044961,-0.051419,-0.041762,0.061271,-0.116463,0.062902,0.014061,0.130034,0.021579,0.007614,-0.041623,-0.037724,-0.005460,0.053374,-0.051387,-0.032976,-0.021913,0.009964,0.025663,0.000851,0.039116,-0.021302,0.059851,0.013991,-0.044146,-0.020747,0.002563,-0.038921,-0.042491,-0.073157,-0.000545,-0.109517,-0.025010,-0.053494,-0.049733,0.061220,-0.009808,0.085808,-0.011445,-0.021647,-0.017853,-0.019320,-0.038728,-0.040575,-0.126061,-0.063212,-0.075753,0.051969,-0.026418,0.081882,-0.069801,-0.000805,0.044625,-0.039832,0.039018,0.018676,-0.061500,-0.011462,-0.070868,-0.065368,0.029183,0.049829,0.026772,-0.035281,-0.029074,0.077390,0.016072,-0.018571,-0.098876,0.016237,-0.018221,-0.018202,-0.067824,0.006812,0.029194,0.014589,0.038292,-0.057149,0.010241,0.024814,-0.049253,0.021579,0.045099,0.012385,-0.000000,-0.027000,-0.000164,0.047191,0.000109,-0.019876,-0.008321,-0.006255,-0.027578,0.004473,0.045427,-0.079554,0.037339,-0.029350,-0.037472,-0.046366,-0.064862,-0.015623,-0.096155,0.027390,0.004933,0.004918,0.104050,0.012928,0.079183,-0.052538,0.087293,-0.067954,0.099899,-0.016523,-0.033057,-0.036679,-0.089589,-0.011678,0.019207,0.029271,-0.111965,0.007048,0.088315,0.020610,0.082585,0.127631,-0.024389,0.030707,0.049379,-0.003520,0.000586,0.003236,-0.063716,0.006431,-0.034335,0.104354,-0.011490,0.023682,0.082374,-0.020121,-0.009667,0.147275,-0.036748,0.037064,-0.032383,0.020650,-0.005474,0.046437,0.049846,0.008046,-0.031060,-0.014003,0.022869,0.073264,0.041673,0.060478,0.048937,-0.012569,-0.051434,0.061742,-0.040514,0.029083,-0.112030,0.028677,0.028830,-0.101061,0.104459,0.105206,-0.002286,-0.017630,-0.023713,-0.013681,0.027112,0.024954,0.024507,-0.034053,-0.011764,0.056590,0.021679,-0.052249,-0.000000,0.051965,-0.093755,0.002479,0.109323,0.078753,-0.093699,-0.027771,-0.000514,-0.014215,0.015482,-0.067864,0.083644,-0.007867,-0.066674,-0.049732,-0.057601,-0.036479,-0.064976,-0.093829,-0.031474,-0.068678,0.035509,0.018987,-0.047866,-0.022879,-0.019803,0.064048,0.099759,0.034849,-0.070590,-0.046461,0.025589,-0.027477,-0.029921,-0.039655,0.016550,0.002050,0.006402,0.001381,0.032743,-0.018338,0.011395,0.008433,0.029259,-0.044740,0.008949,-0.107511,-0.070394,0.044592,-0.062402,0.021878,-0.021421,-0.022212,0.160165,-0.008723,-0.056467,-0.009760,-0.002212,-0.013139,-0.011283,0.135525,-0.036608,0.048045,-0.029152,0.000000,0.000000,0.000000,0.000000,0.000000,0.000000,0.000000,0.000000,0.000000,0.000000,0.000000,0.000000,0.000000,0.000000,0.000000,0.000000,0.000000,0.000000,0.000000,0.000000,0.000000,0.000000,0.000000,0.000000
0xa1b4a12ae2dd4469843730ce39ea61d643d5a9a9,1,rugpull,raw_data/0xa1b4a12ae2dd4469843730ce39ea61d643d5a9a9/utsukushii.sol,-0.044053,0.025862,-0.007012,-0.028020,-0.008956,-0.059181,0.058431,0.009972,-0.014671,0.058233,0.030355,-0.054951,0.046741,-0.018743,-0.039817,0.031778,0.034740,0.017222,-0.054760,-0.001760,0.025406,-0.023589,-0.033838,0.034218,0.048658,-0.063199,-0.009727,-0.026917,0.031993,-0.057888,-0.012376,0.013790,-0.043286,-0.050124,0.021120,0.000286,-0.017458,-0.071278,-0.004105,-0.076712,0.010093,-0.017853,-0.064786,-0.005668,-0.040750,0.083029,-0.005836,0.036072,-0.081885,-0.011326,0.122012,-0.041123,0.005118,0.019889,-0.007565,-0.014622,0.062913,-0.001317,0.023388,0.027730,-0.077471,0.016107,0.008567,-0.048386,0.029680,-0.049890,-0.040436,0.043701,-0.043806,0.133873,0.016972,-0.040714,-0.093802,-0.025938,0.025061,0.045245,0.037536,0.035180,-0.030384,-0.192051,-0.060594,0.002114,-0.011683,-0.081249,0.048683,-0.003479,0.013440,0.016388,0.125943,0.022264,0.035876,0.040033,0.071145,-0.036866,-0.009352,-0.012378,-0.010340,0.003143,-0.020650,0.066128,-0.015374,0.044598,-0.040120,0.019903,0.077829,-0.025974,0.008368,0.014863,-0.015718,-0.014631,0.052838,0.047813,-0.019733,0.021491,-0.041175,0.041909,-0.022762,0.032578,-0.025510,-0.055334,0.069964,0.016746,-0.012886,-0.008915,-0.051904,-0.022158,0.045360,0.000000,-0.034288,-0.039085,-0.072967,-0.041159,-0.029548,-0.043621,0.018132,0.077022,-0.048578,0.016691,0.034367,0.001732,-0.041630,-0.001626,0.020105,-0.092341,0.065337,0.006377,0.118416,0.061103,0.011040,-0.001278,-0.040330,0.038788,0.084573,-0.041081,-0.078765,-0.004372,0.021625,0.027454,-0.018048,0.027670,-0.009078,0.009990,-0.006672,-0.033124,-0.038235,-0.018653,-0.026944,-0.030578,-0.066092,-0.061204,-0.078427,-0.019359,-0.085111,-0.059302,0.014937,-0.013092,0.078278,0.018221,-0.011143,-0.022131,-0.007716,-0.056575,-0.006931,-0.177076,-0.050428,-0.030531,0.022743,0.002978,0.080377,-0.015069,-0.016236,0.054841,-0.085746,0.051285,0.006858,-0.054727,0.022753,-0.058362,-0.070902,0.041788,0.010460,0.040526,-0.059260,-0.061218,0.062690,0.026214,-0.005377,-0.058016,-0.006470,0.016455,-0.054401,-0.038237,0.006974,0.050012,-0.024143,-0.009062,-0.064920,-0.011565,0.034749,-0.053299,0.064340,0.022147,0.034095,-0.000000,-0.006582,0.053520,0.026770,-0.005236,-0.069013,-0.040493,-0.007039,-0.000483,0.055695,0.002402,-0.098017,0.034389,0.007693,0.016497,-0.019546,-0.044947,-0.084895,-0.074088,-0.000045,0.036325,-0.026787,0.112688,0.104113,0.043497,-0.054993,0.088907,-0.086624,0.101591,-0.005529,-0.021404,-0.014978,-0.092557,-0.026356,0.016484,0.036936,-0.146545,0.081941,0.086487,0.022842,0.059938,0.090340,-0.015734,0.042647,0.083237,0.026090,-0.012510,0.024471,-0.019001,0.028016,-0.069030,0.115439,0.037774,-0.003833,0.075675,-0.032022,0.015659,0.176682,-0.017466,0.043063,-0.034604,-0.018637,-0.002481,0.093259,0.067488,-0.009830,-0.014634,-0.012158,0.006356,0.100469,0.040484,0.050399,0.044047,-0.023921,-0.058265,0.046851,0.006613,0.007859,-0.122161,0.016774,0.041930,-0.094891,0.061711,0.079533,0.065007,-0.069071,-0.027477,-0.001099,-0.005471,0.027296,0.026554,-0.028790,-0.053643,0.036262,0.018363,-0.067442,-0.000000,0.040884,-0.127575,0.026421,0.054198,0.075305,-0.062908,-0.043176,-0.025311,-0.041008,-0.026271,-0.034848,0.083085,-0.034618,-0.090892,-0.028830,-0.039046,0.024959,-0.027785,-0.115899,-0.060935,-0.064190,0.021797,0.036906,-0.019619,-0.051033,-0.012233,0.041163,0.087362,0.037277,-0.072715,0.046381,0.017558,-0.008734,0.007480,-0.001970,-0.011042,-0.000243,0.005602,0.028536,0.055708,-0.032795,0.013041,-0.000670,0.063541,-0.025938,-0.005012,-0.088449,-0.085175,0.009538,-0.045918,-0.000358,-0.019769,-0.026297,0.132204,-0.011455,-0.066696,-0.063763,-0.019048,-0.027814,0.015897,0.108836,0.015193,0.074203,-0.055955,0.000000,0.000000,0.000000,0.000000,0.000000,0.000000,0.000000,0.000000,0.000000,0.000000,0.000000,0.000000,0.000000,0.000000,0.000000,0.000000,0.000000,0.000000,0.000000,0.000000,0.000000,0.000000,0.000000,0.000000
0x60cd66add1f20b566f0fd246b3f2c2db634e371b,1,rugpull,raw_data/0x60cd66add1f20b566f0fd246b3f2c2db634e371b/Boobahub.sol,-0.067468,0.059791,0.025359,0.012437,0.006879,-0.059647,0.057410,0.003550,0.003925,0.054560,0.009447,-0.075500,0.053336,-0.003322,-0.013926,0.058970,0.039561,-0.021542,-0.061161,-0.003595,0.055314,0.025383,-0.033417,0.038191,-0.007680,-0.076196,-0.031838,-0.045071,0.039210,-0.050338,0.045799,0.042014,0.002085,-0.062004,0.040713,0.023084,0.023376,0.022450,-0.032206,-0.001682,-0.012435,-0.024553,-0.070526,-0.007874,-0.023227,-0.010471,-0.022156,-0.034345,-0.104557,0.004116,0.086710,0.029885,-0.013926,-0.017630,0.013590,-0.018611,0.034559,0.001537,0.035329,0.017045,-0.049292,0.007455,-0.033225,-0.058058,0.061373,-0.052626,-0.012693,0.003686,-0.092282,0.135321,-0.003704,-0.028390,-0.045714,-0.058505,0.080464,0.014035,-0.044053,0.031924,-0.009913,-0.147152,-0.044987,0.005395,-0.035772,-0.108390,0.040566,-0.013128,0.003725,-0.022154,0.131983,0.029533,0.030858,0.026505,0.033589,-0.006449,0.040764,0.015173,0.007790,-0.028805,-0.091992,0.088872,-0.038435,0.056142,-0.027723,0.038947,0.005537,-0.049838,-0.007393,-0.005203,0.000742,0.004362,0.064937,-0.019384,-0.016034,-0.044966,-0.023833,0.020247,0.049134,-0.002718,0.057500,-0.054388,0.033593,0.005035,-0.017858,0.026291,0.016688,-0.020306,0.033465,-0.000000,-0.012410,-0.017333,-0.109395,0.024073,-0.010330,-0.034565,0.006333,0.019986,-0.083246,0.016694,0.086869,0.022620,0.014404,0.021915,0.068212,-0.079544,0.106839,0.076728,0.065865,0.053693,0.051057,-0.015201,-0.040348,0.029116,0.060070,-0.025439,-0.059141,0.011954,0.023247,0.029463,0.023723,0.069588,0.019496,-0.001022,0.013688,-0.041825,-0.055895,-0.015392,-0.010028,-0.042477,-0.073448,-0.000546,-0.085626,-0.000178,-0.033179,-0.110403,0.026776,0.008163,0.067280,0.028215,0.007962,0.043162,-0.070338,-0.045631,-0.013436,-0.122272,-0.033006,0.009379,0.038807,0.012020,0.023136,0.035744,-0.056511,0.002159,-0.042867,0.038734,-0.081383,-0.061681,0.069839,-0.050105,-0.101085,0.036180,0.041149,0.087394,-0.030806,-0.051096,0.016315,-0.016094,0.021799,-0.066831,-0.039228,0.050515,-0.028823,-0.005250,0.039398,-0.064390,-0.029303,0.046156,-0.065185,-0.062299,0.034903,-0.069871,0.007196,-0.023142,0.015930,-0.000000,-0.001725,0.034337,-0.058217,0.013138,-0.071866,-0.042380,-0.000494,-0.067715,0.096640,-0.056387,-0.062345,0.083014,0.037618,0.010610,-0.016013,-0.053078,-0.129888,-0.087157,0.005135,0.047047,0.001627,0.067412,0.110430,0.042961,-0.023717,0.074192,-0.038199,0.090691,0.049100,-0.049787,-0.045485,-0.016483,-0.041087,-0.025128,0.029216,-0.123740,-0.000368,0.094979,0.028373,0.008236,0.085023,-0.008448,0.032907,0.095274,0.035636,-0.027534,0.024107,-0.023133,0.053808,-0.088505,0.050365,-0.000274,0.017941,0.077826,-0.007370,0.066801,0.099662,0.009643,0.116738,0.004358,-0.045925,0.061587,0.119203,0.026088,0.026444,0.035934,-0.076220,-0.050487,0.082380,0.023564,0.061686,0.021193,-0.045889,-0.052611,0.060010,-0.039960,0.023531,-0.071368,0.040110,0.032489,-0.107382,0.099249,0.005300,-0.044984,-0.031278,-0.085644,-0.019131,-0.015182,-0.021326,0.009259,0.011761,-0.019392,0.025203,-0.022553,-0.073623,-0.000000,-0.007697,-0.090076,-0.043874,-0.031795,0.107890,-0.094266,-0.019700,-0.080412,0.012748,-0.034472,0.061342,0.045932,-0.032272,-0.085005,0.012978,-0.001060,0.029641,0.002872,-0.140903,-0.001285,-0.074092,-0.001429,-0.019965,-0.040220,-0.016589,-0.062397,0.070872,0.084414,0.005065,-0.010808,0.044904,0.031107,0.034108,0.070367,0.012054,-0.041699,-0.003217,0.029425,0.023227,0.053925,-0.010287,-0.041825,-0.038992,0.046815,0.025904,0.015772,-0.137434,-0.109126,-0.045379,-0.055642,-0.035603,0.027134,0.002092,0.097747,-0.032741,-0.007628,-0.035834,-0.064334,-0.026561,0.030050,0.068707,0.035525,0.056573,-0.034330,0.000000,0.000000,1.000000,0.000000,0.000000,1.000000,0.000000,0.000000,0.000000,0.000000,0.000000,0.000000,0.000000,0.000000,0.000000,0.000000,0.000000,0.000000,0.000000,0.000000,0.000000,0.000000,0.000000,0.000000
0x7a1b3b2bfb687a26328e623441edaea69df3def5,1,rugpull,raw_data/0x7a1b3b2bfb687a26328e623441edaea69df3def5/ICP.sol,-0.089926,0.100196,-0.073620,-0.003740,0.019821,-0.123728,-0.004537,0.078664,-0.006019,-0.005743,0.000911,-0.036259,-0.028522,0.011906,-0.055199,-0.048680,-0.039070,0.116987,-0.035867,0.013434,0.029418,0.017229,-0.063908,0.052891,0.080028,0.006294,-0.045318,-0.032096,0.067882,-0.067351,0.029627,0.064293,0.026246,0.011278,0.040049,0.012685,0.068763,-0.000383,-0.022465,0.032946,-0.053154,-0.036120,-0.047840,0.007564,-0.018078,-0.032024,-0.040361,0.022382,-0.016658,0.023757,0.111995,0.073256,-0.079508,0.085611,-0.006450,-0.039712,0.002280,-0.016014,-0.027478,-0.026128,-0.030946,0.057978,-0.047221,-0.074924,0.021325,-0.038937,0.004103,-0.087042,-0.033241,0.080156,-0.015693,-0.000972,0.023466,0.028249,0.065580,-0.013471,-0.057270,0.000127,0.002262,-0.021981,0.036355,-0.025006,-0.012243,-0.061030,0.044345,0.002099,-0.002256,0.039975,0.135594,-0.020685,-0.045841,0.025334,-0.006641,-0.027082,0.007056,0.015731,-0.030662,-0.007251,-0.016678,0.061796,-0.055091,0.042909,-0.078734,-0.055065,0.022816,0.055015,0.019595,0.037576,-0.027072,-0.030673,0.059902,0.001464,0.046903,-0.066053,0.083967,-0.017344,-0.012189,0.057625,-0.030146,-0.080000,-0.012789,0.080639,-0.041503,0.074922,0.018802,0.011871,0.004066,0.000000,-0.070121,0.014680,0.007759,0.079725,-0.061501,0.051315,-0.034595,0.020931,-0.044549,0.097749,-0.014246,0.020417,0.014419,-0.022813,0.021161,-0.088651,0.107225,-0.026961,0.004029,0.001495,0.043162,-0.013286,-0.119975,0.058230,0.101540,0.038266,-0.018982,-0.046875,0.037136,0.029930,-0.066929,0.078526,0.003705,-0.013527,0.039425,-0.009204,-0.031532,0.021932,0.005397,0.010626,-0.083293,-0.006829,-0.081129,-0.034181,0.004149,-0.038759,0.072316,0.047327,0.065132,-0.042897,-0.028904,0.068964,-0.072423,-0.021593,-0.019535,-0.066508,0.047027,-0.030485,0.013628,0.063661,-0.015153,0.101307,-0.045315,-0.067059,-0.096588,0.004296,-0.089416,-0.038878,0.022113,0.016232,-0.122326,0.040198,0.002800,0.043923,-0.050277,-0.052156,0.092916,-0.045783,0.066466,-0.070722,-0.029342,0.057792,0.055253,-0.038528,0.036512,-0.116476,-0.083218,-0.073489,-0.074644,-0.012709,-0.079134,-0.082008,0.054031,-0.022805,-0.042688,-0.000000,-0.077908,0.066996,-0.103472,0.072149,-0.132201,-0.038079,0.040545,-0.019295,0.081916,-0.059647,-0.005270,0.035545,0.008572,0.018071,0.036344,-0.001474,-0.123779,-0.047287,-0.031285,0.057596,-0.082191,0.090409,0.061419,-0.008460,0.005048,0.085732,0.023251,0.066420,0.052996,-0.017168,0.032647,-0.061790,0.015121,-0.075953,-0.006110,-0.073597,0.034129,0.002360,0.038494,-0.050265,0.066394,-0.010323,0.054008,0.075208,0.010530,-0.012474,0.076149,0.005236,0.032649,-0.123389,0.022874,-0.012448,-0.020056,0.096576,0.014246,0.043049,0.022463,0.023403,0.016039,0.016399,-0.021314,0.000714,0.118293,-0.005958,-0.013975,0.026087,-0.062972,-0.018927,-0.000659,0.037426,0.099289,0.061625,0.001295,-0.012628,-0.039850,-0.054820,-0.016230,-0.027044,0.010335,0.040064,-0.078322,0.022588,-0.001492,-0.024261,-0.054866,-0.065563,0.005729,0.029959,-0.015529,0.002416,-0.047057,0.001416,-0.017202,-0.002255,0.004903,-0.000000,-0.022694,-0.061305,-0.000906,-0.034710,0.056908,0.008747,0.021268,-0.046692,-0.011443,-0.065535,0.043928,0.030919,0.004124,-0.098758,0.036770,0.040583,0.033181,-0.004597,-0.082561,-0.013802,-0.040341,0.013242,-0.019690,-0.049914,-0.022211,-0.028995,-0.011882,0.045857,0.029378,-0.045120,0.066155,0.061525,0.045882,0.069750,0.034119,-0.078048,0.059239,0.105021,0.043338,0.023285,-0.072706,0.031186,-0.047286,0.047585,-0.043933,-0.012743,-0.006600,-0.042810,-0.068030,0.026319,0.012858,0.060937,-0.052557,0.093280,0.025946,-0.045120,-0.109759,-0.040995,-0.064339,0.074506,-0.060762,0.003390,0.045271,-0.024969,0.000000,0.000000,1.000000,0.000000,0.000000,1.000000,0.000000,0.000000,0.000000,0.000000,0.000000,0.000000,0.000000,0.000000,0.000000,0.000000,0.000000,0.000000,0.000000,0.000000,0.000000,0.000000,0.000000,0.000000
0x8bce9d720745b93c58c505fc0d842a7d9cd59697,1,rugpull,raw_data/0x8bce9d720745b93c58c505fc0d842a7d9cd59697/the_gift.sol,-0.068604,0.001403,-0.035798,0.033574,0.053930,0.007888,0.032351,0.040113,0.012247,-0.013677,0.002353,-0.016823,-0.111779,-0.024727,0.022343,0.032639,-0.007531,0.036508,-0.044272,-0.118013,0.077162,0.015913,0.012576,0.015363,-0.017022,0.035497,-0.054204,-0.039954,0.052810,-0.028958,0.025463,-0.004443,-0.143548,-0.015320,-0.018540,0.159746,-0.012433,-0.032205,0.076149,-0.022705,0.011489,-0.009614,-0.014642,-0.010278,-0.000204,0.043588,-0.019888,0.023335,-0.029038,-0.051054,-0.073939,0.007417,-0.012732,-0.026448,0.086217,0.063754,0.007910,-0.075822,-0.019382,0.036641,-0.034764,0.012915,-0.053431,0.054956,0.017308,0.020226,-0.044313,-0.060974,-0.002635,-0.037999,-0.038223,0.011965,-0.059682,0.057304,-0.024859,0.011560,-0.023624,0.026990,-0.056790,-0.069362,0.128079,0.028993,0.050004,0.046946,0.041780,-0.016473,0.092293,0.152164,0.050821,0.049145,-0.064400,0.034654,-0.046874,0.041747,-0.054820,-0.016563,-0.025545,-0.002142,0.012318,0.052254,-0.034128,0.071689,0.051122,-0.013082,-0.033311,-0.000288,-0.016491,0.027083,0.021902,0.048270,-0.010287,-0.041113,-0.025536,0.002001,0.014731,0.075630,-0.002698,-0.008023,0.140736,0.003296,0.120006,0.020428,-0.010847,0.030234,0.024104,0.010864,0.065398,0.000000,-0.020259,-0.082839,-0.067119,0.000862,-0.008392,0.023285,-0.014564,-0.037416,-0.042737,0.050220,-0.019701,-0.052952,-0.058019,-0.063462,-0.055826,-0.005529,0.057803,0.056905,0.074163,-0.032605,0.074622,-0.020290,-0.043323,0.026210,0.068504,-0.026089,-0.030623,-0.037699,0.027693,-0.009331,0.086767,0.044416,-0.090231,0.071761,0.079299,-0.030282,-0.058563,-0.048620,-0.017947,-0.022908,-0.042872,0.029431,-0.133229,0.051380,-0.004656,-0.135684,-0.062459,0.086137,0.068737,0.124782,0.027771,0.043184,-0.036464,-0.063393,-0.008578,-0.022685,-0.046779,0.053034,0.025159,0.028454,0.034058,0.032556,-0.056780,-0.163762,0.028086,-0.039772,0.005373,0.013715,0.059760,0.010837,-0.019629,0.026060,0.028160,0.011510,-0.012089,-0.041040,-0.006780,-0.027290,-0.022993,-0.034270,0.085319,-0.053323,-0.017251,0.020507,0.056405,-0.099012,0.055565,0.053439,-0.054015,-0.000066,-0.054500,0.058677,0.019247,-0.064433,-0.109696,-0.000000,0.040979,-0.052011,-0.110863,0.047936,-0.025832,-0.075238,0.032569,0.035481,0.084830,0.074259,0.027690,-0.009622,0.056244,-0.042045,-0.047609,0.022591,0.051999,-0.054937,-0.024291,0.058471,-0.033712,0.080221,-0.018489,-0.007289,0.019454,0.038995,0.037043,0.034509,-0.080649,-0.046083,0.026171,0.012005,-0.083916,-0.076656,-0.006764,0.022699,-0.029498,0.019049,-0.047912,0.027971,0.072091,0.085436,-0.100463,-0.080660,-0.031698,0.069596,-0.082184,0.024483,-0.026692,0.050978,-0.029150,-0.067876,0.047100,-0.054596,-0.004672,-0.041056,0.078311,-0.044424,0.039957,-0.048592,0.071935,-0.077611,0.024722,-0.047732,0.065505,-0.015237,-0.041360,-0.026436,-0.015763,0.069735,0.032421,-0.021476,-0.030425,-0.021188,-0.063670,0.037428,0.101105,-0.030129,0.020265,0.020624,0.049159,0.051284,0.030534,-0.016075,0.040998,0.044728,-0.078559,0.040553,0.008253,0.013768,-0.050674,0.021524,0.018930,0.048285,0.031530,-0.000000,-0.022688,-0.013555,0.014901,0.015623,0.065943,-0.000311,0.064868,0.024400,-0.020310,-0.087902,0.066904,0.045704,0.067033,0.004636,0.059242,-0.037509,0.053116,0.029967,-0.012850,-0.070771,-0.060688,-0.029302,0.003587,-0.018539,-0.042761,-0.050607,0.071985,-0.008766,-0.011711,-0.071978,0.032863,0.039727,0.068454,-0.047320,-0.051709,0.057232,-0.053744,0.045966,-0.037187,0.036718,0.004547,0.002237,-0.056057,-0.022239,-0.027594,-0.011321,0.035231,-0.052245,0.018042,0.042410,0.024745,-0.030490,-0.101485,0.055311,0.056213,-0.013490,0.024054,-0.048965,-0.049666,0.046989,-0.107007,0.090840,0.085600,0.024038,0.000000,0.000000,0.000000,0.000000,0.000000,0.000000,0.000000,0.000000,0.000000,0.000000,0.000000,0.000000,0.000000,0.000000,0.000000,0.000000,0.000000,0.000000,0.000000,0.000000,0.000000,0.000000,0.000000,0.000000
0xd40b9a795c157cab194d3df3f6fd46e658d721d9,0,safe,raw_data/0xd40b9a795c157cab194d3df3f6fd46e658d721d9/UserWallet.sol,-0.066073,0.084972,-0.010366,-0.096351,0.030028,-0.045428,0.016039,-0.034422,-0.039886,0.009095,-0.016636,0.068610,-0.011271,0.062557,-0.045310,-0.012138,0.070857,-0.008592,0.028301,0.012876,-0.035741,-0.054872,0.019902,-0.019014,0.028338,0.042491,-0.006665,0.043246,0.071236,-0.029819,0.029336,0.103105,0.073227,-0.098516,0.022525,-0.046462,0.024758,-0.043371,-0.013840,-0.058805,-0.014284,-0.083535,-0.072663,0.043399,0.029102,0.023423,0.062811,0.040130,0.027350,0.035635,-0.022524,-0.020391,0.002460,0.003600,-0.034346,-0.092185,-0.009784,0.019343,0.060668,0.009790,-0.023684,-0.014472,-0.072451,0.074014,-0.003654,0.018344,0.069763,-0.008295,-0.099882,0.003918,0.022524,-0.039191,-0.030757,0.071620,0.058352,-0.007246,0.065959,0.023691,-0.002175,-0.128198,-0.055124,-0.139292,-0.007594,0.021647,-0.070590,0.051286,0.106093,0.050599,0.040368,-0.062036,-0.075119,0.084649,0.063118,0.011497,0.001101,-0.045393,-0.052365,0.001921,0.020088,0.101189,-0.055446,0.009493,-0.049859,-0.037293,0.035476,-0.074922,0.020340,0.055997,0.060606,-0.005305,-0.005265,0.029076,0.016223,-0.021229,0.049017,-0.106638,-0.112996,0.000218,0.072648,-0.062036,0.053303,0.015102,-0.062329,0.035684,-0.020477,-0.081663,-0.054630,-0.000000,0.017851,0.028138,0.018013,0.044816,-0.011859,0.036842,-0.005432,-0.005137,-0.116946,-0.031733,-0.015389,-0.037612,-0.054628,0.023817,0.067620,-0.034391,-0.008800,-0.041045,0.029424,0.002322,-0.034430,0.007930,-0.034896,0.014255,-0.036497,0.018734,0.056224,-0.035887,0.146707,0.003531,-0.069320,-0.062946,0.012331,-0.078695,0.020223,0.122008,-0.013420,-0.030570,-0.031104,0.025987,0.003093,-0.015583,-0.119482,-0.061079,-0.025999,0.021364,-0.018376,-0.018581,0.022688,0.000290,-0.018346,0.025333,-0.063175,-0.012304,-0.025448,-0.024777,-0.080218,-0.025756,0.056991,-0.010411,0.001562,0.067188,0.006312,0.093099,-0.008321,0.065134,0.090794,-0.025764,-0.070251,0.057805,-0.120514,0.012414,0.118812,-0.114931,-0.014386,-0.028029,-0.062686,-0.046036,0.041344,0.018230,-0.072524,-0.004862,0.027200,-0.053226,-0.028237,0.000436,-0.041515,-0.113767,0.022616,0.092618,-0.027894,-0.121224,-0.031044,0.071114,-0.005097,0.000000,-0.031428,-0.056556,-0.039867,0.110045,-0.052310,-0.023945,-0.068324,0.093589,0.002435,0.064910,0.066158,0.023778,-0.000436,0.028285,0.004082,-0.042558,0.058757,-0.062451,-0.070828,0.006711,0.008516,-0.011467,0.034407,0.098328,0.015266,0.099788,0.094426,0.009735,-0.033605,-0.026157,0.025341,-0.026970,-0.092544,-0.063367,0.038234,0.008512,0.039621,0.039884,0.009840,-0.027104,0.023495,0.049214,0.026749,0.032633,0.028319,-0.103300,-0.004121,-0.056034,0.078626,-0.000019,0.025776,0.005053,0.068776,-0.118509,0.022344,0.011014,-0.089693,0.043031,0.112561,-0.013364,0.065913,-0.024915,-0.113463,-0.005698,-0.040605,-0.023303,-0.028067,0.027053,-0.015689,0.071158,0.015742,0.051697,-0.030631,-0.057635,-0.021786,-0.002471,0.053127,0.036380,-0.025886,0.036168,0.048148,0.089403,-0.020889,0.064887,-0.002189,0.010928,-0.031437,0.025226,-0.017209,-0.073085,-0.025977,0.021158,-0.007029,0.002172,-0.007068,-0.000000,-0.013443,0.022593,-0.080759,0.012524,0.006471,0.033308,-0.010220,-0.042786,0.058712,0.059770,0.090571,-0.069081,-0.081140,0.006416,-0.007064,0.050584,-0.041871,-0.055216,0.005564,-0.024346,-0.001764,0.024655,0.058769,-0.072770,-0.041176,0.006226,0.024685,-0.060723,-0.034133,0.032019,-0.041304,0.064989,0.024829,0.010189,0.054426,-0.066789,0.025679,0.142184,0.059379,0.003970,-0.010997,0.022331,0.027121,-0.000381,-0.004151,-0.037608,0.021711,0.011857,0.008413,-0.017597,-0.004777,0.022147,0.055977,0.046264,0.056347,0.021409,-0.017246,-0.006903,-0.002787,0.053743,0.037083,-0.027274,0.014585,0.099975,0.000000,0.000000,0.000000,0.000000,0.000000,0.000000,0.000000,0.000000,0.000000,0.000000,0.000000,0.000000,0.000000,0.000000,0.000000,0.000000,0.000000,0.000000,0.000000,0.000000,1.000000,0.000000,0.000000,0.000000
0x3e4e2299cbff968b425c6c312b64fa46f8be68ff,1,rugpull,raw_data/0x3e4e2299cbff968b425c6c312b64fa46f8be68ff/UniswapExchange.sol,-0.131772,0.063982,-0.025360,0.020770,-0.020781,-0.040448,-0.061442,0.044304,-0.006719,-0.018380,0.043804,0.061311,0.002994,-0.014290,-0.089429,0.026551,-0.087626,-0.013508,-0.020550,-0.028030,0.053134,-0.038380,-0.019570,0.012534,-0.029068,0.034526,-0.015193,0.027888,0.049506,-0.027322,-0.000316,0.140123,-0.029479,0.059680,0.055058,0.029971,0.006532,0.065540,0.006669,-0.040168,-0.046677,-0.009647,-0.088713,-0.008431,0.049639,-0.026637,-0.073308,-0.058231,0.006978,-0.021128,-0.034237,0.075768,-0.027177,0.036013,0.070622,0.017625,-0.001283,0.027712,0.043594,-0.043998,0.047895,0.049012,0.003198,-0.067428,0.000894,0.054959,-0.022822,0.000554,-0.021409,0.073484,-0.012609,0.005256,0.038737,0.064348,0.041497,-0.004667,-0.049982,-0.009050,-0.058653,0.012426,-0.044156,-0.028428,0.029849,0.090146,-0.048190,-0.022357,-0.034632,-0.031027,0.095616,-0.013999,-0.030210,-0.043067,-0.059665,-0.000101,-0.019202,0.028214,-0.082629,-0.013971,-0.147058,0.047603,-0.007644,0.019838,-0.016931,0.030382,0.025137,-0.095912,0.138653,-0.001633,-0.116205,0.010338,0.112279,0.006710,0.018194,0.011291,-0.070363,0.028329,0.056763,0.002383,-0.001949,0.049656,0.086292,0.082591,0.019740,0.034354,0.006063,0.010298,0.114477,-0.000000,0.029227,0.014369,0.025819,0.030846,-0.014427,-0.026456,-0.057906,0.046185,-0.067232,0.086917,0.012990,-0.059369,0.014761,-0.061934,-0.006194,-0.097119,0.004260,0.004865,-0.107206,-0.017794,-0.015114,-0.062472,-0.033073,-0.040525,0.050332,-0.057708,-0.100043,-0.028437,0.066408,0.021448,0.020174,0.019128,-0.019878,0.034459,-0.018415,0.091683,-0.117936,-0.058370,-0.035099,0.004555,-0.008070,-0.008235,0.073545,-0.022114,0.084927,-0.024601,-0.079906,0.068786,-0.004846,0.067382,-0.033103,0.116825,-0.011299,-0.038708,0.020050,-0.071798,-0.029365,-0.019037,-0.052639,0.091044,-0.028571,-0.101413,-0.150013,0.031585,-0.054795,0.010087,-0.096680,0.016373,-0.028744,-0.031853,-0.099330,-0.055930,0.021214,0.103569,-0.026806,-0.087572,0.110576,0.049034,0.002609,-0.113924,0.036357,-0.003790,0.003471,0.023051,0.093341,-0.038274,0.020062,-0.003389,-0.023541,-0.021414,0.016198,-0.023293,-0.008767,-0.049073,-0.044730,-0.000000,0.073808,0.036401,-0.025352,0.000967,-0.066873,0.047400,0.072669,0.037364,0.052310,0.022835,0.062686,0.044155,0.049739,-0.031481,-0.063351,0.129262,-0.025352,-0.047352,0.103263,0.033569,-0.034919,0.051018,-0.010127,-0.035620,-0.075499,0.017699,0.020704,0.104867,-0.055084,0.047573,0.035447,0.007826,-0.015059,-0.064286,-0.047195,0.019833,-0.040210,0.042402,0.017420,0.115150,0.063810,0.011814,0.002785,0.002332,-0.010036,-0.015806,-0.022504,-0.007492,-0.083864,-0.033675,-0.033416,-0.010003,0.064548,0.005853,-0.015194,0.036431,-0.059436,0.072129,-0.084436,-0.006923,0.115691,0.022710,0.039552,-0.013552,0.068552,-0.040326,-0.036369,0.070866,0.002995,-0.036898,0.017195,-0.014655,0.002806,-0.018735,0.020480,-0.078256,0.003545,-0.035206,0.007631,-0.044003,-0.005766,0.038887,-0.018076,0.011135,-0.075346,-0.040067,-0.029013,0.096155,-0.005454,0.063011,-0.055654,-0.008369,0.028737,0.086522,0.012130,-0.000000,0.023871,-0.061322,0.007472,0.002328,0.036879,0.057804,0.067149,0.026311,-0.063068,0.006633,0.031306,0.108313,-0.066071,-0.061382,0.024464,0.003011,-0.028515,-0.049810,-0.091963,-0.073714,-0.057269,0.009352,0.016590,0.034005,0.035878,0.013618,0.038690,-0.020330,-0.008940,-0.066135,0.000929,0.047795,0.053123,0.003338,-0.046322,0.079588,-0.020009,0.071739,0.044375,0.019308,-0.075315,0.051635,-0.029490,0.000711,-0.019213,-0.020988,-0.035986,0.023326,-0.014735,-0.029362,-0.054632,0.066603,0.009852,0.012474,-0.024596,0.004899,0.013102,0.061081,-0.044077,0.048751,0.000258,0.084579,0.042384,0.031191,0.000000,0.000000,0.000000,0.000000,0.000000,0.000000,0.000000,0.000000,0.000000,0.000000,0.000000,0.000000,0.000000,0.000000,0.000000,0.000000,0.000000,0.000000,0.000000,0.000000,1.000000,0.000000,0.000000,0.000000
0x2f2d111e34681d7e9001263ee2f419b837bcc27b,0,safe,raw_data/0x2f2d111e34681d7e9001263ee2f419b837bcc27b/UserWallet.sol,-0.066073,0.084972,-0.010366,-0.096351,0.030028,-0.045428,0.016039,-0.034422,-0.039886,0.009095,-0.016636,0.068610,-0.011271,0.062557,-0.045310,-0.012138,0.070857,-0.008592,0.028301,0.012876,-0.035741,-0.054872,0.019902,-0.019014,0.028338,0.042491,-0.006665,0.043246,0.071236,-0.029819,0.029336,0.103105,0.073227,-0.098516,0.022525,-0.046462,0.024758,-0.043371,-0.013840,-0.058805,-0.014284,-0.083535,-0.072663,0.043399,0.029102,0.023423,0.062811,0.040130,0.027350,0.035635,-0.022524,-0.020391,0.002460,0.003600,-0.034346,-0.092185,-0.009784,0.019343,0.060668,0.009790,-0.023684,-0.014472,-0.072451,0.074014,-0.003654,0.018344,0.069763,-0.008295,-0.099882,0.003918,0.022524,-0.039191,-0.030757,0.071620,0.058352,-0.007246,0.065959,0.023691,-0.002175,-0.128198,-0.055124,-0.139292,-0.007594,0.021647,-0.070590,0.051286,0.106093,0.050599,0.040368,-0.062036,-0.075119,0.084649,0.063118,0.011497,0.001101,-0.045393,-0.052365,0.001921,0.020088,0.101189,-0.055446,0.009493,-0.049859,-0.037293,0.035476,-0.074922,0.020340,0.055997,0.060606,-0.005305,-0.005265,0.029076,0.016223,-0.021229,0.049017,-0.106638,-0.112996,0.000218,0.072648,-0.062036,0.053303,0.015102,-0.062329,0.035684,-0.020477,-0.081663,-0.054630,-0.000000,0.017851,0.028138,0.018013,0.044816,-0.011859,0.036842,-0.005432,-0.005137,-0.116946,-0.031733,-0.015389,-0.037612,-0.054628,0.023817,0.067620,-0.034391,-0.008800,-0.041045,0.029424,0.002322,-0.034430,0.007930,-0.034896,0.014255,-0.036497,0.018734,0.056224,-0.035887,0.146707,0.003531,-0.069320,-0.062946,0.012331,-0.078695,0.020223,0.122008,-0.013420,-0.030570,-0.031104,0.025987,0.003093,-0.015583,-0.119482,-0.061079,-0.025999,0.021364,-0.018376,-0.018581,0.022688,0.000290,-0.018346,0.025333,-0.063175,-0.012304,-0.025448,-0.024777,-0.080218,-0.025756,0.056991,-0.010411,0.001562,0.067188,0.006312,0.093099,-0.008321,0.065134,0.090794,-0.025764,-0.070251,0.057805,-0.120514,0.012414,0.118812,-0.114931,-0.014386,-0.028029,-0.062686,-0.046036,0.041344,0.018230,-0.072524,-0.004862,0.027200,-0.053226,-0.028237,0.000436,-0.041515,-0.113767,0.022616,0.092618,-0.027894,-0.121224,-0.031044,0.071114,-0.005097,0.000000,-0.031428,-0.056556,-0.039867,0.110045,-0.052310,-0.023945,-0.068324,0.093589,0.002435,0.064910,0.066158,0.023778,-0.000436,0.028285,0.004082,-0.042558,0.058757,-0.062451,-0.070828,0.006711,0.008516,-0.011467,0.034407,0.098328,0.015266,0.099788,0.094426,0.009735,-0.033605,-0.026157,0.025341,-0.026970,-0.092544,-0.063367,0.038234,0.008512,0.039621,0.039884,0.009840,-0.027104,0.023495,0.049214,0.026749,0.032633,0.028319,-0.103300,-0.004121,-0.056034,0.078626,-0.000019,0.025776,0.005053,0.068776,-0.118509,0.022344,0.011014,-0.089693,0.043031,0.112561,-0.013364,0.065913,-0.024915,-0.113463,-0.005698,-0.040605,-0.023303,-0.028067,0.027053,-0.015689,0.071158,0.015742,0.051697,-0.030631,-0.057635,-0.021786,-0.002471,0.053127,0.036380,-0.025886,0.036168,0.048148,0.089403,-0.020889,0.064887,-0.002189,0.010928,-0.031437,0.025226,-0.017209,-0.073085,-0.025977,0.021158,-0.007029,0.002172,-0.007068,-0.000000,-0.013443,0.022593,-0.080759,0.012524,0.006471,0.033308,-0.010220,-0.042786,0.058712,0.059770,0.090571,-0.069081,-0.081140,0.006416,-0.007064,0.050584,-0.041871,-0.055216,0.005564,-0.024346,-0.001764,0.024655,0.058769,-0.072770,-0.041176,0.006226,0.024685,-0.060723,-0.034133,0.032019,-0.041304,0.064989,0.024829,0.010189,0.054426,-0.066789,0.025679,0.142184,0.059379,0.003970,-0.010997,0.022331,0.027121,-0.000381,-0.004151,-0.037608,0.021711,0.011857,0.008413,-0.017597,-0.004777,0.022147,0.055977,0.046264,0.056347,0.021409,-0.017246,-0.006903,-0.002787,0.053743,0.037083,-0.027274,0.014585,0.099975,0.000000,0.000000,0.000000,0.000000,0.000000,0.000000,0.000000,0.000000,0.000000,0.000000,0.000000,0.000000,0.000000,0.000000,0.000000,0.000000,0.000000,0.000000,0.000000,0.000000,1.000000,0.000000,0.000000,0.000000
0x19d895f6ffa425b6a265cf16d8b8d03ec284d87d,1,rugpull,raw_data/0x19d895f6ffa425b6a265cf16d8b8d03ec284d87d/MakeYouRich.sol,-0.032219,0.077945,0.026075,0.005305,0.017841,-0.048714,0.133724,0.048931,0.078848,0.102692,0.020561,-0.092984,0.043044,0.017432,-0.061056,0.043561,0.070930,-0.046175,-0.057671,-0.000132,0.081807,-0.022995,-0.009925,0.035378,0.017518,-0.057983,-0.032966,-0.064434,0.033229,-0.020890,-0.024476,0.024880,-0.009919,-0.060305,-0.038801,0.004822,0.002206,-0.053545,-0.012204,-0.034015,-0.002013,-0.014156,-0.072519,-0.038646,-0.019288,0.047939,0.004746,0.030657,-0.095131,0.014511,0.140755,-0.035358,0.007735,-0.003318,-0.001620,0.021594,0.097729,-0.029699,0.042420,-0.051878,-0.065694,-0.023561,-0.005476,-0.039999,0.048935,-0.018987,-0.065083,0.023467,-0.060437,0.086889,0.039114,-0.019696,-0.101479,-0.041467,0.045667,0.018213,0.025616,0.091891,-0.021202,-0.072999,-0.034391,-0.023904,-0.017065,-0.108026,0.016968,0.007942,-0.038435,0.015374,0.126032,0.066626,0.021104,0.017950,0.019921,-0.030825,-0.000486,-0.035727,-0.060035,-0.008043,-0.082881,0.061385,0.005072,0.065217,-0.017631,0.015199,0.062162,-0.023429,0.059979,-0.000912,0.026625,-0.012956,0.001443,-0.048217,-0.014075,0.042780,-0.027714,0.034381,-0.006861,0.039847,0.037410,-0.069557,0.034052,0.003116,-0.039147,-0.015322,-0.037982,-0.055857,0.022953,0.000000,0.016766,-0.005195,-0.094021,-0.004396,-0.016943,-0.025872,0.001854,0.040251,-0.041020,-0.009304,0.018830,-0.016596,0.030131,0.031861,0.015074,-0.096691,0.053567,0.074908,0.090187,0.065507,0.045301,0.013634,-0.049227,-0.004854,0.026287,-0.043341,-0.121013,-0.019075,0.043857,0.024499,-0.030409,0.041718,0.029359,-0.022072,0.006594,-0.007828,-0.041029,-0.021883,0.006857,-0.028189,-0.024424,-0.018481,-0.075783,0.006791,-0.145619,-0.045011,0.077793,-0.018434,0.081492,0.048159,-0.006405,-0.015069,-0.026066,-0.033693,0.008734,-0.151250,-0.032244,-0.003895,0.015000,-0.028522,0.065433,-0.016414,-0.015365,-0.002758,-0.000419,0.031414,-0.037892,-0.065218,0.024474,-0.060483,-0.090048,0.069340,0.022706,0.075978,-0.059715,-0.069449,0.064684,0.008481,-0.011717,0.008006,-0.005901,0.024023,-0.025306,-0.069265,0.018235,0.021217,0.004097,0.039136,-0.054831,-0.055152,0.101902,-0.056833,-0.011519,0.046754,0.028904,-0.000000,0.014390,0.050238,0.002199,-0.020117,-0.036759,-0.011337,0.022569,0.003702,0.094068,-0.030595,-0.082837,0.013939,0.026899,-0.006396,-0.017299,-0.116582,-0.075732,-0.054863,-0.036347,-0.023480,-0.044531,0.053567,0.089545,0.019452,-0.055603,0.081801,-0.059028,0.076306,-0.009609,-0.030502,-0.013442,-0.060097,-0.045052,0.056845,0.018606,-0.103730,0.017032,0.143120,0.043086,0.018148,0.092076,0.002233,0.080936,0.092379,0.022321,-0.021723,0.009647,-0.014746,0.057761,-0.057015,0.086882,0.011039,0.011668,0.107236,0.035455,0.043912,0.154652,-0.052384,0.076412,-0.054546,-0.053282,0.021573,0.064964,0.017096,0.000661,0.002684,0.003772,0.010325,0.143454,0.010519,0.029674,-0.008225,-0.029645,-0.086596,0.110827,0.020498,0.000406,-0.111844,0.039133,-0.012500,-0.104807,0.074730,0.061089,0.020468,-0.025107,-0.050010,0.012168,-0.018388,-0.012485,0.029897,0.008553,-0.088327,0.073557,0.010235,-0.037074,-0.000000,0.008032,-0.055153,0.013954,-0.007614,0.024168,-0.049051,0.015974,-0.083248,-0.032258,-0.004348,-0.085591,0.026171,-0.009686,-0.092612,-0.010705,-0.029842,0.045670,-0.007828,-0.102116,-0.026114,-0.078228,-0.052886,0.008561,-0.058357,-0.010775,-0.018841,0.012088,0.119022,0.028665,-0.039077,-0.002763,-0.016060,-0.029447,0.010032,-0.008529,-0.045392,-0.000473,-0.040700,0.018724,0.072374,-0.005655,-0.026447,0.002783,0.053689,-0.028178,0.038961,-0.064191,-0.042911,-0.045426,-0.018501,0.016719,-0.004299,-0.008184,0.117123,-0.011213,-0.064267,-0.035492,-0.040013,0.008145,-0.008915,0.130615,0.059340,0.018769,-0.050797,0.000000,0.000000,0.000000,0.000000,0.000000,0.000000,0.000000,0.000000,0.000000,0.000000,0.000000,0.000000,0.000000,0.000000,0.000000,0.000000,0.000000,0.000000,0.000000,0.000000,0.000000,0.000000,0.000000,0.000000
0x590d1d5ba0feb249d42c527ae21d12f2e5768a87,1,rugpull,raw_data/0x590d1d5ba0feb249d42c527ae21d12f2e5768a87/Jeopardy.sol,-0.040074,-0.018268,-0.053030,-0.012094,-0.020293,0.000059,-0.015336,-0.000723,-0.060223,0.031534,0.027148,-0.064915,-0.035064,-0.030638,0.056027,0.039641,-0.046974,-0.001272,0.020820,-0.142235,0.022777,0.073419,-0.030074,0.011994,-0.026196,0.006025,-0.057683,-0.002239,0.068923,-0.073308,0.010355,0.016497,-0.060619,0.031878,0.024291,0.102741,-0.046881,-0.022641,0.014260,0.003820,0.023230,-0.024422,-0.024150,-0.015275,0.101323,0.037519,-0.093584,0.077912,0.068427,-0.063502,-0.056665,0.028576,-0.039487,0.014858,0.139121,0.046051,-0.013779,-0.054639,0.022103,0.015135,-0.005936,0.015579,-0.042662,0.058296,0.029851,0.048769,-0.043629,0.018655,-0.004755,0.016308,-0.118351,0.010726,-0.084649,0.097746,-0.019343,0.101328,-0.047610,0.020322,-0.088177,-0.038973,0.054372,0.005335,0.032223,0.046584,0.041177,0.008443,-0.012048,0.022276,0.100237,0.038138,-0.076227,0.063050,-0.061798,0.013196,-0.035168,0.045865,0.008426,-0.051006,0.023440,0.039229,-0.017009,0.061601,0.055953,-0.025488,-0.080892,-0.000194,0.012600,-0.048773,0.002118,-0.020606,-0.049350,0.019703,0.035012,-0.101757,0.071979,0.016179,0.058221,-0.033739,0.067204,-0.032236,0.110299,0.005233,-0.046863,0.083842,0.020045,-0.029853,-0.023529,-0.000000,0.007632,-0.051223,0.039813,0.062306,-0.017946,0.047704,0.023052,-0.003417,-0.111809,0.059588,0.002755,-0.039412,-0.014995,-0.009897,0.021987,0.002230,0.021232,-0.016356,-0.047510,-0.027191,0.029343,-0.060101,-0.047631,0.097503,0.072825,0.018928,-0.049351,-0.048086,0.050637,-0.000055,-0.011967,0.051929,-0.117363,0.068787,0.004629,0.003234,-0.030365,-0.019786,-0.024468,-0.047218,-0.089855,0.033263,-0.009006,0.061722,-0.006916,-0.124551,-0.084672,0.045915,0.084039,0.039323,-0.008963,0.076670,-0.022781,0.001101,0.045136,-0.054541,-0.034958,0.117671,-0.053888,0.059842,-0.038816,0.063709,-0.109718,-0.048380,0.003286,-0.001155,-0.065203,-0.018461,0.055975,0.037240,0.005261,0.013546,0.019650,0.016548,0.051222,-0.016840,-0.048093,-0.038120,-0.004034,-0.106925,0.047860,-0.005838,-0.020804,0.010773,0.074570,-0.111726,0.072778,0.002006,0.054518,-0.009644,0.004036,0.075169,0.013402,-0.010495,-0.076553,-0.000000,0.019868,0.036744,-0.121090,-0.009026,-0.073871,-0.100064,0.048829,-0.003654,0.102165,-0.004770,-0.006417,-0.017138,0.095045,0.008787,0.028949,-0.016368,0.027880,-0.019019,0.002133,0.086493,-0.014581,0.103749,-0.025785,-0.042452,0.018613,0.044550,0.052097,0.039972,-0.011704,0.019806,0.009971,0.066336,-0.037736,-0.025328,0.021169,0.006991,-0.004703,-0.015626,-0.005639,-0.006078,0.063618,0.001598,-0.036611,-0.042775,0.013894,-0.041585,-0.043645,0.019014,-0.083567,-0.003170,-0.004918,-0.033544,0.015389,-0.006951,-0.041174,-0.045076,0.020374,0.033388,0.055275,-0.062231,0.015017,-0.005166,-0.014011,-0.100994,0.035746,-0.100077,-0.061331,0.026039,0.002513,-0.022338,0.016380,0.006899,-0.007659,-0.038263,-0.101773,0.015951,-0.049886,-0.040281,0.017823,0.089722,-0.010495,0.035123,0.073366,0.045842,0.018289,0.002556,-0.039274,0.041300,-0.029795,0.044748,-0.038408,-0.000282,0.083027,0.134378,0.017415,-0.000000,-0.029704,-0.074030,-0.063872,0.009482,0.096800,0.033723,-0.002508,-0.000763,-0.072425,-0.047491,0.032109,0.101555,0.052345,0.010262,0.018309,0.030856,0.070780,0.019979,-0.019436,-0.080100,-0.048861,0.043272,-0.111382,-0.014205,-0.044942,-0.027211,0.074924,-0.026425,0.014709,-0.053272,0.025645,0.014720,0.079399,-0.023056,-0.014179,0.099776,0.037284,0.067437,0.051410,-0.062876,-0.027358,0.022913,-0.101587,-0.010602,-0.087502,-0.038075,-0.018660,-0.013955,0.052480,-0.063641,0.014012,-0.061187,-0.063224,-0.000997,0.042376,-0.000814,0.000981,0.006318,-0.055128,0.056638,-0.085450,0.086028,0.131644,0.050746,0.000000,0.000000,0.000000,0.000000,0.000000,0.000000,0.000000,0.000000,0.000000,0.000000,0.000000,0.000000,0.000000,0.000000,0.000000,0.000000,0.000000,0.000000,0.000000,0.000000,0.000000,0.000000,0.000000,0.000000
0x65fcdbe1098bf6dd90d2e25c1edf96e347edba46,0,safe,raw_data/0x65fcdbe1098bf6dd90d2e25c1edf96e347edba46/VoteProxy.sol,-0.104396,-0.026917,-0.060558,0.001741,0.015820,-0.039262,0.030820,0.015201,-0.065575,-0.041425,0.021790,0.007057,-0.080725,-0.000078,0.033395,0.023666,-0.031848,0.103024,-0.016853,-0.002912,0.078754,0.014730,-0.018567,0.026047,-0.000347,-0.007841,-0.000036,0.007083,0.038118,0.006817,-0.023117,0.085276,0.022512,0.003560,0.041889,-0.011958,0.075678,0.069052,0.012338,-0.036165,0.004293,-0.009770,-0.008051,-0.052276,-0.046533,-0.054299,-0.103155,-0.076332,-0.021378,0.031823,-0.018289,0.022602,-0.110443,0.041366,0.046785,0.050694,-0.063324,0.050925,0.005648,-0.058970,-0.006324,0.062386,0.018770,-0.012589,-0.053048,-0.021991,-0.017118,-0.017139,0.026054,-0.039432,-0.051411,-0.031636,-0.056073,-0.013389,-0.006889,0.060923,0.018290,-0.002716,-0.003024,-0.092749,-0.016880,0.003119,0.048945,0.101585,0.031517,0.091539,-0.040034,0.014988,0.069270,-0.000219,0.045836,-0.074163,-0.066642,-0.067464,0.017560,0.010408,-0.099835,0.057881,0.000900,0.107133,-0.084767,0.018262,0.052959,0.056045,0.007824,-0.030170,0.008165,-0.010106,0.036817,-0.044428,-0.007434,0.013007,-0.043652,-0.033491,-0.035446,-0.006962,0.016217,0.014026,0.044100,-0.000529,0.065479,0.050083,-0.023633,0.010291,-0.031608,0.000022,0.025460,-0.000000,0.035896,-0.032831,-0.017017,0.067728,0.019418,-0.015891,0.014174,0.033510,-0.023135,0.095829,-0.082579,0.070056,-0.055160,-0.037194,-0.023148,-0.092377,0.048617,0.009517,-0.037309,-0.061835,0.083354,-0.016902,-0.080583,0.057750,0.027788,0.137370,-0.048173,0.041697,0.100785,0.030160,0.039124,-0.076510,-0.007914,0.052275,0.071169,0.041383,-0.051242,0.021833,-0.032182,-0.061714,-0.081185,0.004393,-0.037002,-0.023190,-0.009819,-0.071564,-0.010237,0.080074,0.130801,0.016313,-0.087717,-0.042961,-0.023869,-0.060569,0.043125,-0.071987,-0.076044,0.070899,-0.007744,-0.008527,0.010811,-0.031359,-0.060406,-0.040561,0.044682,0.065867,-0.011129,-0.054709,0.039606,-0.048972,-0.045428,0.032144,0.005134,0.040212,-0.001130,-0.089753,0.093057,0.064733,-0.025805,-0.014001,-0.058007,-0.029602,-0.090980,0.059818,0.076427,-0.062811,0.006640,0.046092,-0.077958,-0.057188,-0.045495,-0.007226,-0.022820,0.022711,-0.057881,-0.000000,0.045408,-0.050169,-0.024594,-0.020455,-0.031543,0.070165,0.046712,-0.029566,0.020837,-0.014542,0.009660,-0.004373,0.040710,-0.033941,-0.034249,-0.003916,-0.132052,0.084329,-0.005778,0.063882,-0.113336,0.170129,0.046591,0.034649,-0.001312,-0.022612,0.018763,0.078803,-0.088246,0.062103,0.013842,-0.038551,-0.082634,-0.018585,-0.102899,-0.031934,0.017612,0.083020,-0.090417,-0.023574,0.059405,-0.023097,-0.030756,0.026418,0.045729,0.041026,0.047104,-0.010936,-0.036275,-0.009342,0.009381,-0.058124,-0.022439,-0.007142,-0.056177,0.107614,0.074030,0.000544,-0.115571,-0.031932,0.017681,-0.025680,0.010004,0.011135,0.042647,-0.004958,0.000128,0.078605,-0.027816,-0.060909,-0.002115,-0.025102,0.053379,0.017927,0.041655,-0.129722,-0.046013,-0.014495,0.073382,0.026494,-0.070731,0.030124,-0.005144,0.090153,-0.096342,-0.073329,-0.012907,0.067687,-0.032292,0.007517,-0.050586,0.009837,-0.001649,0.164142,-0.040036,-0.000000,0.026955,0.033702,-0.030669,-0.003243,0.036852,0.093374,-0.026028,0.023896,-0.052530,-0.018355,0.008808,0.074452,-0.044389,-0.093849,-0.039270,-0.153281,-0.044198,0.061785,-0.083155,-0.093376,0.060183,-0.001874,0.047537,-0.076008,0.084668,-0.017213,0.012018,0.005445,-0.044646,-0.031570,0.012290,0.040946,-0.015234,-0.047797,-0.023208,-0.013832,-0.031417,0.028093,0.035917,-0.006995,-0.030421,0.021033,-0.030774,0.034969,0.044139,0.030231,-0.006505,-0.009354,0.025001,0.051586,-0.035888,0.009984,0.010704,0.012190,-0.060892,0.000155,0.018041,-0.008861,-0.062089,-0.048519,-0.002445,0.021740,-0.017274,0.039453,0.000000,0.000000,1.000000,0.000000,0.000000,1.000000,0.000000,0.000000,0.000000,0.000000,0.000000,0.000000,0.000000,0.000000,0.000000,0.000000,0.000000,0.000000,1.000000,0.000000,0.000000,0.000000,0.000000,0.000000
0x7fd3f7742ed93846b60ec078ebdedf2edbfbd6d5,0,safe,raw_data/0x7fd3f7742ed93846b60ec078ebdedf2edbfbd6d5/UserWallet.sol,-0.066073,0.084972,-0.010366,-0.096351,0.030028,-0.045428,0.016039,-0.034422,-0.039886,0.009095,-0.016636,0.068610,-0.011271,0.062557,-0.045310,-0.012138,0.070857,-0.008592,0.028301,0.012876,-0.035741,-0.054872,0.019902,-0.019014,0.028338,0.042491,-0.006665,0.043246,0.071236,-0.029819,0.029336,0.103105,0.073227,-0.098516,0.022525,-0.046462,0.024758,-0.043371,-0.013840,-0.058805,-0.014284,-0.083535,-0.072663,0.043399,0.029102,0.023423,0.062811,0.040130,0.027350,0.035635,-0.022524,-0.020391,0.002460,0.003600,-0.034346,-0.092185,-0.009784,0.019343,0.060668,0.009790,-0.023684,-0.014472,-0.072451,0.074014,-0.003654,0.018344,0.069763,-0.008295,-0.099882,0.003918,0.022524,-0.039191,-0.030757,0.071620,0.058352,-0.007246,0.065959,0.023691,-0.002175,-0.128198,-0.055124,-0.139292,-0.007594,0.021647,-0.070590,0.051286,0.106093,0.050599,0.040368,-0.062036,-0.075119,0.084649,0.063118,0.011497,0.001101,-0.045393,-0.052365,0.001921,0.020088,0.101189,-0.055446,0.009493,-0.049859,-0.037293,0.035476,-0.074922,0.020340,0.055997,0.060606,-0.005305,-0.005265,0.029076,0.016223,-0.021229,0.049017,-0.106638,-0.112996,0.000218,0.072648,-0.062036,0.053303,0.015102,-0.062329,0.035684,-0.020477,-0.081663,-0.054630,-0.000000,0.017851,0.028138,0.018013,0.044816,-0.011859,0.036842,-0.005432,-0.005137,-0.116946,-0.031733,-0.015389,-0.037612,-0.054628,0.023817,0.067620,-0.034391,-0.008800,-0.041045,0.029424,0.002322,-0.034430,0.007930,-0.034896,0.014255,-0.036497,0.018734,0.056224,-0.035887,0.146707,0.003531,-0.069320,-0.062946,0.012331,-0.078695,0.020223,0.122008,-0.013420,-0.030570,-0.031104,0.025987,0.003093,-0.015583,-0.119482,-0.061079,-0.025999,0.021364,-0.018376,-0.018581,0.022688,0.000290,-0.018346,0.025333,-0.063175,-0.012304,-0.025448,-0.024777,-0.080218,-0.025756,0.056991,-0.010411,0.001562,0.067188,0.006312,0.093099,-0.008321,0.065134,0.090794,-0.025764,-0.070251,0.057805,-0.120514,0.012414,0.118812,-0.114931,-0.014386,-0.028029,-0.062686,-0.046036,0.041344,0.018230,-0.072524,-0.004862,0.027200,-0.053226,-0.028237,0.000436,-0.041515,-0.113767,0.022616,0.092618,-0.027894,-0.121224,-0.031044,0.071114,-0.005097,0.000000,-0.031428,-0.056556,-0.039867,0.110045,-0.052310,-0.023945,-0.068324,0.093589,0.002435,0.064910,0.066158,0.023778,-0.000436,0.028285,0.004082,-0.042558,0.058757,-0.062451,-0.070828,0.006711,0.008516,-0.011467,0.034407,0.098328,0.015266,0.099788,0.094426,0.009735,-0.033605,-0.026157,0.025341,-0.026970,-0.092544,-0.063367,0.038234,0.008512,0.039621,0.039884,0.009840,-0.027104,0.023495,0.049214,0.026749,0.032633,0.028319,-0.103300,-0.004121,-0.056034,0.078626,-0.000019,0.025776,0.005053,0.068776,-0.118509,0.022344,0.011014,-0.089693,0.043031,0.112561,-0.013364,0.065913,-0.024915,-0.113463,-0.005698,-0.040605,-0.023303,-0.028067,0.027053,-0.015689,0.071158,0.015742,0.051697,-0.030631,-0.057635,-0.021786,-0.002471,0.053127,0.036380,-0.025886,0.036168,0.048148,0.089403,-0.020889,0.064887,-0.002189,0.010928,-0.031437,0.025226,-0.017209,-0.073085,-0.025977,0.021158,-0.007029,0.002172,-0.007068,-0.000000,-0.013443,0.022593,-0.080759,0.012524,0.006471,0.033308,-0.010220,-0.042786,0.058712,0.059770,0.090571,-0.069081,-0.081140,0.006416,-0.007064,0.050584,-0.041871,-0.055216,0.005564,-0.024346,-0.001764,0.024655,0.058769,-0.072770,-0.041176,0.006226,0.024685,-0.060723,-0.034133,0.032019,-0.041304,0.064989,0.024829,0.010189,0.054426,-0.066789,0.025679,0.142184,0.059379,0.003970,-0.010997,0.022331,0.027121,-0.000381,-0.004151,-0.037608,0.021711,0.011857,0.008413,-0.017597,-0.004777,0.022147,0.055977,0.046264,0.056347,0.021409,-0.017246,-0.006903,-0.002787,0.053743,0.037083,-0.027274,0.014585,0.099975,0.000000,0.000000,0.000000,0.000000,0.000000,0.000000,0.000000,0.000000,0.000000,0.000000,0.000000,0.000000,0.000000,0.000000,0.000000,0.000000,0.000000,0.000000,0.000000,0.000000,1.000000,0.000000,0.000000,0.000000
0x9d63fe41ab6faccc473898d3ee153a73c93b6227,1,rugpull,raw_data/0x9d63fe41ab6faccc473898d3ee153a73c93b6227/KINTSUGI.sol,-0.082556,0.075349,-0.109282,0.046524,-0.032865,-0.020703,0.072460,0.039679,0.024345,-0.050912,0.036462,-0.021228,0.033291,-0.032566,-0.043977,0.063774,0.052046,-0.039361,-0.008391,0.043634,0.047578,-0.030363,0.043033,-0.066817,0.035201,-0.048610,0.009399,0.042027,0.101874,-0.000971,0.109866,0.123254,0.021248,-0.071051,0.091791,0.026611,0.055889,0.024857,-0.050310,-0.004544,0.052952,-0.015603,-0.103075,0.050399,-0.009721,-0.002318,-0.002190,-0.020658,-0.027930,-0.035284,0.032721,0.003509,-0.027002,-0.020475,0.063647,-0.025201,-0.061749,-0.016284,0.028130,-0.020114,0.019692,-0.033890,-0.001659,0.005749,-0.007690,0.010974,-0.032692,-0.097207,-0.042135,-0.010205,-0.054485,-0.001804,0.003995,0.027319,0.030342,0.019318,0.002540,0.009512,0.012402,-0.080378,-0.023689,-0.004654,-0.038948,0.039064,0.001805,0.045720,0.079094,0.015846,0.135946,0.023449,-0.032165,0.061267,-0.049334,-0.060770,-0.001830,-0.010610,-0.032593,0.051667,-0.037223,0.080459,-0.013696,-0.019510,0.037047,0.035499,-0.042708,-0.061496,0.080461,0.050365,-0.044582,-0.002460,0.024339,-0.015292,0.077350,-0.037848,-0.047125,0.097684,0.010567,-0.005433,0.043926,0.039694,0.035186,-0.007407,0.000762,0.043895,-0.050210,0.090762,-0.010384,0.000000,-0.028740,-0.002106,0.013986,-0.018992,-0.011841,-0.025543,0.010854,-0.044560,-0.074484,0.071472,-0.021995,0.042444,-0.026348,0.017773,0.007728,-0.024569,-0.031052,0.068565,0.024232,0.022198,0.034105,-0.025118,0.005000,0.013134,0.058550,0.036276,-0.001749,-0.065781,0.016736,-0.000306,0.039069,0.008583,0.027286,-0.015919,-0.009449,0.112646,-0.085003,-0.028348,-0.021207,-0.055041,-0.049881,0.039778,-0.032894,-0.107914,-0.049726,-0.079527,-0.007269,0.048245,0.084199,0.002460,-0.023392,0.079261,-0.073708,0.044091,-0.080187,-0.044278,-0.016175,0.011315,-0.045216,0.028989,-0.045489,-0.020609,-0.085562,-0.003887,-0.025534,0.038326,0.025446,-0.073782,-0.014703,-0.040423,-0.033418,-0.010293,0.022485,0.015267,0.010807,-0.050604,0.099878,0.005711,0.022690,0.007610,0.054605,0.050040,-0.014036,0.006774,-0.037162,-0.037256,-0.030077,-0.018401,-0.124206,0.034124,-0.021020,-0.062595,-0.105009,0.031571,-0.071066,-0.000000,0.010145,-0.009217,-0.002695,-0.025050,-0.022818,0.098690,0.056601,-0.057578,0.045417,-0.018707,0.078304,0.049632,0.042689,0.054387,0.064164,-0.029405,-0.069038,-0.038634,-0.027999,0.032144,0.025846,0.226649,-0.091623,0.056230,-0.062814,0.094101,-0.015566,0.150285,-0.048999,-0.009346,0.010892,0.012709,-0.093532,-0.033429,-0.021099,-0.040560,-0.041354,0.094580,0.011434,0.069021,0.038297,-0.001161,-0.007769,-0.005037,0.012218,-0.024225,0.026479,-0.105305,0.065488,-0.025222,-0.041287,0.036579,-0.013191,0.062688,-0.042983,-0.004539,0.016677,-0.011858,0.079970,-0.044449,0.031576,0.068631,0.039247,0.081998,-0.033262,-0.012355,0.039450,0.016553,0.058441,-0.083948,0.023954,-0.057940,-0.010007,-0.046699,-0.055919,0.039573,-0.022532,0.025812,-0.024948,-0.017529,-0.027790,0.058606,0.038302,0.058480,-0.005131,-0.065219,0.005518,-0.019534,0.086449,0.060053,-0.051823,-0.013415,-0.078265,0.014726,-0.041575,-0.000000,-0.016711,-0.110725,0.006198,0.034912,-0.036110,-0.037686,-0.010266,-0.010384,-0.084245,0.001013,0.149480,-0.005391,-0.049158,-0.056787,-0.019143,-0.009124,-0.024010,-0.010824,-0.074627,-0.121483,-0.089968,0.013585,-0.008720,-0.001589,-0.005188,-0.058039,0.078965,0.059320,0.071053,-0.055180,0.003752,0.071997,0.048110,0.018503,-0.018031,0.078868,-0.059833,0.108886,-0.001488,0.030811,-0.056734,0.024510,0.026325,-0.005029,-0.102436,0.028109,-0.120423,-0.057323,0.069508,-0.037128,-0.007798,0.065337,-0.098156,0.029225,-0.066886,-0.027490,-0.084350,0.041765,0.000112,0.037754,-0.017812,-0.036665,0.002645,-0.039882,1.000000,0.000000,0.000000,1.000000,0.000000,0.000000,0.000000,0.000000,0.000000,0.000000,0.000000,0.000000,0.000000,0.000000,0.000000,0.000000,0.000000,0.000000,0.000000,0.000000,0.000000,0.000000,1.000000,0.000000
0xee6800457bb1f9eff9562659a6aad7471636a97d,0,safe,raw_data/0xee6800457bb1f9eff9562659a6aad7471636a97d/SimpleChildToken.sol,-0.024610,0.042032,-0.069556,-0.042395,-0.031528,-0.067207,0.094816,0.070055,-0.051940,0.074277,0.035705,-0.113999,0.033086,-0.046710,-0.019936,0.057916,-0.030799,-0.014530,-0.078964,0.009307,0.115716,-0.043286,-0.028027,0.063952,0.002560,-0.038333,0.001000,-0.007089,0.002210,-0.004789,0.073978,0.018429,0.038517,-0.063345,0.034788,0.036229,-0.012689,-0.051189,0.026354,-0.023425,-0.057473,-0.038548,-0.054476,-0.047189,-0.035722,-0.008593,0.009682,0.037767,0.019161,0.004978,0.043276,-0.008261,-0.010262,-0.000503,-0.035230,-0.050639,0.001181,-0.016711,0.017010,-0.047329,-0.009763,0.028166,0.041736,-0.043749,-0.012048,-0.038384,-0.080003,0.033369,-0.029376,0.098697,0.020870,0.010762,-0.067078,-0.077728,-0.001189,0.030114,0.018193,0.004994,-0.045201,-0.143118,-0.018549,0.004933,0.054489,-0.072603,0.048292,-0.016473,0.030608,0.045999,0.190721,-0.006666,0.070831,0.069448,0.023248,-0.070600,0.020157,0.022310,-0.040808,-0.072173,-0.083096,0.097450,-0.023334,-0.021280,-0.001116,-0.032424,0.085517,0.008627,0.067525,0.074706,0.066006,0.003145,-0.004921,0.058728,0.008135,0.081678,-0.043354,0.129889,0.004897,-0.022906,0.044878,-0.023611,0.115546,0.011358,-0.025060,-0.006752,-0.023906,0.002131,-0.009208,0.000000,-0.080008,0.020230,-0.035289,0.007668,-0.049901,-0.029541,0.049030,0.040065,-0.139731,0.000217,0.024460,0.002474,-0.018513,0.006445,-0.007571,-0.154280,0.031081,0.105365,0.049443,0.009847,0.037421,-0.087485,-0.037027,0.048755,0.036757,-0.009722,-0.089093,-0.018956,0.112454,0.027177,0.008403,0.012463,-0.042132,0.006199,0.003915,0.011279,-0.043375,-0.013636,-0.047117,-0.056309,-0.105867,-0.024411,-0.003444,0.034641,-0.054907,-0.017497,-0.035383,0.070404,0.065777,0.034297,-0.058570,-0.052009,-0.041512,-0.014342,-0.041030,-0.107296,-0.091632,-0.000865,-0.000236,-0.051339,0.057029,-0.047653,-0.066173,-0.003742,-0.064912,0.026803,-0.009007,-0.011466,0.062724,0.002365,-0.101220,0.059844,0.043579,0.108372,-0.068974,-0.065310,0.092876,0.036746,-0.039446,-0.006256,-0.008268,0.005179,-0.026103,-0.053664,-0.010740,0.029052,0.009149,0.014407,-0.045143,-0.054371,0.024918,-0.041076,-0.000341,-0.034905,-0.023686,-0.000000,-0.014640,0.005266,0.027247,-0.027040,-0.030230,-0.002856,-0.028714,-0.015290,0.024019,-0.099432,-0.108954,0.031099,-0.008854,0.028211,-0.023779,-0.105809,-0.010955,0.011436,-0.015085,0.000788,-0.031546,0.077211,0.013511,0.031277,-0.061540,0.080409,-0.084409,0.062846,-0.030129,0.044017,-0.015788,-0.028956,0.016359,0.060463,0.021869,-0.140703,0.060598,0.043810,0.039738,0.062302,0.111429,-0.041387,0.041066,0.083763,0.024693,-0.037364,-0.002343,-0.034968,0.000094,-0.039305,-0.011404,-0.072339,-0.054579,0.050628,-0.016452,0.047976,0.126871,-0.033422,0.002062,-0.086036,-0.034125,0.064398,0.058443,0.067736,0.012089,-0.037361,-0.061718,-0.077674,0.038805,0.013560,0.024258,0.011734,-0.001920,0.000080,0.073539,0.016539,0.011347,-0.051801,0.013107,0.002877,-0.028433,0.062481,0.072068,0.025261,-0.086201,-0.017257,0.055220,0.018601,-0.054047,0.004480,-0.043518,-0.015563,0.085941,0.046085,-0.040890,-0.000000,0.031490,-0.076831,-0.062016,0.026349,-0.000522,0.028246,-0.043573,-0.083686,-0.039272,-0.028712,-0.016024,0.040058,-0.026045,-0.062118,-0.077658,-0.082212,0.040531,0.013976,-0.101227,-0.017705,-0.027867,-0.006827,0.045846,-0.013360,0.007972,-0.005668,0.037263,0.103668,-0.018065,-0.009388,0.030171,0.005683,-0.019490,0.045968,-0.039071,0.026017,-0.018824,0.055347,-0.011521,0.089039,0.003248,0.006143,-0.006140,-0.013654,0.075192,0.013920,-0.091051,-0.079447,0.041106,-0.062345,-0.001782,0.006987,0.042271,0.107207,-0.036819,-0.030232,-0.080286,0.006467,-0.022061,0.022971,0.072455,-0.006975,0.025126,-0.003143,0.000000,0.000000,0.000000,0.000000,0.000000,0.000000,0.000000,0.000000,0.000000,0.000000,0.000000,0.000000,0.000000,0.000000,0.000000,0.000000,0.000000,0.000000,0.000000,0.000000,0.000000,0.000000,0.000000,0.000000
0x69d0c380d5cf0668a66e4ea26adb0434b5a4c105,1,rugpull,raw_data/0x69d0c380d5cf0668a66e4ea26adb0434b5a4c105/ConcaveToken.sol,-0.089926,0.100196,-0.073620,-0.003740,0.019821,-0.123728,-0.004537,0.078664,-0.006019,-0.005743,0.000911,-0.036259,-0.028522,0.011906,-0.055199,-0.048680,-0.039070,0.116987,-0.035867,0.013434,0.029418,0.017229,-0.063908,0.052891,0.080028,0.006294,-0.045318,-0.032096,0.067882,-0.067351,0.029627,0.064293,0.026246,0.011278,0.040049,0.012685,0.068763,-0.000383,-0.022465,0.032946,-0.053154,-0.036120,-0.047840,0.007564,-0.018078,-0.032024,-0.040361,0.022382,-0.016658,0.023757,0.111995,0.073256,-0.079508,0.085611,-0.006450,-0.039712,0.002280,-0.016014,-0.027478,-0.026128,-0.030946,0.057978,-0.047221,-0.074924,0.021325,-0.038937,0.004103,-0.087042,-0.033241,0.080156,-0.015693,-0.000972,0.023466,0.028249,0.065580,-0.013471,-0.057270,0.000127,0.002262,-0.021981,0.036355,-0.025006,-0.012243,-0.061030,0.044345,0.002099,-0.002256,0.039975,0.135594,-0.020685,-0.045841,0.025334,-0.006641,-0.027082,0.007056,0.015731,-0.030662,-0.007251,-0.016678,0.061796,-0.055091,0.042909,-0.078734,-0.055065,0.022816,0.055015,0.019595,0.037576,-0.027072,-0.030673,0.059902,0.001464,0.046903,-0.066053,0.083967,-0.017344,-0.012189,0.057625,-0.030146,-0.080000,-0.012789,0.080639,-0.041503,0.074922,0.018802,0.011871,0.004066,0.000000,-0.070121,0.014680,0.007759,0.079725,-0.061501,0.051315,-0.034595,0.020931,-0.044549,0.097749,-0.014246,0.020417,0.014419,-0.022813,0.021161,-0.088651,0.107225,-0.026961,0.004029,0.001495,0.043162,-0.013286,-0.119975,0.058230,0.101540,0.038266,-0.018982,-0.046875,0.037136,0.029930,-0.066929,0.078526,0.003705,-0.013527,0.039425,-0.009204,-0.031532,0.021932,0.005397,0.010626,-0.083293,-0.006829,-0.081129,-0.034181,0.004149,-0.038759,0.072316,0.047327,0.065132,-0.042897,-0.028904,0.068964,-0.072423,-0.021593,-0.019535,-0.066508,0.047027,-0.030485,0.013628,0.063661,-0.015153,0.101307,-0.045315,-0.067059,-0.096588,0.004296,-0.089416,-0.038878,0.022113,0.016232,-0.122326,0.040198,0.002800,0.043923,-0.050277,-0.052156,0.092916,-0.045783,0.066466,-0.070722,-0.029342,0.057792,0.055253,-0.038528,0.036512,-0.116476,-0.083218,-0.073489,-0.074644,-0.012709,-0.079134,-0.082008,0.054031,-0.022805,-0.042688,-0.000000,-0.077908,0.066996,-0.103472,0.072149,-0.132201,-0.038079,0.040545,-0.019295,0.081916,-0.059647,-0.005270,0.035545,0.008572,0.018071,0.036344,-0.001474,-0.123779,-0.047287,-0.031285,0.057596,-0.082191,0.090409,0.061419,-0.008460,0.005048,0.085732,0.023251,0.066420,0.052996,-0.017168,0.032647,-0.061790,0.015121,-0.075953,-0.006110,-0.073597,0.034129,0.002360,0.038494,-0.050265,0.066394,-0.010323,0.054008,0.075208,0.010530,-0.012474,0.076149,0.005236,0.032649,-0.123389,0.022874,-0.012448,-0.020056,0.096576,0.014246,0.043049,0.022463,0.023403,0.016039,0.016399,-0.021314,0.000714,0.118293,-0.005958,-0.013975,0.026087,-0.062972,-0.018927,-0.000659,0.037426,0.099289,0.061625,0.001295,-0.012628,-0.039850,-0.054820,-0.016230,-0.027044,0.010335,0.040064,-0.078322,0.022588,-0.001492,-0.024261,-0.054866,-0.065563,0.005729,0.029959,-0.015529,0.002416,-0.047057,0.001416,-0.017202,-0.002255,0.004903,-0.000000,-0.022694,-0.061305,-0.000906,-0.034710,0.056908,0.008747,0.021268,-0.046692,-0.011443,-0.065535,0.043928,0.030919,0.004124,-0.098758,0.036770,0.040583,0.033181,-0.004597,-0.082561,-0.013802,-0.040341,0.013242,-0.019690,-0.049914,-0.022211,-0.028995,-0.011882,0.045857,0.029378,-0.045120,0.066155,0.061525,0.045882,0.069750,0.034119,-0.078048,0.059239,0.105021,0.043338,0.023285,-0.072706,0.031186,-0.047286,0.047585,-0.043933,-0.012743,-0.006600,-0.042810,-0.068030,0.026319,0.012858,0.060937,-0.052557,0.093280,0.025946,-0.045120,-0.109759,-0.040995,-0.064339,0.074506,-0.060762,0.003390,0.045271,-0.024969,0.000000,0.000000,1.000000,0.000000,0.000000,1.000000,0.000000,0.000000,0.000000,0.000000,0.000000,0.000000,0.000000,0.000000,0.000000,0.000000,0.000000,0.000000,0.000000,0.000000,0.000000,0.000000,0.000000,0.000000
0x3b5d785c2f230fb403767ae3c17d982d4b723952,1,rugpull,raw_data/0x3b5d785c2f230fb403767ae3c17d982d4b723952/ERC20.sol,-0.089926,0.100196,-0.073620,-0.003740,0.019821,-0.123728,-0.004537,0.078664,-0.006019,-0.005743,0.000911,-0.036259,-0.028522,0.011906,-0.055199,-0.048680,-0.039070,0.116987,-0.035867,0.013434,0.029418,0.017229,-0.063908,0.052891,0.080028,0.006294,-0.045318,-0.032096,0.067882,-0.067351,0.029627,0.064293,0.026246,0.011278,0.040049,0.012685,0.068763,-0.000383,-0.022465,0.032946,-0.053154,-0.036120,-0.047840,0.007564,-0.018078,-0.032024,-0.040361,0.022382,-0.016658,0.023757,0.111995,0.073256,-0.079508,0.085611,-0.006450,-0.039712,0.002280,-0.016014,-0.027478,-0.026128,-0.030946,0.057978,-0.047221,-0.074924,0.021325,-0.038937,0.004103,-0.087042,-0.033241,0.080156,-0.015693,-0.000972,0.023466,0.028249,0.065580,-0.013471,-0.057270,0.000127,0.002262,-0.021981,0.036355,-0.025006,-0.012243,-0.061030,0.044345,0.002099,-0.002256,0.039975,0.135594,-0.020685,-0.045841,0.025334,-0.006641,-0.027082,0.007056,0.015731,-0.030662,-0.007251,-0.016678,0.061796,-0.055091,0.042909,-0.078734,-0.055065,0.022816,0.055015,0.019595,0.037576,-0.027072,-0.030673,0.059902,0.001464,0.046903,-0.066053,0.083967,-0.017344,-0.012189,0.057625,-0.030146,-0.080000,-0.012789,0.080639,-0.041503,0.074922,0.018802,0.011871,0.004066,0.000000,-0.070121,0.014680,0.007759,0.079725,-0.061501,0.051315,-0.034595,0.020931,-0.044549,0.097749,-0.014246,0.020417,0.014419,-0.022813,0.021161,-0.088651,0.107225,-0.026961,0.004029,0.001495,0.043162,-0.013286,-0.119975,0.058230,0.101540,0.038266,-0.018982,-0.046875,0.037136,0.029930,-0.066929,0.078526,0.003705,-0.013527,0.039425,-0.009204,-0.031532,0.021932,0.005397,0.010626,-0.083293,-0.006829,-0.081129,-0.034181,0.004149,-0.038759,0.072316,0.047327,0.065132,-0.042897,-0.028904,0.068964,-0.072423,-0.021593,-0.019535,-0.066508,0.047027,-0.030485,0.013628,0.063661,-0.015153,0.101307,-0.045315,-0.067059,-0.096588,0.004296,-0.089416,-0.038878,0.022113,0.016232,-0.122326,0.040198,0.002800,0.043923,-0.050277,-0.052156,0.092916,-0.045783,0.066466,-0.070722,-0.029342,0.057792,0.055253,-0.038528,0.036512,-0.116476,-0.083218,-0.073489,-0.074644,-0.012709,-0.079134,-0.082008,0.054031,-0.022805,-0.042688,-0.000000,-0.077908,0.066996,-0.103472,0.072149,-0.132201,-0.038079,0.040545,-0.019295,0.081916,-0.059647,-0.005270,0.035545,0.008572,0.018071,0.036344,-0.001474,-0.123779,-0.047287,-0.031285,0.057596,-0.082191,0.090409,0.061419,-0.008460,0.005048,0.085732,0.023251,0.066420,0.052996,-0.017168,0.032647,-0.061790,0.015121,-0.075953,-0.006110,-0.073597,0.034129,0.002360,0.038494,-0.050265,0.066394,-0.010323,0.054008,0.075208,0.010530,-0.012474,0.076149,0.005236,0.032649,-0.123389,0.022874,-0.012448,-0.020056,0.096576,0.014246,0.043049,0.022463,0.023403,0.016039,0.016399,-0.021314,0.000714,0.118293,-0.005958,-0.013975,0.026087,-0.062972,-0.018927,-0.000659,0.037426,0.099289,0.061625,0.001295,-0.012628,-0.039850,-0.054820,-0.016230,-0.027044,0.010335,0.040064,-0.078322,0.022588,-0.001492,-0.024261,-0.054866,-0.065563,0.005729,0.029959,-0.015529,0.002416,-0.047057,0.001416,-0.017202,-0.002255,0.004903,-0.000000,-0.022694,-0.061305,-0.000906,-0.034710,0.056908,0.008747,0.021268,-0.046692,-0.011443,-0.065535,0.043928,0.030919,0.004124,-0.098758,0.036770,0.040583,0.033181,-0.004597,-0.082561,-0.013802,-0.040341,0.013242,-0.019690,-0.049914,-0.022211,-0.028995,-0.011882,0.045857,0.029378,-0.045120,0.066155,0.061525,0.045882,0.069750,0.034119,-0.078048,0.059239,0.105021,0.043338,0.023285,-0.072706,0.031186,-0.047286,0.047585,-0.043933,-0.012743,-0.006600,-0.042810,-0.068030,0.026319,0.012858,0.060937,-0.052557,0.093280,0.025946,-0.045120,-0.109759,-0.040995,-0.064339,0.074506,-0.060762,0.003390,0.045271,-0.024969,0.000000,0.000000,1.000000,0.000000,0.000000,1.000000,0.000000,0.000000,0.000000,0.000000,0.000000,0.000000,0.000000,0.000000,0.000000,0.000000,0.000000,0.000000,0.000000,0.000000,0.000000,0.000000,0.000000,0.000000
0x8dd65c382677ed7c286807b3a0bcef3a49baaba4,0,safe,raw_data/0x8dd65c382677ed7c286807b3a0bcef3a49baaba4/UserWallet.sol,-0.066073,0.084972,-0.010366,-0.096351,0.030028,-0.045428,0.016039,-0.034422,-0.039886,0.009095,-0.016636,0.068610,-0.011271,0.062557,-0.045310,-0.012138,0.070857,-0.008592,0.028301,0.012876,-0.035741,-0.054872,0.019902,-0.019014,0.028338,0.042491,-0.006665,0.043246,0.071236,-0.029819,0.029336,0.103105,0.073227,-0.098516,0.022525,-0.046462,0.024758,-0.043371,-0.013840,-0.058805,-0.014284,-0.083535,-0.072663,0.043399,0.029102,0.023423,0.062811,0.040130,0.027350,0.035635,-0.022524,-0.020391,0.002460,0.003600,-0.034346,-0.092185,-0.009784,0.019343,0.060668,0.009790,-0.023684,-0.014472,-0.072451,0.074014,-0.003654,0.018344,0.069763,-0.008295,-0.099882,0.003918,0.022524,-0.039191,-0.030757,0.071620,0.058352,-0.007246,0.065959,0.023691,-0.002175,-0.128198,-0.055124,-0.139292,-0.007594,0.021647,-0.070590,0.051286,0.106093,0.050599,0.040368,-0.062036,-0.075119,0.084649,0.063118,0.011497,0.001101,-0.045393,-0.052365,0.001921,0.020088,0.101189,-0.055446,0.009493,-0.049859,-0.037293,0.035476,-0.074922,0.020340,0.055997,0.060606,-0.005305,-0.005265,0.029076,0.016223,-0.021229,0.049017,-0.106638,-0.112996,0.000218,0.072648,-0.062036,0.053303,0.015102,-0.062329,0.035684,-0.020477,-0.081663,-0.054630,-0.000000,0.017851,0.028138,0.018013,0.044816,-0.011859,0.036842,-0.005432,-0.005137,-0.116946,-0.031733,-0.015389,-0.037612,-0.054628,0.023817,0.067620,-0.034391,-0.008800,-0.041045,0.029424,0.002322,-0.034430,0.007930,-0.034896,0.014255,-0.036497,0.018734,0.056224,-0.035887,0.146707,0.003531,-0.069320,-0.062946,0.012331,-0.078695,0.020223,0.122008,-0.013420,-0.030570,-0.031104,0.025987,0.003093,-0.015583,-0.119482,-0.061079,-0.025999,0.021364,-0.018376,-0.018581,0.022688,0.000290,-0.018346,0.025333,-0.063175,-0.012304,-0.025448,-0.024777,-0.080218,-0.025756,0.056991,-0.010411,0.001562,0.067188,0.006312,0.093099,-0.008321,0.065134,0.090794,-0.025764,-0.070251,0.057805,-0.120514,0.012414,0.118812,-0.114931,-0.014386,-0.028029,-0.062686,-0.046036,0.041344,0.018230,-0.072524,-0.004862,0.027200,-0.053226,-0.028237,0.000436,-0.041515,-0.113767,0.022616,0.092618,-0.027894,-0.121224,-0.031044,0.071114,-0.005097,0.000000,-0.031428,-0.056556,-0.039867,0.110045,-0.052310,-0.023945,-0.068324,0.093589,0.002435,0.064910,0.066158,0.023778,-0.000436,0.028285,0.004082,-0.042558,0.058757,-0.062451,-0.070828,0.006711,0.008516,-0.011467,0.034407,0.098328,0.015266,0.099788,0.094426,0.009735,-0.033605,-0.026157,0.025341,-0.026970,-0.092544,-0.063367,0.038234,0.008512,0.039621,0.039884,0.009840,-0.027104,0.023495,0.049214,0.026749,0.032633,0.028319,-0.103300,-0.004121,-0.056034,0.078626,-0.000019,0.025776,0.005053,0.068776,-0.118509,0.022344,0.011014,-0.089693,0.043031,0.112561,-0.013364,0.065913,-0.024915,-0.113463,-0.005698,-0.040605,-0.023303,-0.028067,0.027053,-0.015689,0.071158,0.015742,0.051697,-0.030631,-0.057635,-0.021786,-0.002471,0.053127,0.036380,-0.025886,0.036168,0.048148,0.089403,-0.020889,0.064887,-0.002189,0.010928,-0.031437,0.025226,-0.017209,-0.073085,-0.025977,0.021158,-0.007029,0.002172,-0.007068,-0.000000,-0.013443,0.022593,-0.080759,0.012524,0.006471,0.033308,-0.010220,-0.042786,0.058712,0.059770,0.090571,-0.069081,-0.081140,0.006416,-0.007064,0.050584,-0.041871,-0.055216,0.005564,-0.024346,-0.001764,0.024655,0.058769,-0.072770,-0.041176,0.006226,0.024685,-0.060723,-0.034133,0.032019,-0.041304,0.064989,0.024829,0.010189,0.054426,-0.066789,0.025679,0.142184,0.059379,0.003970,-0.010997,0.022331,0.027121,-0.000381,-0.004151,-0.037608,0.021711,0.011857,0.008413,-0.017597,-0.004777,0.022147,0.055977,0.046264,0.056347,0.021409,-0.017246,-0.006903,-0.002787,0.053743,0.037083,-0.027274,0.014585,0.099975,0.000000,0.000000,0.000000,0.000000,0.000000,0.000000,0.000000,0.000000,0.000000,0.000000,0.000000,0.000000,0.000000,0.000000,0.000000,0.000000,0.000000,0.000000,0.000000,0.000000,1.000000,0.000000,0.000000,0.000000
0x2b094db2efd1055225a675e74330f668fd888976,1,rugpull,raw_data/0x2b094db2efd1055225a675e74330f668fd888976/Ethereum.sol,-0.108444,0.097030,-0.073943,-0.001258,0.008904,-0.132238,0.010241,0.041255,-0.006595,0.012323,0.019622,-0.043142,0.034973,0.017222,-0.085184,-0.056837,-0.040377,0.067740,-0.028604,0.006113,0.006938,0.003303,-0.059278,0.049297,0.060701,-0.011850,-0.030902,-0.020360,0.032531,-0.074870,0.031968,0.065779,0.030340,-0.022536,0.031174,0.016521,0.046844,-0.011530,-0.008514,0.000887,-0.060409,-0.082410,-0.025085,0.010192,-0.004147,-0.053749,-0.053851,-0.000544,-0.024772,0.037563,0.073028,0.041982,-0.062056,0.061357,-0.022643,-0.015664,-0.000609,-0.013482,-0.018687,-0.014827,-0.012631,0.028513,-0.059018,-0.044478,0.031341,-0.012275,-0.027925,-0.095124,-0.039650,0.106631,-0.013226,-0.021975,0.015729,0.057010,0.065113,0.001939,-0.061026,-0.021210,0.018850,-0.050891,0.001767,-0.055631,-0.012260,-0.060182,0.055331,-0.012083,0.013504,0.082049,0.121072,-0.000572,-0.007223,0.050535,-0.024819,-0.028760,0.027276,-0.015392,-0.023340,0.014564,-0.016529,0.063944,-0.050814,0.055624,-0.055831,-0.064220,0.031193,0.044910,0.039511,0.008997,-0.005807,-0.025856,0.041191,-0.019542,0.053442,-0.061502,0.056614,0.037046,-0.015301,0.067301,-0.041750,-0.062582,-0.022552,0.052038,-0.071656,0.057271,0.003195,0.012414,0.024071,0.000000,-0.066393,0.042628,-0.020693,0.067893,-0.046563,0.049385,-0.036484,0.021128,-0.075493,0.070802,0.005902,0.042787,0.024351,-0.027015,0.013153,-0.077673,0.110188,-0.014757,-0.032842,-0.018053,0.057697,-0.077115,-0.111901,0.038025,0.091084,0.051073,0.002343,-0.022095,0.040124,0.037502,-0.073944,0.047958,-0.005046,-0.003580,0.042680,0.021570,-0.017495,0.020007,-0.001158,0.010933,-0.067806,-0.004671,-0.080156,0.009554,0.039191,-0.049054,0.055866,0.045049,0.080353,-0.023715,-0.036091,0.060405,-0.096857,-0.017977,-0.013641,-0.049044,0.030518,-0.005121,-0.014938,0.062837,0.030401,0.096338,-0.040804,-0.110911,-0.118263,0.034810,-0.085029,-0.000295,0.018853,0.043261,-0.104882,0.031301,0.011168,0.063247,-0.038240,-0.056276,0.079276,-0.018311,0.058529,-0.077191,-0.016481,0.017356,0.043005,-0.049397,0.062236,-0.109178,-0.065343,-0.060689,-0.081548,-0.003339,-0.076834,-0.052300,0.056101,0.028598,-0.054347,-0.000000,-0.098524,0.037004,-0.103858,0.088369,-0.132321,-0.052239,0.056045,-0.012351,0.074414,-0.053955,0.014379,0.007202,0.023884,-0.040083,0.020058,-0.066301,-0.132353,-0.044934,-0.016663,0.063265,-0.047403,0.084535,0.042010,0.042712,0.013344,0.115875,0.034166,0.043039,0.047159,0.018751,0.022576,-0.062666,0.001384,-0.038134,0.011043,-0.068932,0.080687,0.023586,0.055076,-0.021519,0.052269,-0.012720,0.062701,0.090171,0.016446,-0.029909,0.064279,0.008745,0.007665,-0.124419,0.022037,-0.040112,-0.015148,0.136747,-0.011764,0.079793,0.025889,0.035734,0.018079,0.030856,-0.034409,0.034513,0.124684,-0.003111,0.023693,0.021229,-0.036146,0.011071,-0.003518,0.061421,0.115905,0.044024,-0.033261,-0.012417,0.013575,-0.050509,0.006589,-0.012729,0.015039,0.026980,-0.053212,0.054095,0.006785,0.011440,-0.058076,-0.092235,-0.007343,0.012805,-0.044829,-0.000432,-0.051043,-0.002423,-0.053098,-0.030292,0.015629,-0.000000,-0.050253,-0.065279,-0.017525,-0.020988,0.103345,-0.004240,-0.011248,-0.067486,0.006208,-0.087588,0.047421,-0.009697,-0.016085,-0.113596,0.025726,-0.017642,-0.003602,0.001910,-0.081870,-0.011643,-0.049600,0.016079,-0.002321,-0.050973,-0.037267,-0.033406,-0.027240,0.102581,-0.026451,-0.073664,0.012227,0.037987,0.052042,0.056260,0.023379,-0.006359,0.071520,0.083149,0.033801,0.031541,-0.049750,0.011476,-0.068867,0.028257,-0.009615,-0.004300,0.006370,-0.038461,-0.075798,0.005327,0.021941,0.013233,-0.005869,0.083038,-0.004214,-0.025567,-0.095031,-0.045791,-0.036717,0.126039,-0.003337,-0.004326,0.050296,-0.023603,0.000000,0.000000,1.000000,0.000000,0.000000,1.000000,0.000000,0.000000,0.000000,0.000000,0.000000,0.000000,0.000000,0.000000,0.000000,0.000000,0.000000,0.000000,0.000000,0.000000,0.000000,0.000000,0.000000,0.000000
0x09ade3ab80b9f885eca960e8001a430d8021b591,1,rugpull,raw_data/0x09ade3ab80b9f885eca960e8001a430d8021b591/SHIBASWAP.sol,-0.089926,0.100196,-0.073620,-0.003740,0.019821,-0.123728,-0.004537,0.078664,-0.006019,-0.005743,0.000911,-0.036259,-0.028522,0.011906,-0.055199,-0.048680,-0.039070,0.116987,-0.035867,0.013434,0.029418,0.017229,-0.063908,0.052891,0.080028,0.006294,-0.045318,-0.032096,0.067882,-0.067351,0.029627,0.064293,0.026246,0.011278,0.040049,0.012685,0.068763,-0.000383,-0.022465,0.032946,-0.053154,-0.036120,-0.047840,0.007564,-0.018078,-0.032024,-0.040361,0.022382,-0.016658,0.023757,0.111995,0.073256,-0.079508,0.085611,-0.006450,-0.039712,0.002280,-0.016014,-0.027478,-0.026128,-0.030946,0.057978,-0.047221,-0.074924,0.021325,-0.038937,0.004103,-0.087042,-0.033241,0.080156,-0.015693,-0.000972,0.023466,0.028249,0.065580,-0.013471,-0.057270,0.000127,0.002262,-0.021981,0.036355,-0.025006,-0.012243,-0.061030,0.044345,0.002099,-0.002256,0.039975,0.135594,-0.020685,-0.045841,0.025334,-0.006641,-0.027082,0.007056,0.015731,-0.030662,-0.007251,-0.016678,0.061796,-0.055091,0.042909,-0.078734,-0.055065,0.022816,0.055015,0.019595,0.037576,-0.027072,-0.030673,0.059902,0.001464,0.046903,-0.066053,0.083967,-0.017344,-0.012189,0.057625,-0.030146,-0.080000,-0.012789,0.080639,-0.041503,0.074922,0.018802,0.011871,0.004066,0.000000,-0.070121,0.014680,0.007759,0.079725,-0.061501,0.051315,-0.034595,0.020931,-0.044549,0.097749,-0.014246,0.020417,0.014419,-0.022813,0.021161,-0.088651,0.107225,-0.026961,0.004029,0.001495,0.043162,-0.013286,-0.119975,0.058230,0.101540,0.038266,-0.018982,-0.046875,0.037136,0.029930,-0.066929,0.078526,0.003705,-0.013527,0.039425,-0.009204,-0.031532,0.021932,0.005397,0.010626,-0.083293,-0.006829,-0.081129,-0.034181,0.004149,-0.038759,0.072316,0.047327,0.065132,-0.042897,-0.028904,0.068964,-0.072423,-0.021593,-0.019535,-0.066508,0.047027,-0.030485,0.013628,0.063661,-0.015153,0.101307,-0.045315,-0.067059,-0.096588,0.004296,-0.089416,-0.038878,0.022113,0.016232,-0.122326,0.040198,0.002800,0.043923,-0.050277,-0.052156,0.092916,-0.045783,0.066466,-0.070722,-0.029342,0.057792,0.055253,-0.038528,0.036512,-0.116476,-0.083218,-0.073489,-0.074644,-0.012709,-0.079134,-0.082008,0.054031,-0.022805,-0.042688,-0.000000,-0.077908,0.066996,-0.103472,0.072149,-0.132201,-0.038079,0.040545,-0.019295,0.081916,-0.059647,-0.005270,0.035545,0.008572,0.018071,0.036344,-0.001474,-0.123779,-0.047287,-0.031285,0.057596,-0.082191,0.090409,0.061419,-0.008460,0.005048,0.085732,0.023251,0.066420,0.052996,-0.017168,0.032647,-0.061790,0.015121,-0.075953,-0.006110,-0.073597,0.034129,0.002360,0.038494,-0.050265,0.066394,-0.010323,0.054008,0.075208,0.010530,-0.012474,0.076149,0.005236,0.032649,-0.123389,0.022874,-0.012448,-0.020056,0.096576,0.014246,0.043049,0.022463,0.023403,0.016039,0.016399,-0.021314,0.000714,0.118293,-0.005958,-0.013975,0.026087,-0.062972,-0.018927,-0.000659,0.037426,0.099289,0.061625,0.001295,-0.012628,-0.039850,-0.054820,-0.016230,-0.027044,0.010335,0.040064,-0.078322,0.022588,-0.001492,-0.024261,-0.054866,-0.065563,0.005729,0.029959,-0.015529,0.002416,-0.047057,0.001416,-0.017202,-0.002255,0.004903,-0.000000,-0.022694,-0.061305,-0.000906,-0.034710,0.056908,0.008747,0.021268,-0.046692,-0.011443,-0.065535,0.043928,0.030919,0.004124,-0.098758,0.036770,0.040583,0.033181,-0.004597,-0.082561,-0.013802,-0.040341,0.013242,-0.019690,-0.049914,-0.022211,-0.028995,-0.011882,0.045857,0.029378,-0.045120,0.066155,0.061525,0.045882,0.069750,0.034119,-0.078048,0.059239,0.105021,0.043338,0.023285,-0.072706,0.031186,-0.047286,0.047585,-0.043933,-0.012743,-0.006600,-0.042810,-0.068030,0.026319,0.012858,0.060937,-0.052557,0.093280,0.025946,-0.045120,-0.109759,-0.040995,-0.064339,0.074506,-0.060762,0.003390,0.045271,-0.024969,0.000000,0.000000,1.000000,0.000000,0.000000,1.000000,0.000000,0.000000,0.000000,0.000000,0.000000,0.000000,0.000000,0.000000,0.000000,0.000000,0.000000,0.000000,0.000000,0.000000,0.000000,0.000000,0.000000,0.000000
0x8ec7740a73b1bf8d72d471dfe63a34f81f50a118,1,rugpull,raw_data/0x8ec7740a73b1bf8d72d471dfe63a34f81f50a118/CoinWord.sol,-0.073086,-0.006324,-0.066610,-0.031430,0.004208,0.033329,0.018306,0.083674,-0.020856,0.016928,0.011777,-0.128844,0.003959,-0.094725,0.004331,-0.031415,-0.005654,0.046903,-0.065137,-0.095996,0.050164,0.000257,-0.061715,-0.001754,0.051004,-0.004200,-0.052148,-0.023688,0.044275,-0.065250,-0.037477,0.050990,-0.023409,0.013017,-0.056361,0.055852,-0.012121,-0.006676,0.061831,-0.010833,0.017213,-0.038480,0.000084,0.007001,0.028567,0.086234,-0.060812,0.065036,-0.005832,0.011544,0.052206,-0.011942,-0.071440,0.124027,0.028977,0.042118,0.038296,-0.059980,-0.029466,0.001032,-0.019895,0.004063,-0.001897,0.060810,0.046282,0.035675,-0.041301,0.013113,0.002314,-0.065405,-0.063725,0.026041,-0.087622,-0.014049,0.031126,0.020901,0.012710,0.065639,-0.010354,-0.068657,0.074095,0.061804,0.013665,-0.016462,0.023250,-0.030658,0.013055,0.034771,0.076098,0.045591,-0.071880,0.126516,0.006462,-0.078571,-0.133632,0.027433,-0.091610,-0.016535,-0.010809,0.052273,-0.024120,0.044559,0.024029,-0.016568,-0.070495,-0.045277,0.053484,-0.067557,0.059125,0.051813,-0.031550,0.013205,-0.013601,-0.055253,0.000227,0.025203,-0.081296,-0.069174,0.065482,-0.006971,0.085108,0.002134,0.030061,0.002250,-0.051690,0.031745,0.003698,0.000000,-0.046616,-0.052883,0.012877,0.027685,-0.012988,0.022639,0.015373,-0.008218,-0.059430,-0.014127,-0.060385,0.074592,0.007733,0.037359,-0.010683,-0.038910,0.060378,0.084936,0.141863,0.008788,0.100555,-0.018740,-0.006426,0.098575,0.117801,0.026801,-0.056390,-0.027228,0.046850,0.003644,0.038430,0.061017,-0.098965,0.005449,0.043850,-0.022042,-0.054890,-0.035921,-0.012703,-0.023948,-0.084420,-0.047315,-0.051092,0.016158,-0.034503,-0.092197,-0.077304,0.033506,0.112648,0.093593,-0.007571,-0.009948,-0.006407,-0.045090,0.030909,-0.007136,-0.052368,0.095867,-0.033105,0.046071,-0.037725,0.045867,-0.066576,-0.059505,0.011724,0.054528,-0.098429,-0.122977,0.078481,-0.001107,-0.065750,0.043977,-0.022172,0.075738,-0.022449,-0.043718,0.032148,-0.032500,-0.069328,-0.005023,-0.055071,0.012774,-0.006100,0.004709,0.050056,-0.088923,0.055123,-0.008126,-0.037590,-0.089920,0.016061,0.026193,-0.016174,-0.014618,-0.018065,-0.000000,-0.006123,0.000083,-0.121647,-0.000165,0.037741,-0.027396,-0.000245,0.040743,0.072045,0.031523,-0.008136,-0.009949,-0.014899,-0.046086,0.042551,-0.077666,0.048891,-0.029046,-0.033372,0.064252,-0.031595,0.125087,0.006174,0.013391,0.005532,0.026101,-0.026810,0.015585,0.008167,0.026519,-0.020674,0.017353,-0.052899,0.014505,-0.033187,-0.068723,0.042183,-0.015096,0.002456,0.031364,0.045939,-0.009959,-0.032463,0.001444,0.022691,0.019623,-0.075499,-0.046731,-0.019436,0.054876,0.022966,-0.012302,-0.086031,0.060257,0.035507,-0.013486,0.117881,-0.039264,0.094184,-0.082962,0.008569,-0.081436,-0.005441,-0.010769,0.047742,-0.011119,0.021354,-0.049476,0.036514,0.075941,0.055247,0.034936,0.017542,-0.048732,-0.066853,-0.015652,0.019400,-0.054092,-0.020555,0.037997,-0.066208,0.056829,0.071563,0.059736,-0.032839,-0.052750,0.006477,0.035188,0.012958,0.028559,-0.097564,-0.020257,0.021418,0.112551,-0.008087,-0.000000,-0.014933,-0.002771,0.007320,0.038618,0.063054,0.050418,-0.051966,-0.036048,-0.029590,-0.046650,0.018812,0.101234,0.018780,-0.086041,0.053266,0.009519,0.042123,0.084495,-0.064775,-0.125123,-0.064824,0.009909,-0.079582,-0.053391,-0.013078,-0.047510,0.096692,0.062842,0.040136,-0.087439,-0.001623,0.012363,0.100885,-0.050036,-0.010580,0.059748,-0.003072,0.077461,0.038724,0.050322,-0.045270,0.060494,-0.061329,-0.008019,-0.011190,0.023364,-0.046256,-0.025419,0.038231,-0.039378,-0.009390,0.011417,-0.067370,0.108207,-0.031300,0.015632,-0.063302,-0.059317,-0.007551,0.006453,-0.037802,0.089315,0.047438,-0.013615,1.000000,0.000000,0.000000,1.000000,0.000000,0.000000,0.000000,0.000000,0.000000,0.000000,0.000000,0.000000,0.000000,0.000000,0.000000,0.000000,0.000000,0.000000,0.000000,0.000000,0.000000,0.000000,0.000000,0.000000
0xcf354b859c4e62ba6eb5fc3803078db74bdd47ca,0,safe,raw_data/0xcf354b859c4e62ba6eb5fc3803078db74bdd47ca/UserWallet.sol,-0.066073,0.084972,-0.010366,-0.096351,0.030028,-0.045428,0.016039,-0.034422,-0.039886,0.009095,-0.016636,0.068610,-0.011271,0.062557,-0.045310,-0.012138,0.070857,-0.008592,0.028301,0.012876,-0.035741,-0.054872,0.019902,-0.019014,0.028338,0.042491,-0.006665,0.043246,0.071236,-0.029819,0.029336,0.103105,0.073227,-0.098516,0.022525,-0.046462,0.024758,-0.043371,-0.013840,-0.058805,-0.014284,-0.083535,-0.072663,0.043399,0.029102,0.023423,0.062811,0.040130,0.027350,0.035635,-0.022524,-0.020391,0.002460,0.003600,-0.034346,-0.092185,-0.009784,0.019343,0.060668,0.009790,-0.023684,-0.014472,-0.072451,0.074014,-0.003654,0.018344,0.069763,-0.008295,-0.099882,0.003918,0.022524,-0.039191,-0.030757,0.071620,0.058352,-0.007246,0.065959,0.023691,-0.002175,-0.128198,-0.055124,-0.139292,-0.007594,0.021647,-0.070590,0.051286,0.106093,0.050599,0.040368,-0.062036,-0.075119,0.084649,0.063118,0.011497,0.001101,-0.045393,-0.052365,0.001921,0.020088,0.101189,-0.055446,0.009493,-0.049859,-0.037293,0.035476,-0.074922,0.020340,0.055997,0.060606,-0.005305,-0.005265,0.029076,0.016223,-0.021229,0.049017,-0.106638,-0.112996,0.000218,0.072648,-0.062036,0.053303,0.015102,-0.062329,0.035684,-0.020477,-0.081663,-0.054630,-0.000000,0.017851,0.028138,0.018013,0.044816,-0.011859,0.036842,-0.005432,-0.005137,-0.116946,-0.031733,-0.015389,-0.037612,-0.054628,0.023817,0.067620,-0.034391,-0.008800,-0.041045,0.029424,0.002322,-0.034430,0.007930,-0.034896,0.014255,-0.036497,0.018734,0.056224,-0.035887,0.146707,0.003531,-0.069320,-0.062946,0.012331,-0.078695,0.020223,0.122008,-0.013420,-0.030570,-0.031104,0.025987,0.003093,-0.015583,-0.119482,-0.061079,-0.025999,0.021364,-0.018376,-0.018581,0.022688,0.000290,-0.018346,0.025333,-0.063175,-0.012304,-0.025448,-0.024777,-0.080218,-0.025756,0.056991,-0.010411,0.001562,0.067188,0.006312,0.093099,-0.008321,0.065134,0.090794,-0.025764,-0.070251,0.057805,-0.120514,0.012414,0.118812,-0.114931,-0.014386,-0.028029,-0.062686,-0.046036,0.041344,0.018230,-0.072524,-0.004862,0.027200,-0.053226,-0.028237,0.000436,-0.041515,-0.113767,0.022616,0.092618,-0.027894,-0.121224,-0.031044,0.071114,-0.005097,0.000000,-0.031428,-0.056556,-0.039867,0.110045,-0.052310,-0.023945,-0.068324,0.093589,0.002435,0.064910,0.066158,0.023778,-0.000436,0.028285,0.004082,-0.042558,0.058757,-0.062451,-0.070828,0.006711,0.008516,-0.011467,0.034407,0.098328,0.015266,0.099788,0.094426,0.009735,-0.033605,-0.026157,0.025341,-0.026970,-0.092544,-0.063367,0.038234,0.008512,0.039621,0.039884,0.009840,-0.027104,0.023495,0.049214,0.026749,0.032633,0.028319,-0.103300,-0.004121,-0.056034,0.078626,-0.000019,0.025776,0.005053,0.068776,-0.118509,0.022344,0.011014,-0.089693,0.043031,0.112561,-0.013364,0.065913,-0.024915,-0.113463,-0.005698,-0.040605,-0.023303,-0.028067,0.027053,-0.015689,0.071158,0.015742,0.051697,-0.030631,-0.057635,-0.021786,-0.002471,0.053127,0.036380,-0.025886,0.036168,0.048148,0.089403,-0.020889,0.064887,-0.002189,0.010928,-0.031437,0.025226,-0.017209,-0.073085,-0.025977,0.021158,-0.007029,0.002172,-0.007068,-0.000000,-0.013443,0.022593,-0.080759,0.012524,0.006471,0.033308,-0.010220,-0.042786,0.058712,0.059770,0.090571,-0.069081,-0.081140,0.006416,-0.007064,0.050584,-0.041871,-0.055216,0.005564,-0.024346,-0.001764,0.024655,0.058769,-0.072770,-0.041176,0.006226,0.024685,-0.060723,-0.034133,0.032019,-0.041304,0.064989,0.024829,0.010189,0.054426,-0.066789,0.025679,0.142184,0.059379,0.003970,-0.010997,0.022331,0.027121,-0.000381,-0.004151,-0.037608,0.021711,0.011857,0.008413,-0.017597,-0.004777,0.022147,0.055977,0.046264,0.056347,0.021409,-0.017246,-0.006903,-0.002787,0.053743,0.037083,-0.027274,0.014585,0.099975,0.000000,0.000000,0.000000,0.000000,0.000000,0.000000,0.000000,0.000000,0.000000,0.000000,0.000000,0.000000,0.000000,0.000000,0.000000,0.000000,0.000000,0.000000,0.000000,0.000000,1.000000,0.000000,0.000000,0.000000
0xba007ce10ec81bfdea5f095e83a05dacd5599bc1,1,rugpull,raw_data/0xba007ce10ec81bfdea5f095e83a05dacd5599bc1/ERC20.sol,-0.089926,0.100196,-0.073620,-0.003740,0.019821,-0.123728,-0.004537,0.078664,-0.006019,-0.005743,0.000911,-0.036259,-0.028522,0.011906,-0.055199,-0.048680,-0.039070,0.116987,-0.035867,0.013434,0.029418,0.017229,-0.063908,0.052891,0.080028,0.006294,-0.045318,-0.032096,0.067882,-0.067351,0.029627,0.064293,0.026246,0.011278,0.040049,0.012685,0.068763,-0.000383,-0.022465,0.032946,-0.053154,-0.036120,-0.047840,0.007564,-0.018078,-0.032024,-0.040361,0.022382,-0.016658,0.023757,0.111995,0.073256,-0.079508,0.085611,-0.006450,-0.039712,0.002280,-0.016014,-0.027478,-0.026128,-0.030946,0.057978,-0.047221,-0.074924,0.021325,-0.038937,0.004103,-0.087042,-0.033241,0.080156,-0.015693,-0.000972,0.023466,0.028249,0.065580,-0.013471,-0.057270,0.000127,0.002262,-0.021981,0.036355,-0.025006,-0.012243,-0.061030,0.044345,0.002099,-0.002256,0.039975,0.135594,-0.020685,-0.045841,0.025334,-0.006641,-0.027082,0.007056,0.015731,-0.030662,-0.007251,-0.016678,0.061796,-0.055091,0.042909,-0.078734,-0.055065,0.022816,0.055015,0.019595,0.037576,-0.027072,-0.030673,0.059902,0.001464,0.046903,-0.066053,0.083967,-0.017344,-0.012189,0.057625,-0.030146,-0.080000,-0.012789,0.080639,-0.041503,0.074922,0.018802,0.011871,0.004066,0.000000,-0.070121,0.014680,0.007759,0.079725,-0.061501,0.051315,-0.034595,0.020931,-0.044549,0.097749,-0.014246,0.020417,0.014419,-0.022813,0.021161,-0.088651,0.107225,-0.026961,0.004029,0.001495,0.043162,-0.013286,-0.119975,0.058230,0.101540,0.038266,-0.018982,-0.046875,0.037136,0.029930,-0.066929,0.078526,0.003705,-0.013527,0.039425,-0.009204,-0.031532,0.021932,0.005397,0.010626,-0.083293,-0.006829,-0.081129,-0.034181,0.004149,-0.038759,0.072316,0.047327,0.065132,-0.042897,-0.028904,0.068964,-0.072423,-0.021593,-0.019535,-0.066508,0.047027,-0.030485,0.013628,0.063661,-0.015153,0.101307,-0.045315,-0.067059,-0.096588,0.004296,-0.089416,-0.038878,0.022113,0.016232,-0.122326,0.040198,0.002800,0.043923,-0.050277,-0.052156,0.092916,-0.045783,0.066466,-0.070722,-0.029342,0.057792,0.055253,-0.038528,0.036512,-0.116476,-0.083218,-0.073489,-0.074644,-0.012709,-0.079134,-0.082008,0.054031,-0.022805,-0.042688,-0.000000,-0.077908,0.066996,-0.103472,0.072149,-0.132201,-0.038079,0.040545,-0.019295,0.081916,-0.059647,-0.005270,0.035545,0.008572,0.018071,0.036344,-0.001474,-0.123779,-0.047287,-0.031285,0.057596,-0.082191,0.090409,0.061419,-0.008460,0.005048,0.085732,0.023251,0.066420,0.052996,-0.017168,0.032647,-0.061790,0.015121,-0.075953,-0.006110,-0.073597,0.034129,0.002360,0.038494,-0.050265,0.066394,-0.010323,0.054008,0.075208,0.010530,-0.012474,0.076149,0.005236,0.032649,-0.123389,0.022874,-0.012448,-0.020056,0.096576,0.014246,0.043049,0.022463,0.023403,0.016039,0.016399,-0.021314,0.000714,0.118293,-0.005958,-0.013975,0.026087,-0.062972,-0.018927,-0.000659,0.037426,0.099289,0.061625,0.001295,-0.012628,-0.039850,-0.054820,-0.016230,-0.027044,0.010335,0.040064,-0.078322,0.022588,-0.001492,-0.024261,-0.054866,-0.065563,0.005729,0.029959,-0.015529,0.002416,-0.047057,0.001416,-0.017202,-0.002255,0.004903,-0.000000,-0.022694,-0.061305,-0.000906,-0.034710,0.056908,0.008747,0.021268,-0.046692,-0.011443,-0.065535,0.043928,0.030919,0.004124,-0.098758,0.036770,0.040583,0.033181,-0.004597,-0.082561,-0.013802,-0.040341,0.013242,-0.019690,-0.049914,-0.022211,-0.028995,-0.011882,0.045857,0.029378,-0.045120,0.066155,0.061525,0.045882,0.069750,0.034119,-0.078048,0.059239,0.105021,0.043338,0.023285,-0.072706,0.031186,-0.047286,0.047585,-0.043933,-0.012743,-0.006600,-0.042810,-0.068030,0.026319,0.012858,0.060937,-0.052557,0.093280,0.025946,-0.045120,-0.109759,-0.040995,-0.064339,0.074506,-0.060762,0.003390,0.045271,-0.024969,0.000000,0.000000,1.000000,0.000000,0.000000,1.000000,0.000000,0.000000,0.000000,0.000000,0.000000,0.000000,0.000000,0.000000,0.000000,0.000000,0.000000,0.000000,0.000000,0.000000,0.000000,0.000000,0.000000,0.000000
0x21df3b628c2594c18c6f488d22b574f5a33e3fb4,1,rugpull,raw_data/0x21df3b628c2594c18c6f488d22b574f5a33e3fb4/N1Token.sol,-0.090351,0.103525,-0.067745,-0.002219,0.007816,-0.122185,-0.012827,0.078142,-0.014299,-0.007157,-0.002079,-0.044679,-0.031510,0.012722,-0.057042,-0.036625,-0.034933,0.120378,-0.042334,0.014577,0.036552,0.011836,-0.066931,0.051353,0.078656,0.011719,-0.040108,-0.030425,0.067504,-0.065346,0.033393,0.060286,0.018054,0.005471,0.034582,0.006331,0.066405,0.001756,-0.015000,0.031155,-0.050914,-0.032105,-0.042156,0.004416,-0.016219,-0.037487,-0.050664,0.016973,-0.011298,0.023450,0.109546,0.073060,-0.077854,0.080751,-0.003177,-0.047925,0.002093,-0.014257,-0.025477,-0.023628,-0.020984,0.047684,-0.047497,-0.073383,0.014255,-0.040375,0.002584,-0.088119,-0.041791,0.084118,-0.021961,0.003462,0.019328,0.019062,0.068835,-0.006230,-0.060848,0.002360,0.000501,-0.023249,0.043378,-0.030084,-0.013277,-0.059702,0.038598,-0.001143,-0.005603,0.047779,0.133221,-0.016748,-0.040533,0.025919,-0.003675,-0.026282,0.005934,0.020980,-0.032578,-0.017434,-0.014155,0.063650,-0.059787,0.039037,-0.073682,-0.064215,0.019797,0.060219,0.016047,0.038525,-0.023533,-0.031321,0.060597,0.001094,0.047681,-0.064997,0.090925,-0.009279,-0.010637,0.062045,-0.030483,-0.081053,-0.015751,0.081963,-0.049236,0.066779,0.022688,0.017679,-0.001396,0.000000,-0.072682,0.020999,0.008721,0.082286,-0.052213,0.052454,-0.034498,0.019087,-0.050993,0.099275,-0.006079,0.019863,0.015165,-0.031317,0.019564,-0.091441,0.106653,-0.023759,0.010020,-0.002493,0.037553,-0.023642,-0.117318,0.057771,0.092209,0.039101,-0.013598,-0.048876,0.034093,0.028673,-0.062938,0.080000,0.003862,-0.017323,0.036316,-0.014655,-0.031269,0.017826,0.011392,0.013661,-0.092507,-0.007484,-0.087042,-0.030131,0.001655,-0.040327,0.071741,0.044684,0.069265,-0.036868,-0.036428,0.070077,-0.083382,-0.023017,-0.017174,-0.060287,0.042598,-0.020356,0.022915,0.067104,-0.012854,0.100886,-0.048018,-0.068561,-0.096274,0.007773,-0.092617,-0.051772,0.014669,0.012475,-0.116467,0.034321,0.005233,0.037636,-0.046660,-0.058210,0.101593,-0.034999,0.069735,-0.082520,-0.037085,0.060044,0.059622,-0.040172,0.044005,-0.116578,-0.083760,-0.065822,-0.078677,-0.003816,-0.086384,-0.082053,0.058421,-0.020481,-0.040867,-0.000000,-0.082937,0.071188,-0.107116,0.064628,-0.123421,-0.036368,0.036130,-0.018512,0.078775,-0.057496,-0.003858,0.039964,0.012161,0.023550,0.028859,-0.003241,-0.109903,-0.049015,-0.028332,0.047652,-0.062457,0.093468,0.053133,0.001596,0.006836,0.085781,0.020604,0.061970,0.055468,-0.007785,0.024767,-0.063913,0.023475,-0.074702,-0.006019,-0.078722,0.036909,0.004845,0.039943,-0.041533,0.066089,-0.013000,0.045031,0.070385,0.009160,-0.014809,0.075239,0.004786,0.033558,-0.120725,0.011847,-0.015382,-0.021051,0.099541,0.011336,0.040168,0.026613,0.018645,0.020073,0.013888,-0.021933,-0.001144,0.134943,-0.006064,-0.006704,0.029876,-0.058828,-0.018906,-0.005354,0.035228,0.103203,0.061693,0.002814,-0.009795,-0.027427,-0.062826,-0.022394,-0.026242,0.008609,0.038800,-0.078579,0.025298,0.002666,-0.023879,-0.050422,-0.073969,0.009582,0.036717,-0.011658,0.003119,-0.051760,0.006959,-0.017052,-0.005054,0.008740,-0.000000,-0.026475,-0.062557,-0.006243,-0.028469,0.058267,0.003948,0.018609,-0.039512,-0.012319,-0.066133,0.047035,0.029964,0.008057,-0.097604,0.035034,0.042136,0.022638,-0.004301,-0.081175,-0.018935,-0.038681,0.009186,-0.011725,-0.051445,-0.020654,-0.032897,-0.014230,0.041414,0.033811,-0.046306,0.056579,0.059967,0.042153,0.065159,0.029881,-0.076640,0.065610,0.104729,0.043763,0.030325,-0.073814,0.032362,-0.049134,0.046998,-0.034659,-0.008360,-0.006409,-0.048296,-0.068698,0.027578,0.012766,0.064262,-0.049063,0.095372,0.027363,-0.045657,-0.112208,-0.029422,-0.067888,0.079240,-0.057316,0.011035,0.045525,-0.023925,0.000000,0.000000,1.000000,0.000000,0.000000,1.000000,0.000000,0.000000,0.000000,0.000000,0.000000,0.000000,0.000000,0.000000,0.000000,0.000000,0.000000,0.000000,0.000000,0.000000,0.000000,0.000000,0.000000,0.000000
0x8a0f020952bd114d6e87f16fdfa5f90c2805b83f,0,safe,raw_data/0x8a0f020952bd114d6e87f16fdfa5f90c2805b83f/Forwarder.sol,-0.050202,0.015775,-0.030002,-0.024106,0.004449,-0.060020,0.049652,0.060706,0.031958,0.048942,0.018058,-0.036930,0.082991,-0.073360,0.011534,0.024315,-0.010563,0.016765,-0.028667,0.022100,0.038173,-0.011995,-0.062144,0.025926,-0.010631,-0.039450,0.019475,-0.027459,-0.021811,-0.014723,0.058401,-0.019814,-0.011502,0.005797,-0.101290,0.056551,0.036116,0.028129,-0.004218,-0.022606,-0.017736,-0.003116,0.023295,-0.015635,-0.001745,0.117230,-0.001870,0.030232,-0.055685,-0.019004,0.066994,-0.050194,-0.106848,0.009238,-0.065282,-0.005648,0.019525,-0.019380,0.032978,-0.021198,0.068182,0.033487,0.047397,-0.010002,-0.032843,-0.030550,-0.033559,0.040290,0.014234,0.003005,0.005516,-0.075120,-0.075216,-0.021504,0.003689,0.007439,0.009489,0.078038,-0.026244,-0.128282,0.046931,0.010863,0.066944,-0.010462,0.036644,-0.022720,-0.040776,-0.014268,0.100559,0.071343,-0.000472,-0.014557,-0.018110,0.003910,-0.011404,-0.017875,-0.007907,-0.058083,-0.023989,0.030344,0.025394,0.050970,0.066430,0.023813,0.108240,-0.012202,0.119175,-0.045151,0.030933,-0.003482,-0.048110,0.051466,-0.063716,-0.010814,-0.005207,0.038628,-0.022919,-0.007872,0.100076,-0.030256,-0.003839,0.013346,-0.004921,-0.063659,-0.056601,-0.063601,-0.006303,0.000000,-0.080569,0.005606,-0.056203,0.143763,0.006853,0.016627,0.001566,0.028342,-0.016664,0.036520,0.061438,-0.024321,0.092261,0.176949,-0.123260,-0.120456,-0.015369,0.070546,0.064178,0.028216,0.002727,-0.004606,-0.019774,-0.007015,0.103549,0.074991,-0.056319,-0.024519,0.056478,-0.007439,-0.019663,-0.037206,-0.044086,0.014478,0.001318,0.037420,-0.037113,0.004011,0.013571,-0.003882,-0.047625,-0.042614,-0.134037,0.025356,-0.048407,-0.054119,-0.019243,0.034332,0.065605,0.015887,-0.053244,-0.079464,-0.045336,-0.043679,-0.038424,-0.080308,-0.062739,-0.042920,-0.021584,0.021384,-0.000460,0.028459,-0.056990,0.022299,0.044351,0.065504,-0.046845,-0.105123,0.060777,-0.070205,-0.034535,0.075546,0.102411,0.026224,-0.111144,-0.006345,-0.011306,-0.025971,-0.015940,0.007955,-0.008405,0.033945,-0.010331,0.029301,-0.008818,0.005137,-0.025772,-0.047711,-0.051587,-0.004399,0.064766,-0.108064,-0.001922,0.026268,0.042796,-0.000000,0.102294,0.031275,-0.046273,-0.007125,-0.009342,0.026913,-0.001368,0.026629,0.019567,0.004283,-0.062228,0.034570,0.089749,0.030806,-0.049305,-0.060764,0.009072,0.001489,-0.070293,-0.022839,-0.021920,0.011958,0.045741,-0.010726,-0.039502,0.101729,-0.070354,0.066119,-0.128429,0.027148,-0.018617,-0.008176,0.159214,-0.044207,-0.032172,-0.064262,-0.069060,0.101008,0.021809,-0.041079,0.114367,-0.038044,0.043634,0.045465,-0.026039,0.005429,-0.012207,-0.030260,0.001116,0.047250,-0.029114,-0.069455,-0.065033,0.017923,-0.066214,0.101633,0.038592,0.027899,0.064162,0.000251,0.005260,-0.020434,0.120494,0.000130,0.021321,0.016655,-0.003210,0.000490,-0.008861,0.058803,0.055415,0.020630,0.006208,-0.015785,0.073693,0.021703,0.032509,-0.122555,-0.059567,-0.016252,-0.016801,-0.089909,0.001979,0.043600,-0.008866,-0.086548,-0.027677,-0.063537,0.010134,-0.073310,0.004847,-0.104572,0.022444,0.023073,0.003077,-0.000000,-0.047039,-0.003888,-0.037006,-0.021073,0.001679,0.023030,0.028199,-0.046963,-0.003535,0.034340,-0.064384,0.037696,-0.045245,-0.073745,0.009914,-0.018042,0.010004,-0.056338,-0.089887,-0.097565,-0.080694,0.005974,0.037796,-0.056858,0.062428,-0.028276,0.082013,0.053467,0.024799,-0.052723,0.004072,0.070823,-0.027257,-0.002342,-0.035976,0.093714,0.009700,0.004120,-0.059386,0.064929,-0.031444,0.049053,-0.073447,-0.010650,0.016991,0.012985,-0.065895,-0.053684,-0.011037,-0.068290,-0.034125,0.024338,0.035398,0.112358,-0.038252,0.003612,-0.108315,0.043495,0.077127,0.078013,0.002166,0.066130,0.019126,-0.029202,0.000000,0.000000,0.000000,0.000000,0.000000,0.000000,0.000000,0.000000,0.000000,0.000000,0.000000,0.000000,0.000000,0.000000,0.000000,0.000000,0.000000,0.000000,0.000000,0.000000,0.000000,0.000000,0.000000,0.000000
0x3bedb591a417747513f1b528fa42e3c1e82b7ea4,1,rugpull,raw_data/0x3bedb591a417747513f1b528fa42e3c1e82b7ea4/Pikachu.sol,-0.100154,0.003948,-0.013631,0.038389,-0.045580,-0.039341,-0.005549,0.023636,-0.037316,-0.044886,0.012777,0.020405,-0.007991,-0.002343,-0.080487,-0.013096,-0.033403,-0.000117,-0.031199,0.020612,0.011094,-0.071394,-0.054980,0.066870,-0.033056,0.052202,0.032606,0.018434,0.029603,-0.053178,0.005466,0.161648,-0.067939,-0.019303,0.060563,0.103635,-0.033743,0.015602,0.039452,-0.048359,-0.042439,0.019060,-0.037867,-0.020494,0.039613,-0.065779,-0.060602,-0.102294,0.003990,-0.008919,-0.014539,0.056892,-0.025030,-0.043368,0.113925,0.002823,0.041610,0.029535,-0.017716,0.016193,-0.011175,0.043271,-0.027922,-0.052791,-0.033225,0.123873,0.023212,-0.049220,0.046199,0.097646,-0.005401,0.000200,-0.046700,0.016461,-0.020929,0.053851,-0.038574,-0.025833,-0.109757,0.005191,-0.003335,-0.042283,0.046949,0.039216,0.049262,0.008407,0.062300,-0.022363,0.098571,0.010761,-0.009783,-0.047412,0.044099,0.057909,0.006730,0.023573,-0.028286,-0.021577,-0.091025,0.018571,-0.032586,0.026237,0.035385,-0.022392,0.014989,-0.101722,0.084953,0.003849,-0.112726,-0.051740,0.002780,0.026832,0.082578,-0.012853,0.016329,0.063075,0.012667,-0.027279,-0.046125,0.015893,0.087037,0.017127,-0.012254,0.020758,0.028322,-0.045779,-0.056722,0.000000,0.076251,-0.048522,-0.038755,0.019355,-0.006223,-0.004041,-0.035808,-0.069788,-0.061415,0.028427,0.091300,0.026591,-0.023458,-0.040193,0.027939,-0.143069,-0.033572,0.016188,-0.055099,-0.030768,0.002994,-0.019046,-0.088247,-0.072697,0.051882,0.032784,-0.028698,-0.037376,0.074176,0.021519,-0.033133,-0.018173,0.006194,0.034594,-0.008154,-0.026616,-0.133317,-0.053295,0.011122,-0.000992,-0.002626,0.024652,-0.022488,0.009651,0.115271,-0.071126,-0.058470,0.040309,-0.018188,-0.060654,0.045438,0.117644,-0.015514,-0.015155,-0.057158,-0.117623,0.033812,-0.047055,-0.063416,0.122859,0.026223,-0.038620,-0.090787,0.005516,-0.026715,0.052612,-0.113330,0.014154,-0.040464,-0.061633,-0.083704,-0.079849,-0.011289,0.034429,-0.021857,-0.081345,0.090175,0.039796,-0.002620,-0.132900,-0.009774,-0.045866,-0.037414,-0.011621,0.072003,-0.068266,0.017856,-0.019928,-0.101347,0.035243,0.016500,-0.000710,0.058659,-0.013699,-0.078926,-0.000000,0.011815,-0.019409,-0.042563,0.033137,-0.074387,0.029426,0.027591,0.040002,0.060231,-0.032037,-0.037618,-0.018031,0.059065,0.008402,-0.070824,0.083944,0.004799,-0.051638,0.057169,0.051595,-0.005937,0.091156,-0.020058,-0.008465,-0.047333,0.053538,-0.036887,0.047162,0.065515,-0.009775,-0.023992,0.027323,0.022421,-0.013016,-0.009103,0.021497,0.039210,-0.056313,-0.027863,0.060784,0.117563,0.035917,-0.014455,-0.001638,0.008512,0.030383,-0.062935,-0.015972,-0.028714,-0.027612,-0.011676,-0.007546,0.062897,0.027535,-0.028051,0.004602,0.015795,0.014655,0.007584,0.008689,0.055263,-0.060374,0.082016,-0.102123,0.072628,0.052323,0.020926,-0.001539,0.024154,-0.021225,0.094054,0.039443,-0.044883,-0.024263,0.064990,-0.028813,-0.083400,-0.026564,0.008091,-0.037648,-0.014747,0.053615,0.020340,0.063866,-0.090119,-0.025744,-0.053213,0.064431,-0.004057,0.000948,-0.033015,-0.021895,0.035281,0.108327,0.016007,-0.000000,-0.031360,-0.103329,-0.022582,0.035170,0.106424,-0.056479,0.013767,0.005868,-0.048438,-0.055474,0.043551,0.046476,-0.036076,-0.022405,0.034124,0.030039,-0.054043,0.013135,-0.036506,-0.040086,-0.045875,-0.024104,-0.008049,0.078400,-0.033425,0.026018,0.081513,0.007788,0.012169,-0.048854,-0.002732,-0.021731,0.069992,0.022317,-0.073844,0.071374,-0.014676,-0.005981,0.064064,0.051132,0.017147,0.098304,-0.100595,0.073830,0.007094,-0.026476,-0.021319,-0.084343,-0.017690,-0.017590,-0.053212,0.076652,0.028839,0.040475,0.016927,0.061475,-0.033666,0.065872,0.007781,0.103975,0.002860,0.081125,0.094281,0.047222,0.000000,0.000000,0.000000,0.000000,0.000000,0.000000,0.000000,0.000000,0.000000,0.000000,0.000000,0.000000,0.000000,0.000000,0.000000,0.000000,0.000000,0.000000,0.000000,0.000000,0.000000,0.000000,0.000000,0.000000
0x21525e2d20064a789077cbc6453631bcb1f6488f,1,rugpull,raw_data/0x21525e2d20064a789077cbc6453631bcb1f6488f/ShibaSwap.sol,-0.073089,0.068777,-0.011781,-0.047801,-0.079061,-0.073912,0.024638,0.095446,-0.039122,0.065473,0.036973,-0.009906,0.063318,-0.031537,-0.028973,0.008437,-0.012577,0.094699,-0.202374,0.012456,-0.006529,-0.025296,-0.080819,0.065599,-0.015443,0.057592,-0.032898,-0.014818,0.064481,-0.049530,-0.088791,0.111335,-0.013221,0.020903,0.033014,0.008193,-0.002232,0.021758,-0.004706,0.012631,-0.101575,-0.006325,-0.005334,0.016457,-0.014703,-0.049287,0.000083,-0.053875,-0.001215,-0.027977,-0.069148,0.073940,-0.105237,0.061871,-0.004538,-0.074062,0.086050,-0.055612,-0.016595,0.032631,-0.052597,0.059123,-0.020717,-0.043484,-0.009082,0.011931,-0.035471,-0.048606,-0.030691,0.144215,-0.038525,0.039619,-0.052746,0.077642,0.010392,-0.002186,-0.036837,-0.021676,-0.048607,0.007605,-0.037997,-0.053935,-0.000669,-0.066983,0.083311,-0.032566,-0.036826,-0.008035,0.119919,-0.015160,-0.022359,0.041835,0.070498,0.008945,0.045032,0.018663,-0.021869,-0.011512,0.001373,0.042899,-0.034144,0.033514,-0.008776,-0.038977,-0.001025,0.009192,0.019162,0.016280,0.033548,-0.081154,0.022969,0.009759,0.037820,-0.047677,-0.023977,0.021763,-0.053796,0.002025,0.006119,-0.055397,0.025334,0.048213,-0.009259,0.024850,-0.059278,0.013168,-0.012757,-0.000000,-0.136749,-0.009694,0.000984,0.047708,0.000160,0.016637,-0.045470,0.010927,0.013072,0.025820,0.049862,0.020925,-0.007517,-0.029577,0.052654,-0.063065,0.025267,0.021481,-0.050822,0.002157,0.061571,-0.089275,-0.059009,0.021104,0.038054,0.035576,-0.006592,-0.031406,0.025803,0.024457,-0.021384,0.008538,0.018872,0.026259,-0.004536,0.037670,-0.050389,-0.051450,0.045295,-0.031463,-0.154930,0.002784,-0.084018,0.045012,0.079188,-0.051562,-0.026092,0.059507,0.017223,-0.076429,-0.029962,0.030193,0.049912,-0.005638,-0.054158,-0.002633,0.041773,-0.000872,-0.050317,0.150471,-0.049980,0.047871,-0.037200,-0.064828,-0.057467,0.047995,-0.041139,-0.008173,0.036203,-0.029678,-0.100003,0.058437,-0.065209,0.097833,-0.058189,-0.054048,0.040222,-0.025645,0.016367,-0.127272,-0.038262,0.001558,-0.006881,-0.032581,-0.033958,-0.046335,-0.027993,-0.008729,-0.089440,-0.008456,-0.027543,-0.104939,0.128080,-0.033987,-0.004196,-0.000000,-0.091106,0.015936,-0.080900,0.085073,-0.081278,-0.032528,0.026737,-0.072715,0.037930,-0.054820,-0.036385,0.025234,-0.014385,-0.015376,0.020177,-0.036619,-0.054043,0.026849,-0.013970,0.021179,0.034743,0.050770,-0.071657,0.090192,-0.001172,0.045852,-0.089572,-0.014613,0.039639,0.087341,0.051831,-0.047480,0.007939,0.038755,0.028898,-0.125377,0.060777,-0.030842,0.035336,-0.044176,0.065596,-0.019972,0.031310,0.071580,0.036051,0.009477,-0.046029,-0.034678,0.014669,-0.073697,0.009464,-0.085943,0.017826,0.070022,-0.005875,0.084119,0.016467,-0.035906,-0.013255,0.009937,-0.037309,0.003353,0.052959,-0.017956,0.029642,0.047606,-0.063642,-0.023265,-0.057998,-0.065560,0.067036,0.064359,-0.038008,0.007211,0.049537,0.049974,0.025377,0.012598,-0.027290,0.036699,-0.079206,0.001834,-0.025191,-0.012183,-0.102969,-0.063205,-0.001499,0.061014,-0.020832,-0.052294,-0.111422,-0.014372,0.006664,-0.076093,-0.019004,-0.000000,-0.039037,-0.089139,0.004270,-0.040164,0.101798,-0.027734,0.005413,-0.018468,-0.026059,-0.079789,0.005966,0.063525,-0.035190,-0.046158,-0.036072,-0.001446,-0.048193,-0.027884,-0.053152,-0.028730,-0.070848,-0.034662,0.027086,0.030733,-0.034558,-0.019077,0.014760,0.126587,0.060363,-0.010793,0.053192,-0.040728,0.074221,0.041736,-0.024276,-0.001567,0.098027,0.027613,0.031974,-0.007223,-0.019658,0.012440,-0.029124,0.022936,0.067473,-0.011509,-0.075538,-0.021137,-0.056565,-0.043850,-0.051667,0.047275,-0.009072,0.050009,-0.040210,-0.061641,-0.085042,0.018307,0.009756,0.086982,0.003671,-0.024463,0.081388,0.034847,0.000000,0.000000,1.000000,0.000000,0.000000,1.000000,0.000000,0.000000,0.000000,0.000000,0.000000,0.000000,0.000000,0.000000,0.000000,0.000000,0.000000,0.000000,0.000000,0.000000,0.000000,0.000000,0.000000,0.000000
0x20e4747eb302db56683f2eb206fabd56e50a07ff,1,rugpull,raw_data/0x20e4747eb302db56683f2eb206fabd56e50a07ff/ChainLinkGovernance.sol,-0.067468,0.059791,0.025359,0.012437,0.006879,-0.059647,0.057410,0.003550,0.003925,0.054560,0.009447,-0.075500,0.053336,-0.003322,-0.013926,0.058970,0.039561,-0.021542,-0.061161,-0.003595,0.055314,0.025383,-0.033417,0.038191,-0.007680,-0.076196,-0.031838,-0.045071,0.039210,-0.050338,0.045799,0.042014,0.002085,-0.062004,0.040713,0.023084,0.023376,0.022450,-0.032206,-0.001682,-0.012435,-0.024553,-0.070526,-0.007874,-0.023227,-0.010471,-0.022156,-0.034345,-0.104557,0.004116,0.086710,0.029885,-0.013926,-0.017630,0.013590,-0.018611,0.034559,0.001537,0.035329,0.017045,-0.049292,0.007455,-0.033225,-0.058058,0.061373,-0.052626,-0.012693,0.003686,-0.092282,0.135321,-0.003704,-0.028390,-0.045714,-0.058505,0.080464,0.014035,-0.044053,0.031924,-0.009913,-0.147152,-0.044987,0.005395,-0.035772,-0.108390,0.040566,-0.013128,0.003725,-0.022154,0.131983,0.029533,0.030858,0.026505,0.033589,-0.006449,0.040764,0.015173,0.007790,-0.028805,-0.091992,0.088872,-0.038435,0.056142,-0.027723,0.038947,0.005537,-0.049838,-0.007393,-0.005203,0.000742,0.004362,0.064937,-0.019384,-0.016034,-0.044966,-0.023833,0.020247,0.049134,-0.002718,0.057500,-0.054388,0.033593,0.005035,-0.017858,0.026291,0.016688,-0.020306,0.033465,-0.000000,-0.012410,-0.017333,-0.109395,0.024073,-0.010330,-0.034565,0.006333,0.019986,-0.083246,0.016694,0.086869,0.022620,0.014404,0.021915,0.068212,-0.079544,0.106839,0.076728,0.065865,0.053693,0.051057,-0.015201,-0.040348,0.029116,0.060070,-0.025439,-0.059141,0.011954,0.023247,0.029463,0.023723,0.069588,0.019496,-0.001022,0.013688,-0.041825,-0.055895,-0.015392,-0.010028,-0.042477,-0.073448,-0.000546,-0.085626,-0.000178,-0.033179,-0.110403,0.026776,0.008163,0.067280,0.028215,0.007962,0.043162,-0.070338,-0.045631,-0.013436,-0.122272,-0.033006,0.009379,0.038807,0.012020,0.023136,0.035744,-0.056511,0.002159,-0.042867,0.038734,-0.081383,-0.061681,0.069839,-0.050105,-0.101085,0.036180,0.041149,0.087394,-0.030806,-0.051096,0.016315,-0.016094,0.021799,-0.066831,-0.039228,0.050515,-0.028823,-0.005250,0.039398,-0.064390,-0.029303,0.046156,-0.065185,-0.062299,0.034903,-0.069871,0.007196,-0.023142,0.015930,-0.000000,-0.001725,0.034337,-0.058217,0.013138,-0.071866,-0.042380,-0.000494,-0.067715,0.096640,-0.056387,-0.062345,0.083014,0.037618,0.010610,-0.016013,-0.053078,-0.129888,-0.087157,0.005135,0.047047,0.001627,0.067412,0.110430,0.042961,-0.023717,0.074192,-0.038199,0.090691,0.049100,-0.049787,-0.045485,-0.016483,-0.041087,-0.025128,0.029216,-0.123740,-0.000368,0.094979,0.028373,0.008236,0.085023,-0.008448,0.032907,0.095274,0.035636,-0.027534,0.024107,-0.023133,0.053808,-0.088505,0.050365,-0.000274,0.017941,0.077826,-0.007370,0.066801,0.099662,0.009643,0.116738,0.004358,-0.045925,0.061587,0.119203,0.026088,0.026444,0.035934,-0.076220,-0.050487,0.082380,0.023564,0.061686,0.021193,-0.045889,-0.052611,0.060010,-0.039960,0.023531,-0.071368,0.040110,0.032489,-0.107382,0.099249,0.005300,-0.044984,-0.031278,-0.085644,-0.019131,-0.015182,-0.021326,0.009259,0.011761,-0.019392,0.025203,-0.022553,-0.073623,-0.000000,-0.007697,-0.090076,-0.043874,-0.031795,0.107890,-0.094266,-0.019700,-0.080412,0.012748,-0.034472,0.061342,0.045932,-0.032272,-0.085005,0.012978,-0.001060,0.029641,0.002872,-0.140903,-0.001285,-0.074092,-0.001429,-0.019965,-0.040220,-0.016589,-0.062397,0.070872,0.084414,0.005065,-0.010808,0.044904,0.031107,0.034108,0.070367,0.012054,-0.041699,-0.003217,0.029425,0.023227,0.053925,-0.010287,-0.041825,-0.038992,0.046815,0.025904,0.015772,-0.137434,-0.109126,-0.045379,-0.055642,-0.035603,0.027134,0.002092,0.097747,-0.032741,-0.007628,-0.035834,-0.064334,-0.026561,0.030050,0.068707,0.035525,0.056573,-0.034330,0.000000,0.000000,1.000000,0.000000,0.000000,1.000000,0.000000,0.000000,0.000000,0.000000,0.000000,0.000000,0.000000,0.000000,0.000000,0.000000,0.000000,0.000000,0.000000,0.000000,0.000000,0.000000,0.000000,0.000000
0xfdc509de0ca14b2c6e97b04c8b386da0260b1a0c,0,safe,raw_data/0xfdc509de0ca14b2c6e97b04c8b386da0260b1a0c/CloneableWallet.sol,-0.107947,-0.000851,-0.027656,0.010566,0.054161,-0.007763,0.067465,-0.006412,-0.051453,0.028213,-0.029220,-0.022051,-0.008123,-0.009379,-0.030643,-0.046406,0.024817,-0.032794,-0.014778,0.061897,0.043805,0.043950,0.041635,0.022123,-0.041045,-0.062864,0.023743,-0.010214,0.011035,-0.123061,0.092440,0.084670,-0.076113,-0.053045,0.043762,-0.039100,0.012190,-0.047234,-0.032726,-0.025298,0.000000,-0.015461,0.011874,0.073912,-0.015055,-0.007673,-0.009922,-0.114633,-0.011768,-0.009376,0.102862,0.044559,-0.002131,0.014762,0.114262,-0.003839,-0.092002,-0.058393,-0.000372,0.089968,0.079427,-0.000147,0.007897,-0.086066,0.028066,-0.018016,0.079073,-0.081715,-0.017403,-0.079886,-0.048955,-0.045052,-0.005415,0.035223,0.075973,0.081998,-0.051203,0.010591,-0.008414,-0.132698,0.016689,-0.010119,-0.000716,-0.003981,0.051401,0.033488,-0.008312,0.034794,0.144002,0.030716,0.054692,-0.003362,0.032561,0.073395,0.032635,-0.022511,-0.010632,-0.040826,-0.018813,0.112463,0.001231,0.074359,-0.030890,0.046234,0.032208,0.001182,-0.009412,0.003628,-0.036611,-0.003481,0.020394,-0.019759,0.010986,-0.010969,-0.020490,0.045775,-0.073363,0.015317,0.045298,-0.042451,0.050650,0.031554,0.027586,0.091961,-0.026773,-0.061191,0.062960,0.000000,0.028212,-0.032753,-0.028913,-0.004552,-0.007923,-0.001452,0.018142,0.006440,-0.020016,-0.040110,-0.055937,0.033355,0.010527,-0.028676,-0.042515,0.003196,-0.018775,0.121797,-0.023991,0.090861,0.053088,-0.024062,-0.018632,-0.040001,0.009736,0.092418,-0.070215,0.084014,0.136153,0.015498,-0.042587,0.020986,0.085132,-0.019523,0.007627,-0.069222,-0.096486,-0.059417,-0.067813,-0.016794,-0.032250,0.050433,-0.088501,-0.063913,0.048333,-0.106380,0.005105,0.030732,0.025191,0.014629,-0.006128,0.020693,-0.027902,-0.075007,0.010975,-0.058540,0.005876,0.084072,0.065733,0.043660,-0.017590,0.065897,-0.040890,-0.063890,0.025109,0.075752,0.029633,-0.007856,-0.026709,-0.062638,-0.054484,0.001686,0.037461,0.010603,-0.008249,-0.064591,-0.017487,0.045586,0.020227,-0.064226,-0.013118,0.037486,-0.073616,0.053031,-0.004179,-0.030189,-0.028528,-0.009291,-0.090414,-0.005246,0.014073,-0.031823,-0.029951,0.018233,0.033179,-0.000000,0.085376,-0.002733,-0.134181,0.017737,-0.065902,-0.082699,0.071424,0.019324,0.042597,-0.028177,0.102062,-0.051986,0.001513,-0.053646,0.000748,-0.115269,-0.090463,-0.065236,0.023405,0.077884,0.037986,0.070709,-0.044316,0.011380,-0.014997,0.080317,-0.001507,0.053025,-0.059480,-0.025348,0.014036,-0.061436,-0.042754,0.015850,-0.000633,-0.048843,0.075687,0.032773,-0.008739,-0.057824,0.083370,0.103361,0.043112,-0.020911,-0.005903,-0.039401,0.028075,0.044814,0.103359,-0.063711,0.037128,0.032663,-0.034087,0.008426,-0.010187,0.055538,0.062186,-0.010814,0.022425,0.074522,0.041780,-0.025107,0.061208,0.004653,0.060210,0.047994,-0.094672,0.031733,0.062219,0.031321,0.050700,-0.026064,0.048636,-0.017136,0.066251,-0.036142,0.069412,-0.097796,0.025490,-0.013601,-0.107328,-0.001702,0.009447,0.052619,0.075280,-0.006501,-0.022188,-0.030869,0.074017,-0.031690,-0.038045,-0.031186,-0.058049,0.053513,0.002611,-0.000000,-0.011813,0.021740,-0.079923,-0.026488,0.105093,-0.009024,-0.024482,-0.093685,-0.050107,-0.036914,0.090523,-0.017360,-0.026766,-0.001328,0.071194,-0.014386,-0.012071,-0.050575,-0.116780,-0.068478,-0.013001,-0.021513,0.002972,-0.119107,-0.042315,0.025518,0.034105,0.075399,-0.017496,-0.007771,0.009891,-0.060127,0.008375,-0.003895,0.013528,0.051341,0.026247,0.064146,0.087250,0.033765,-0.016076,0.029769,-0.039184,0.023460,0.044067,0.003938,-0.075563,0.002272,-0.022397,0.042042,-0.043194,-0.045224,-0.036368,0.025804,0.016156,-0.052193,-0.040831,-0.068625,0.021937,0.045742,0.072783,-0.048832,0.072881,0.060247,0.000000,1.000000,0.000000,0.000000,1.000000,0.000000,0.000000,0.000000,0.000000,0.000000,0.000000,0.000000,0.000000,0.000000,0.000000,0.000000,0.000000,0.000000,0.000000,0.000000,0.000000,0.000000,0.000000,0.000000
0x47efcc4b73f8451ae48d0771f588c9c8ffb43552,1,rugpull,raw_data/0x47efcc4b73f8451ae48d0771f588c9c8ffb43552/CHAOS.sol,-0.093501,0.101156,-0.069983,-0.004659,0.010270,-0.121325,-0.010176,0.082210,-0.009600,-0.006142,0.002777,-0.038506,-0.032732,0.005879,-0.057036,-0.041653,-0.034017,0.120159,-0.035849,0.016485,0.032411,0.010866,-0.066649,0.050235,0.080181,0.008792,-0.041514,-0.030476,0.069788,-0.067229,0.033029,0.064867,0.016100,0.007046,0.036227,0.010419,0.066934,0.002163,-0.020060,0.030812,-0.047265,-0.032273,-0.042175,0.005388,-0.014624,-0.037433,-0.045649,0.013603,-0.013969,0.020126,0.111969,0.071337,-0.076393,0.083094,-0.006176,-0.043649,0.003472,-0.012639,-0.025001,-0.024731,-0.025055,0.048727,-0.050603,-0.073516,0.018530,-0.040698,0.002928,-0.092026,-0.037717,0.085196,-0.021082,-0.002470,0.019510,0.024413,0.068563,-0.007785,-0.061180,0.002395,0.004056,-0.024707,0.041843,-0.027578,-0.015414,-0.059509,0.043365,0.003166,-0.003623,0.040239,0.132410,-0.016018,-0.038121,0.021199,-0.008270,-0.024091,0.008791,0.016990,-0.030858,-0.012739,-0.016581,0.062023,-0.055645,0.038242,-0.077472,-0.057638,0.021303,0.061949,0.014632,0.038665,-0.026214,-0.033309,0.059284,0.003659,0.043394,-0.071603,0.090767,-0.012144,-0.012228,0.063724,-0.031158,-0.080825,-0.019286,0.082125,-0.051569,0.069451,0.020004,0.012252,0.000765,0.000000,-0.068026,0.022366,0.006209,0.079357,-0.053524,0.051210,-0.035404,0.020874,-0.045963,0.097998,-0.011145,0.015995,0.010075,-0.024694,0.017575,-0.086907,0.106261,-0.022306,0.005501,0.001688,0.042519,-0.023077,-0.116341,0.055399,0.092988,0.039352,-0.016139,-0.045978,0.029372,0.029248,-0.067657,0.076542,0.006197,-0.014439,0.037120,-0.012493,-0.028835,0.015249,0.007037,0.009791,-0.085730,-0.004394,-0.086592,-0.030248,0.004384,-0.037136,0.073169,0.042946,0.068545,-0.041778,-0.029895,0.071346,-0.081166,-0.020624,-0.013390,-0.063887,0.047562,-0.025393,0.022428,0.071657,-0.013670,0.100880,-0.044553,-0.069647,-0.095507,0.008946,-0.092074,-0.047410,0.016570,0.008284,-0.118597,0.042384,0.001236,0.044150,-0.047638,-0.051268,0.096605,-0.040355,0.070669,-0.080825,-0.036551,0.062594,0.050567,-0.039487,0.036039,-0.116304,-0.080442,-0.073227,-0.078264,-0.007586,-0.082852,-0.082261,0.059761,-0.018365,-0.048738,-0.000000,-0.085397,0.064823,-0.107973,0.069821,-0.129643,-0.036179,0.037539,-0.017766,0.081227,-0.057873,-0.003676,0.038107,0.006800,0.017515,0.033383,-0.005825,-0.115473,-0.053528,-0.028919,0.051070,-0.068046,0.094919,0.055365,-0.000027,0.006554,0.084289,0.017767,0.065692,0.054766,-0.010070,0.031434,-0.062407,0.017329,-0.072592,-0.007212,-0.075656,0.036560,0.007862,0.040779,-0.046252,0.070591,-0.010935,0.044895,0.074084,0.009226,-0.017135,0.071365,0.004167,0.035707,-0.119685,0.017966,-0.016939,-0.013797,0.099922,0.010999,0.042007,0.024683,0.017721,0.019495,0.016232,-0.021435,-0.001158,0.130132,-0.007989,-0.006050,0.032500,-0.057376,-0.019165,-0.003107,0.033586,0.097186,0.060242,0.000505,-0.007093,-0.028485,-0.061311,-0.017264,-0.029022,0.010383,0.039688,-0.082481,0.023268,0.000203,-0.019309,-0.051750,-0.069758,0.007222,0.031421,-0.008385,0.005071,-0.048881,0.004290,-0.018782,-0.002679,0.007974,-0.000000,-0.028473,-0.059712,-0.003145,-0.027824,0.058181,0.004522,0.020712,-0.044870,-0.011416,-0.068559,0.044912,0.028100,0.005752,-0.096977,0.037169,0.039954,0.024092,-0.002566,-0.081950,-0.017366,-0.040239,0.014814,-0.015617,-0.055869,-0.022758,-0.030191,-0.011612,0.048221,0.032066,-0.042425,0.057204,0.061138,0.042565,0.074350,0.030479,-0.076690,0.064072,0.102221,0.045422,0.029255,-0.073360,0.032068,-0.047432,0.047522,-0.039292,-0.008453,-0.006567,-0.045818,-0.070200,0.028840,0.015757,0.063579,-0.052420,0.094534,0.026575,-0.047687,-0.112364,-0.037841,-0.065111,0.075716,-0.062515,0.005323,0.045452,-0.021972,0.000000,0.000000,1.000000,0.000000,0.000000,1.000000,0.000000,0.000000,0.000000,0.000000,0.000000,0.000000,0.000000,0.000000,0.000000,0.000000,0.000000,0.000000,0.000000,0.000000,0.000000,0.000000,0.000000,0.000000
0xe02889ad55cbd30c95894fe038debe7314e68a1d,1,rugpull,raw_data/0xe02889ad55cbd30c95894fe038debe7314e68a1d/SHIBASWAP.sol,-0.092060,0.020203,-0.047151,-0.058032,-0.044598,-0.093778,0.040097,0.053409,-0.005978,0.018974,0.032505,-0.060816,-0.043742,-0.013483,-0.034010,0.033473,-0.090649,0.078597,-0.043325,0.016035,0.016128,-0.046126,-0.011623,-0.011109,0.028516,0.017318,-0.011175,-0.010639,0.017979,-0.066940,0.005033,0.114120,-0.011313,0.002157,0.055943,-0.004642,0.034039,-0.050379,-0.034787,0.029147,-0.068581,-0.003367,0.022658,-0.021297,-0.054596,-0.033765,-0.058253,-0.027872,0.007825,-0.040361,-0.035472,0.051037,-0.120193,0.043675,0.012205,-0.018705,0.008204,-0.005285,0.048969,0.049630,-0.059376,0.116893,0.016140,-0.077475,0.005818,-0.018151,-0.075608,-0.003741,-0.061378,0.133487,-0.029559,0.041201,-0.023711,0.075071,0.056211,-0.012391,-0.087514,-0.036437,-0.043178,-0.092019,-0.109797,-0.046316,-0.007920,-0.015802,0.047194,0.034168,-0.022010,0.026613,0.073717,0.000237,-0.035084,0.058620,0.025865,0.042043,0.056320,0.056846,-0.002882,-0.015399,-0.079080,0.102056,-0.037607,-0.002035,-0.039038,0.033390,0.065163,-0.039709,-0.021449,0.040919,-0.043360,-0.043840,0.055616,0.023264,-0.011055,-0.032478,0.005201,0.005918,-0.008746,0.029426,0.012444,-0.014339,0.109542,0.023877,-0.131743,0.038595,-0.101108,-0.045393,0.067918,0.000000,-0.090611,-0.028859,0.002282,0.065685,0.039171,0.058558,-0.053760,0.060478,-0.036560,0.026547,-0.038315,-0.010564,-0.057564,-0.005461,0.022724,-0.117626,0.007269,0.028997,-0.054212,-0.012278,0.014934,0.022305,-0.069643,0.049791,0.077765,0.008812,-0.031162,-0.010212,0.053833,0.032258,-0.055410,0.002043,-0.035430,0.021695,0.001487,-0.008861,0.001215,-0.019000,-0.056277,0.006346,-0.081731,-0.019389,-0.092948,0.003850,0.039283,-0.070043,0.004749,-0.034278,-0.046293,-0.120460,-0.043238,0.068038,0.004134,0.007254,-0.059806,-0.055284,-0.007794,-0.026375,-0.048806,0.090492,-0.044732,0.095169,0.017018,-0.056623,-0.031319,0.008635,0.053688,-0.018442,0.030532,-0.063454,-0.101526,0.016741,0.039411,0.055817,-0.111891,-0.052278,0.013463,-0.025424,0.010779,-0.100641,0.008208,-0.022093,0.005466,-0.092365,-0.004942,-0.058371,-0.074953,-0.081486,-0.119313,-0.002329,-0.056777,-0.100872,0.040674,-0.129563,-0.030205,-0.000000,-0.044166,0.061990,-0.005326,0.096231,-0.096319,-0.031848,-0.007584,-0.061854,0.075668,-0.038232,0.017004,0.036477,0.016792,-0.037740,0.047796,-0.017989,-0.122650,0.014876,0.016486,0.027767,-0.028273,0.092583,0.040438,0.053179,0.015089,0.067876,-0.038144,0.027061,-0.014403,0.018972,0.051157,-0.011324,-0.017039,0.039638,0.008216,-0.132660,0.093146,0.059445,-0.005961,0.009448,0.100858,-0.054648,0.079780,0.050719,0.005266,-0.020348,0.029467,0.018113,-0.005322,-0.129868,0.023267,-0.023080,-0.045039,0.023311,0.008615,0.004306,-0.019921,-0.021854,0.014264,-0.018543,-0.011113,0.014980,0.034753,-0.047561,0.075659,-0.028920,-0.075618,-0.032125,-0.054530,-0.042957,0.054337,0.077126,-0.010468,0.022005,-0.034568,0.009161,0.031195,0.005143,0.003200,0.047738,-0.127454,-0.011335,-0.018160,0.028605,-0.090120,-0.067606,-0.040591,0.114685,-0.046118,-0.010208,-0.052856,-0.001120,0.050868,-0.030400,-0.035638,-0.000000,-0.006278,-0.080676,-0.062187,-0.054114,0.079173,0.010495,-0.030118,-0.024862,-0.021751,-0.114183,0.027206,0.053332,0.013258,0.022766,-0.032721,-0.038005,0.005681,-0.014075,-0.076900,-0.047463,-0.031034,0.040483,0.010629,0.008037,-0.023501,-0.005634,-0.002955,0.038554,-0.010303,0.009400,0.064566,0.005234,0.005062,0.007470,-0.015957,0.016185,0.047727,0.014737,0.042596,-0.044634,-0.064696,0.038396,-0.054162,0.048605,0.000685,-0.084473,-0.011360,-0.006639,-0.048372,-0.048424,-0.046321,0.027744,0.022553,0.006481,0.044481,-0.034925,-0.095897,0.021511,-0.043343,0.125826,-0.032842,-0.045874,0.071394,0.044598,0.000000,0.000000,1.000000,0.000000,0.000000,1.000000,0.000000,0.000000,0.000000,0.000000,0.000000,0.000000,0.000000,0.000000,0.000000,0.000000,0.000000,0.000000,0.000000,0.000000,0.000000,0.000000,0.000000,0.000000
0x9825fb0f06dd42474731a5bd00b77bf0f58256de,0,safe,raw_data/0x9825fb0f06dd42474731a5bd00b77bf0f58256de/UserWallet.sol,-0.066073,0.084972,-0.010366,-0.096351,0.030028,-0.045428,0.016039,-0.034422,-0.039886,0.009095,-0.016636,0.068610,-0.011271,0.062557,-0.045310,-0.012138,0.070857,-0.008592,0.028301,0.012876,-0.035741,-0.054872,0.019902,-0.019014,0.028338,0.042491,-0.006665,0.043246,0.071236,-0.029819,0.029336,0.103105,0.073227,-0.098516,0.022525,-0.046462,0.024758,-0.043371,-0.013840,-0.058805,-0.014284,-0.083535,-0.072663,0.043399,0.029102,0.023423,0.062811,0.040130,0.027350,0.035635,-0.022524,-0.020391,0.002460,0.003600,-0.034346,-0.092185,-0.009784,0.019343,0.060668,0.009790,-0.023684,-0.014472,-0.072451,0.074014,-0.003654,0.018344,0.069763,-0.008295,-0.099882,0.003918,0.022524,-0.039191,-0.030757,0.071620,0.058352,-0.007246,0.065959,0.023691,-0.002175,-0.128198,-0.055124,-0.139292,-0.007594,0.021647,-0.070590,0.051286,0.106093,0.050599,0.040368,-0.062036,-0.075119,0.084649,0.063118,0.011497,0.001101,-0.045393,-0.052365,0.001921,0.020088,0.101189,-0.055446,0.009493,-0.049859,-0.037293,0.035476,-0.074922,0.020340,0.055997,0.060606,-0.005305,-0.005265,0.029076,0.016223,-0.021229,0.049017,-0.106638,-0.112996,0.000218,0.072648,-0.062036,0.053303,0.015102,-0.062329,0.035684,-0.020477,-0.081663,-0.054630,-0.000000,0.017851,0.028138,0.018013,0.044816,-0.011859,0.036842,-0.005432,-0.005137,-0.116946,-0.031733,-0.015389,-0.037612,-0.054628,0.023817,0.067620,-0.034391,-0.008800,-0.041045,0.029424,0.002322,-0.034430,0.007930,-0.034896,0.014255,-0.036497,0.018734,0.056224,-0.035887,0.146707,0.003531,-0.069320,-0.062946,0.012331,-0.078695,0.020223,0.122008,-0.013420,-0.030570,-0.031104,0.025987,0.003093,-0.015583,-0.119482,-0.061079,-0.025999,0.021364,-0.018376,-0.018581,0.022688,0.000290,-0.018346,0.025333,-0.063175,-0.012304,-0.025448,-0.024777,-0.080218,-0.025756,0.056991,-0.010411,0.001562,0.067188,0.006312,0.093099,-0.008321,0.065134,0.090794,-0.025764,-0.070251,0.057805,-0.120514,0.012414,0.118812,-0.114931,-0.014386,-0.028029,-0.062686,-0.046036,0.041344,0.018230,-0.072524,-0.004862,0.027200,-0.053226,-0.028237,0.000436,-0.041515,-0.113767,0.022616,0.092618,-0.027894,-0.121224,-0.031044,0.071114,-0.005097,0.000000,-0.031428,-0.056556,-0.039867,0.110045,-0.052310,-0.023945,-0.068324,0.093589,0.002435,0.064910,0.066158,0.023778,-0.000436,0.028285,0.004082,-0.042558,0.058757,-0.062451,-0.070828,0.006711,0.008516,-0.011467,0.034407,0.098328,0.015266,0.099788,0.094426,0.009735,-0.033605,-0.026157,0.025341,-0.026970,-0.092544,-0.063367,0.038234,0.008512,0.039621,0.039884,0.009840,-0.027104,0.023495,0.049214,0.026749,0.032633,0.028319,-0.103300,-0.004121,-0.056034,0.078626,-0.000019,0.025776,0.005053,0.068776,-0.118509,0.022344,0.011014,-0.089693,0.043031,0.112561,-0.013364,0.065913,-0.024915,-0.113463,-0.005698,-0.040605,-0.023303,-0.028067,0.027053,-0.015689,0.071158,0.015742,0.051697,-0.030631,-0.057635,-0.021786,-0.002471,0.053127,0.036380,-0.025886,0.036168,0.048148,0.089403,-0.020889,0.064887,-0.002189,0.010928,-0.031437,0.025226,-0.017209,-0.073085,-0.025977,0.021158,-0.007029,0.002172,-0.007068,-0.000000,-0.013443,0.022593,-0.080759,0.012524,0.006471,0.033308,-0.010220,-0.042786,0.058712,0.059770,0.090571,-0.069081,-0.081140,0.006416,-0.007064,0.050584,-0.041871,-0.055216,0.005564,-0.024346,-0.001764,0.024655,0.058769,-0.072770,-0.041176,0.006226,0.024685,-0.060723,-0.034133,0.032019,-0.041304,0.064989,0.024829,0.010189,0.054426,-0.066789,0.025679,0.142184,0.059379,0.003970,-0.010997,0.022331,0.027121,-0.000381,-0.004151,-0.037608,0.021711,0.011857,0.008413,-0.017597,-0.004777,0.022147,0.055977,0.046264,0.056347,0.021409,-0.017246,-0.006903,-0.002787,0.053743,0.037083,-0.027274,0.014585,0.099975,0.000000,0.000000,0.000000,0.000000,0.000000,0.000000,0.000000,0.000000,0.000000,0.000000,0.000000,0.000000,0.000000,0.000000,0.000000,0.000000,0.000000,0.000000,0.000000,0.000000,1.000000,0.000000,0.000000,0.000000
0xc7e4a9147601fdbc7d1c2fb8b6c2ffcb2469f293,1,rugpull,raw_data/0xc7e4a9147601fdbc7d1c2fb8b6c2ffcb2469f293/GuessTheNumber.sol,-0.037043,-0.044989,0.037532,-0.020314,0.029075,0.019409,0.051754,0.058274,0.111138,0.038460,-0.016696,-0.009122,-0.038193,-0.009929,-0.039837,-0.088250,-0.034377,0.019827,-0.023772,-0.104848,-0.044539,-0.031865,-0.011161,-0.011832,0.115557,-0.055161,-0.008476,0.012596,0.021451,-0.003849,-0.024924,0.116090,0.068541,-0.077300,-0.036459,-0.141268,-0.108576,-0.019376,-0.084351,0.041404,-0.034087,-0.017103,-0.034721,0.052211,-0.070866,0.067588,-0.038926,0.040053,0.003500,0.062869,-0.043708,0.028617,-0.058472,0.023436,-0.052335,-0.087791,-0.035073,0.036177,0.017576,0.081624,-0.025205,-0.096599,-0.014209,-0.044142,0.009981,0.031529,0.016337,-0.058401,-0.085713,0.025780,0.045736,0.074783,0.039125,0.039790,0.050504,0.005644,0.034168,0.014030,0.022876,-0.033944,-0.091867,-0.037302,-0.019972,0.053498,0.064352,-0.039353,0.004843,0.014941,0.022783,-0.041016,0.040185,-0.066838,-0.029421,0.003879,-0.025669,0.139194,-0.089752,0.077445,-0.060066,0.026535,-0.022100,0.024523,0.031167,-0.005595,0.038326,-0.026726,0.029862,0.056855,0.052859,-0.003589,-0.036142,-0.027858,0.056041,0.015951,-0.024364,0.060494,0.033750,-0.014179,0.059659,0.024304,0.007138,0.017977,0.009389,-0.050651,-0.097081,-0.030320,-0.014462,-0.000000,0.027512,0.014547,0.058019,-0.035027,-0.025604,-0.014218,-0.041966,0.102166,-0.004801,0.011641,-0.035563,-0.074603,0.022284,-0.005167,0.026912,-0.039500,-0.037720,0.062213,-0.031780,-0.002607,0.031903,-0.023466,0.019127,-0.050907,0.061192,0.122639,0.031163,0.005320,0.110828,-0.009934,0.051107,-0.013299,0.007228,-0.021661,0.005382,0.003075,0.117782,-0.043187,-0.059572,-0.053950,-0.017323,0.051214,-0.054190,0.058062,-0.040101,-0.017178,-0.010833,-0.025588,-0.053579,0.081027,-0.041669,0.046465,-0.038393,-0.013134,0.001619,-0.078833,-0.012669,0.022334,0.015609,-0.045753,0.006879,-0.027201,0.064793,-0.022401,-0.073925,0.029802,0.003625,0.040397,0.014455,0.094535,-0.004753,0.012904,0.031360,-0.031027,-0.028540,0.015450,0.016746,0.027503,0.101941,-0.002912,0.019261,-0.052361,-0.040945,0.079655,0.072768,0.041471,0.055887,-0.036544,0.033367,-0.038931,0.006863,-0.012664,-0.032177,0.004444,-0.009900,0.000000,-0.064382,-0.018930,0.012468,0.080609,-0.016690,-0.033429,-0.023328,-0.018132,0.010259,-0.034681,-0.016023,0.095080,0.032962,0.045298,0.054982,-0.017516,-0.067921,-0.042849,0.034478,-0.024686,-0.086840,0.050486,-0.073680,0.080946,0.006107,0.069897,0.023785,0.043561,-0.048559,-0.010560,-0.053508,-0.057871,-0.061085,-0.024100,-0.010509,0.033543,0.016446,0.042522,0.009088,0.087214,0.046412,-0.017832,0.054891,-0.049342,-0.050842,-0.089829,0.037989,0.026371,0.085281,0.023507,0.078968,-0.011527,-0.063447,0.021101,-0.057453,0.083151,0.022625,0.095936,0.062663,0.037718,-0.007007,0.046430,-0.022131,-0.000098,-0.009728,-0.044704,-0.064139,-0.015499,0.021180,-0.039043,-0.052460,0.060198,0.029950,-0.030990,0.035541,-0.039667,-0.012128,0.055400,0.003583,-0.046624,-0.064535,-0.004603,0.032336,0.031213,-0.038938,-0.040211,0.030288,0.037708,0.019838,0.013606,-0.058324,0.031103,-0.021487,-0.011561,-0.120114,-0.000000,0.010421,0.012841,0.051621,0.060592,0.145486,-0.010618,-0.072792,0.115845,-0.037580,-0.067572,0.109835,-0.010631,-0.009884,0.002869,0.020221,-0.045602,0.029574,-0.114295,-0.037651,-0.030687,-0.077721,0.073588,-0.004362,-0.010929,-0.037239,0.009080,0.069831,0.187723,-0.051403,-0.024474,0.004925,0.045334,-0.072013,-0.066279,0.020308,0.044892,-0.015970,-0.040675,0.007650,-0.075656,-0.030144,-0.121029,-0.016025,0.043334,-0.021975,-0.013656,-0.037498,-0.090125,-0.003363,-0.077426,0.021972,-0.006083,0.092478,0.037978,0.077796,-0.067082,-0.006471,0.017121,-0.081372,0.081767,0.079746,-0.098065,-0.075472,0.006468,0.000000,0.000000,0.000000,0.000000,0.000000,0.000000,0.000000,0.000000,0.000000,0.000000,0.000000,0.000000,0.000000,0.000000,0.000000,0.000000,0.000000,0.000000,0.000000,0.000000,0.000000,0.000000,0.000000,0.000000
0x55cff98813253fec16e2922a1eaa718f22df5087,0,safe,raw_data/0x55cff98813253fec16e2922a1eaa718f22df5087/UserWallet.sol,-0.066073,0.084972,-0.010366,-0.096351,0.030028,-0.045428,0.016039,-0.034422,-0.039886,0.009095,-0.016636,0.068610,-0.011271,0.062557,-0.045310,-0.012138,0.070857,-0.008592,0.028301,0.012876,-0.035741,-0.054872,0.019902,-0.019014,0.028338,0.042491,-0.006665,0.043246,0.071236,-0.029819,0.029336,0.103105,0.073227,-0.098516,0.022525,-0.046462,0.024758,-0.043371,-0.013840,-0.058805,-0.014284,-0.083535,-0.072663,0.043399,0.029102,0.023423,0.062811,0.040130,0.027350,0.035635,-0.022524,-0.020391,0.002460,0.003600,-0.034346,-0.092185,-0.009784,0.019343,0.060668,0.009790,-0.023684,-0.014472,-0.072451,0.074014,-0.003654,0.018344,0.069763,-0.008295,-0.099882,0.003918,0.022524,-0.039191,-0.030757,0.071620,0.058352,-0.007246,0.065959,0.023691,-0.002175,-0.128198,-0.055124,-0.139292,-0.007594,0.021647,-0.070590,0.051286,0.106093,0.050599,0.040368,-0.062036,-0.075119,0.084649,0.063118,0.011497,0.001101,-0.045393,-0.052365,0.001921,0.020088,0.101189,-0.055446,0.009493,-0.049859,-0.037293,0.035476,-0.074922,0.020340,0.055997,0.060606,-0.005305,-0.005265,0.029076,0.016223,-0.021229,0.049017,-0.106638,-0.112996,0.000218,0.072648,-0.062036,0.053303,0.015102,-0.062329,0.035684,-0.020477,-0.081663,-0.054630,-0.000000,0.017851,0.028138,0.018013,0.044816,-0.011859,0.036842,-0.005432,-0.005137,-0.116946,-0.031733,-0.015389,-0.037612,-0.054628,0.023817,0.067620,-0.034391,-0.008800,-0.041045,0.029424,0.002322,-0.034430,0.007930,-0.034896,0.014255,-0.036497,0.018734,0.056224,-0.035887,0.146707,0.003531,-0.069320,-0.062946,0.012331,-0.078695,0.020223,0.122008,-0.013420,-0.030570,-0.031104,0.025987,0.003093,-0.015583,-0.119482,-0.061079,-0.025999,0.021364,-0.018376,-0.018581,0.022688,0.000290,-0.018346,0.025333,-0.063175,-0.012304,-0.025448,-0.024777,-0.080218,-0.025756,0.056991,-0.010411,0.001562,0.067188,0.006312,0.093099,-0.008321,0.065134,0.090794,-0.025764,-0.070251,0.057805,-0.120514,0.012414,0.118812,-0.114931,-0.014386,-0.028029,-0.062686,-0.046036,0.041344,0.018230,-0.072524,-0.004862,0.027200,-0.053226,-0.028237,0.000436,-0.041515,-0.113767,0.022616,0.092618,-0.027894,-0.121224,-0.031044,0.071114,-0.005097,0.000000,-0.031428,-0.056556,-0.039867,0.110045,-0.052310,-0.023945,-0.068324,0.093589,0.002435,0.064910,0.066158,0.023778,-0.000436,0.028285,0.004082,-0.042558,0.058757,-0.062451,-0.070828,0.006711,0.008516,-0.011467,0.034407,0.098328,0.015266,0.099788,0.094426,0.009735,-0.033605,-0.026157,0.025341,-0.026970,-0.092544,-0.063367,0.038234,0.008512,0.039621,0.039884,0.009840,-0.027104,0.023495,0.049214,0.026749,0.032633,0.028319,-0.103300,-0.004121,-0.056034,0.078626,-0.000019,0.025776,0.005053,0.068776,-0.118509,0.022344,0.011014,-0.089693,0.043031,0.112561,-0.013364,0.065913,-0.024915,-0.113463,-0.005698,-0.040605,-0.023303,-0.028067,0.027053,-0.015689,0.071158,0.015742,0.051697,-0.030631,-0.057635,-0.021786,-0.002471,0.053127,0.036380,-0.025886,0.036168,0.048148,0.089403,-0.020889,0.064887,-0.002189,0.010928,-0.031437,0.025226,-0.017209,-0.073085,-0.025977,0.021158,-0.007029,0.002172,-0.007068,-0.000000,-0.013443,0.022593,-0.080759,0.012524,0.006471,0.033308,-0.010220,-0.042786,0.058712,0.059770,0.090571,-0.069081,-0.081140,0.006416,-0.007064,0.050584,-0.041871,-0.055216,0.005564,-0.024346,-0.001764,0.024655,0.058769,-0.072770,-0.041176,0.006226,0.024685,-0.060723,-0.034133,0.032019,-0.041304,0.064989,0.024829,0.010189,0.054426,-0.066789,0.025679,0.142184,0.059379,0.003970,-0.010997,0.022331,0.027121,-0.000381,-0.004151,-0.037608,0.021711,0.011857,0.008413,-0.017597,-0.004777,0.022147,0.055977,0.046264,0.056347,0.021409,-0.017246,-0.006903,-0.002787,0.053743,0.037083,-0.027274,0.014585,0.099975,0.000000,0.000000,0.000000,0.000000,0.000000,0.000000,0.000000,0.000000,0.000000,0.000000,0.000000,0.000000,0.000000,0.000000,0.000000,0.000000,0.000000,0.000000,0.000000,0.000000,1.000000,0.000000,0.000000,0.000000
0x71b7ecd719612fb89717c588683814b86bc27637,1,rugpull,raw_data/0x71b7ecd719612fb89717c588683814b86bc27637/TokenContract.sol,-0.067468,0.059791,0.025359,0.012437,0.006879,-0.059647,0.057410,0.003550,0.003925,0.054560,0.009447,-0.075500,0.053336,-0.003322,-0.013926,0.058970,0.039561,-0.021542,-0.061161,-0.003595,0.055314,0.025383,-0.033417,0.038191,-0.007680,-0.076196,-0.031838,-0.045071,0.039210,-0.050338,0.045799,0.042014,0.002085,-0.062004,0.040713,0.023084,0.023376,0.022450,-0.032206,-0.001682,-0.012435,-0.024553,-0.070526,-0.007874,-0.023227,-0.010471,-0.022156,-0.034345,-0.104557,0.004116,0.086710,0.029885,-0.013926,-0.017630,0.013590,-0.018611,0.034559,0.001537,0.035329,0.017045,-0.049292,0.007455,-0.033225,-0.058058,0.061373,-0.052626,-0.012693,0.003686,-0.092282,0.135321,-0.003704,-0.028390,-0.045714,-0.058505,0.080464,0.014035,-0.044053,0.031924,-0.009913,-0.147152,-0.044987,0.005395,-0.035772,-0.108390,0.040566,-0.013128,0.003725,-0.022154,0.131983,0.029533,0.030858,0.026505,0.033589,-0.006449,0.040764,0.015173,0.007790,-0.028805,-0.091992,0.088872,-0.038435,0.056142,-0.027723,0.038947,0.005537,-0.049838,-0.007393,-0.005203,0.000742,0.004362,0.064937,-0.019384,-0.016034,-0.044966,-0.023833,0.020247,0.049134,-0.002718,0.057500,-0.054388,0.033593,0.005035,-0.017858,0.026291,0.016688,-0.020306,0.033465,-0.000000,-0.012410,-0.017333,-0.109395,0.024073,-0.010330,-0.034565,0.006333,0.019986,-0.083246,0.016694,0.086869,0.022620,0.014404,0.021915,0.068212,-0.079544,0.106839,0.076728,0.065865,0.053693,0.051057,-0.015201,-0.040348,0.029116,0.060070,-0.025439,-0.059141,0.011954,0.023247,0.029463,0.023723,0.069588,0.019496,-0.001022,0.013688,-0.041825,-0.055895,-0.015392,-0.010028,-0.042477,-0.073448,-0.000546,-0.085626,-0.000178,-0.033179,-0.110403,0.026776,0.008163,0.067280,0.028215,0.007962,0.043162,-0.070338,-0.045631,-0.013436,-0.122272,-0.033006,0.009379,0.038807,0.012020,0.023136,0.035744,-0.056511,0.002159,-0.042867,0.038734,-0.081383,-0.061681,0.069839,-0.050105,-0.101085,0.036180,0.041149,0.087394,-0.030806,-0.051096,0.016315,-0.016094,0.021799,-0.066831,-0.039228,0.050515,-0.028823,-0.005250,0.039398,-0.064390,-0.029303,0.046156,-0.065185,-0.062299,0.034903,-0.069871,0.007196,-0.023142,0.015930,-0.000000,-0.001725,0.034337,-0.058217,0.013138,-0.071866,-0.042380,-0.000494,-0.067715,0.096640,-0.056387,-0.062345,0.083014,0.037618,0.010610,-0.016013,-0.053078,-0.129888,-0.087157,0.005135,0.047047,0.001627,0.067412,0.110430,0.042961,-0.023717,0.074192,-0.038199,0.090691,0.049100,-0.049787,-0.045485,-0.016483,-0.041087,-0.025128,0.029216,-0.123740,-0.000368,0.094979,0.028373,0.008236,0.085023,-0.008448,0.032907,0.095274,0.035636,-0.027534,0.024107,-0.023133,0.053808,-0.088505,0.050365,-0.000274,0.017941,0.077826,-0.007370,0.066801,0.099662,0.009643,0.116738,0.004358,-0.045925,0.061587,0.119203,0.026088,0.026444,0.035934,-0.076220,-0.050487,0.082380,0.023564,0.061686,0.021193,-0.045889,-0.052611,0.060010,-0.039960,0.023531,-0.071368,0.040110,0.032489,-0.107382,0.099249,0.005300,-0.044984,-0.031278,-0.085644,-0.019131,-0.015182,-0.021326,0.009259,0.011761,-0.019392,0.025203,-0.022553,-0.073623,-0.000000,-0.007697,-0.090076,-0.043874,-0.031795,0.107890,-0.094266,-0.019700,-0.080412,0.012748,-0.034472,0.061342,0.045932,-0.032272,-0.085005,0.012978,-0.001060,0.029641,0.002872,-0.140903,-0.001285,-0.074092,-0.001429,-0.019965,-0.040220,-0.016589,-0.062397,0.070872,0.084414,0.005065,-0.010808,0.044904,0.031107,0.034108,0.070367,0.012054,-0.041699,-0.003217,0.029425,0.023227,0.053925,-0.010287,-0.041825,-0.038992,0.046815,0.025904,0.015772,-0.137434,-0.109126,-0.045379,-0.055642,-0.035603,0.027134,0.002092,0.097747,-0.032741,-0.007628,-0.035834,-0.064334,-0.026561,0.030050,0.068707,0.035525,0.056573,-0.034330,0.000000,0.000000,1.000000,0.000000,0.000000,1.000000,0.000000,0.000000,0.000000,0.000000,0.000000,0.000000,0.000000,0.000000,0.000000,0.000000,0.000000,0.000000,0.000000,0.000000,0.000000,0.000000,0.000000,0.000000
0x7840c9dde49af3e62063a198580ff3d6795b51ef,1,rugpull,raw_data/0x7840c9dde49af3e62063a198580ff3d6795b51ef/Corol.sol,-0.107040,0.024894,-0.017620,-0.000742,0.078848,-0.097721,0.077326,-0.068613,-0.045003,0.004686,0.062038,-0.067751,0.073851,0.032456,-0.101067,0.001988,-0.018811,-0.084308,0.021168,0.004853,-0.059443,-0.019653,-0.001553,0.020897,0.009484,-0.027431,0.020161,0.068000,-0.032494,-0.017455,0.075292,0.068488,0.029352,-0.028230,0.066443,-0.034168,0.017472,-0.076554,0.005682,-0.069174,0.020554,-0.133154,-0.023837,0.079432,0.012595,0.071825,0.007591,-0.004022,-0.066169,0.050458,0.015936,-0.028761,0.011812,-0.032653,-0.083088,0.040400,-0.016405,-0.011335,0.016439,0.020690,0.072446,-0.000977,-0.059642,0.065268,0.008361,0.057784,-0.032846,-0.069203,-0.002889,-0.027832,0.045018,0.001097,0.001273,0.066946,0.029636,-0.000755,-0.008728,-0.022237,0.065481,-0.075317,-0.064174,-0.071638,-0.005207,-0.006497,0.014026,0.037025,0.022800,0.045152,0.005946,-0.037962,0.119231,0.059545,-0.021270,-0.006845,-0.029045,0.003028,-0.005248,0.021331,-0.005343,0.066242,-0.002329,0.042822,-0.055439,-0.046027,0.023827,0.019484,0.051127,0.054082,0.019415,0.006448,-0.022178,-0.051853,0.015703,0.021938,-0.026421,0.069756,0.017355,0.058011,0.050053,-0.018161,-0.025161,-0.005003,-0.044745,-0.095601,-0.019083,-0.092880,0.017727,-0.000000,-0.014815,0.140107,-0.011255,0.032573,-0.052313,0.019338,-0.002081,-0.000448,-0.039910,-0.056679,-0.053462,0.002641,0.001851,0.016706,-0.041800,-0.058120,0.121834,0.025415,-0.029949,0.039511,0.069214,-0.074077,-0.020483,-0.025842,-0.005285,0.076676,0.020713,0.018841,0.081246,0.045513,0.013138,-0.054735,-0.039047,-0.009628,-0.007975,0.095233,0.020084,-0.025505,-0.058529,-0.086424,0.019224,0.002620,-0.071835,0.015842,-0.006002,0.043777,0.032986,0.013176,0.116721,0.068190,-0.099874,-0.016347,-0.058327,-0.042969,0.018100,-0.041066,-0.058309,-0.031254,-0.015621,0.005352,0.092540,0.040776,-0.115992,-0.133167,-0.106493,-0.020414,0.006765,0.014192,0.000538,0.061189,-0.068930,0.035774,0.080772,0.017402,-0.039219,-0.077815,-0.019046,0.059584,-0.077927,0.024065,-0.042778,0.006745,-0.013546,-0.020243,0.042067,-0.017942,0.036710,-0.003142,-0.025454,0.057118,0.019842,0.001140,-0.057247,0.070935,-0.004511,-0.000000,-0.034186,-0.051315,-0.045558,0.076352,-0.052739,-0.031516,0.002488,0.079910,0.032718,0.036877,0.051430,-0.003988,0.078178,-0.119115,-0.001453,-0.079481,-0.087497,0.011865,0.029598,0.045234,0.015703,0.040423,-0.000866,0.054721,-0.003867,0.070394,0.120881,0.017722,-0.045303,0.032919,0.028537,-0.025850,-0.106797,0.059891,0.032682,-0.055170,0.080240,0.086226,0.076469,0.020965,0.001876,0.017276,-0.026814,0.023161,-0.023795,-0.042589,0.066348,0.005665,-0.002620,-0.010216,0.016118,-0.070728,0.056171,0.025233,0.000458,0.143770,0.014093,0.045070,0.035835,-0.002590,-0.035472,0.031437,-0.021011,0.032400,0.071122,-0.067245,0.029106,0.065378,0.067980,0.003829,0.050635,-0.050684,-0.052085,0.003402,0.038252,-0.043633,0.003646,-0.012723,-0.000504,-0.010260,-0.036255,0.053507,0.004669,0.055407,-0.022597,-0.072570,-0.001632,-0.027919,-0.059111,-0.035851,-0.025101,-0.027215,-0.032228,-0.004291,0.006239,-0.000000,-0.017909,-0.043440,0.028060,0.056347,0.105840,0.052508,-0.022533,-0.066589,0.037718,-0.002522,0.000143,-0.063186,-0.080333,-0.068694,0.003248,-0.097829,-0.118999,0.015891,-0.058593,-0.048885,0.007334,-0.002218,0.028093,-0.095275,-0.055930,0.016658,0.036496,0.122547,-0.126176,-0.082657,-0.103893,-0.009732,-0.036567,-0.084496,-0.007020,0.065497,-0.030563,0.031511,-0.014535,0.024294,-0.020740,-0.045160,0.012484,-0.035561,0.026671,0.021972,-0.028436,-0.016589,-0.006729,-0.033125,-0.009940,-0.091616,0.110572,0.058909,-0.111535,0.019877,-0.039985,-0.050090,0.045985,0.056619,0.083806,-0.008188,0.001466,-0.009835,0.000000,0.000000,0.000000,0.000000,0.000000,0.000000,0.000000,0.000000,0.000000,0.000000,0.000000,0.000000,0.000000,0.000000,0.000000,0.000000,0.000000,0.000000,0.000000,0.000000,0.000000,1.000000,1.000000,1.000000
0x2fe321bbb468d71cc392dd95082efef181df2038,1,rugpull,raw_data/0x2fe321bbb468d71cc392dd95082efef181df2038/private_TRANSFER.sol,-0.068604,0.001403,-0.035798,0.033574,0.053930,0.007888,0.032351,0.040113,0.012247,-0.013677,0.002353,-0.016823,-0.111779,-0.024727,0.022343,0.032639,-0.007531,0.036508,-0.044272,-0.118013,0.077162,0.015913,0.012576,0.015363,-0.017022,0.035497,-0.054204,-0.039954,0.052810,-0.028958,0.025463,-0.004443,-0.143548,-0.015320,-0.018540,0.159746,-0.012433,-0.032205,0.076149,-0.022705,0.011489,-0.009614,-0.014642,-0.010278,-0.000204,0.043588,-0.019888,0.023335,-0.029038,-0.051054,-0.073939,0.007417,-0.012732,-0.026448,0.086217,0.063754,0.007910,-0.075822,-0.019382,0.036641,-0.034764,0.012915,-0.053431,0.054956,0.017308,0.020226,-0.044313,-0.060974,-0.002635,-0.037999,-0.038223,0.011965,-0.059682,0.057304,-0.024859,0.011560,-0.023624,0.026990,-0.056790,-0.069362,0.128079,0.028993,0.050004,0.046946,0.041780,-0.016473,0.092293,0.152164,0.050821,0.049145,-0.064400,0.034654,-0.046874,0.041747,-0.054820,-0.016563,-0.025545,-0.002142,0.012318,0.052254,-0.034128,0.071689,0.051122,-0.013082,-0.033311,-0.000288,-0.016491,0.027083,0.021902,0.048270,-0.010287,-0.041113,-0.025536,0.002001,0.014731,0.075630,-0.002698,-0.008023,0.140736,0.003296,0.120006,0.020428,-0.010847,0.030234,0.024104,0.010864,0.065398,0.000000,-0.020259,-0.082839,-0.067119,0.000862,-0.008392,0.023285,-0.014564,-0.037416,-0.042737,0.050220,-0.019701,-0.052952,-0.058019,-0.063462,-0.055826,-0.005529,0.057803,0.056905,0.074163,-0.032605,0.074622,-0.020290,-0.043323,0.026210,0.068504,-0.026089,-0.030623,-0.037699,0.027693,-0.009331,0.086767,0.044416,-0.090231,0.071761,0.079299,-0.030282,-0.058563,-0.048620,-0.017947,-0.022908,-0.042872,0.029431,-0.133229,0.051380,-0.004656,-0.135684,-0.062459,0.086137,0.068737,0.124782,0.027771,0.043184,-0.036464,-0.063393,-0.008578,-0.022685,-0.046779,0.053034,0.025159,0.028454,0.034058,0.032556,-0.056780,-0.163762,0.028086,-0.039772,0.005373,0.013715,0.059760,0.010837,-0.019629,0.026060,0.028160,0.011510,-0.012089,-0.041040,-0.006780,-0.027290,-0.022993,-0.034270,0.085319,-0.053323,-0.017251,0.020507,0.056405,-0.099012,0.055565,0.053439,-0.054015,-0.000066,-0.054500,0.058677,0.019247,-0.064433,-0.109696,-0.000000,0.040979,-0.052011,-0.110863,0.047936,-0.025832,-0.075238,0.032569,0.035481,0.084830,0.074259,0.027690,-0.009622,0.056244,-0.042045,-0.047609,0.022591,0.051999,-0.054937,-0.024291,0.058471,-0.033712,0.080221,-0.018489,-0.007289,0.019454,0.038995,0.037043,0.034509,-0.080649,-0.046083,0.026171,0.012005,-0.083916,-0.076656,-0.006764,0.022699,-0.029498,0.019049,-0.047912,0.027971,0.072091,0.085436,-0.100463,-0.080660,-0.031698,0.069596,-0.082184,0.024483,-0.026692,0.050978,-0.029150,-0.067876,0.047100,-0.054596,-0.004672,-0.041056,0.078311,-0.044424,0.039957,-0.048592,0.071935,-0.077611,0.024722,-0.047732,0.065505,-0.015237,-0.041360,-0.026436,-0.015763,0.069735,0.032421,-0.021476,-0.030425,-0.021188,-0.063670,0.037428,0.101105,-0.030129,0.020265,0.020624,0.049159,0.051284,0.030534,-0.016075,0.040998,0.044728,-0.078559,0.040553,0.008253,0.013768,-0.050674,0.021524,0.018930,0.048285,0.031530,-0.000000,-0.022688,-0.013555,0.014901,0.015623,0.065943,-0.000311,0.064868,0.024400,-0.020310,-0.087902,0.066904,0.045704,0.067033,0.004636,0.059242,-0.037509,0.053116,0.029967,-0.012850,-0.070771,-0.060688,-0.029302,0.003587,-0.018539,-0.042761,-0.050607,0.071985,-0.008766,-0.011711,-0.071978,0.032863,0.039727,0.068454,-0.047320,-0.051709,0.057232,-0.053744,0.045966,-0.037187,0.036718,0.004547,0.002237,-0.056057,-0.022239,-0.027594,-0.011321,0.035231,-0.052245,0.018042,0.042410,0.024745,-0.030490,-0.101485,0.055311,0.056213,-0.013490,0.024054,-0.048965,-0.049666,0.046989,-0.107007,0.090840,0.085600,0.024038,0.000000,0.000000,0.000000,0.000000,0.000000,0.000000,0.000000,0.000000,0.000000,0.000000,0.000000,0.000000,0.000000,0.000000,0.000000,0.000000,0.000000,0.000000,0.000000,0.000000,0.000000,0.000000,0.000000,0.000000
0xe2c38691cab968f2b9f893350a14491649dfbc2c,1,rugpull,raw_data/0xe2c38691cab968f2b9f893350a14491649dfbc2c/Niftys.sol,-0.089926,0.100196,-0.073620,-0.003740,0.019821,-0.123728,-0.004537,0.078664,-0.006019,-0.005743,0.000911,-0.036259,-0.028522,0.011906,-0.055199,-0.048680,-0.039070,0.116987,-0.035867,0.013434,0.029418,0.017229,-0.063908,0.052891,0.080028,0.006294,-0.045318,-0.032096,0.067882,-0.067351,0.029627,0.064293,0.026246,0.011278,0.040049,0.012685,0.068763,-0.000383,-0.022465,0.032946,-0.053154,-0.036120,-0.047840,0.007564,-0.018078,-0.032024,-0.040361,0.022382,-0.016658,0.023757,0.111995,0.073256,-0.079508,0.085611,-0.006450,-0.039712,0.002280,-0.016014,-0.027478,-0.026128,-0.030946,0.057978,-0.047221,-0.074924,0.021325,-0.038937,0.004103,-0.087042,-0.033241,0.080156,-0.015693,-0.000972,0.023466,0.028249,0.065580,-0.013471,-0.057270,0.000127,0.002262,-0.021981,0.036355,-0.025006,-0.012243,-0.061030,0.044345,0.002099,-0.002256,0.039975,0.135594,-0.020685,-0.045841,0.025334,-0.006641,-0.027082,0.007056,0.015731,-0.030662,-0.007251,-0.016678,0.061796,-0.055091,0.042909,-0.078734,-0.055065,0.022816,0.055015,0.019595,0.037576,-0.027072,-0.030673,0.059902,0.001464,0.046903,-0.066053,0.083967,-0.017344,-0.012189,0.057625,-0.030146,-0.080000,-0.012789,0.080639,-0.041503,0.074922,0.018802,0.011871,0.004066,0.000000,-0.070121,0.014680,0.007759,0.079725,-0.061501,0.051315,-0.034595,0.020931,-0.044549,0.097749,-0.014246,0.020417,0.014419,-0.022813,0.021161,-0.088651,0.107225,-0.026961,0.004029,0.001495,0.043162,-0.013286,-0.119975,0.058230,0.101540,0.038266,-0.018982,-0.046875,0.037136,0.029930,-0.066929,0.078526,0.003705,-0.013527,0.039425,-0.009204,-0.031532,0.021932,0.005397,0.010626,-0.083293,-0.006829,-0.081129,-0.034181,0.004149,-0.038759,0.072316,0.047327,0.065132,-0.042897,-0.028904,0.068964,-0.072423,-0.021593,-0.019535,-0.066508,0.047027,-0.030485,0.013628,0.063661,-0.015153,0.101307,-0.045315,-0.067059,-0.096588,0.004296,-0.089416,-0.038878,0.022113,0.016232,-0.122326,0.040198,0.002800,0.043923,-0.050277,-0.052156,0.092916,-0.045783,0.066466,-0.070722,-0.029342,0.057792,0.055253,-0.038528,0.036512,-0.116476,-0.083218,-0.073489,-0.074644,-0.012709,-0.079134,-0.082008,0.054031,-0.022805,-0.042688,-0.000000,-0.077908,0.066996,-0.103472,0.072149,-0.132201,-0.038079,0.040545,-0.019295,0.081916,-0.059647,-0.005270,0.035545,0.008572,0.018071,0.036344,-0.001474,-0.123779,-0.047287,-0.031285,0.057596,-0.082191,0.090409,0.061419,-0.008460,0.005048,0.085732,0.023251,0.066420,0.052996,-0.017168,0.032647,-0.061790,0.015121,-0.075953,-0.006110,-0.073597,0.034129,0.002360,0.038494,-0.050265,0.066394,-0.010323,0.054008,0.075208,0.010530,-0.012474,0.076149,0.005236,0.032649,-0.123389,0.022874,-0.012448,-0.020056,0.096576,0.014246,0.043049,0.022463,0.023403,0.016039,0.016399,-0.021314,0.000714,0.118293,-0.005958,-0.013975,0.026087,-0.062972,-0.018927,-0.000659,0.037426,0.099289,0.061625,0.001295,-0.012628,-0.039850,-0.054820,-0.016230,-0.027044,0.010335,0.040064,-0.078322,0.022588,-0.001492,-0.024261,-0.054866,-0.065563,0.005729,0.029959,-0.015529,0.002416,-0.047057,0.001416,-0.017202,-0.002255,0.004903,-0.000000,-0.022694,-0.061305,-0.000906,-0.034710,0.056908,0.008747,0.021268,-0.046692,-0.011443,-0.065535,0.043928,0.030919,0.004124,-0.098758,0.036770,0.040583,0.033181,-0.004597,-0.082561,-0.013802,-0.040341,0.013242,-0.019690,-0.049914,-0.022211,-0.028995,-0.011882,0.045857,0.029378,-0.045120,0.066155,0.061525,0.045882,0.069750,0.034119,-0.078048,0.059239,0.105021,0.043338,0.023285,-0.072706,0.031186,-0.047286,0.047585,-0.043933,-0.012743,-0.006600,-0.042810,-0.068030,0.026319,0.012858,0.060937,-0.052557,0.093280,0.025946,-0.045120,-0.109759,-0.040995,-0.064339,0.074506,-0.060762,0.003390,0.045271,-0.024969,0.000000,0.000000,1.000000,0.000000,0.000000,1.000000,0.000000,0.000000,0.000000,0.000000,0.000000,0.000000,0.000000,0.000000,0.000000,0.000000,0.000000,0.000000,0.000000,0.000000,0.000000,0.000000,0.000000,0.000000
0x188ec11079233f91b97db9e6fa4cc1dd8fc7ba90,0,safe,raw_data/0x188ec11079233f91b97db9e6fa4cc1dd8fc7ba90/UserWallet.sol,-0.066073,0.084972,-0.010366,-0.096351,0.030028,-0.045428,0.016039,-0.034422,-0.039886,0.009095,-0.016636,0.068610,-0.011271,0.062557,-0.045310,-0.012138,0.070857,-0.008592,0.028301,0.012876,-0.035741,-0.054872,0.019902,-0.019014,0.028338,0.042491,-0.006665,0.043246,0.071236,-0.029819,0.029336,0.103105,0.073227,-0.098516,0.022525,-0.046462,0.024758,-0.043371,-0.013840,-0.058805,-0.014284,-0.083535,-0.072663,0.043399,0.029102,0.023423,0.062811,0.040130,0.027350,0.035635,-0.022524,-0.020391,0.002460,0.003600,-0.034346,-0.092185,-0.009784,0.019343,0.060668,0.009790,-0.023684,-0.014472,-0.072451,0.074014,-0.003654,0.018344,0.069763,-0.008295,-0.099882,0.003918,0.022524,-0.039191,-0.030757,0.071620,0.058352,-0.007246,0.065959,0.023691,-0.002175,-0.128198,-0.055124,-0.139292,-0.007594,0.021647,-0.070590,0.051286,0.106093,0.050599,0.040368,-0.062036,-0.075119,0.084649,0.063118,0.011497,0.001101,-0.045393,-0.052365,0.001921,0.020088,0.101189,-0.055446,0.009493,-0.049859,-0.037293,0.035476,-0.074922,0.020340,0.055997,0.060606,-0.005305,-0.005265,0.029076,0.016223,-0.021229,0.049017,-0.106638,-0.112996,0.000218,0.072648,-0.062036,0.053303,0.015102,-0.062329,0.035684,-0.020477,-0.081663,-0.054630,-0.000000,0.017851,0.028138,0.018013,0.044816,-0.011859,0.036842,-0.005432,-0.005137,-0.116946,-0.031733,-0.015389,-0.037612,-0.054628,0.023817,0.067620,-0.034391,-0.008800,-0.041045,0.029424,0.002322,-0.034430,0.007930,-0.034896,0.014255,-0.036497,0.018734,0.056224,-0.035887,0.146707,0.003531,-0.069320,-0.062946,0.012331,-0.078695,0.020223,0.122008,-0.013420,-0.030570,-0.031104,0.025987,0.003093,-0.015583,-0.119482,-0.061079,-0.025999,0.021364,-0.018376,-0.018581,0.022688,0.000290,-0.018346,0.025333,-0.063175,-0.012304,-0.025448,-0.024777,-0.080218,-0.025756,0.056991,-0.010411,0.001562,0.067188,0.006312,0.093099,-0.008321,0.065134,0.090794,-0.025764,-0.070251,0.057805,-0.120514,0.012414,0.118812,-0.114931,-0.014386,-0.028029,-0.062686,-0.046036,0.041344,0.018230,-0.072524,-0.004862,0.027200,-0.053226,-0.028237,0.000436,-0.041515,-0.113767,0.022616,0.092618,-0.027894,-0.121224,-0.031044,0.071114,-0.005097,0.000000,-0.031428,-0.056556,-0.039867,0.110045,-0.052310,-0.023945,-0.068324,0.093589,0.002435,0.064910,0.066158,0.023778,-0.000436,0.028285,0.004082,-0.042558,0.058757,-0.062451,-0.070828,0.006711,0.008516,-0.011467,0.034407,0.098328,0.015266,0.099788,0.094426,0.009735,-0.033605,-0.026157,0.025341,-0.026970,-0.092544,-0.063367,0.038234,0.008512,0.039621,0.039884,0.009840,-0.027104,0.023495,0.049214,0.026749,0.032633,0.028319,-0.103300,-0.004121,-0.056034,0.078626,-0.000019,0.025776,0.005053,0.068776,-0.118509,0.022344,0.011014,-0.089693,0.043031,0.112561,-0.013364,0.065913,-0.024915,-0.113463,-0.005698,-0.040605,-0.023303,-0.028067,0.027053,-0.015689,0.071158,0.015742,0.051697,-0.030631,-0.057635,-0.021786,-0.002471,0.053127,0.036380,-0.025886,0.036168,0.048148,0.089403,-0.020889,0.064887,-0.002189,0.010928,-0.031437,0.025226,-0.017209,-0.073085,-0.025977,0.021158,-0.007029,0.002172,-0.007068,-0.000000,-0.013443,0.022593,-0.080759,0.012524,0.006471,0.033308,-0.010220,-0.042786,0.058712,0.059770,0.090571,-0.069081,-0.081140,0.006416,-0.007064,0.050584,-0.041871,-0.055216,0.005564,-0.024346,-0.001764,0.024655,0.058769,-0.072770,-0.041176,0.006226,0.024685,-0.060723,-0.034133,0.032019,-0.041304,0.064989,0.024829,0.010189,0.054426,-0.066789,0.025679,0.142184,0.059379,0.003970,-0.010997,0.022331,0.027121,-0.000381,-0.004151,-0.037608,0.021711,0.011857,0.008413,-0.017597,-0.004777,0.022147,0.055977,0.046264,0.056347,0.021409,-0.017246,-0.006903,-0.002787,0.053743,0.037083,-0.027274,0.014585,0.099975,0.000000,0.000000,0.000000,0.000000,0.000000,0.000000,0.000000,0.000000,0.000000,0.000000,0.000000,0.000000,0.000000,0.000000,0.000000,0.000000,0.000000,0.000000,0.000000,0.000000,1.000000,0.000000,0.000000,0.000000
0x1adb2162d1f66aab6aec6e567838e0b0720a912d,1,rugpull,raw_data/0x1adb2162d1f66aab6aec6e567838e0b0720a912d/UniswapExchange.sol,-0.131772,0.063982,-0.025360,0.020770,-0.020781,-0.040448,-0.061442,0.044304,-0.006719,-0.018380,0.043804,0.061311,0.002994,-0.014290,-0.089429,0.026551,-0.087626,-0.013508,-0.020550,-0.028030,0.053134,-0.038380,-0.019570,0.012534,-0.029068,0.034526,-0.015193,0.027888,0.049506,-0.027322,-0.000316,0.140123,-0.029479,0.059680,0.055058,0.029971,0.006532,0.065540,0.006669,-0.040168,-0.046677,-0.009647,-0.088713,-0.008431,0.049639,-0.026637,-0.073308,-0.058231,0.006978,-0.021128,-0.034237,0.075768,-0.027177,0.036013,0.070622,0.017625,-0.001283,0.027712,0.043594,-0.043998,0.047895,0.049012,0.003198,-0.067428,0.000894,0.054959,-0.022822,0.000554,-0.021409,0.073484,-0.012609,0.005256,0.038737,0.064348,0.041497,-0.004667,-0.049982,-0.009050,-0.058653,0.012426,-0.044156,-0.028428,0.029849,0.090146,-0.048190,-0.022357,-0.034632,-0.031027,0.095616,-0.013999,-0.030210,-0.043067,-0.059665,-0.000101,-0.019202,0.028214,-0.082629,-0.013971,-0.147058,0.047603,-0.007644,0.019838,-0.016931,0.030382,0.025137,-0.095912,0.138653,-0.001633,-0.116205,0.010338,0.112279,0.006710,0.018194,0.011291,-0.070363,0.028329,0.056763,0.002383,-0.001949,0.049656,0.086292,0.082591,0.019740,0.034354,0.006063,0.010298,0.114477,-0.000000,0.029227,0.014369,0.025819,0.030846,-0.014427,-0.026456,-0.057906,0.046185,-0.067232,0.086917,0.012990,-0.059369,0.014761,-0.061934,-0.006194,-0.097119,0.004260,0.004865,-0.107206,-0.017794,-0.015114,-0.062472,-0.033073,-0.040525,0.050332,-0.057708,-0.100043,-0.028437,0.066408,0.021448,0.020174,0.019128,-0.019878,0.034459,-0.018415,0.091683,-0.117936,-0.058370,-0.035099,0.004555,-0.008070,-0.008235,0.073545,-0.022114,0.084927,-0.024601,-0.079906,0.068786,-0.004846,0.067382,-0.033103,0.116825,-0.011299,-0.038708,0.020050,-0.071798,-0.029365,-0.019037,-0.052639,0.091044,-0.028571,-0.101413,-0.150013,0.031585,-0.054795,0.010087,-0.096680,0.016373,-0.028744,-0.031853,-0.099330,-0.055930,0.021214,0.103569,-0.026806,-0.087572,0.110576,0.049034,0.002609,-0.113924,0.036357,-0.003790,0.003471,0.023051,0.093341,-0.038274,0.020062,-0.003389,-0.023541,-0.021414,0.016198,-0.023293,-0.008767,-0.049073,-0.044730,-0.000000,0.073808,0.036401,-0.025352,0.000967,-0.066873,0.047400,0.072669,0.037364,0.052310,0.022835,0.062686,0.044155,0.049739,-0.031481,-0.063351,0.129262,-0.025352,-0.047352,0.103263,0.033569,-0.034919,0.051018,-0.010127,-0.035620,-0.075499,0.017699,0.020704,0.104867,-0.055084,0.047573,0.035447,0.007826,-0.015059,-0.064286,-0.047195,0.019833,-0.040210,0.042402,0.017420,0.115150,0.063810,0.011814,0.002785,0.002332,-0.010036,-0.015806,-0.022504,-0.007492,-0.083864,-0.033675,-0.033416,-0.010003,0.064548,0.005853,-0.015194,0.036431,-0.059436,0.072129,-0.084436,-0.006923,0.115691,0.022710,0.039552,-0.013552,0.068552,-0.040326,-0.036369,0.070866,0.002995,-0.036898,0.017195,-0.014655,0.002806,-0.018735,0.020480,-0.078256,0.003545,-0.035206,0.007631,-0.044003,-0.005766,0.038887,-0.018076,0.011135,-0.075346,-0.040067,-0.029013,0.096155,-0.005454,0.063011,-0.055654,-0.008369,0.028737,0.086522,0.012130,-0.000000,0.023871,-0.061322,0.007472,0.002328,0.036879,0.057804,0.067149,0.026311,-0.063068,0.006633,0.031306,0.108313,-0.066071,-0.061382,0.024464,0.003011,-0.028515,-0.049810,-0.091963,-0.073714,-0.057269,0.009352,0.016590,0.034005,0.035878,0.013618,0.038690,-0.020330,-0.008940,-0.066135,0.000929,0.047795,0.053123,0.003338,-0.046322,0.079588,-0.020009,0.071739,0.044375,0.019308,-0.075315,0.051635,-0.029490,0.000711,-0.019213,-0.020988,-0.035986,0.023326,-0.014735,-0.029362,-0.054632,0.066603,0.009852,0.012474,-0.024596,0.004899,0.013102,0.061081,-0.044077,0.048751,0.000258,0.084579,0.042384,0.031191,0.000000,0.000000,1.000000,0.000000,0.000000,1.000000,0.000000,0.000000,0.000000,0.000000,0.000000,0.000000,0.000000,0.000000,0.000000,0.000000,0.000000,0.000000,0.000000,0.000000,1.000000,0.000000,0.000000,0.000000
0x4f2c4dffa2f1b0c8695057d3a66b8e1a462f5834,1,rugpull,raw_data/0x4f2c4dffa2f1b0c8695057d3a66b8e1a462f5834/RVC.sol,-0.055725,0.006997,-0.077937,-0.006688,0.052165,-0.028643,0.038486,0.025612,-0.031011,-0.012207,0.000659,-0.083442,-0.034830,-0.054385,0.009196,-0.022890,-0.069147,0.063288,-0.036334,-0.073273,0.035280,0.038520,-0.088101,0.030455,0.015870,0.016879,-0.076635,-0.031480,0.025015,-0.081566,-0.000149,0.076219,-0.072368,0.015054,-0.047486,0.103415,-0.028308,-0.036271,-0.034117,-0.008670,0.033193,-0.039592,0.022904,0.008559,0.014552,0.087054,-0.088039,0.049206,0.010278,-0.011338,-0.002993,0.004501,-0.083678,0.134218,0.042131,0.053168,0.063119,-0.076435,-0.023567,-0.027795,0.018243,-0.002746,-0.020353,0.093249,0.009904,-0.025899,0.000095,0.043539,-0.067158,-0.028246,-0.059305,0.010755,-0.049777,0.012792,0.057845,0.056084,0.000600,0.033947,-0.029729,-0.048692,0.086704,0.033969,-0.004606,0.024037,0.005366,0.041765,-0.024291,0.028248,0.059449,0.113974,-0.029221,0.101331,0.022084,-0.042075,-0.093106,0.023349,-0.012259,-0.018018,0.011537,0.019273,-0.048528,0.101845,0.046971,-0.052968,-0.070440,0.004113,0.008343,-0.050037,0.027991,-0.013164,-0.049455,0.049983,-0.004262,-0.070347,0.042239,0.029054,-0.007542,-0.096551,0.032114,-0.023339,0.073780,0.014932,0.014225,0.080997,-0.035625,-0.019000,-0.012065,-0.000000,-0.049932,0.014108,-0.004229,0.018095,-0.046218,-0.026842,-0.000963,-0.016027,-0.095211,0.006170,-0.051676,0.071655,0.026421,0.059773,-0.035789,-0.026816,0.054946,0.103937,0.112360,-0.050057,0.049205,0.021779,-0.008893,0.019193,0.065672,0.020053,-0.064538,-0.045488,0.028340,0.001844,0.021293,0.035896,-0.066295,-0.007566,-0.000389,0.004689,-0.045129,-0.063869,-0.012684,-0.015966,-0.039313,0.027223,-0.010942,0.051367,-0.003741,-0.088865,-0.065374,0.094501,0.113807,0.109694,-0.010185,0.003256,0.020311,-0.041361,0.057457,-0.017894,-0.036918,0.087227,-0.002942,0.078669,0.006718,0.094806,-0.083805,-0.089322,0.026700,0.058176,-0.095911,-0.116720,0.071977,-0.038866,-0.058866,0.050628,-0.028843,0.079585,0.040129,0.003308,-0.009975,-0.052875,-0.055360,-0.018474,-0.064718,0.018280,-0.025143,0.040514,0.019862,-0.089907,0.059318,-0.048142,-0.030103,0.015622,0.027126,0.004578,-0.013413,-0.012740,0.016091,0.000000,0.032127,0.041238,-0.112533,0.015882,-0.037673,-0.093797,0.077266,-0.011150,0.049005,0.022308,-0.034432,-0.004392,0.004292,-0.017191,0.008530,-0.070936,0.032756,-0.050936,-0.039693,0.033572,-0.016036,0.159628,0.024692,0.021846,-0.040279,0.039915,0.015220,-0.001834,-0.014612,-0.006648,-0.006461,0.034477,-0.036825,-0.027219,0.012966,-0.026197,0.049846,0.056527,0.038203,-0.015256,0.051447,0.054079,-0.098852,-0.060867,0.005955,-0.030657,-0.044866,-0.002213,0.043740,0.058469,0.033043,-0.021807,-0.118297,0.020297,0.030022,0.004580,0.122244,-0.018420,0.054305,-0.080873,0.001380,-0.032204,-0.007755,-0.080508,0.016606,-0.005614,0.018422,-0.013236,0.024895,0.064452,0.006709,0.051966,0.071878,-0.059673,-0.066603,-0.014179,0.009154,-0.037180,-0.007803,0.091559,-0.059379,0.057097,0.090784,0.048268,0.028927,-0.030645,-0.022353,-0.012511,-0.014566,-0.004417,-0.087798,-0.006503,0.033549,0.068192,0.013823,-0.000000,-0.033674,-0.049765,-0.011987,0.051852,0.013955,0.038124,0.024000,-0.078578,-0.080012,-0.035594,-0.026303,0.113253,0.079515,-0.041598,0.058166,0.018065,0.062447,0.008984,-0.074245,-0.115578,-0.018377,-0.014733,-0.072633,0.014374,0.008109,-0.066275,0.079356,-0.013992,0.057643,-0.097748,0.044103,0.016908,0.057132,-0.008531,0.094744,0.060658,-0.007389,0.090244,-0.006024,0.086200,-0.090076,0.042557,-0.072801,-0.011664,0.027657,-0.055034,-0.064229,-0.008459,0.009631,-0.013924,0.054598,-0.040290,-0.059879,0.082649,0.019612,-0.040210,-0.041739,-0.014439,-0.011218,0.041577,0.002474,0.079713,0.105455,-0.027628,0.000000,0.000000,0.000000,0.000000,0.000000,0.000000,0.000000,0.000000,0.000000,0.000000,0.000000,0.000000,0.000000,0.000000,0.000000,0.000000,1.000000,0.000000,0.000000,0.000000,0.000000,0.000000,0.000000,0.000000
0x234f256ce43bbec4ab5c208360902aa12e97a6a8,0,safe,raw_data/0x234f256ce43bbec4ab5c208360902aa12e97a6a8/UserWallet.sol,-0.066073,0.084972,-0.010366,-0.096351,0.030028,-0.045428,0.016039,-0.034422,-0.039886,0.009095,-0.016636,0.068610,-0.011271,0.062557,-0.045310,-0.012138,0.070857,-0.008592,0.028301,0.012876,-0.035741,-0.054872,0.019902,-0.019014,0.028338,0.042491,-0.006665,0.043246,0.071236,-0.029819,0.029336,0.103105,0.073227,-0.098516,0.022525,-0.046462,0.024758,-0.043371,-0.013840,-0.058805,-0.014284,-0.083535,-0.072663,0.043399,0.029102,0.023423,0.062811,0.040130,0.027350,0.035635,-0.022524,-0.020391,0.002460,0.003600,-0.034346,-0.092185,-0.009784,0.019343,0.060668,0.009790,-0.023684,-0.014472,-0.072451,0.074014,-0.003654,0.018344,0.069763,-0.008295,-0.099882,0.003918,0.022524,-0.039191,-0.030757,0.071620,0.058352,-0.007246,0.065959,0.023691,-0.002175,-0.128198,-0.055124,-0.139292,-0.007594,0.021647,-0.070590,0.051286,0.106093,0.050599,0.040368,-0.062036,-0.075119,0.084649,0.063118,0.011497,0.001101,-0.045393,-0.052365,0.001921,0.020088,0.101189,-0.055446,0.009493,-0.049859,-0.037293,0.035476,-0.074922,0.020340,0.055997,0.060606,-0.005305,-0.005265,0.029076,0.016223,-0.021229,0.049017,-0.106638,-0.112996,0.000218,0.072648,-0.062036,0.053303,0.015102,-0.062329,0.035684,-0.020477,-0.081663,-0.054630,-0.000000,0.017851,0.028138,0.018013,0.044816,-0.011859,0.036842,-0.005432,-0.005137,-0.116946,-0.031733,-0.015389,-0.037612,-0.054628,0.023817,0.067620,-0.034391,-0.008800,-0.041045,0.029424,0.002322,-0.034430,0.007930,-0.034896,0.014255,-0.036497,0.018734,0.056224,-0.035887,0.146707,0.003531,-0.069320,-0.062946,0.012331,-0.078695,0.020223,0.122008,-0.013420,-0.030570,-0.031104,0.025987,0.003093,-0.015583,-0.119482,-0.061079,-0.025999,0.021364,-0.018376,-0.018581,0.022688,0.000290,-0.018346,0.025333,-0.063175,-0.012304,-0.025448,-0.024777,-0.080218,-0.025756,0.056991,-0.010411,0.001562,0.067188,0.006312,0.093099,-0.008321,0.065134,0.090794,-0.025764,-0.070251,0.057805,-0.120514,0.012414,0.118812,-0.114931,-0.014386,-0.028029,-0.062686,-0.046036,0.041344,0.018230,-0.072524,-0.004862,0.027200,-0.053226,-0.028237,0.000436,-0.041515,-0.113767,0.022616,0.092618,-0.027894,-0.121224,-0.031044,0.071114,-0.005097,0.000000,-0.031428,-0.056556,-0.039867,0.110045,-0.052310,-0.023945,-0.068324,0.093589,0.002435,0.064910,0.066158,0.023778,-0.000436,0.028285,0.004082,-0.042558,0.058757,-0.062451,-0.070828,0.006711,0.008516,-0.011467,0.034407,0.098328,0.015266,0.099788,0.094426,0.009735,-0.033605,-0.026157,0.025341,-0.026970,-0.092544,-0.063367,0.038234,0.008512,0.039621,0.039884,0.009840,-0.027104,0.023495,0.049214,0.026749,0.032633,0.028319,-0.103300,-0.004121,-0.056034,0.078626,-0.000019,0.025776,0.005053,0.068776,-0.118509,0.022344,0.011014,-0.089693,0.043031,0.112561,-0.013364,0.065913,-0.024915,-0.113463,-0.005698,-0.040605,-0.023303,-0.028067,0.027053,-0.015689,0.071158,0.015742,0.051697,-0.030631,-0.057635,-0.021786,-0.002471,0.053127,0.036380,-0.025886,0.036168,0.048148,0.089403,-0.020889,0.064887,-0.002189,0.010928,-0.031437,0.025226,-0.017209,-0.073085,-0.025977,0.021158,-0.007029,0.002172,-0.007068,-0.000000,-0.013443,0.022593,-0.080759,0.012524,0.006471,0.033308,-0.010220,-0.042786,0.058712,0.059770,0.090571,-0.069081,-0.081140,0.006416,-0.007064,0.050584,-0.041871,-0.055216,0.005564,-0.024346,-0.001764,0.024655,0.058769,-0.072770,-0.041176,0.006226,0.024685,-0.060723,-0.034133,0.032019,-0.041304,0.064989,0.024829,0.010189,0.054426,-0.066789,0.025679,0.142184,0.059379,0.003970,-0.010997,0.022331,0.027121,-0.000381,-0.004151,-0.037608,0.021711,0.011857,0.008413,-0.017597,-0.004777,0.022147,0.055977,0.046264,0.056347,0.021409,-0.017246,-0.006903,-0.002787,0.053743,0.037083,-0.027274,0.014585,0.099975,0.000000,0.000000,0.000000,0.000000,0.000000,0.000000,0.000000,0.000000,0.000000,0.000000,0.000000,0.000000,0.000000,0.000000,0.000000,0.000000,0.000000,0.000000,0.000000,0.000000,1.000000,0.000000,0.000000,0.000000
0x99dab0ae4f82fb792c780515c7e9036240e8e627,1,rugpull,raw_data/0x99dab0ae4f82fb792c780515c7e9036240e8e627/ERC20.sol,-0.107901,0.024331,-0.007973,0.082654,0.009553,-0.057088,-0.052125,-0.083229,0.025867,0.035808,0.026381,-0.061106,0.027239,0.136064,0.013918,-0.011906,-0.064155,0.079834,-0.023913,0.017115,-0.040673,-0.093784,-0.050739,0.031405,0.059437,-0.006789,-0.057884,-0.066425,0.111187,-0.043752,-0.004180,0.044233,0.034435,0.001016,0.031153,-0.032457,0.024641,-0.049439,0.039436,0.027158,-0.060849,-0.020295,-0.092823,0.040959,0.003634,0.039266,0.028692,0.045026,-0.042152,0.032746,-0.049117,0.036216,-0.077127,0.002376,-0.007757,-0.011935,0.012645,0.118623,0.051770,0.012279,-0.066243,0.003324,-0.002474,0.014109,0.095246,0.008828,-0.025879,0.024239,-0.051003,0.042998,-0.015729,0.046571,0.062676,0.078862,0.030814,0.050700,-0.027604,-0.048395,0.035651,0.067164,-0.098397,-0.087199,-0.017292,0.002789,0.011054,-0.060039,-0.024961,0.017703,-0.004218,-0.008367,0.062986,0.013707,-0.065242,-0.048744,0.059097,-0.061094,-0.040007,0.004912,-0.010114,-0.002911,-0.011142,0.063636,0.026937,-0.030099,0.018440,-0.067114,0.089397,-0.047268,0.022790,0.040886,0.123734,-0.002240,0.060500,-0.023085,-0.053994,-0.034548,0.072416,-0.061847,0.006579,-0.059095,0.037909,-0.024298,0.094111,0.076070,0.018901,0.057543,0.013862,-0.000000,-0.022869,-0.018560,-0.014564,0.058535,-0.108709,0.024075,-0.046229,0.040327,-0.009767,-0.010053,-0.034977,-0.003004,0.082183,-0.027433,0.052665,0.000607,0.003979,-0.013866,-0.076702,-0.010942,0.036569,-0.048297,-0.030907,-0.013740,0.002022,-0.053922,0.037700,0.003746,-0.006371,-0.013766,0.005982,0.009638,-0.037050,0.080066,0.045249,0.122466,0.000661,0.016961,0.043913,0.023041,-0.068140,-0.058702,0.016826,-0.021374,0.008370,-0.082572,-0.077490,0.029523,0.009986,-0.038384,-0.026429,0.064520,0.062598,-0.001290,0.030233,0.021860,-0.022472,0.011866,0.013289,0.064756,-0.005995,0.042305,-0.094434,-0.045927,-0.145809,0.029918,-0.040829,0.082604,0.038741,0.030101,-0.018745,-0.029960,-0.023259,0.032358,0.029263,-0.060537,0.031897,0.042624,0.025483,-0.101736,0.011173,0.008452,0.087950,0.038766,-0.009039,-0.011281,0.009543,-0.009940,-0.064123,-0.055206,0.081406,-0.019115,0.065053,0.030793,-0.035369,-0.000000,-0.045444,0.062378,0.008344,0.058245,-0.112414,-0.082197,0.060419,-0.106137,-0.012213,0.023608,0.045426,0.002207,-0.038882,0.033949,-0.005759,-0.014546,-0.088088,0.001989,0.014559,0.071200,-0.020994,-0.005754,-0.000339,-0.020746,-0.029655,0.050110,-0.016134,0.012019,0.091600,0.064664,-0.011332,-0.009829,-0.079049,-0.145168,-0.007639,-0.087540,-0.012395,0.056375,0.050845,0.039147,0.009006,-0.083381,0.018067,0.051733,0.071337,0.004866,0.160642,0.010432,-0.030253,-0.088340,0.023685,-0.035902,0.021041,0.063771,0.000593,0.039660,-0.057203,-0.021879,-0.037827,0.078919,-0.067029,0.056962,0.059734,-0.006914,-0.059457,0.008629,-0.029553,0.118659,0.041346,-0.040051,0.083205,0.069309,-0.033457,-0.065410,-0.048418,0.033123,0.025740,-0.009755,0.042461,-0.012332,0.080280,0.022662,-0.042446,-0.046437,-0.058964,0.010412,0.015947,0.006779,-0.035311,0.110641,-0.013611,0.071112,-0.024680,-0.008836,-0.007982,-0.000000,-0.044074,0.066010,0.035478,-0.022441,-0.050560,-0.033094,0.060030,-0.145228,0.001798,-0.002342,-0.018684,-0.023421,-0.033388,-0.120682,-0.022877,-0.013766,0.021072,-0.067070,-0.070828,0.069704,-0.044588,-0.038006,-0.000299,0.008566,0.022036,-0.037874,-0.022127,0.039896,-0.012636,-0.067618,-0.021759,0.067289,0.004982,-0.025262,0.025792,0.042630,0.063930,0.091594,0.039493,-0.023776,-0.139431,-0.091611,0.027148,-0.002191,-0.037895,-0.030457,-0.061224,-0.040438,-0.039862,-0.067071,-0.000201,0.032307,-0.042360,0.045574,0.042531,-0.053293,-0.021596,0.004629,-0.018904,0.046180,0.063881,0.067374,0.048477,-0.033080,0.000000,0.000000,0.000000,0.000000,0.000000,0.000000,0.000000,0.000000,0.000000,0.000000,0.000000,0.000000,0.000000,0.000000,0.000000,0.000000,0.000000,0.000000,0.000000,0.000000,0.000000,0.000000,0.000000,0.000000
0x559be9a89db88794645abb93e3bfc1af2ee0be40,1,rugpull,raw_data/0x559be9a89db88794645abb93e3bfc1af2ee0be40/CryptoRoulette.sol,-0.053541,0.035523,-0.052711,-0.057689,-0.035884,0.054894,0.100969,0.013281,0.085791,-0.001372,-0.052295,-0.016151,0.043425,-0.020271,-0.016927,-0.111287,-0.043653,0.020272,0.007484,-0.030022,0.014516,-0.068550,0.017597,-0.015078,-0.000639,-0.095245,0.060090,0.030569,-0.008377,-0.045114,0.049698,0.042420,0.054673,-0.073564,-0.082763,-0.097071,-0.145445,-0.074738,-0.079726,0.030429,-0.002306,-0.054437,-0.059588,0.030505,-0.061499,0.040134,-0.027057,0.090005,0.009358,0.087436,0.010393,0.014807,-0.011775,0.010550,-0.046887,-0.047579,0.021880,0.027552,0.051299,0.063240,0.056912,0.010412,0.008936,0.012075,-0.036440,-0.056023,0.053181,-0.005638,-0.026567,-0.031933,0.083682,0.049901,0.040655,-0.002140,0.061858,0.036927,-0.073581,-0.121869,0.012686,0.055631,-0.063505,-0.083892,-0.007663,0.027275,0.070638,-0.016355,0.121401,0.056787,0.126593,-0.030780,-0.076638,0.037861,-0.074646,0.022311,0.002221,0.133723,-0.006735,-0.005535,-0.023233,0.025654,-0.026505,0.050662,0.004194,-0.017535,0.108053,0.031261,0.026388,-0.040258,0.049953,-0.036447,0.004214,0.010351,0.060393,0.033355,-0.012784,0.052581,-0.022630,-0.002825,-0.082863,0.078504,0.035949,0.054526,-0.035817,-0.012693,-0.102988,0.077797,0.064874,-0.000000,0.019318,-0.117175,-0.017802,0.036179,0.017007,-0.007609,0.028922,0.053539,-0.097640,0.019528,0.013519,-0.081404,0.054982,-0.007398,0.002314,-0.092173,-0.015882,-0.038378,0.077292,-0.041696,0.082082,0.063061,0.033247,-0.079962,0.054532,0.129285,-0.018855,-0.021639,0.083152,0.000230,0.012445,-0.031799,-0.092688,-0.032001,0.015804,0.054404,-0.005154,0.035514,-0.041042,-0.020666,-0.015080,-0.028973,-0.015857,0.002978,-0.035768,-0.013303,0.008568,0.035271,0.039653,0.075113,-0.004275,0.052531,-0.028810,-0.047193,0.000653,-0.093635,0.059179,-0.049841,-0.073552,-0.033868,0.055002,0.004635,0.009027,-0.030879,-0.149673,0.070910,-0.020072,-0.112936,-0.008990,-0.005910,0.017981,-0.008562,0.007540,0.008059,-0.080037,0.025283,0.007291,0.027366,0.036112,-0.037563,0.079449,-0.007491,-0.063572,0.035709,-0.034813,0.068419,-0.016029,-0.083329,-0.004558,-0.016944,0.044724,-0.051751,0.015953,-0.016903,0.020614,0.000000,-0.043662,-0.000561,0.012026,0.056845,0.034626,-0.017140,-0.002724,0.042205,0.010685,0.019554,-0.047726,0.041318,0.011833,0.002022,0.028644,-0.073270,-0.014300,0.119356,0.042028,0.014671,-0.009644,0.028901,-0.072691,0.061596,0.046394,0.015207,0.084148,-0.032817,0.030945,0.007777,-0.044031,-0.055766,0.003404,-0.050756,-0.016549,-0.051762,0.069044,0.023313,-0.019691,0.022298,0.009477,-0.054909,0.029619,0.001431,-0.024497,-0.010016,0.008032,-0.000457,0.022436,0.003867,0.055794,-0.007307,-0.084533,0.032731,-0.031709,0.082902,-0.080955,0.143070,0.050749,0.088745,0.048038,0.093761,-0.015658,0.047073,-0.008700,0.059432,-0.149650,-0.052961,0.005483,0.054642,-0.030276,0.104777,0.029807,-0.018402,0.001506,-0.068214,-0.052968,-0.003512,0.055369,0.027993,0.041020,-0.015655,-0.001828,-0.011659,-0.027415,0.030511,0.041104,-0.018158,-0.063819,-0.013841,0.005112,0.017649,0.038530,-0.019087,-0.033610,-0.000000,0.010865,-0.010096,0.075878,0.057306,-0.001257,0.061599,0.007533,-0.095468,0.010249,-0.014798,0.088212,0.012271,-0.008839,-0.050164,-0.000729,-0.026737,-0.008928,0.001063,-0.021998,-0.003847,-0.025793,0.066651,-0.008386,-0.058161,-0.039404,-0.010283,0.018972,0.153242,-0.048710,0.011947,-0.027235,-0.069823,-0.025424,-0.044681,-0.016662,0.114687,-0.100903,0.014321,0.070958,0.003793,-0.028372,-0.046586,-0.005425,-0.038168,-0.048190,-0.028091,-0.025632,-0.083974,0.021574,-0.022842,-0.010503,0.000347,-0.027684,-0.001630,0.073782,0.022306,-0.041528,-0.041572,-0.076192,0.054112,-0.002267,-0.043588,-0.047212,-0.013699,0.000000,0.000000,0.000000,0.000000,0.000000,0.000000,0.000000,0.000000,0.000000,0.000000,0.000000,0.000000,0.000000,0.000000,0.000000,0.000000,0.000000,0.000000,0.000000,0.000000,0.000000,0.000000,0.000000,0.000000
0x1a38a99bde83bf20cdc9d57026083c5aadfccfe7,0,safe,raw_data/0x1a38a99bde83bf20cdc9d57026083c5aadfccfe7/Forwarder.sol,-0.050202,0.015775,-0.030002,-0.024106,0.004449,-0.060020,0.049652,0.060706,0.031958,0.048942,0.018058,-0.036930,0.082991,-0.073360,0.011534,0.024315,-0.010563,0.016765,-0.028667,0.022100,0.038173,-0.011995,-0.062144,0.025926,-0.010631,-0.039450,0.019475,-0.027459,-0.021811,-0.014723,0.058401,-0.019814,-0.011502,0.005797,-0.101290,0.056551,0.036116,0.028129,-0.004218,-0.022606,-0.017736,-0.003116,0.023295,-0.015635,-0.001745,0.117230,-0.001870,0.030232,-0.055685,-0.019004,0.066994,-0.050194,-0.106848,0.009238,-0.065282,-0.005648,0.019525,-0.019380,0.032978,-0.021198,0.068182,0.033487,0.047397,-0.010002,-0.032843,-0.030550,-0.033559,0.040290,0.014234,0.003005,0.005516,-0.075120,-0.075216,-0.021504,0.003689,0.007439,0.009489,0.078038,-0.026244,-0.128282,0.046931,0.010863,0.066944,-0.010462,0.036644,-0.022720,-0.040776,-0.014268,0.100559,0.071343,-0.000472,-0.014557,-0.018110,0.003910,-0.011404,-0.017875,-0.007907,-0.058083,-0.023989,0.030344,0.025394,0.050970,0.066430,0.023813,0.108240,-0.012202,0.119175,-0.045151,0.030933,-0.003482,-0.048110,0.051466,-0.063716,-0.010814,-0.005207,0.038628,-0.022919,-0.007872,0.100076,-0.030256,-0.003839,0.013346,-0.004921,-0.063659,-0.056601,-0.063601,-0.006303,0.000000,-0.080569,0.005606,-0.056203,0.143763,0.006853,0.016627,0.001566,0.028342,-0.016664,0.036520,0.061438,-0.024321,0.092261,0.176949,-0.123260,-0.120456,-0.015369,0.070546,0.064178,0.028216,0.002727,-0.004606,-0.019774,-0.007015,0.103549,0.074991,-0.056319,-0.024519,0.056478,-0.007439,-0.019663,-0.037206,-0.044086,0.014478,0.001318,0.037420,-0.037113,0.004011,0.013571,-0.003882,-0.047625,-0.042614,-0.134037,0.025356,-0.048407,-0.054119,-0.019243,0.034332,0.065605,0.015887,-0.053244,-0.079464,-0.045336,-0.043679,-0.038424,-0.080308,-0.062739,-0.042920,-0.021584,0.021384,-0.000460,0.028459,-0.056990,0.022299,0.044351,0.065504,-0.046845,-0.105123,0.060777,-0.070205,-0.034535,0.075546,0.102411,0.026224,-0.111144,-0.006345,-0.011306,-0.025971,-0.015940,0.007955,-0.008405,0.033945,-0.010331,0.029301,-0.008818,0.005137,-0.025772,-0.047711,-0.051587,-0.004399,0.064766,-0.108064,-0.001922,0.026268,0.042796,-0.000000,0.102294,0.031275,-0.046273,-0.007125,-0.009342,0.026913,-0.001368,0.026629,0.019567,0.004283,-0.062228,0.034570,0.089749,0.030806,-0.049305,-0.060764,0.009072,0.001489,-0.070293,-0.022839,-0.021920,0.011958,0.045741,-0.010726,-0.039502,0.101729,-0.070354,0.066119,-0.128429,0.027148,-0.018617,-0.008176,0.159214,-0.044207,-0.032172,-0.064262,-0.069060,0.101008,0.021809,-0.041079,0.114367,-0.038044,0.043634,0.045465,-0.026039,0.005429,-0.012207,-0.030260,0.001116,0.047250,-0.029114,-0.069455,-0.065033,0.017923,-0.066214,0.101633,0.038592,0.027899,0.064162,0.000251,0.005260,-0.020434,0.120494,0.000130,0.021321,0.016655,-0.003210,0.000490,-0.008861,0.058803,0.055415,0.020630,0.006208,-0.015785,0.073693,0.021703,0.032509,-0.122555,-0.059567,-0.016252,-0.016801,-0.089909,0.001979,0.043600,-0.008866,-0.086548,-0.027677,-0.063537,0.010134,-0.073310,0.004847,-0.104572,0.022444,0.023073,0.003077,-0.000000,-0.047039,-0.003888,-0.037006,-0.021073,0.001679,0.023030,0.028199,-0.046963,-0.003535,0.034340,-0.064384,0.037696,-0.045245,-0.073745,0.009914,-0.018042,0.010004,-0.056338,-0.089887,-0.097565,-0.080694,0.005974,0.037796,-0.056858,0.062428,-0.028276,0.082013,0.053467,0.024799,-0.052723,0.004072,0.070823,-0.027257,-0.002342,-0.035976,0.093714,0.009700,0.004120,-0.059386,0.064929,-0.031444,0.049053,-0.073447,-0.010650,0.016991,0.012985,-0.065895,-0.053684,-0.011037,-0.068290,-0.034125,0.024338,0.035398,0.112358,-0.038252,0.003612,-0.108315,0.043495,0.077127,0.078013,0.002166,0.066130,0.019126,-0.029202,0.000000,0.000000,0.000000,0.000000,0.000000,0.000000,0.000000,0.000000,0.000000,0.000000,0.000000,0.000000,0.000000,0.000000,0.000000,0.000000,0.000000,0.000000,0.000000,0.000000,0.000000,0.000000,0.000000,0.000000
0x31e197f4f6e1cd7f4247530055838784c78a3bf5,0,safe,raw_data/0x31e197f4f6e1cd7f4247530055838784c78a3bf5/UserWallet.sol,-0.066073,0.084972,-0.010366,-0.096351,0.030028,-0.045428,0.016039,-0.034422,-0.039886,0.009095,-0.016636,0.068610,-0.011271,0.062557,-0.045310,-0.012138,0.070857,-0.008592,0.028301,0.012876,-0.035741,-0.054872,0.019902,-0.019014,0.028338,0.042491,-0.006665,0.043246,0.071236,-0.029819,0.029336,0.103105,0.073227,-0.098516,0.022525,-0.046462,0.024758,-0.043371,-0.013840,-0.058805,-0.014284,-0.083535,-0.072663,0.043399,0.029102,0.023423,0.062811,0.040130,0.027350,0.035635,-0.022524,-0.020391,0.002460,0.003600,-0.034346,-0.092185,-0.009784,0.019343,0.060668,0.009790,-0.023684,-0.014472,-0.072451,0.074014,-0.003654,0.018344,0.069763,-0.008295,-0.099882,0.003918,0.022524,-0.039191,-0.030757,0.071620,0.058352,-0.007246,0.065959,0.023691,-0.002175,-0.128198,-0.055124,-0.139292,-0.007594,0.021647,-0.070590,0.051286,0.106093,0.050599,0.040368,-0.062036,-0.075119,0.084649,0.063118,0.011497,0.001101,-0.045393,-0.052365,0.001921,0.020088,0.101189,-0.055446,0.009493,-0.049859,-0.037293,0.035476,-0.074922,0.020340,0.055997,0.060606,-0.005305,-0.005265,0.029076,0.016223,-0.021229,0.049017,-0.106638,-0.112996,0.000218,0.072648,-0.062036,0.053303,0.015102,-0.062329,0.035684,-0.020477,-0.081663,-0.054630,-0.000000,0.017851,0.028138,0.018013,0.044816,-0.011859,0.036842,-0.005432,-0.005137,-0.116946,-0.031733,-0.015389,-0.037612,-0.054628,0.023817,0.067620,-0.034391,-0.008800,-0.041045,0.029424,0.002322,-0.034430,0.007930,-0.034896,0.014255,-0.036497,0.018734,0.056224,-0.035887,0.146707,0.003531,-0.069320,-0.062946,0.012331,-0.078695,0.020223,0.122008,-0.013420,-0.030570,-0.031104,0.025987,0.003093,-0.015583,-0.119482,-0.061079,-0.025999,0.021364,-0.018376,-0.018581,0.022688,0.000290,-0.018346,0.025333,-0.063175,-0.012304,-0.025448,-0.024777,-0.080218,-0.025756,0.056991,-0.010411,0.001562,0.067188,0.006312,0.093099,-0.008321,0.065134,0.090794,-0.025764,-0.070251,0.057805,-0.120514,0.012414,0.118812,-0.114931,-0.014386,-0.028029,-0.062686,-0.046036,0.041344,0.018230,-0.072524,-0.004862,0.027200,-0.053226,-0.028237,0.000436,-0.041515,-0.113767,0.022616,0.092618,-0.027894,-0.121224,-0.031044,0.071114,-0.005097,0.000000,-0.031428,-0.056556,-0.039867,0.110045,-0.052310,-0.023945,-0.068324,0.093589,0.002435,0.064910,0.066158,0.023778,-0.000436,0.028285,0.004082,-0.042558,0.058757,-0.062451,-0.070828,0.006711,0.008516,-0.011467,0.034407,0.098328,0.015266,0.099788,0.094426,0.009735,-0.033605,-0.026157,0.025341,-0.026970,-0.092544,-0.063367,0.038234,0.008512,0.039621,0.039884,0.009840,-0.027104,0.023495,0.049214,0.026749,0.032633,0.028319,-0.103300,-0.004121,-0.056034,0.078626,-0.000019,0.025776,0.005053,0.068776,-0.118509,0.022344,0.011014,-0.089693,0.043031,0.112561,-0.013364,0.065913,-0.024915,-0.113463,-0.005698,-0.040605,-0.023303,-0.028067,0.027053,-0.015689,0.071158,0.015742,0.051697,-0.030631,-0.057635,-0.021786,-0.002471,0.053127,0.036380,-0.025886,0.036168,0.048148,0.089403,-0.020889,0.064887,-0.002189,0.010928,-0.031437,0.025226,-0.017209,-0.073085,-0.025977,0.021158,-0.007029,0.002172,-0.007068,-0.000000,-0.013443,0.022593,-0.080759,0.012524,0.006471,0.033308,-0.010220,-0.042786,0.058712,0.059770,0.090571,-0.069081,-0.081140,0.006416,-0.007064,0.050584,-0.041871,-0.055216,0.005564,-0.024346,-0.001764,0.024655,0.058769,-0.072770,-0.041176,0.006226,0.024685,-0.060723,-0.034133,0.032019,-0.041304,0.064989,0.024829,0.010189,0.054426,-0.066789,0.025679,0.142184,0.059379,0.003970,-0.010997,0.022331,0.027121,-0.000381,-0.004151,-0.037608,0.021711,0.011857,0.008413,-0.017597,-0.004777,0.022147,0.055977,0.046264,0.056347,0.021409,-0.017246,-0.006903,-0.002787,0.053743,0.037083,-0.027274,0.014585,0.099975,0.000000,0.000000,0.000000,0.000000,0.000000,0.000000,0.000000,0.000000,0.000000,0.000000,0.000000,0.000000,0.000000,0.000000,0.000000,0.000000,0.000000,0.000000,0.000000,0.000000,1.000000,0.000000,0.000000,0.000000
0x3d19f9da9d57cc0868b5107c4c6b26d9384772c2,0,safe,raw_data/0x3d19f9da9d57cc0868b5107c4c6b26d9384772c2/UserWallet.sol,-0.066073,0.084972,-0.010366,-0.096351,0.030028,-0.045428,0.016039,-0.034422,-0.039886,0.009095,-0.016636,0.068610,-0.011271,0.062557,-0.045310,-0.012138,0.070857,-0.008592,0.028301,0.012876,-0.035741,-0.054872,0.019902,-0.019014,0.028338,0.042491,-0.006665,0.043246,0.071236,-0.029819,0.029336,0.103105,0.073227,-0.098516,0.022525,-0.046462,0.024758,-0.043371,-0.013840,-0.058805,-0.014284,-0.083535,-0.072663,0.043399,0.029102,0.023423,0.062811,0.040130,0.027350,0.035635,-0.022524,-0.020391,0.002460,0.003600,-0.034346,-0.092185,-0.009784,0.019343,0.060668,0.009790,-0.023684,-0.014472,-0.072451,0.074014,-0.003654,0.018344,0.069763,-0.008295,-0.099882,0.003918,0.022524,-0.039191,-0.030757,0.071620,0.058352,-0.007246,0.065959,0.023691,-0.002175,-0.128198,-0.055124,-0.139292,-0.007594,0.021647,-0.070590,0.051286,0.106093,0.050599,0.040368,-0.062036,-0.075119,0.084649,0.063118,0.011497,0.001101,-0.045393,-0.052365,0.001921,0.020088,0.101189,-0.055446,0.009493,-0.049859,-0.037293,0.035476,-0.074922,0.020340,0.055997,0.060606,-0.005305,-0.005265,0.029076,0.016223,-0.021229,0.049017,-0.106638,-0.112996,0.000218,0.072648,-0.062036,0.053303,0.015102,-0.062329,0.035684,-0.020477,-0.081663,-0.054630,-0.000000,0.017851,0.028138,0.018013,0.044816,-0.011859,0.036842,-0.005432,-0.005137,-0.116946,-0.031733,-0.015389,-0.037612,-0.054628,0.023817,0.067620,-0.034391,-0.008800,-0.041045,0.029424,0.002322,-0.034430,0.007930,-0.034896,0.014255,-0.036497,0.018734,0.056224,-0.035887,0.146707,0.003531,-0.069320,-0.062946,0.012331,-0.078695,0.020223,0.122008,-0.013420,-0.030570,-0.031104,0.025987,0.003093,-0.015583,-0.119482,-0.061079,-0.025999,0.021364,-0.018376,-0.018581,0.022688,0.000290,-0.018346,0.025333,-0.063175,-0.012304,-0.025448,-0.024777,-0.080218,-0.025756,0.056991,-0.010411,0.001562,0.067188,0.006312,0.093099,-0.008321,0.065134,0.090794,-0.025764,-0.070251,0.057805,-0.120514,0.012414,0.118812,-0.114931,-0.014386,-0.028029,-0.062686,-0.046036,0.041344,0.018230,-0.072524,-0.004862,0.027200,-0.053226,-0.028237,0.000436,-0.041515,-0.113767,0.022616,0.092618,-0.027894,-0.121224,-0.031044,0.071114,-0.005097,0.000000,-0.031428,-0.056556,-0.039867,0.110045,-0.052310,-0.023945,-0.068324,0.093589,0.002435,0.064910,0.066158,0.023778,-0.000436,0.028285,0.004082,-0.042558,0.058757,-0.062451,-0.070828,0.006711,0.008516,-0.011467,0.034407,0.098328,0.015266,0.099788,0.094426,0.009735,-0.033605,-0.026157,0.025341,-0.026970,-0.092544,-0.063367,0.038234,0.008512,0.039621,0.039884,0.009840,-0.027104,0.023495,0.049214,0.026749,0.032633,0.028319,-0.103300,-0.004121,-0.056034,0.078626,-0.000019,0.025776,0.005053,0.068776,-0.118509,0.022344,0.011014,-0.089693,0.043031,0.112561,-0.013364,0.065913,-0.024915,-0.113463,-0.005698,-0.040605,-0.023303,-0.028067,0.027053,-0.015689,0.071158,0.015742,0.051697,-0.030631,-0.057635,-0.021786,-0.002471,0.053127,0.036380,-0.025886,0.036168,0.048148,0.089403,-0.020889,0.064887,-0.002189,0.010928,-0.031437,0.025226,-0.017209,-0.073085,-0.025977,0.021158,-0.007029,0.002172,-0.007068,-0.000000,-0.013443,0.022593,-0.080759,0.012524,0.006471,0.033308,-0.010220,-0.042786,0.058712,0.059770,0.090571,-0.069081,-0.081140,0.006416,-0.007064,0.050584,-0.041871,-0.055216,0.005564,-0.024346,-0.001764,0.024655,0.058769,-0.072770,-0.041176,0.006226,0.024685,-0.060723,-0.034133,0.032019,-0.041304,0.064989,0.024829,0.010189,0.054426,-0.066789,0.025679,0.142184,0.059379,0.003970,-0.010997,0.022331,0.027121,-0.000381,-0.004151,-0.037608,0.021711,0.011857,0.008413,-0.017597,-0.004777,0.022147,0.055977,0.046264,0.056347,0.021409,-0.017246,-0.006903,-0.002787,0.053743,0.037083,-0.027274,0.014585,0.099975,0.000000,0.000000,0.000000,0.000000,0.000000,0.000000,0.000000,0.000000,0.000000,0.000000,0.000000,0.000000,0.000000,0.000000,0.000000,0.000000,0.000000,0.000000,0.000000,0.000000,1.000000,0.000000,0.000000,0.000000
0x2BDAE8DE01684b14AB9e5aA746D68fF27172d9B5,1,rugpull,raw_data/0x2BDAE8DE01684b14AB9e5aA746D68fF27172d9B5/GFY.sol,-0.089745,0.036940,-0.030589,-0.018401,-0.031950,0.025370,0.051749,0.066405,-0.019302,0.023853,0.044408,-0.031029,0.072360,-0.028342,0.062566,0.035997,0.009771,-0.032885,-0.036972,-0.010064,0.101875,-0.054325,-0.070735,0.031624,-0.045101,-0.052384,-0.032299,0.005269,0.024523,-0.042992,0.066852,-0.067751,-0.026067,0.001261,-0.064522,0.035693,-0.018976,0.032976,0.036788,-0.106756,-0.021290,-0.038504,-0.071380,-0.028753,-0.005209,0.071913,0.045053,-0.034560,-0.064515,0.005304,0.106392,0.068971,0.034727,-0.010178,0.024578,-0.010995,0.038489,-0.031581,0.035402,-0.032096,-0.029582,0.020482,-0.026467,-0.041061,-0.037080,-0.041537,-0.051091,-0.004384,-0.037534,-0.021274,0.049754,-0.070963,0.007491,0.055044,0.062605,-0.033643,-0.021897,0.095333,-0.015390,-0.120153,0.083454,0.103823,0.097940,-0.028694,-0.002853,0.049157,0.013169,0.059699,0.094441,0.034637,0.035968,-0.054839,0.064067,0.007872,0.067352,-0.077448,0.000410,0.000856,-0.025845,0.040811,-0.007778,-0.011756,0.019110,0.057067,0.041392,-0.016013,-0.010703,-0.003183,0.044048,-0.062734,-0.016262,0.005326,-0.069179,-0.031107,-0.038278,-0.008955,-0.064976,-0.001184,0.022334,-0.058069,0.055731,0.061363,0.025794,0.011899,-0.012673,0.085445,-0.032097,0.000000,-0.084623,-0.026533,-0.115896,0.044768,0.053094,0.048114,0.035216,0.051883,0.008713,0.007908,0.019109,0.033884,-0.032729,0.059537,0.028385,0.008453,-0.020116,0.028139,0.140226,0.055938,-0.006738,-0.045723,-0.013836,0.044568,0.039489,0.013477,-0.051541,0.002047,0.057924,0.025969,0.040667,-0.009252,-0.022858,0.019809,-0.014300,-0.009575,-0.063743,-0.010180,-0.043349,-0.079138,-0.054694,-0.030322,-0.110817,0.025325,-0.050772,-0.034086,0.020191,0.021546,0.067159,0.065447,-0.086761,-0.022497,-0.009834,-0.037858,0.079282,-0.122052,-0.070310,-0.036474,0.036274,-0.076207,0.020042,0.044534,-0.007339,0.045566,-0.025020,0.019535,-0.007067,-0.113230,0.002219,-0.074111,-0.028533,0.066387,-0.026673,0.021770,-0.105164,-0.009966,-0.002487,0.048032,-0.009151,-0.033445,0.000080,0.035913,-0.009233,0.099960,0.013969,-0.031874,-0.036677,-0.001612,-0.039950,-0.045282,0.019202,-0.118867,0.004181,0.095457,-0.036439,-0.000000,0.065382,0.001319,-0.023414,-0.070104,-0.016146,0.038731,-0.033469,-0.055743,0.006355,-0.001711,-0.035811,0.063210,0.022007,0.057163,-0.045134,-0.047026,-0.084119,-0.004492,-0.054669,0.022863,-0.105598,0.092934,0.043282,0.018107,-0.003857,0.103585,-0.081198,0.046943,0.009517,-0.004088,-0.056901,-0.040570,0.006802,-0.062830,-0.017038,-0.072019,-0.067171,0.103096,0.001413,-0.001107,0.017836,0.038954,0.071085,0.004374,-0.009337,0.054952,0.065520,-0.094700,0.021282,0.046311,0.007657,-0.027946,0.005255,0.004334,-0.077600,-0.006655,0.163551,-0.020534,0.049494,-0.081193,-0.012154,0.006297,0.073459,0.091419,-0.035032,0.036020,-0.017177,0.061695,0.106316,0.039399,0.026479,-0.111655,0.041506,-0.061186,0.078185,0.062645,-0.006817,-0.064202,-0.018422,0.002818,-0.040815,-0.027616,0.077799,0.054879,-0.031179,-0.097449,-0.006496,-0.076351,0.095774,0.059171,-0.007761,-0.000280,-0.052001,0.032935,0.003229,-0.000000,-0.050441,-0.042295,-0.007048,-0.048230,0.012819,-0.094409,0.019019,-0.048871,-0.056572,0.088611,0.002025,0.043685,0.005389,-0.061154,-0.020460,0.006482,0.000421,0.111011,-0.078988,-0.021507,-0.036955,0.010421,0.115698,-0.012796,0.028847,-0.075345,-0.028652,-0.068139,0.029148,0.060647,0.011114,0.082364,0.009575,0.046653,-0.011800,0.005931,-0.022539,0.000387,-0.017280,0.033082,-0.047435,0.014563,-0.042284,0.030559,0.018187,0.008648,-0.027775,-0.084058,0.001466,-0.006854,-0.045501,0.038711,0.006583,0.104981,-0.015447,-0.012180,-0.065681,0.027740,0.079093,0.004662,-0.062808,0.077271,0.100983,-0.012401,0.000000,0.000000,0.000000,0.000000,0.000000,0.000000,0.000000,0.000000,0.000000,0.000000,0.000000,0.000000,0.000000,0.000000,0.000000,0.000000,0.000000,0.000000,0.000000,0.000000,0.000000,0.000000,0.000000,0.000000
0xbc272b58e7cd0a6002c95afd1f208898d756c580,1,rugpull,raw_data/0xbc272b58e7cd0a6002c95afd1f208898d756c580/DEDI_GI.sol,-0.113240,0.047967,-0.020872,0.009934,0.009668,-0.014097,0.044502,0.024402,-0.015738,0.028404,0.085483,-0.033120,-0.060172,-0.053596,0.007315,0.059339,0.012065,0.021302,-0.027040,-0.081424,0.081737,0.008926,-0.031232,0.038258,0.005807,0.029782,-0.056876,-0.005619,0.027749,-0.023760,0.082617,0.025302,-0.101036,-0.000592,0.000457,0.142889,-0.025459,-0.025483,0.075915,-0.019658,0.018798,0.011726,-0.013364,0.029010,-0.008735,0.036726,-0.034667,0.090420,-0.014487,-0.049810,-0.019832,0.065734,0.018210,0.029293,0.014787,0.060632,0.053178,-0.031895,-0.067773,0.012054,0.000970,0.001518,-0.013906,-0.014987,-0.040626,-0.017097,-0.016681,-0.018798,-0.005569,-0.037709,0.044409,0.006214,-0.040480,0.029224,0.025489,0.029859,-0.047737,0.029430,-0.104828,-0.074189,0.059929,0.001904,0.088275,-0.026199,0.021158,-0.020989,0.093566,0.072006,0.011025,0.019325,-0.073727,0.024833,-0.092646,0.010419,-0.105205,-0.005671,-0.012197,0.004886,-0.032594,0.056424,-0.055696,0.135183,-0.016118,-0.028786,-0.013432,0.011559,0.020966,-0.039258,0.016901,0.017433,-0.075165,0.039377,-0.020713,0.029579,-0.008099,0.084428,-0.035506,0.005064,0.140752,-0.067090,0.164438,0.005432,0.026703,0.034744,-0.051094,-0.031454,0.081285,0.000000,-0.036342,-0.043751,-0.031564,0.047955,-0.024430,0.026994,0.012806,0.013171,-0.070449,-0.003707,-0.053255,-0.034301,0.003457,-0.025330,-0.063850,0.005855,0.031852,0.030138,0.127961,0.001282,0.115998,0.009316,-0.018019,0.024265,0.074703,-0.013498,-0.041019,0.016796,0.077717,-0.014376,0.062048,0.012665,0.006231,0.030000,0.007459,0.029007,-0.053063,-0.044353,-0.007845,-0.077156,-0.013083,0.000799,-0.092282,0.063645,-0.061300,-0.031204,0.065363,0.032211,0.005465,0.098697,0.005977,0.000311,-0.081598,-0.071074,-0.038070,-0.060588,-0.022197,0.038750,0.028105,-0.055386,0.098007,-0.024149,-0.052884,-0.122693,-0.005246,-0.069788,0.020535,-0.001637,0.095905,0.005116,-0.068280,0.078737,-0.042950,-0.036791,-0.010570,-0.047759,0.037538,-0.002633,0.044092,-0.036829,0.021842,-0.059573,-0.022362,0.019685,0.037512,-0.036341,0.028565,0.079542,-0.071643,-0.004489,-0.043477,0.083137,0.052524,-0.083522,-0.021145,-0.000000,-0.001796,-0.074828,-0.085055,0.042949,0.009524,-0.029714,-0.016900,0.049600,0.087725,0.056430,0.005002,-0.029378,0.088013,-0.023126,-0.019001,0.047629,0.032655,-0.004474,0.007899,0.006602,-0.026821,0.214391,-0.011174,-0.066073,-0.013263,0.010014,0.021281,0.043946,-0.072708,-0.060365,0.043349,-0.006001,-0.106745,0.011020,-0.023699,0.038664,-0.053817,-0.016815,-0.044301,0.069127,0.010029,0.066272,-0.118920,-0.016874,-0.013822,-0.003132,-0.100165,0.016030,0.026094,0.118627,0.008960,-0.077145,0.002964,-0.075089,-0.010794,-0.003730,0.082583,-0.029052,0.066037,-0.034379,0.039407,-0.038291,-0.002569,-0.042319,-0.026884,-0.062116,0.033434,0.005591,0.044552,0.053994,0.053308,0.063762,-0.048340,-0.003533,-0.047275,0.045810,0.030332,0.017642,0.020147,-0.030921,-0.062102,0.054221,0.035968,-0.000806,-0.008981,-0.060426,-0.013440,0.001344,-0.023550,0.009422,-0.052768,0.018645,0.079281,0.069731,0.026052,-0.000000,0.018224,0.025759,-0.004482,0.025742,0.066431,-0.017342,0.039216,0.026335,-0.032708,-0.093439,0.021823,0.080336,0.012858,-0.021367,-0.004047,-0.047572,0.069754,0.014537,-0.027833,-0.091849,0.013577,-0.030592,0.015719,-0.048801,-0.068642,-0.045717,0.123020,-0.037853,0.009782,-0.126768,0.050097,-0.003014,0.056965,-0.041273,-0.019043,0.035660,-0.090926,0.044673,-0.031642,0.049230,0.046359,-0.021999,-0.074009,-0.027638,-0.081203,0.016732,0.028384,-0.068738,-0.000011,0.075484,0.000289,-0.041788,-0.074112,0.036178,0.014630,-0.022117,-0.000052,-0.028208,0.026646,-0.018914,-0.092558,0.080639,0.042068,0.032172,0.000000,0.000000,0.000000,0.000000,0.000000,0.000000,0.000000,0.000000,0.000000,0.000000,0.000000,0.000000,0.000000,0.000000,0.000000,0.000000,0.000000,0.000000,0.000000,0.000000,0.000000,0.000000,0.000000,0.000000
0x9a718a0a3090be2085fb850f4e48c0d70464914f,1,rugpull,raw_data/0x9a718a0a3090be2085fb850f4e48c0d70464914f/decanect.sol,-0.044053,0.025862,-0.007012,-0.028020,-0.008956,-0.059181,0.058431,0.009972,-0.014671,0.058233,0.030355,-0.054951,0.046741,-0.018743,-0.039817,0.031778,0.034740,0.017222,-0.054760,-0.001760,0.025406,-0.023589,-0.033838,0.034218,0.048658,-0.063199,-0.009727,-0.026917,0.031993,-0.057888,-0.012376,0.013790,-0.043286,-0.050124,0.021120,0.000286,-0.017458,-0.071278,-0.004105,-0.076712,0.010093,-0.017853,-0.064786,-0.005668,-0.040750,0.083029,-0.005836,0.036072,-0.081885,-0.011326,0.122012,-0.041123,0.005118,0.019889,-0.007565,-0.014622,0.062913,-0.001317,0.023388,0.027730,-0.077471,0.016107,0.008567,-0.048386,0.029680,-0.049890,-0.040436,0.043701,-0.043806,0.133873,0.016972,-0.040714,-0.093802,-0.025938,0.025061,0.045245,0.037536,0.035180,-0.030384,-0.192051,-0.060594,0.002114,-0.011683,-0.081249,0.048683,-0.003479,0.013440,0.016388,0.125943,0.022264,0.035876,0.040033,0.071145,-0.036866,-0.009352,-0.012378,-0.010340,0.003143,-0.020650,0.066128,-0.015374,0.044598,-0.040120,0.019903,0.077829,-0.025974,0.008368,0.014863,-0.015718,-0.014631,0.052838,0.047813,-0.019733,0.021491,-0.041175,0.041909,-0.022762,0.032578,-0.025510,-0.055334,0.069964,0.016746,-0.012886,-0.008915,-0.051904,-0.022158,0.045360,0.000000,-0.034288,-0.039085,-0.072967,-0.041159,-0.029548,-0.043621,0.018132,0.077022,-0.048578,0.016691,0.034367,0.001732,-0.041630,-0.001626,0.020105,-0.092341,0.065337,0.006377,0.118416,0.061103,0.011040,-0.001278,-0.040330,0.038788,0.084573,-0.041081,-0.078765,-0.004372,0.021625,0.027454,-0.018048,0.027670,-0.009078,0.009990,-0.006672,-0.033124,-0.038235,-0.018653,-0.026944,-0.030578,-0.066092,-0.061204,-0.078427,-0.019359,-0.085111,-0.059302,0.014937,-0.013092,0.078278,0.018221,-0.011143,-0.022131,-0.007716,-0.056575,-0.006931,-0.177076,-0.050428,-0.030531,0.022743,0.002978,0.080377,-0.015069,-0.016236,0.054841,-0.085746,0.051285,0.006858,-0.054727,0.022753,-0.058362,-0.070902,0.041788,0.010460,0.040526,-0.059260,-0.061218,0.062690,0.026214,-0.005377,-0.058016,-0.006470,0.016455,-0.054401,-0.038237,0.006974,0.050012,-0.024143,-0.009062,-0.064920,-0.011565,0.034749,-0.053299,0.064340,0.022147,0.034095,-0.000000,-0.006582,0.053520,0.026770,-0.005236,-0.069013,-0.040493,-0.007039,-0.000483,0.055695,0.002402,-0.098017,0.034389,0.007693,0.016497,-0.019546,-0.044947,-0.084895,-0.074088,-0.000045,0.036325,-0.026787,0.112688,0.104113,0.043497,-0.054993,0.088907,-0.086624,0.101591,-0.005529,-0.021404,-0.014978,-0.092557,-0.026356,0.016484,0.036936,-0.146545,0.081941,0.086487,0.022842,0.059938,0.090340,-0.015734,0.042647,0.083237,0.026090,-0.012510,0.024471,-0.019001,0.028016,-0.069030,0.115439,0.037774,-0.003833,0.075675,-0.032022,0.015659,0.176682,-0.017466,0.043063,-0.034604,-0.018637,-0.002481,0.093259,0.067488,-0.009830,-0.014634,-0.012158,0.006356,0.100469,0.040484,0.050399,0.044047,-0.023921,-0.058265,0.046851,0.006613,0.007859,-0.122161,0.016774,0.041930,-0.094891,0.061711,0.079533,0.065007,-0.069071,-0.027477,-0.001099,-0.005471,0.027296,0.026554,-0.028790,-0.053643,0.036262,0.018363,-0.067442,-0.000000,0.040884,-0.127575,0.026421,0.054198,0.075305,-0.062908,-0.043176,-0.025311,-0.041008,-0.026271,-0.034848,0.083085,-0.034618,-0.090892,-0.028830,-0.039046,0.024959,-0.027785,-0.115899,-0.060935,-0.064190,0.021797,0.036906,-0.019619,-0.051033,-0.012233,0.041163,0.087362,0.037277,-0.072715,0.046381,0.017558,-0.008734,0.007480,-0.001970,-0.011042,-0.000243,0.005602,0.028536,0.055708,-0.032795,0.013041,-0.000670,0.063541,-0.025938,-0.005012,-0.088449,-0.085175,0.009538,-0.045918,-0.000358,-0.019769,-0.026297,0.132204,-0.011455,-0.066696,-0.063763,-0.019048,-0.027814,0.015897,0.108836,0.015193,0.074203,-0.055955,0.000000,0.000000,0.000000,0.000000,0.000000,0.000000,0.000000,0.000000,0.000000,0.000000,0.000000,0.000000,0.000000,0.000000,0.000000,0.000000,0.000000,0.000000,0.000000,0.000000,0.000000,0.000000,0.000000,0.000000
0xda11a45f0e259cc1253a5a501978f0af2bc8aba6,1,rugpull,raw_data/0xda11a45f0e259cc1253a5a501978f0af2bc8aba6/BabyStarLink.sol,-0.059925,-0.023211,-0.040378,-0.075002,-0.018373,0.036681,-0.007145,0.005262,-0.058748,-0.001158,0.015480,-0.043825,0.026068,-0.008847,-0.008493,0.076622,0.018061,0.013536,-0.059356,0.000173,0.022158,0.054450,-0.059827,0.016912,-0.070072,0.059409,-0.078359,-0.000558,-0.005170,-0.015264,-0.072863,0.109716,0.047730,0.019697,0.013279,0.046639,0.059957,0.009578,0.038809,0.033788,-0.032111,-0.061779,-0.012754,-0.018787,-0.039596,-0.002569,-0.008639,-0.063267,0.026845,-0.050144,-0.116407,-0.032556,-0.068167,0.063768,0.080026,0.011464,-0.041178,-0.037151,0.064526,-0.072089,0.054907,-0.060505,-0.063113,-0.089178,0.046558,-0.041559,-0.083509,0.067296,-0.021109,0.033951,-0.075264,0.011608,-0.123845,-0.011937,0.046539,0.059052,0.015293,0.012842,-0.021048,-0.057619,-0.019083,-0.096757,0.057659,0.025857,-0.088849,-0.064762,0.015781,-0.047244,0.074940,-0.037582,-0.064824,-0.035871,0.045135,0.012622,0.022060,0.061817,-0.057004,-0.047091,0.028586,0.115223,0.082942,-0.007384,-0.061607,-0.083168,-0.036196,-0.008214,-0.007251,0.109914,0.043060,-0.050226,-0.014926,-0.002492,-0.033802,-0.074605,-0.050898,-0.018416,0.035212,-0.027030,0.058269,-0.009230,0.032783,-0.018193,0.011193,0.111570,0.030659,-0.048460,0.022949,0.000000,-0.038464,0.067366,0.060336,-0.026238,0.032251,-0.054623,-0.128907,0.012745,-0.023840,0.037026,0.012330,0.042095,-0.056396,-0.030104,0.009093,-0.067518,-0.026787,-0.048457,-0.006213,-0.063713,0.051469,0.088162,-0.048851,-0.032008,-0.020073,-0.054667,-0.001256,-0.099278,-0.017372,0.010500,-0.008415,0.002235,0.046944,0.050065,0.000128,0.039483,0.026419,-0.071363,-0.048370,-0.041559,-0.096650,-0.048400,-0.140896,0.023886,0.051744,0.002258,-0.007306,-0.020440,0.040567,-0.002841,-0.015161,0.062064,-0.022498,-0.041237,0.030332,-0.010811,-0.073088,0.063058,0.028573,0.073243,-0.030972,-0.002407,0.056470,-0.019610,0.003475,0.024308,-0.037730,-0.037027,0.041080,0.069723,-0.092383,-0.013282,0.035949,0.066027,-0.046870,0.016572,-0.073859,-0.071106,-0.018117,-0.028257,-0.124620,-0.003196,-0.048242,-0.023133,-0.009687,-0.081154,0.097439,-0.009085,-0.068431,-0.062284,-0.003252,0.006482,0.080287,-0.055908,-0.028177,-0.000000,-0.057126,0.049412,-0.069494,0.019010,-0.068429,-0.012898,-0.018558,-0.011973,-0.065305,0.013517,-0.046639,0.014292,0.020545,-0.012681,-0.036297,-0.027099,0.014099,0.014452,-0.055951,0.082761,-0.016680,-0.022250,-0.061777,0.126502,-0.017340,0.046934,0.085276,-0.007457,-0.032846,0.074550,-0.034213,0.015481,-0.008373,-0.021090,-0.083384,0.051720,-0.048951,0.107894,-0.048197,-0.020356,0.004943,0.020856,-0.140793,-0.021694,-0.026994,-0.032034,0.029098,0.060148,0.012302,-0.073284,0.125541,-0.067417,0.016996,-0.092179,0.025087,-0.020587,0.039474,-0.028578,0.059535,0.016020,-0.001705,-0.037318,-0.029505,-0.033068,0.107887,-0.001730,0.025341,0.011629,-0.058279,0.016689,0.071786,0.026044,-0.033719,-0.005973,0.114681,0.099236,0.059355,0.108096,-0.083945,0.053889,-0.043048,0.034130,0.024583,0.029060,-0.061548,0.071851,-0.007907,0.083513,-0.014146,0.020716,-0.012120,0.064614,0.024272,0.014458,0.077416,-0.000000,-0.003049,-0.019986,-0.075243,0.031412,0.002208,0.010054,0.007211,-0.087978,-0.021280,0.024090,-0.001588,0.074240,-0.044964,0.040504,0.015121,0.041773,-0.047759,0.011008,-0.056143,0.045716,-0.019314,0.022493,0.049837,-0.060518,0.024488,-0.030125,0.009552,0.103837,0.094027,0.003178,0.069469,0.021916,-0.035160,-0.052687,-0.101413,-0.061370,0.001777,0.045761,-0.044927,0.014758,-0.046345,0.002639,-0.022810,-0.001404,-0.015380,0.032757,0.001283,0.080831,-0.063859,-0.056798,-0.060751,0.008367,0.044224,0.014178,-0.002711,-0.000513,-0.052624,0.073455,-0.065009,0.030242,-0.025438,0.047284,-0.045182,-0.011236,0.000000,0.000000,1.000000,0.000000,0.000000,1.000000,0.000000,0.000000,0.000000,0.000000,0.000000,0.000000,0.000000,0.000000,0.000000,0.000000,0.000000,0.000000,0.000000,0.000000,0.000000,0.000000,0.000000,0.000000
0x20738c1633f56d0d8471acaba784af988930acbf,1,rugpull,raw_data/0x20738c1633f56d0d8471acaba784af988930acbf/SIMPSONDAO.sol,-0.074421,-0.035678,-0.006111,-0.059070,0.038818,-0.010200,0.100368,0.017436,-0.054611,-0.031904,0.021680,0.034508,-0.003313,-0.019360,-0.016215,-0.033053,0.083004,-0.057094,-0.005580,0.039256,0.038374,-0.055213,-0.032218,0.018792,0.048704,0.040411,0.002717,-0.004310,-0.047764,-0.069528,-0.045774,0.095672,0.055623,-0.052292,0.109259,-0.112616,0.101245,0.020924,0.022738,0.007659,0.090368,-0.094232,-0.060909,0.104217,-0.050780,-0.013761,-0.046201,-0.030014,-0.005642,0.001112,-0.085133,0.051299,0.063114,-0.025761,-0.030520,-0.105368,0.043156,0.098157,0.038807,0.065530,-0.024491,-0.048694,0.003522,0.127415,-0.021379,0.022769,-0.058995,-0.002104,-0.064770,-0.031345,0.008613,0.016789,0.087206,0.023054,-0.010483,0.042806,0.094772,0.042550,0.091240,-0.095025,-0.058140,-0.018602,0.014032,-0.002555,-0.006032,0.002639,0.016745,-0.060347,0.030156,-0.019698,-0.036197,-0.024846,0.038120,-0.066632,-0.036711,0.004891,-0.012920,-0.013060,-0.010463,0.047036,-0.019534,0.034576,0.022103,-0.057202,0.031872,-0.034535,-0.105498,-0.013329,0.078947,0.070040,0.020127,0.022348,0.044096,-0.003146,0.016995,0.023907,-0.102934,-0.068420,0.028836,-0.066055,-0.013020,-0.028623,-0.014493,0.054464,-0.032321,-0.019781,-0.046832,-0.000000,-0.043087,0.026431,-0.012463,-0.086449,0.050405,-0.044123,-0.063184,0.057799,-0.025598,0.068047,-0.050142,0.060618,-0.036458,0.020523,0.001452,0.058659,-0.027170,0.055158,0.021534,0.037365,0.145702,0.029973,0.010245,-0.004715,-0.050458,0.064757,-0.020097,-0.050721,0.110308,0.070342,-0.083373,-0.036445,0.093196,0.001021,-0.048061,0.041169,-0.125538,-0.028365,-0.009266,-0.013932,0.029449,-0.013945,-0.016087,-0.015397,-0.073551,-0.048399,-0.008687,-0.085036,0.055049,-0.001600,-0.071133,-0.044933,-0.008144,-0.009432,0.052980,0.026509,-0.023430,-0.019448,0.076142,-0.004574,0.030900,0.063386,-0.089419,0.004673,-0.064774,-0.005939,0.042827,-0.030439,-0.027535,0.028565,0.013812,-0.035709,-0.036829,-0.035806,-0.082577,-0.047282,0.001802,0.060868,0.020843,0.041785,0.057837,-0.025528,0.000818,-0.019954,-0.003978,0.061200,0.060707,0.074229,-0.155004,0.072877,0.031839,-0.029575,-0.060311,-0.002088,0.015460,-0.000000,-0.031429,0.014461,0.063657,-0.008877,-0.011116,0.007657,-0.010896,0.081353,0.029233,-0.013871,0.014082,-0.018364,0.011673,-0.001008,0.062685,-0.052146,-0.056842,0.044534,-0.085545,0.024881,0.017133,0.026233,-0.072294,0.079058,0.018610,-0.056450,0.006393,0.023871,-0.073886,0.030471,-0.116085,0.010663,-0.120209,0.018033,-0.006359,-0.035562,-0.008329,0.054347,-0.042112,-0.014774,0.013173,-0.025473,-0.034630,0.033332,-0.046113,-0.002803,-0.066960,0.007520,0.077661,0.064301,-0.020917,-0.003896,-0.004644,-0.018582,-0.142440,0.041886,0.006724,0.088530,-0.070409,0.049021,0.045858,0.029312,-0.054080,0.013345,-0.010453,0.019302,-0.035038,-0.021728,-0.036907,-0.012987,0.069724,0.007434,-0.064685,-0.059319,0.062691,0.005548,-0.112292,0.096283,-0.042217,-0.029728,0.038529,0.023103,0.005272,0.112766,0.060973,-0.002711,0.013391,-0.078689,0.005090,-0.013666,-0.007047,-0.001880,-0.119715,0.032652,-0.037560,-0.000000,0.025739,-0.025509,0.010208,-0.018083,0.103014,0.015106,-0.027378,-0.061179,-0.060255,0.091366,0.088744,0.008018,-0.057707,-0.023778,-0.051623,-0.023797,-0.004579,0.004557,-0.018964,0.052106,0.031976,-0.013067,0.034064,0.046729,0.028050,0.013618,-0.014233,-0.011167,-0.014719,0.024467,-0.018523,0.016631,-0.127548,-0.048513,0.008120,0.017743,-0.011425,0.059525,-0.013384,-0.011291,-0.043532,-0.018920,0.018662,0.037820,0.018112,0.077515,-0.066812,-0.075532,0.046111,0.026833,-0.048235,-0.000447,-0.003496,-0.078851,-0.048108,-0.030394,0.012084,-0.001386,-0.072655,0.088871,0.088733,-0.028073,0.133134,-0.024655,0.000000,0.000000,0.000000,0.000000,0.000000,0.000000,0.000000,0.000000,0.000000,0.000000,0.000000,0.000000,0.000000,0.000000,0.000000,0.000000,0.000000,0.000000,0.000000,0.000000,0.000000,1.000000,1.000000,1.000000
0x430a03250225de14d46a2f575386416450325ead,0,safe,raw_data/0x430a03250225de14d46a2f575386416450325ead/UserWallet.sol,-0.066073,0.084972,-0.010366,-0.096351,0.030028,-0.045428,0.016039,-0.034422,-0.039886,0.009095,-0.016636,0.068610,-0.011271,0.062557,-0.045310,-0.012138,0.070857,-0.008592,0.028301,0.012876,-0.035741,-0.054872,0.019902,-0.019014,0.028338,0.042491,-0.006665,0.043246,0.071236,-0.029819,0.029336,0.103105,0.073227,-0.098516,0.022525,-0.046462,0.024758,-0.043371,-0.013840,-0.058805,-0.014284,-0.083535,-0.072663,0.043399,0.029102,0.023423,0.062811,0.040130,0.027350,0.035635,-0.022524,-0.020391,0.002460,0.003600,-0.034346,-0.092185,-0.009784,0.019343,0.060668,0.009790,-0.023684,-0.014472,-0.072451,0.074014,-0.003654,0.018344,0.069763,-0.008295,-0.099882,0.003918,0.022524,-0.039191,-0.030757,0.071620,0.058352,-0.007246,0.065959,0.023691,-0.002175,-0.128198,-0.055124,-0.139292,-0.007594,0.021647,-0.070590,0.051286,0.106093,0.050599,0.040368,-0.062036,-0.075119,0.084649,0.063118,0.011497,0.001101,-0.045393,-0.052365,0.001921,0.020088,0.101189,-0.055446,0.009493,-0.049859,-0.037293,0.035476,-0.074922,0.020340,0.055997,0.060606,-0.005305,-0.005265,0.029076,0.016223,-0.021229,0.049017,-0.106638,-0.112996,0.000218,0.072648,-0.062036,0.053303,0.015102,-0.062329,0.035684,-0.020477,-0.081663,-0.054630,-0.000000,0.017851,0.028138,0.018013,0.044816,-0.011859,0.036842,-0.005432,-0.005137,-0.116946,-0.031733,-0.015389,-0.037612,-0.054628,0.023817,0.067620,-0.034391,-0.008800,-0.041045,0.029424,0.002322,-0.034430,0.007930,-0.034896,0.014255,-0.036497,0.018734,0.056224,-0.035887,0.146707,0.003531,-0.069320,-0.062946,0.012331,-0.078695,0.020223,0.122008,-0.013420,-0.030570,-0.031104,0.025987,0.003093,-0.015583,-0.119482,-0.061079,-0.025999,0.021364,-0.018376,-0.018581,0.022688,0.000290,-0.018346,0.025333,-0.063175,-0.012304,-0.025448,-0.024777,-0.080218,-0.025756,0.056991,-0.010411,0.001562,0.067188,0.006312,0.093099,-0.008321,0.065134,0.090794,-0.025764,-0.070251,0.057805,-0.120514,0.012414,0.118812,-0.114931,-0.014386,-0.028029,-0.062686,-0.046036,0.041344,0.018230,-0.072524,-0.004862,0.027200,-0.053226,-0.028237,0.000436,-0.041515,-0.113767,0.022616,0.092618,-0.027894,-0.121224,-0.031044,0.071114,-0.005097,0.000000,-0.031428,-0.056556,-0.039867,0.110045,-0.052310,-0.023945,-0.068324,0.093589,0.002435,0.064910,0.066158,0.023778,-0.000436,0.028285,0.004082,-0.042558,0.058757,-0.062451,-0.070828,0.006711,0.008516,-0.011467,0.034407,0.098328,0.015266,0.099788,0.094426,0.009735,-0.033605,-0.026157,0.025341,-0.026970,-0.092544,-0.063367,0.038234,0.008512,0.039621,0.039884,0.009840,-0.027104,0.023495,0.049214,0.026749,0.032633,0.028319,-0.103300,-0.004121,-0.056034,0.078626,-0.000019,0.025776,0.005053,0.068776,-0.118509,0.022344,0.011014,-0.089693,0.043031,0.112561,-0.013364,0.065913,-0.024915,-0.113463,-0.005698,-0.040605,-0.023303,-0.028067,0.027053,-0.015689,0.071158,0.015742,0.051697,-0.030631,-0.057635,-0.021786,-0.002471,0.053127,0.036380,-0.025886,0.036168,0.048148,0.089403,-0.020889,0.064887,-0.002189,0.010928,-0.031437,0.025226,-0.017209,-0.073085,-0.025977,0.021158,-0.007029,0.002172,-0.007068,-0.000000,-0.013443,0.022593,-0.080759,0.012524,0.006471,0.033308,-0.010220,-0.042786,0.058712,0.059770,0.090571,-0.069081,-0.081140,0.006416,-0.007064,0.050584,-0.041871,-0.055216,0.005564,-0.024346,-0.001764,0.024655,0.058769,-0.072770,-0.041176,0.006226,0.024685,-0.060723,-0.034133,0.032019,-0.041304,0.064989,0.024829,0.010189,0.054426,-0.066789,0.025679,0.142184,0.059379,0.003970,-0.010997,0.022331,0.027121,-0.000381,-0.004151,-0.037608,0.021711,0.011857,0.008413,-0.017597,-0.004777,0.022147,0.055977,0.046264,0.056347,0.021409,-0.017246,-0.006903,-0.002787,0.053743,0.037083,-0.027274,0.014585,0.099975,0.000000,0.000000,0.000000,0.000000,0.000000,0.000000,0.000000,0.000000,0.000000,0.000000,0.000000,0.000000,0.000000,0.000000,0.000000,0.000000,0.000000,0.000000,0.000000,0.000000,1.000000,0.000000,0.000000,0.000000
0xc78f0fdfb708689cbe6629175b66958eaa89e7d0,1,rugpull,raw_data/0xc78f0fdfb708689cbe6629175b66958eaa89e7d0/guess_and_get_the_money.sol,-0.060243,-0.008518,-0.012934,-0.049885,0.069620,-0.002598,0.071733,0.020055,-0.059959,0.050832,-0.021539,-0.088309,-0.087936,-0.007895,0.028256,-0.004287,0.012953,0.007063,-0.011287,-0.099186,0.065794,0.000385,-0.014568,0.024723,-0.018609,-0.003719,-0.016921,0.012959,0.027805,-0.076378,0.032393,0.009203,0.001353,0.009364,-0.038668,0.055616,-0.090263,-0.042933,-0.023879,-0.052661,-0.066592,-0.060532,-0.088482,0.041444,0.063773,0.103109,-0.062468,0.067588,0.039292,0.011261,-0.040488,-0.001033,-0.069831,-0.020479,0.098164,0.025357,0.013120,-0.002960,0.049117,0.027677,0.003089,-0.047387,-0.075572,0.121920,0.026803,0.074403,-0.006581,-0.017375,0.008196,-0.055506,-0.032856,0.032288,-0.043180,0.038783,0.029923,0.066472,-0.059550,-0.015383,-0.075070,-0.059562,0.055677,0.006004,0.026508,0.058955,0.076496,-0.003170,0.007682,0.066506,0.082079,0.054571,-0.126913,-0.007616,-0.052019,0.060385,-0.041057,0.101006,-0.072717,-0.138994,-0.020395,0.074141,-0.072257,0.085170,0.063442,-0.055971,-0.002078,0.031886,-0.026705,-0.071509,0.015125,0.037383,-0.069742,-0.017228,-0.001840,-0.053985,0.045945,0.030896,0.034335,0.015259,0.055293,-0.023114,0.113049,0.019501,0.012590,0.052195,0.010850,0.000024,-0.020200,-0.000000,0.006928,-0.064029,0.005629,0.061123,-0.005296,-0.019094,0.060236,0.003432,-0.065950,0.025305,0.011565,0.005489,-0.018109,0.006951,0.108713,0.019374,0.011563,0.062103,0.004920,-0.006648,0.082663,0.040193,0.001472,0.012448,0.081444,0.060828,-0.069779,-0.025384,0.060140,0.008703,-0.039467,-0.022469,-0.097224,0.064796,0.052273,-0.045182,-0.057659,-0.060051,-0.065823,-0.038964,-0.041274,0.014734,-0.036489,0.039350,-0.053689,-0.146309,-0.109481,0.019963,0.037520,0.067625,-0.013505,0.054005,-0.023275,-0.044921,-0.005585,-0.091686,-0.084943,0.051251,0.007704,0.023715,0.012552,0.035906,-0.009382,-0.021744,-0.008813,0.040970,-0.036144,0.003732,0.076082,-0.010012,0.001356,0.033466,0.011349,-0.014474,0.028168,0.029205,-0.048109,-0.050683,-0.010548,-0.098403,0.056206,-0.040029,-0.071191,0.028179,0.019267,-0.065148,0.058603,-0.052593,0.021361,-0.036493,-0.060535,0.073250,-0.040970,0.011912,-0.043333,0.000000,-0.014475,-0.016090,-0.113464,0.014526,-0.058368,-0.011838,0.009283,0.000242,0.063451,0.027157,-0.055141,0.064748,0.075268,-0.012368,-0.010253,-0.022308,0.062082,-0.006752,-0.005758,0.033452,-0.030437,0.120152,-0.113519,-0.054373,0.027422,0.078493,0.043476,0.030885,0.010638,0.047529,0.023546,0.090933,-0.041378,-0.006515,0.017394,0.038164,0.045064,-0.009619,-0.043854,0.024264,0.075091,0.016001,-0.060089,-0.043327,-0.031090,-0.000101,-0.014816,0.062595,0.026542,-0.019851,0.031162,0.006160,-0.044816,-0.057444,-0.055435,0.001817,0.027152,0.004330,0.111816,-0.027854,0.048097,-0.011251,-0.052466,-0.003078,0.025589,-0.049665,-0.052941,0.004065,0.016456,0.030969,-0.011208,0.029138,-0.018536,-0.064824,-0.029437,0.038023,0.021254,-0.079641,0.002515,0.028594,0.024704,0.001600,0.075016,0.068981,0.041863,-0.032716,-0.065624,0.070913,0.015482,-0.009570,0.003958,0.068547,0.029374,0.120917,-0.025632,-0.000000,0.006633,-0.038855,0.008302,0.055396,0.070802,0.061148,-0.039645,-0.012254,-0.080416,-0.078297,0.044589,0.109412,0.038263,-0.018866,0.046576,0.027813,0.054661,0.029259,-0.058131,-0.073990,0.008318,0.022490,-0.092215,-0.076661,-0.049082,-0.043479,0.046391,-0.000267,-0.008156,-0.006821,0.057235,0.039357,0.065364,-0.017878,0.060046,0.147238,-0.007248,0.043648,0.049437,-0.055861,-0.059307,-0.016607,-0.090727,-0.006168,-0.091148,-0.022028,0.010696,-0.108763,0.009888,-0.068006,-0.030194,-0.001588,-0.078511,0.035521,0.097134,0.034758,-0.068773,-0.046556,-0.032077,0.026520,-0.018986,0.079715,0.043363,0.055536,0.000000,0.000000,0.000000,0.000000,0.000000,0.000000,0.000000,0.000000,0.000000,0.000000,0.000000,0.000000,0.000000,0.000000,0.000000,0.000000,0.000000,0.000000,0.000000,0.000000,0.000000,0.000000,0.000000,0.000000
0xbf799a2f71d020a4a8c10e7406e2bf970b3d734b,1,rugpull,raw_data/0xbf799a2f71d020a4a8c10e7406e2bf970b3d734b/W12Token.sol,-0.115013,-0.043306,-0.051970,-0.031674,-0.004103,-0.025914,0.035228,0.022699,0.044291,0.076234,0.056925,-0.024185,-0.008471,-0.076704,-0.024535,0.068082,-0.040351,0.026696,0.010420,0.003146,0.080037,-0.004356,0.020910,0.044050,-0.011226,-0.096684,0.023322,0.044337,0.029528,-0.053698,-0.023271,-0.047802,-0.042728,-0.026714,-0.050869,0.057431,-0.051742,0.047603,-0.060082,-0.073323,-0.064243,-0.011321,-0.051146,-0.054009,-0.046760,0.034163,0.009279,0.038738,-0.069108,-0.047072,0.055996,0.071367,-0.049764,0.019177,0.084195,0.000110,0.061403,-0.035979,0.045791,0.031446,0.002895,0.095302,-0.008006,-0.018688,0.047185,0.013707,-0.007552,0.033753,-0.037495,0.009776,0.004185,-0.039820,-0.026116,0.023629,0.098268,-0.015636,-0.040514,0.045778,-0.017139,-0.050231,0.001873,-0.013889,-0.003607,0.002675,0.007568,0.105337,0.026441,0.110781,0.102741,0.048228,-0.039610,0.004668,0.007406,0.002818,-0.025970,-0.026422,0.000009,-0.051276,-0.075256,0.026476,0.004300,0.019950,-0.015735,-0.027185,0.078634,0.016250,0.019593,-0.065509,-0.046091,-0.039818,-0.005140,0.063792,-0.063293,0.015829,0.009149,0.022714,-0.009841,0.011770,0.132782,-0.107441,0.012855,0.049510,-0.002643,-0.063318,0.041794,-0.011617,0.044671,0.000000,0.043223,-0.015675,-0.100757,0.050396,-0.002151,-0.027972,-0.001190,0.120501,-0.114715,0.059842,0.059744,-0.123010,0.038813,-0.012874,0.034945,-0.060350,0.050783,-0.037799,0.048007,0.066697,0.012281,0.039592,-0.021353,0.080061,0.021857,-0.046824,-0.043497,-0.018115,0.019453,0.026109,-0.026310,0.034336,-0.036756,0.046644,0.030507,-0.060676,-0.092795,-0.015008,-0.012665,-0.003029,-0.071129,-0.070377,-0.100061,0.044421,-0.002307,-0.121316,-0.032240,-0.030792,0.064666,0.031299,0.003946,0.033473,-0.021095,-0.060472,0.029997,-0.046540,-0.039672,-0.029911,0.021675,0.036473,-0.016255,0.036082,0.026638,0.070827,-0.039178,-0.035930,-0.065036,-0.087667,0.042638,-0.119977,-0.020929,0.047325,0.011887,-0.036393,-0.064793,-0.015186,-0.037117,0.017326,0.018914,-0.011771,0.058631,0.065092,-0.016698,0.005197,-0.000847,-0.036573,-0.088625,0.038298,-0.019445,0.069763,-0.032220,-0.036949,-0.028427,-0.027662,0.021572,-0.000000,-0.016866,-0.014547,-0.035766,0.026335,-0.010939,-0.009716,-0.071476,-0.004576,0.017398,-0.046458,-0.089636,0.069598,0.001244,0.032794,-0.014406,-0.044847,-0.043984,-0.047894,-0.103875,0.051264,-0.020948,0.043490,0.009172,0.039937,-0.026201,0.043392,-0.137119,0.137988,-0.007314,-0.020877,-0.026087,-0.023866,0.040423,-0.020569,0.013028,-0.103729,-0.013465,0.069196,0.019321,0.085882,0.100941,0.039163,0.065558,-0.016890,-0.009617,0.018710,-0.007197,-0.112564,-0.078366,0.066115,-0.035002,-0.003885,0.040472,-0.045274,0.043482,0.001622,0.143853,-0.070700,0.059473,0.018816,0.083630,-0.068478,0.095796,0.079789,-0.002577,0.014635,0.020147,-0.038291,0.027020,0.044362,0.040287,-0.042046,-0.032314,-0.083512,0.092952,-0.025188,-0.051849,-0.097012,-0.059116,0.005697,0.021785,-0.053536,0.021429,0.028372,-0.013815,0.000681,0.020898,-0.075079,-0.008533,-0.083909,-0.028546,0.068889,-0.068724,-0.053808,-0.026295,-0.000000,0.012681,-0.060372,-0.035715,0.022879,-0.025032,-0.058451,0.050600,-0.116383,-0.040075,0.066245,-0.014738,0.002784,0.046426,0.002703,-0.006875,-0.031019,0.080451,-0.019387,-0.113403,-0.075968,-0.073159,0.052174,0.007334,-0.036477,-0.058348,-0.008601,0.025317,-0.057051,0.014743,0.040363,0.035770,0.050800,-0.023825,0.063118,-0.051680,0.054572,0.014883,0.026129,0.010673,0.026056,0.031418,0.033253,-0.097298,0.068445,0.046107,0.000321,-0.028456,-0.115815,-0.029898,0.046724,0.017525,0.019602,-0.019468,0.122835,0.068252,0.024640,0.028423,-0.031667,0.047315,0.043517,-0.046561,0.045620,0.045081,-0.020107,1.000000,0.000000,0.000000,1.000000,0.000000,0.000000,0.000000,0.000000,0.000000,0.000000,0.000000,0.000000,0.000000,0.000000,0.000000,0.000000,0.000000,0.000000,0.000000,0.000000,0.000000,0.000000,0.000000,0.000000
0x0e8f2803fa16492b948bc470c69e99460942db2b,1,rugpull,raw_data/0x0e8f2803fa16492b948bc470c69e99460942db2b/QuizGameTest1.sol,0.003570,0.106315,0.000364,-0.038120,-0.039931,-0.047881,-0.027691,-0.015960,0.064327,-0.002551,0.001622,-0.054477,-0.036193,0.009202,-0.041595,-0.033170,0.020276,-0.050617,-0.007226,-0.053767,0.076914,-0.070763,-0.003263,-0.028248,-0.050631,0.072878,0.003004,-0.030373,-0.013649,-0.036909,0.070891,0.022777,-0.072070,-0.027098,-0.030890,0.057433,-0.000287,-0.050759,0.022886,-0.031381,-0.038374,0.033772,-0.015962,0.018556,0.023475,-0.006962,-0.010504,0.035076,-0.034027,-0.018373,0.135196,0.052097,-0.053811,0.000195,0.043622,0.033796,-0.109965,0.001270,-0.046963,0.045275,-0.053789,-0.101090,0.076149,0.006349,0.037487,0.036987,-0.030468,-0.075656,-0.078146,0.016213,-0.057632,-0.052208,-0.042014,0.052533,0.005435,-0.002842,-0.031148,-0.053274,-0.014386,0.107277,-0.092366,-0.136111,0.009447,0.054290,0.086561,0.075170,-0.002125,0.062847,0.063898,0.031589,-0.067560,0.058136,0.012008,0.026893,0.007753,0.123794,-0.041651,-0.015982,-0.055156,0.081733,0.011085,-0.022096,0.036257,-0.020505,0.045207,-0.037703,0.067949,0.019536,-0.053110,0.006988,-0.019907,0.008587,0.049372,-0.009695,-0.081555,-0.063873,0.087658,0.026963,-0.077263,-0.050464,0.108071,-0.022117,-0.009769,-0.032753,0.040628,-0.044118,0.058506,-0.000000,-0.054534,0.005380,0.047308,-0.014609,-0.003990,-0.006507,0.053878,0.050895,0.017444,-0.033713,0.020033,-0.017072,0.013181,-0.048313,-0.035273,0.029926,0.031214,0.028785,-0.010844,-0.031530,-0.035065,-0.066437,0.008777,0.009174,0.056379,-0.059035,-0.044567,-0.031734,-0.069550,-0.035650,0.118143,-0.015519,-0.085986,-0.007980,0.064025,-0.030416,-0.020489,0.027834,-0.018528,0.035028,-0.051859,-0.005607,-0.083057,-0.006117,-0.045384,-0.071037,-0.011935,-0.063251,0.025612,-0.035974,0.050433,0.029986,0.034467,-0.021262,0.013383,-0.025130,-0.052121,0.038681,-0.079194,-0.008324,0.037923,-0.059366,-0.006889,-0.055228,0.017032,-0.002684,0.012379,0.004772,-0.026777,-0.009164,0.038276,-0.058174,0.095838,-0.000847,-0.062629,-0.040029,-0.091240,0.049582,0.053161,-0.035064,0.090263,-0.017708,-0.024382,0.091764,0.070505,0.026098,-0.014894,-0.013288,-0.056927,0.051358,-0.026696,0.012550,-0.008214,-0.050298,-0.019579,0.000000,0.052376,0.019983,-0.044371,0.059023,-0.071325,0.068483,0.135854,0.055729,0.023146,0.053517,0.136196,0.055746,-0.035978,0.026280,-0.004888,0.112328,-0.025640,-0.054539,-0.000744,0.029837,-0.028661,0.077231,-0.030377,0.003959,-0.034557,-0.010428,0.008570,-0.008447,-0.058880,-0.001485,-0.029122,0.025039,0.012590,-0.073300,0.062592,-0.025236,0.057544,0.065018,0.025072,0.132276,0.057239,-0.032091,-0.058355,0.026848,0.005211,-0.097792,0.080369,0.036115,0.024563,0.013770,0.015771,-0.004393,0.057365,0.035432,0.023388,0.030394,-0.076200,-0.048037,-0.011719,0.043116,-0.060934,-0.066715,0.025423,0.073556,-0.034738,-0.001982,-0.066742,-0.001360,0.034943,-0.013853,0.104627,0.018425,0.028892,-0.039515,0.116162,-0.062113,0.000405,-0.036561,0.053463,0.088320,-0.047081,0.102059,-0.103657,0.009335,0.043604,-0.025499,-0.050694,0.070340,-0.036817,-0.005476,0.033107,0.047358,-0.033093,-0.003331,-0.003038,-0.000000,-0.022826,-0.060183,0.052042,-0.005418,0.013601,0.152191,-0.020806,-0.106978,-0.034425,-0.061750,0.053807,0.035544,0.003388,-0.021529,0.014901,-0.078013,-0.012645,0.001161,-0.056413,-0.026815,-0.039371,0.026693,-0.053387,0.025762,0.072371,0.023390,0.014315,-0.050884,-0.094601,-0.042123,-0.001683,0.036949,-0.041888,-0.038878,-0.017141,0.070094,0.067835,0.052708,0.011853,-0.023273,-0.014527,0.060328,-0.031790,0.004482,0.027060,0.027422,0.063334,-0.008495,0.040514,-0.090290,0.019512,-0.001141,-0.072708,-0.027130,-0.087792,-0.070630,0.024716,-0.032642,-0.074388,0.115830,0.128006,0.035599,-0.058582,-0.068153,0.000000,0.000000,0.000000,0.000000,0.000000,0.000000,0.000000,0.000000,0.000000,0.000000,0.000000,0.000000,0.000000,0.000000,0.000000,0.000000,0.000000,0.000000,0.000000,0.000000,0.000000,0.000000,0.000000,0.000000
0x12735da0efac7d82981d7de4356287fb8480151d,0,safe,raw_data/0x12735da0efac7d82981d7de4356287fb8480151d/UserWallet.sol,-0.066073,0.084972,-0.010366,-0.096351,0.030028,-0.045428,0.016039,-0.034422,-0.039886,0.009095,-0.016636,0.068610,-0.011271,0.062557,-0.045310,-0.012138,0.070857,-0.008592,0.028301,0.012876,-0.035741,-0.054872,0.019902,-0.019014,0.028338,0.042491,-0.006665,0.043246,0.071236,-0.029819,0.029336,0.103105,0.073227,-0.098516,0.022525,-0.046462,0.024758,-0.043371,-0.013840,-0.058805,-0.014284,-0.083535,-0.072663,0.043399,0.029102,0.023423,0.062811,0.040130,0.027350,0.035635,-0.022524,-0.020391,0.002460,0.003600,-0.034346,-0.092185,-0.009784,0.019343,0.060668,0.009790,-0.023684,-0.014472,-0.072451,0.074014,-0.003654,0.018344,0.069763,-0.008295,-0.099882,0.003918,0.022524,-0.039191,-0.030757,0.071620,0.058352,-0.007246,0.065959,0.023691,-0.002175,-0.128198,-0.055124,-0.139292,-0.007594,0.021647,-0.070590,0.051286,0.106093,0.050599,0.040368,-0.062036,-0.075119,0.084649,0.063118,0.011497,0.001101,-0.045393,-0.052365,0.001921,0.020088,0.101189,-0.055446,0.009493,-0.049859,-0.037293,0.035476,-0.074922,0.020340,0.055997,0.060606,-0.005305,-0.005265,0.029076,0.016223,-0.021229,0.049017,-0.106638,-0.112996,0.000218,0.072648,-0.062036,0.053303,0.015102,-0.062329,0.035684,-0.020477,-0.081663,-0.054630,-0.000000,0.017851,0.028138,0.018013,0.044816,-0.011859,0.036842,-0.005432,-0.005137,-0.116946,-0.031733,-0.015389,-0.037612,-0.054628,0.023817,0.067620,-0.034391,-0.008800,-0.041045,0.029424,0.002322,-0.034430,0.007930,-0.034896,0.014255,-0.036497,0.018734,0.056224,-0.035887,0.146707,0.003531,-0.069320,-0.062946,0.012331,-0.078695,0.020223,0.122008,-0.013420,-0.030570,-0.031104,0.025987,0.003093,-0.015583,-0.119482,-0.061079,-0.025999,0.021364,-0.018376,-0.018581,0.022688,0.000290,-0.018346,0.025333,-0.063175,-0.012304,-0.025448,-0.024777,-0.080218,-0.025756,0.056991,-0.010411,0.001562,0.067188,0.006312,0.093099,-0.008321,0.065134,0.090794,-0.025764,-0.070251,0.057805,-0.120514,0.012414,0.118812,-0.114931,-0.014386,-0.028029,-0.062686,-0.046036,0.041344,0.018230,-0.072524,-0.004862,0.027200,-0.053226,-0.028237,0.000436,-0.041515,-0.113767,0.022616,0.092618,-0.027894,-0.121224,-0.031044,0.071114,-0.005097,0.000000,-0.031428,-0.056556,-0.039867,0.110045,-0.052310,-0.023945,-0.068324,0.093589,0.002435,0.064910,0.066158,0.023778,-0.000436,0.028285,0.004082,-0.042558,0.058757,-0.062451,-0.070828,0.006711,0.008516,-0.011467,0.034407,0.098328,0.015266,0.099788,0.094426,0.009735,-0.033605,-0.026157,0.025341,-0.026970,-0.092544,-0.063367,0.038234,0.008512,0.039621,0.039884,0.009840,-0.027104,0.023495,0.049214,0.026749,0.032633,0.028319,-0.103300,-0.004121,-0.056034,0.078626,-0.000019,0.025776,0.005053,0.068776,-0.118509,0.022344,0.011014,-0.089693,0.043031,0.112561,-0.013364,0.065913,-0.024915,-0.113463,-0.005698,-0.040605,-0.023303,-0.028067,0.027053,-0.015689,0.071158,0.015742,0.051697,-0.030631,-0.057635,-0.021786,-0.002471,0.053127,0.036380,-0.025886,0.036168,0.048148,0.089403,-0.020889,0.064887,-0.002189,0.010928,-0.031437,0.025226,-0.017209,-0.073085,-0.025977,0.021158,-0.007029,0.002172,-0.007068,-0.000000,-0.013443,0.022593,-0.080759,0.012524,0.006471,0.033308,-0.010220,-0.042786,0.058712,0.059770,0.090571,-0.069081,-0.081140,0.006416,-0.007064,0.050584,-0.041871,-0.055216,0.005564,-0.024346,-0.001764,0.024655,0.058769,-0.072770,-0.041176,0.006226,0.024685,-0.060723,-0.034133,0.032019,-0.041304,0.064989,0.024829,0.010189,0.054426,-0.066789,0.025679,0.142184,0.059379,0.003970,-0.010997,0.022331,0.027121,-0.000381,-0.004151,-0.037608,0.021711,0.011857,0.008413,-0.017597,-0.004777,0.022147,0.055977,0.046264,0.056347,0.021409,-0.017246,-0.006903,-0.002787,0.053743,0.037083,-0.027274,0.014585,0.099975,0.000000,0.000000,0.000000,0.000000,0.000000,0.000000,0.000000,0.000000,0.000000,0.000000,0.000000,0.000000,0.000000,0.000000,0.000000,0.000000,0.000000,0.000000,0.000000,0.000000,1.000000,0.000000,0.000000,0.000000
0x268d6aebd62cf760b42fb60e339ba3078ece0241,0,safe,raw_data/0x268d6aebd62cf760b42fb60e339ba3078ece0241/LockToken.sol,-0.088497,0.062338,-0.023081,-0.000544,-0.030549,-0.051614,0.033097,-0.005427,-0.009773,0.088983,0.029374,-0.090373,0.061948,0.032785,-0.036258,0.053801,-0.082729,0.064933,-0.033956,0.029639,-0.033767,-0.059139,-0.056552,0.078284,0.070632,-0.047831,-0.011432,-0.010183,0.061561,-0.076565,-0.006283,-0.036403,0.006368,-0.001444,0.017609,0.047788,-0.025646,-0.032419,0.031082,-0.030316,-0.068026,-0.004194,0.011948,0.015336,-0.022840,0.098050,0.064016,0.036310,-0.037683,-0.029217,-0.002086,0.053959,-0.013394,-0.031909,0.030561,0.007908,0.041717,0.020891,0.032372,0.037174,0.001586,0.101803,0.048391,-0.042443,0.080700,-0.045196,0.001783,0.054560,-0.059128,0.084170,0.005241,0.008421,0.003157,0.076825,0.086674,0.028968,-0.014850,0.022618,-0.011509,0.009014,-0.050024,-0.051946,-0.024257,0.006283,0.016461,0.034137,0.000754,0.056663,0.098541,0.015387,0.019583,-0.035505,-0.030543,0.013149,0.067248,-0.055681,-0.045208,-0.044158,-0.068756,0.028335,-0.004760,0.047002,0.001641,-0.007035,0.054002,0.012218,0.028813,-0.085197,-0.004522,-0.018314,0.106783,-0.000253,-0.033252,0.003943,0.031843,-0.012973,-0.013424,0.023786,0.075748,-0.138540,0.021936,0.004157,0.056717,0.001303,0.005566,0.012081,-0.002225,0.000000,-0.010704,0.000432,-0.081728,0.102021,-0.039285,-0.023770,-0.022394,0.111900,-0.042734,0.011603,0.008710,-0.099624,0.039510,0.009081,0.025754,-0.000756,0.016881,-0.027038,-0.030964,0.000482,0.008335,0.015494,-0.074437,-0.011128,0.005638,-0.021094,0.009091,0.011421,-0.001283,0.001747,-0.009376,0.019820,-0.041439,0.046112,0.075726,0.042687,-0.048764,0.040097,0.019261,0.031254,-0.067263,-0.072771,-0.002082,0.039975,-0.000470,-0.058901,-0.069513,-0.005205,0.080500,-0.029332,-0.085050,0.002511,0.018767,-0.014624,0.013230,-0.015679,-0.022251,-0.008774,0.011591,0.098468,-0.010417,0.107567,-0.055558,0.059612,-0.100890,-0.042819,-0.042675,-0.058637,0.065472,-0.055676,-0.020025,-0.007662,-0.084001,0.019804,-0.031703,-0.096141,0.009722,0.079617,0.002629,-0.130253,0.050391,0.048416,0.050464,0.051837,-0.062814,-0.042712,-0.067715,-0.024835,-0.042019,0.055386,0.000585,-0.060459,0.043688,0.039126,-0.029188,-0.000000,-0.062559,0.027329,-0.044929,0.030332,-0.112519,-0.095516,0.037776,-0.044288,0.025794,-0.021949,-0.119407,0.054710,-0.013838,0.039882,-0.005954,-0.085685,-0.081724,-0.091147,-0.080804,0.023312,-0.017597,0.086567,0.044641,0.022400,-0.032202,0.049795,-0.068609,0.084187,0.045628,0.029486,-0.006460,-0.031810,-0.011756,-0.036313,-0.003709,-0.096421,0.003561,0.041324,0.065817,0.037570,0.066001,0.006882,0.059191,0.053598,0.087162,0.025073,0.050684,-0.089648,0.008703,0.031051,-0.012789,-0.060742,0.069998,0.003035,0.014355,0.062884,0.071801,-0.036896,0.036538,0.059435,-0.039878,-0.014062,0.056355,0.074423,-0.089767,0.024440,-0.070223,0.014918,0.067087,-0.016616,0.045129,0.021917,-0.055750,-0.108461,0.026320,-0.027920,-0.024749,0.009367,0.000843,-0.013268,0.013736,-0.008333,0.010274,-0.002408,-0.023023,-0.054857,0.051692,-0.096531,-0.050132,0.013309,0.001002,0.086624,-0.079415,-0.066722,-0.089434,-0.000000,-0.066280,-0.018737,-0.023106,-0.022647,-0.009826,-0.054815,0.049995,-0.158297,-0.008423,0.047360,-0.076023,0.026651,-0.025414,-0.035221,-0.058517,-0.044209,0.014860,-0.038922,-0.125082,0.001401,-0.045441,0.039618,0.027838,-0.022427,-0.024330,0.010377,0.012314,0.009506,0.023145,0.063129,0.057328,0.085656,-0.031238,0.040196,-0.012314,0.059040,0.049287,0.091025,0.046481,-0.000869,-0.098354,0.027455,-0.049114,0.035755,0.032287,-0.059731,-0.100472,-0.092753,-0.022710,-0.057424,0.048210,0.030729,-0.076429,0.110868,0.054000,-0.091247,-0.044474,-0.016668,0.004657,0.052491,0.019762,0.098842,0.091322,-0.016500,0.000000,0.000000,0.000000,0.000000,0.000000,0.000000,0.000000,0.000000,0.000000,0.000000,0.000000,0.000000,0.000000,0.000000,0.000000,0.000000,0.000000,0.000000,0.000000,0.000000,0.000000,0.000000,0.000000,0.000000
0x56976cc8da9c768640b746ef62e08297fef93b5a,1,rugpull,raw_data/0x56976cc8da9c768640b746ef62e08297fef93b5a/ERC20.sol,-0.089926,0.100196,-0.073620,-0.003740,0.019821,-0.123728,-0.004537,0.078664,-0.006019,-0.005743,0.000911,-0.036259,-0.028522,0.011906,-0.055199,-0.048680,-0.039070,0.116987,-0.035867,0.013434,0.029418,0.017229,-0.063908,0.052891,0.080028,0.006294,-0.045318,-0.032096,0.067882,-0.067351,0.029627,0.064293,0.026246,0.011278,0.040049,0.012685,0.068763,-0.000383,-0.022465,0.032946,-0.053154,-0.036120,-0.047840,0.007564,-0.018078,-0.032024,-0.040361,0.022382,-0.016658,0.023757,0.111995,0.073256,-0.079508,0.085611,-0.006450,-0.039712,0.002280,-0.016014,-0.027478,-0.026128,-0.030946,0.057978,-0.047221,-0.074924,0.021325,-0.038937,0.004103,-0.087042,-0.033241,0.080156,-0.015693,-0.000972,0.023466,0.028249,0.065580,-0.013471,-0.057270,0.000127,0.002262,-0.021981,0.036355,-0.025006,-0.012243,-0.061030,0.044345,0.002099,-0.002256,0.039975,0.135594,-0.020685,-0.045841,0.025334,-0.006641,-0.027082,0.007056,0.015731,-0.030662,-0.007251,-0.016678,0.061796,-0.055091,0.042909,-0.078734,-0.055065,0.022816,0.055015,0.019595,0.037576,-0.027072,-0.030673,0.059902,0.001464,0.046903,-0.066053,0.083967,-0.017344,-0.012189,0.057625,-0.030146,-0.080000,-0.012789,0.080639,-0.041503,0.074922,0.018802,0.011871,0.004066,0.000000,-0.070121,0.014680,0.007759,0.079725,-0.061501,0.051315,-0.034595,0.020931,-0.044549,0.097749,-0.014246,0.020417,0.014419,-0.022813,0.021161,-0.088651,0.107225,-0.026961,0.004029,0.001495,0.043162,-0.013286,-0.119975,0.058230,0.101540,0.038266,-0.018982,-0.046875,0.037136,0.029930,-0.066929,0.078526,0.003705,-0.013527,0.039425,-0.009204,-0.031532,0.021932,0.005397,0.010626,-0.083293,-0.006829,-0.081129,-0.034181,0.004149,-0.038759,0.072316,0.047327,0.065132,-0.042897,-0.028904,0.068964,-0.072423,-0.021593,-0.019535,-0.066508,0.047027,-0.030485,0.013628,0.063661,-0.015153,0.101307,-0.045315,-0.067059,-0.096588,0.004296,-0.089416,-0.038878,0.022113,0.016232,-0.122326,0.040198,0.002800,0.043923,-0.050277,-0.052156,0.092916,-0.045783,0.066466,-0.070722,-0.029342,0.057792,0.055253,-0.038528,0.036512,-0.116476,-0.083218,-0.073489,-0.074644,-0.012709,-0.079134,-0.082008,0.054031,-0.022805,-0.042688,-0.000000,-0.077908,0.066996,-0.103472,0.072149,-0.132201,-0.038079,0.040545,-0.019295,0.081916,-0.059647,-0.005270,0.035545,0.008572,0.018071,0.036344,-0.001474,-0.123779,-0.047287,-0.031285,0.057596,-0.082191,0.090409,0.061419,-0.008460,0.005048,0.085732,0.023251,0.066420,0.052996,-0.017168,0.032647,-0.061790,0.015121,-0.075953,-0.006110,-0.073597,0.034129,0.002360,0.038494,-0.050265,0.066394,-0.010323,0.054008,0.075208,0.010530,-0.012474,0.076149,0.005236,0.032649,-0.123389,0.022874,-0.012448,-0.020056,0.096576,0.014246,0.043049,0.022463,0.023403,0.016039,0.016399,-0.021314,0.000714,0.118293,-0.005958,-0.013975,0.026087,-0.062972,-0.018927,-0.000659,0.037426,0.099289,0.061625,0.001295,-0.012628,-0.039850,-0.054820,-0.016230,-0.027044,0.010335,0.040064,-0.078322,0.022588,-0.001492,-0.024261,-0.054866,-0.065563,0.005729,0.029959,-0.015529,0.002416,-0.047057,0.001416,-0.017202,-0.002255,0.004903,-0.000000,-0.022694,-0.061305,-0.000906,-0.034710,0.056908,0.008747,0.021268,-0.046692,-0.011443,-0.065535,0.043928,0.030919,0.004124,-0.098758,0.036770,0.040583,0.033181,-0.004597,-0.082561,-0.013802,-0.040341,0.013242,-0.019690,-0.049914,-0.022211,-0.028995,-0.011882,0.045857,0.029378,-0.045120,0.066155,0.061525,0.045882,0.069750,0.034119,-0.078048,0.059239,0.105021,0.043338,0.023285,-0.072706,0.031186,-0.047286,0.047585,-0.043933,-0.012743,-0.006600,-0.042810,-0.068030,0.026319,0.012858,0.060937,-0.052557,0.093280,0.025946,-0.045120,-0.109759,-0.040995,-0.064339,0.074506,-0.060762,0.003390,0.045271,-0.024969,0.000000,0.000000,1.000000,0.000000,0.000000,1.000000,0.000000,0.000000,0.000000,0.000000,0.000000,0.000000,0.000000,0.000000,0.000000,0.000000,0.000000,0.000000,0.000000,0.000000,0.000000,0.000000,0.000000,0.000000
0xf6c01343020a7f37f9a9bdc2c1a5dbe8604de62c,0,safe,raw_data/0xf6c01343020a7f37f9a9bdc2c1a5dbe8604de62c/E3WToken.sol,-0.024903,0.008244,-0.026628,-0.033423,-0.026769,-0.057317,0.074118,0.094519,-0.042637,0.039045,-0.013994,-0.069177,0.044109,-0.032572,-0.005976,0.041696,-0.014673,0.051701,-0.058104,0.051272,0.109087,-0.012906,-0.070579,-0.000196,-0.029416,-0.011725,0.034107,-0.009061,-0.010346,-0.055856,0.013512,-0.058808,0.022244,-0.020242,0.004706,-0.050910,0.019739,-0.050274,0.036892,-0.094927,-0.022815,-0.052717,-0.029995,-0.047497,0.034295,0.082674,-0.027880,0.002630,-0.018288,0.014917,0.128194,-0.058949,0.004174,0.026258,-0.027597,-0.048992,0.030555,0.015350,0.086083,-0.011429,-0.017898,-0.009956,0.074130,-0.040490,-0.039708,-0.087477,-0.062557,0.032496,-0.042601,0.030270,-0.078237,-0.023140,-0.068816,0.019708,-0.009484,0.075062,0.032461,0.062483,-0.059206,-0.045112,0.027280,0.009434,0.047754,-0.010211,0.032548,0.048213,-0.008437,0.064256,0.124874,0.017947,0.041888,-0.007520,0.006096,0.025582,0.057743,-0.017456,-0.060781,-0.094998,-0.085139,0.068976,0.001872,0.089384,0.002693,0.023032,0.105417,0.033795,0.063988,-0.008224,0.041512,-0.013550,0.014385,-0.001172,-0.083530,0.008472,0.005095,-0.013344,-0.004810,-0.027205,0.056434,-0.039233,0.043784,0.031378,-0.079823,0.021050,-0.056186,-0.040613,0.048638,0.000000,-0.050972,0.039131,-0.054817,0.057989,-0.073261,0.019014,0.015213,0.067199,-0.026309,0.006916,0.035261,-0.052904,0.082366,0.029087,-0.059718,-0.032732,0.010120,0.067541,0.120954,0.044469,0.016270,-0.020435,-0.030027,-0.016300,0.063587,0.047505,-0.083239,-0.007075,0.105717,-0.000185,0.000523,-0.030479,0.001044,-0.005007,0.016031,-0.004399,0.036120,0.017375,0.001206,-0.073678,-0.024888,-0.001379,-0.038458,0.021227,-0.031307,-0.050140,0.028178,-0.032315,0.082155,0.028231,-0.111573,-0.041036,-0.040523,-0.063803,0.013236,-0.115100,-0.091911,0.002979,0.013231,0.019569,-0.029904,0.053966,-0.008681,-0.001405,0.036303,0.114283,-0.025597,-0.095418,0.010894,-0.032960,-0.060305,0.038506,0.073441,0.047371,-0.137233,-0.036211,0.068281,0.019204,-0.053729,0.038362,-0.013382,0.019380,-0.040365,-0.008564,0.026937,-0.010068,-0.009105,0.045462,-0.031874,0.006923,0.049710,-0.102014,-0.073530,0.044496,0.008319,-0.000000,0.046557,0.075888,-0.072757,-0.000620,-0.055219,-0.031629,0.031429,0.004471,0.033593,0.058599,-0.115490,0.015782,0.013225,0.043453,-0.056682,-0.044698,-0.135613,0.014128,-0.010290,0.024928,-0.065669,0.067020,0.033935,0.034646,-0.033548,0.150264,-0.048032,0.021853,-0.053382,0.020908,-0.030390,-0.072409,0.064687,0.056823,-0.031142,-0.086111,-0.004324,0.059915,0.118941,-0.039053,0.056430,0.004207,0.053749,-0.046743,-0.005639,0.011511,0.027149,0.031298,-0.021717,-0.075951,0.008511,0.020153,-0.119834,0.074202,0.003770,0.007557,0.129718,0.018519,-0.059752,-0.082764,-0.006427,0.018049,0.036514,0.011418,0.016134,0.013703,-0.013470,-0.041155,-0.007650,0.002342,-0.041979,-0.006385,0.089549,-0.058303,0.123664,0.039653,0.105635,-0.071763,0.029877,-0.017902,-0.061643,0.004195,0.035421,0.114696,0.006315,0.047873,-0.031057,-0.016678,-0.009663,0.016937,-0.067313,-0.064409,0.061068,0.045022,0.012674,-0.000000,-0.003132,0.000528,0.007825,0.026049,0.005533,0.046810,-0.056531,-0.064052,-0.048723,0.038086,-0.107500,-0.000258,-0.059470,-0.043024,-0.018081,-0.022235,0.010380,-0.003773,-0.052531,-0.060724,-0.048316,-0.012389,0.063238,-0.090420,0.035932,-0.013220,0.022081,0.001916,0.000536,-0.055284,0.025572,-0.004891,-0.050497,0.025334,0.056839,0.011897,0.032039,0.008082,-0.035209,0.105278,-0.047316,0.045094,-0.041448,-0.017598,0.022750,0.055070,-0.054878,-0.058235,-0.021983,-0.043049,0.005532,-0.018868,0.000741,0.111620,-0.056844,-0.015286,-0.097496,-0.068954,0.055164,0.081594,0.094651,0.065849,-0.003578,-0.012839,0.000000,0.000000,0.000000,0.000000,0.000000,0.000000,0.000000,0.000000,0.000000,0.000000,0.000000,0.000000,0.000000,0.000000,0.000000,0.000000,0.000000,0.000000,0.000000,0.000000,0.000000,0.000000,0.000000,0.000000
0x829cef8bf3a110b73c33246b600a9ff6159184c7,1,rugpull,raw_data/0x829cef8bf3a110b73c33246b600a9ff6159184c7/DOG.sol,-0.118731,0.033139,-0.021051,0.005521,-0.030680,-0.083632,-0.009845,0.058543,-0.012505,-0.018359,0.003223,-0.024150,0.010026,0.028758,-0.026877,-0.022850,-0.075177,0.100367,-0.087180,-0.009482,0.045706,-0.005181,-0.065132,0.032598,0.029503,-0.027419,-0.062043,-0.051148,0.069087,-0.075582,0.012173,0.078600,-0.007271,0.014917,0.065079,0.016082,0.083197,0.007135,-0.042411,0.021122,-0.038149,-0.071987,-0.027129,-0.018066,-0.051055,-0.044792,-0.045570,-0.000896,-0.001317,0.050074,0.015607,0.052668,-0.025956,0.111345,-0.003740,-0.042049,-0.054658,-0.017621,-0.023687,-0.049333,-0.029554,0.045979,-0.022090,-0.075857,0.027481,-0.021188,-0.028046,-0.042286,-0.057600,0.120948,-0.013142,-0.013367,-0.034099,0.040227,0.031564,0.003811,-0.055162,-0.017757,0.016166,-0.036255,-0.001887,-0.018597,0.018228,-0.024756,0.099522,-0.000486,-0.041541,0.052952,0.064923,-0.013622,-0.046404,0.007437,0.004947,0.009706,0.050191,0.005645,-0.032380,0.019987,-0.024186,0.056213,-0.052345,0.079839,-0.039885,-0.059612,-0.016945,0.025171,0.000790,0.021795,0.020389,-0.027647,0.040487,-0.012346,0.044460,-0.088047,0.062903,0.064046,-0.069212,0.045090,-0.002081,-0.086786,-0.002492,0.057041,-0.084915,0.091739,0.030342,0.021882,0.010971,0.000000,-0.051780,0.032225,-0.061847,0.076341,-0.012776,0.034783,-0.047312,0.019583,-0.087156,0.069217,0.001839,0.083478,0.025701,-0.038811,0.030757,-0.135019,0.099527,-0.007544,0.062244,0.015157,0.075034,-0.013207,-0.096917,0.061054,0.068709,0.041145,-0.035135,-0.014519,0.045516,0.033729,-0.085476,0.038009,-0.023148,-0.026491,0.050602,-0.052459,-0.023922,-0.006173,-0.027588,-0.000852,-0.029659,-0.015399,-0.097902,-0.032416,-0.001538,-0.068798,0.047555,0.038026,0.071680,-0.066121,-0.012326,0.084793,-0.077486,-0.031999,0.064620,-0.049871,0.051284,0.031323,0.041213,0.097992,-0.008764,0.070242,0.009521,-0.102290,-0.067013,-0.051528,-0.083779,0.025591,-0.002946,0.018714,-0.096846,0.022724,0.005210,0.076163,-0.001819,-0.084278,0.061094,-0.020639,0.102211,-0.083942,-0.060896,0.068855,0.037290,-0.040233,0.010296,-0.073906,-0.049487,-0.045298,-0.128190,-0.038277,-0.074172,-0.063715,0.057720,-0.025389,-0.025589,-0.000000,-0.076285,0.061224,-0.084301,0.051875,-0.114228,-0.040123,0.086799,-0.011643,0.112221,-0.028948,0.028578,0.016901,0.021518,-0.030966,-0.006991,-0.057891,-0.113114,-0.012400,0.010416,0.004053,-0.083047,0.100131,0.018459,0.031287,0.017366,0.125538,-0.007589,0.078920,0.066446,0.002486,0.040525,-0.054921,-0.020898,-0.034408,-0.000478,-0.072989,0.057896,0.035919,0.041734,-0.062591,0.103675,-0.015461,0.060994,0.086058,0.017610,0.001011,0.005827,-0.030729,0.028093,-0.102680,0.023288,-0.046462,-0.022583,0.062821,-0.002870,0.077977,0.017272,-0.013275,0.038578,0.029435,-0.009555,0.036962,0.101256,0.020431,0.016974,0.015264,-0.107293,-0.007767,-0.000226,0.050126,0.027077,0.070481,0.013743,0.004352,-0.005732,-0.055476,0.044489,0.005729,0.040505,0.005846,-0.082210,0.035751,-0.020129,0.010282,-0.047450,-0.054297,0.034056,0.089676,-0.012996,-0.018245,-0.046808,-0.019403,-0.018466,0.051773,0.037136,-0.000000,-0.057470,-0.081821,-0.045027,-0.098258,0.107399,-0.021645,-0.016174,-0.075603,0.005028,-0.079226,0.040782,-0.017466,-0.054470,-0.072054,-0.008153,0.006318,0.022106,0.004182,-0.055673,-0.021619,-0.024154,0.000746,0.015538,0.000543,-0.041418,-0.022075,-0.007587,0.061388,-0.029821,-0.069642,-0.016937,0.041436,0.073781,0.060595,0.053243,-0.027993,0.044504,0.065752,0.042330,-0.008077,-0.022348,0.050166,-0.054757,0.012359,0.017330,-0.038624,0.013213,-0.047637,-0.043120,0.058927,-0.036920,0.029631,0.013377,0.035496,-0.000635,0.004288,-0.113463,-0.055429,-0.021187,0.089804,-0.002468,-0.008669,0.051686,0.000203,0.000000,0.000000,1.000000,0.000000,0.000000,1.000000,0.000000,0.000000,0.000000,0.000000,0.000000,0.000000,0.000000,0.000000,0.000000,0.000000,0.000000,0.000000,0.000000,0.000000,0.000000,0.000000,0.000000,0.000000
0xea848cf9ae6f232f9534ba1b433cbbd259bc7764,0,safe,raw_data/0xea848cf9ae6f232f9534ba1b433cbbd259bc7764/UserWallet.sol,-0.066073,0.084972,-0.010366,-0.096351,0.030028,-0.045428,0.016039,-0.034422,-0.039886,0.009095,-0.016636,0.068610,-0.011271,0.062557,-0.045310,-0.012138,0.070857,-0.008592,0.028301,0.012876,-0.035741,-0.054872,0.019902,-0.019014,0.028338,0.042491,-0.006665,0.043246,0.071236,-0.029819,0.029336,0.103105,0.073227,-0.098516,0.022525,-0.046462,0.024758,-0.043371,-0.013840,-0.058805,-0.014284,-0.083535,-0.072663,0.043399,0.029102,0.023423,0.062811,0.040130,0.027350,0.035635,-0.022524,-0.020391,0.002460,0.003600,-0.034346,-0.092185,-0.009784,0.019343,0.060668,0.009790,-0.023684,-0.014472,-0.072451,0.074014,-0.003654,0.018344,0.069763,-0.008295,-0.099882,0.003918,0.022524,-0.039191,-0.030757,0.071620,0.058352,-0.007246,0.065959,0.023691,-0.002175,-0.128198,-0.055124,-0.139292,-0.007594,0.021647,-0.070590,0.051286,0.106093,0.050599,0.040368,-0.062036,-0.075119,0.084649,0.063118,0.011497,0.001101,-0.045393,-0.052365,0.001921,0.020088,0.101189,-0.055446,0.009493,-0.049859,-0.037293,0.035476,-0.074922,0.020340,0.055997,0.060606,-0.005305,-0.005265,0.029076,0.016223,-0.021229,0.049017,-0.106638,-0.112996,0.000218,0.072648,-0.062036,0.053303,0.015102,-0.062329,0.035684,-0.020477,-0.081663,-0.054630,-0.000000,0.017851,0.028138,0.018013,0.044816,-0.011859,0.036842,-0.005432,-0.005137,-0.116946,-0.031733,-0.015389,-0.037612,-0.054628,0.023817,0.067620,-0.034391,-0.008800,-0.041045,0.029424,0.002322,-0.034430,0.007930,-0.034896,0.014255,-0.036497,0.018734,0.056224,-0.035887,0.146707,0.003531,-0.069320,-0.062946,0.012331,-0.078695,0.020223,0.122008,-0.013420,-0.030570,-0.031104,0.025987,0.003093,-0.015583,-0.119482,-0.061079,-0.025999,0.021364,-0.018376,-0.018581,0.022688,0.000290,-0.018346,0.025333,-0.063175,-0.012304,-0.025448,-0.024777,-0.080218,-0.025756,0.056991,-0.010411,0.001562,0.067188,0.006312,0.093099,-0.008321,0.065134,0.090794,-0.025764,-0.070251,0.057805,-0.120514,0.012414,0.118812,-0.114931,-0.014386,-0.028029,-0.062686,-0.046036,0.041344,0.018230,-0.072524,-0.004862,0.027200,-0.053226,-0.028237,0.000436,-0.041515,-0.113767,0.022616,0.092618,-0.027894,-0.121224,-0.031044,0.071114,-0.005097,0.000000,-0.031428,-0.056556,-0.039867,0.110045,-0.052310,-0.023945,-0.068324,0.093589,0.002435,0.064910,0.066158,0.023778,-0.000436,0.028285,0.004082,-0.042558,0.058757,-0.062451,-0.070828,0.006711,0.008516,-0.011467,0.034407,0.098328,0.015266,0.099788,0.094426,0.009735,-0.033605,-0.026157,0.025341,-0.026970,-0.092544,-0.063367,0.038234,0.008512,0.039621,0.039884,0.009840,-0.027104,0.023495,0.049214,0.026749,0.032633,0.028319,-0.103300,-0.004121,-0.056034,0.078626,-0.000019,0.025776,0.005053,0.068776,-0.118509,0.022344,0.011014,-0.089693,0.043031,0.112561,-0.013364,0.065913,-0.024915,-0.113463,-0.005698,-0.040605,-0.023303,-0.028067,0.027053,-0.015689,0.071158,0.015742,0.051697,-0.030631,-0.057635,-0.021786,-0.002471,0.053127,0.036380,-0.025886,0.036168,0.048148,0.089403,-0.020889,0.064887,-0.002189,0.010928,-0.031437,0.025226,-0.017209,-0.073085,-0.025977,0.021158,-0.007029,0.002172,-0.007068,-0.000000,-0.013443,0.022593,-0.080759,0.012524,0.006471,0.033308,-0.010220,-0.042786,0.058712,0.059770,0.090571,-0.069081,-0.081140,0.006416,-0.007064,0.050584,-0.041871,-0.055216,0.005564,-0.024346,-0.001764,0.024655,0.058769,-0.072770,-0.041176,0.006226,0.024685,-0.060723,-0.034133,0.032019,-0.041304,0.064989,0.024829,0.010189,0.054426,-0.066789,0.025679,0.142184,0.059379,0.003970,-0.010997,0.022331,0.027121,-0.000381,-0.004151,-0.037608,0.021711,0.011857,0.008413,-0.017597,-0.004777,0.022147,0.055977,0.046264,0.056347,0.021409,-0.017246,-0.006903,-0.002787,0.053743,0.037083,-0.027274,0.014585,0.099975,0.000000,0.000000,0.000000,0.000000,0.000000,0.000000,0.000000,0.000000,0.000000,0.000000,0.000000,0.000000,0.000000,0.000000,0.000000,0.000000,0.000000,0.000000,0.000000,0.000000,1.000000,0.000000,0.000000,0.000000
0x2ce47cd60be8a6e5828ed06f233819f697002df4,1,rugpull,raw_data/0x2ce47cd60be8a6e5828ed06f233819f697002df4/SAVEN.sol,-0.093911,0.089764,-0.060056,0.016248,0.020649,-0.102157,-0.008074,0.064331,0.008550,-0.008711,-0.008944,-0.024599,-0.014027,0.000332,-0.049096,-0.031912,-0.028001,0.114414,-0.025664,0.021505,0.026578,0.029782,-0.081146,0.037418,0.092359,-0.003615,-0.047433,-0.032242,0.065240,-0.071147,0.029554,0.067634,0.020180,0.004092,0.035730,0.011588,0.050079,-0.004890,-0.001448,0.025619,-0.080957,-0.019757,-0.064862,0.006509,-0.007916,-0.022747,-0.038371,0.028475,-0.051842,0.020831,0.085159,0.062057,-0.091299,0.064376,0.024975,-0.015338,-0.002611,-0.017593,-0.014150,-0.029461,-0.020587,0.044428,-0.032248,-0.075887,0.052152,-0.029076,0.001170,-0.099600,-0.029499,0.056916,-0.024960,-0.022904,0.007285,0.046649,0.064862,-0.019632,-0.043797,0.006314,0.018510,-0.029188,0.028326,-0.023532,-0.017176,-0.050061,0.029331,-0.022737,-0.030123,0.043852,0.135848,0.000440,-0.044359,0.027212,0.007901,-0.029548,0.023134,-0.021502,-0.019230,-0.006285,0.009315,0.053386,-0.049432,0.083826,-0.085427,-0.072072,0.022295,0.055788,0.012721,0.019680,-0.016810,-0.046871,0.059500,0.000065,0.044666,-0.069916,0.081238,-0.031590,-0.001873,0.047106,-0.036916,-0.064555,-0.032084,0.063968,-0.062112,0.046888,0.024854,0.010206,0.009403,0.000000,-0.051480,0.013574,-0.004625,0.085754,-0.039783,0.046850,-0.022544,0.005448,-0.049116,0.086463,-0.032814,0.011160,0.039817,-0.014204,0.007877,-0.085594,0.111212,-0.035684,0.000040,-0.015310,0.041296,0.027565,-0.094248,0.058857,0.104808,0.007129,0.010734,-0.042349,0.046282,0.033914,-0.075407,0.102577,-0.013186,-0.039465,0.029068,-0.029036,0.000847,0.022241,-0.006591,0.016530,-0.076399,0.008812,-0.085283,-0.005534,0.002867,-0.068771,0.054343,0.063268,0.051961,-0.051311,-0.019033,0.053216,-0.059777,-0.013307,-0.023831,-0.046084,0.036252,-0.034286,-0.002567,0.089496,0.018379,0.091242,-0.052480,-0.066977,-0.090257,0.005914,-0.084458,-0.052437,0.013771,0.019022,-0.102351,0.022452,0.022009,0.008460,-0.053318,-0.050802,0.056448,-0.039327,0.081252,-0.088253,-0.067483,0.064313,0.057228,-0.029943,0.050879,-0.124345,-0.073742,-0.088386,-0.077349,-0.032728,-0.079088,-0.077077,0.057286,-0.004339,-0.013448,-0.000000,-0.065560,0.071614,-0.120372,0.073937,-0.133487,-0.056934,0.040135,-0.051902,0.070668,-0.051061,-0.000043,0.015129,0.025333,0.024051,0.024478,-0.021545,-0.101658,-0.041383,-0.050651,0.074942,-0.066718,0.067093,0.067243,-0.009949,0.000784,0.102791,-0.014912,0.088431,0.063869,-0.009428,0.018774,-0.065711,0.036640,-0.071313,0.016252,-0.043495,0.018980,-0.014361,0.052498,-0.053747,0.089894,-0.017552,0.080692,0.075256,0.041630,0.006939,0.061736,-0.004120,0.037824,-0.150797,0.044569,-0.019735,-0.016261,0.115158,0.006419,0.030404,0.013067,0.012985,0.041449,0.037279,-0.008764,0.007389,0.133526,0.017631,0.006525,0.023095,-0.061851,-0.003759,0.035799,0.029819,0.083643,0.074596,0.021904,-0.016805,-0.022040,-0.056723,-0.031781,-0.030474,0.012649,0.020675,-0.060520,0.039314,0.015830,-0.015927,-0.070405,-0.057150,0.006408,0.018236,-0.000386,-0.004534,-0.041995,0.003793,-0.008880,0.007329,0.021699,-0.000000,-0.019570,-0.059273,0.002785,-0.014895,0.090063,-0.019117,0.004086,-0.057107,0.019740,-0.081101,0.006676,0.001937,0.026357,-0.128664,0.040910,0.040525,0.019656,-0.007558,-0.067986,-0.025818,-0.060274,-0.008280,0.011407,-0.043311,-0.004929,-0.033412,-0.046071,0.034018,0.046967,-0.040518,0.054576,0.049270,0.045404,0.058027,0.030342,-0.072219,0.074164,0.071140,0.062366,0.014023,-0.067146,0.018216,-0.074399,0.037932,-0.039152,-0.019083,-0.006351,-0.020471,-0.074394,0.040636,0.004502,0.054141,-0.061873,0.088266,0.027202,-0.041342,-0.117545,-0.055562,-0.047918,0.066244,-0.034482,0.035286,0.017862,-0.034839,0.000000,0.000000,1.000000,0.000000,0.000000,1.000000,0.000000,0.000000,0.000000,0.000000,0.000000,0.000000,0.000000,0.000000,0.000000,0.000000,0.000000,0.000000,0.000000,0.000000,0.000000,0.000000,0.000000,0.000000
0x2c694809a5115ed74f98ebb91e4687883610b0c9,0,safe,raw_data/0x2c694809a5115ed74f98ebb91e4687883610b0c9/UserWallet.sol,-0.066073,0.084972,-0.010366,-0.096351,0.030028,-0.045428,0.016039,-0.034422,-0.039886,0.009095,-0.016636,0.068610,-0.011271,0.062557,-0.045310,-0.012138,0.070857,-0.008592,0.028301,0.012876,-0.035741,-0.054872,0.019902,-0.019014,0.028338,0.042491,-0.006665,0.043246,0.071236,-0.029819,0.029336,0.103105,0.073227,-0.098516,0.022525,-0.046462,0.024758,-0.043371,-0.013840,-0.058805,-0.014284,-0.083535,-0.072663,0.043399,0.029102,0.023423,0.062811,0.040130,0.027350,0.035635,-0.022524,-0.020391,0.002460,0.003600,-0.034346,-0.092185,-0.009784,0.019343,0.060668,0.009790,-0.023684,-0.014472,-0.072451,0.074014,-0.003654,0.018344,0.069763,-0.008295,-0.099882,0.003918,0.022524,-0.039191,-0.030757,0.071620,0.058352,-0.007246,0.065959,0.023691,-0.002175,-0.128198,-0.055124,-0.139292,-0.007594,0.021647,-0.070590,0.051286,0.106093,0.050599,0.040368,-0.062036,-0.075119,0.084649,0.063118,0.011497,0.001101,-0.045393,-0.052365,0.001921,0.020088,0.101189,-0.055446,0.009493,-0.049859,-0.037293,0.035476,-0.074922,0.020340,0.055997,0.060606,-0.005305,-0.005265,0.029076,0.016223,-0.021229,0.049017,-0.106638,-0.112996,0.000218,0.072648,-0.062036,0.053303,0.015102,-0.062329,0.035684,-0.020477,-0.081663,-0.054630,-0.000000,0.017851,0.028138,0.018013,0.044816,-0.011859,0.036842,-0.005432,-0.005137,-0.116946,-0.031733,-0.015389,-0.037612,-0.054628,0.023817,0.067620,-0.034391,-0.008800,-0.041045,0.029424,0.002322,-0.034430,0.007930,-0.034896,0.014255,-0.036497,0.018734,0.056224,-0.035887,0.146707,0.003531,-0.069320,-0.062946,0.012331,-0.078695,0.020223,0.122008,-0.013420,-0.030570,-0.031104,0.025987,0.003093,-0.015583,-0.119482,-0.061079,-0.025999,0.021364,-0.018376,-0.018581,0.022688,0.000290,-0.018346,0.025333,-0.063175,-0.012304,-0.025448,-0.024777,-0.080218,-0.025756,0.056991,-0.010411,0.001562,0.067188,0.006312,0.093099,-0.008321,0.065134,0.090794,-0.025764,-0.070251,0.057805,-0.120514,0.012414,0.118812,-0.114931,-0.014386,-0.028029,-0.062686,-0.046036,0.041344,0.018230,-0.072524,-0.004862,0.027200,-0.053226,-0.028237,0.000436,-0.041515,-0.113767,0.022616,0.092618,-0.027894,-0.121224,-0.031044,0.071114,-0.005097,0.000000,-0.031428,-0.056556,-0.039867,0.110045,-0.052310,-0.023945,-0.068324,0.093589,0.002435,0.064910,0.066158,0.023778,-0.000436,0.028285,0.004082,-0.042558,0.058757,-0.062451,-0.070828,0.006711,0.008516,-0.011467,0.034407,0.098328,0.015266,0.099788,0.094426,0.009735,-0.033605,-0.026157,0.025341,-0.026970,-0.092544,-0.063367,0.038234,0.008512,0.039621,0.039884,0.009840,-0.027104,0.023495,0.049214,0.026749,0.032633,0.028319,-0.103300,-0.004121,-0.056034,0.078626,-0.000019,0.025776,0.005053,0.068776,-0.118509,0.022344,0.011014,-0.089693,0.043031,0.112561,-0.013364,0.065913,-0.024915,-0.113463,-0.005698,-0.040605,-0.023303,-0.028067,0.027053,-0.015689,0.071158,0.015742,0.051697,-0.030631,-0.057635,-0.021786,-0.002471,0.053127,0.036380,-0.025886,0.036168,0.048148,0.089403,-0.020889,0.064887,-0.002189,0.010928,-0.031437,0.025226,-0.017209,-0.073085,-0.025977,0.021158,-0.007029,0.002172,-0.007068,-0.000000,-0.013443,0.022593,-0.080759,0.012524,0.006471,0.033308,-0.010220,-0.042786,0.058712,0.059770,0.090571,-0.069081,-0.081140,0.006416,-0.007064,0.050584,-0.041871,-0.055216,0.005564,-0.024346,-0.001764,0.024655,0.058769,-0.072770,-0.041176,0.006226,0.024685,-0.060723,-0.034133,0.032019,-0.041304,0.064989,0.024829,0.010189,0.054426,-0.066789,0.025679,0.142184,0.059379,0.003970,-0.010997,0.022331,0.027121,-0.000381,-0.004151,-0.037608,0.021711,0.011857,0.008413,-0.017597,-0.004777,0.022147,0.055977,0.046264,0.056347,0.021409,-0.017246,-0.006903,-0.002787,0.053743,0.037083,-0.027274,0.014585,0.099975,0.000000,0.000000,0.000000,0.000000,0.000000,0.000000,0.000000,0.000000,0.000000,0.000000,0.000000,0.000000,0.000000,0.000000,0.000000,0.000000,0.000000,0.000000,0.000000,0.000000,1.000000,0.000000,0.000000,0.000000
0xe88b2dc1f6cbe984d3b5a782012d0e5f00546207,0,safe,raw_data/0xe88b2dc1f6cbe984d3b5a782012d0e5f00546207/UserWallet.sol,-0.066073,0.084972,-0.010366,-0.096351,0.030028,-0.045428,0.016039,-0.034422,-0.039886,0.009095,-0.016636,0.068610,-0.011271,0.062557,-0.045310,-0.012138,0.070857,-0.008592,0.028301,0.012876,-0.035741,-0.054872,0.019902,-0.019014,0.028338,0.042491,-0.006665,0.043246,0.071236,-0.029819,0.029336,0.103105,0.073227,-0.098516,0.022525,-0.046462,0.024758,-0.043371,-0.013840,-0.058805,-0.014284,-0.083535,-0.072663,0.043399,0.029102,0.023423,0.062811,0.040130,0.027350,0.035635,-0.022524,-0.020391,0.002460,0.003600,-0.034346,-0.092185,-0.009784,0.019343,0.060668,0.009790,-0.023684,-0.014472,-0.072451,0.074014,-0.003654,0.018344,0.069763,-0.008295,-0.099882,0.003918,0.022524,-0.039191,-0.030757,0.071620,0.058352,-0.007246,0.065959,0.023691,-0.002175,-0.128198,-0.055124,-0.139292,-0.007594,0.021647,-0.070590,0.051286,0.106093,0.050599,0.040368,-0.062036,-0.075119,0.084649,0.063118,0.011497,0.001101,-0.045393,-0.052365,0.001921,0.020088,0.101189,-0.055446,0.009493,-0.049859,-0.037293,0.035476,-0.074922,0.020340,0.055997,0.060606,-0.005305,-0.005265,0.029076,0.016223,-0.021229,0.049017,-0.106638,-0.112996,0.000218,0.072648,-0.062036,0.053303,0.015102,-0.062329,0.035684,-0.020477,-0.081663,-0.054630,-0.000000,0.017851,0.028138,0.018013,0.044816,-0.011859,0.036842,-0.005432,-0.005137,-0.116946,-0.031733,-0.015389,-0.037612,-0.054628,0.023817,0.067620,-0.034391,-0.008800,-0.041045,0.029424,0.002322,-0.034430,0.007930,-0.034896,0.014255,-0.036497,0.018734,0.056224,-0.035887,0.146707,0.003531,-0.069320,-0.062946,0.012331,-0.078695,0.020223,0.122008,-0.013420,-0.030570,-0.031104,0.025987,0.003093,-0.015583,-0.119482,-0.061079,-0.025999,0.021364,-0.018376,-0.018581,0.022688,0.000290,-0.018346,0.025333,-0.063175,-0.012304,-0.025448,-0.024777,-0.080218,-0.025756,0.056991,-0.010411,0.001562,0.067188,0.006312,0.093099,-0.008321,0.065134,0.090794,-0.025764,-0.070251,0.057805,-0.120514,0.012414,0.118812,-0.114931,-0.014386,-0.028029,-0.062686,-0.046036,0.041344,0.018230,-0.072524,-0.004862,0.027200,-0.053226,-0.028237,0.000436,-0.041515,-0.113767,0.022616,0.092618,-0.027894,-0.121224,-0.031044,0.071114,-0.005097,0.000000,-0.031428,-0.056556,-0.039867,0.110045,-0.052310,-0.023945,-0.068324,0.093589,0.002435,0.064910,0.066158,0.023778,-0.000436,0.028285,0.004082,-0.042558,0.058757,-0.062451,-0.070828,0.006711,0.008516,-0.011467,0.034407,0.098328,0.015266,0.099788,0.094426,0.009735,-0.033605,-0.026157,0.025341,-0.026970,-0.092544,-0.063367,0.038234,0.008512,0.039621,0.039884,0.009840,-0.027104,0.023495,0.049214,0.026749,0.032633,0.028319,-0.103300,-0.004121,-0.056034,0.078626,-0.000019,0.025776,0.005053,0.068776,-0.118509,0.022344,0.011014,-0.089693,0.043031,0.112561,-0.013364,0.065913,-0.024915,-0.113463,-0.005698,-0.040605,-0.023303,-0.028067,0.027053,-0.015689,0.071158,0.015742,0.051697,-0.030631,-0.057635,-0.021786,-0.002471,0.053127,0.036380,-0.025886,0.036168,0.048148,0.089403,-0.020889,0.064887,-0.002189,0.010928,-0.031437,0.025226,-0.017209,-0.073085,-0.025977,0.021158,-0.007029,0.002172,-0.007068,-0.000000,-0.013443,0.022593,-0.080759,0.012524,0.006471,0.033308,-0.010220,-0.042786,0.058712,0.059770,0.090571,-0.069081,-0.081140,0.006416,-0.007064,0.050584,-0.041871,-0.055216,0.005564,-0.024346,-0.001764,0.024655,0.058769,-0.072770,-0.041176,0.006226,0.024685,-0.060723,-0.034133,0.032019,-0.041304,0.064989,0.024829,0.010189,0.054426,-0.066789,0.025679,0.142184,0.059379,0.003970,-0.010997,0.022331,0.027121,-0.000381,-0.004151,-0.037608,0.021711,0.011857,0.008413,-0.017597,-0.004777,0.022147,0.055977,0.046264,0.056347,0.021409,-0.017246,-0.006903,-0.002787,0.053743,0.037083,-0.027274,0.014585,0.099975,0.000000,0.000000,0.000000,0.000000,0.000000,0.000000,0.000000,0.000000,0.000000,0.000000,0.000000,0.000000,0.000000,0.000000,0.000000,0.000000,0.000000,0.000000,0.000000,0.000000,1.000000,0.000000,0.000000,0.000000
